image,tense,energetic,valence,approach,room_type
bedroom__0.png,2.9583333333333335,3.0416666666666665,3.8095238095238093,3.6666666666666665,bedroom
bedroom__1.png,3.5416666666666665,3.5,3.1739130434782608,3.1739130434782608,bedroom
bedroom__10.png,2.7916666666666665,3.5833333333333335,3.8260869565217392,3.782608695652174,bedroom
bedroom__100.png,2.7142857142857144,4.0476190476190474,4.791666666666667,4.708333333333333,bedroom
bedroom__101.png,4.791666666666667,4.416666666666667,2.3636363636363638,2.0,bedroom
bedroom__102.png,2.4347826086956523,3.0,4.7894736842105265,4.684210526315789,bedroom
bedroom__103.png,3.0833333333333335,3.1666666666666665,3.8260869565217392,3.8260869565217392,bedroom
bedroom__104.png,2.8333333333333335,3.6666666666666665,4.125,4.291666666666667,bedroom
bedroom__105.png,3.9523809523809526,4.095238095238095,4.375,4.458333333333333,bedroom
bedroom__106.png,2.142857142857143,2.619047619047619,5.541666666666667,5.666666666666667,bedroom
bedroom__107.png,5.0,3.8095238095238093,2.625,2.7916666666666665,bedroom
bedroom__108.png,3.2916666666666665,3.5833333333333335,4.565217391304348,4.782608695652174,bedroom
bedroom__109.png,2.5,2.2083333333333335,4.166666666666667,4.208333333333333,bedroom
bedroom__11.png,1.7916666666666667,2.375,5.782608695652174,5.782608695652174,bedroom
bedroom__110.png,2.217391304347826,3.4347826086956523,4.708333333333333,4.625,bedroom
bedroom__111.png,4.666666666666667,4.095238095238095,2.8333333333333335,2.7083333333333335,bedroom
bedroom__112.png,3.75,3.1666666666666665,3.5217391304347827,3.4782608695652173,bedroom
bedroom__113.png,2.7083333333333335,2.5,5.478260869565218,5.260869565217392,bedroom
bedroom__114.png,2.5,3.25,4.75,4.75,bedroom
bedroom__115.png,2.6666666666666665,3.5714285714285716,5.458333333333333,5.5,bedroom
bedroom__116.png,2.3333333333333335,2.8333333333333335,5.0,5.041666666666667,bedroom
bedroom__117.png,2.782608695652174,2.130434782608696,3.9565217391304346,3.5217391304347827,bedroom
bedroom__118.png,2.5714285714285716,3.3333333333333335,5.416666666666667,5.583333333333333,bedroom
bedroom__119.png,2.2916666666666665,2.5833333333333335,3.652173913043478,3.652173913043478,bedroom
bedroom__12.png,2.2916666666666665,2.125,4.458333333333333,4.416666666666667,bedroom
bedroom__120.png,2.0869565217391304,2.0869565217391304,4.291666666666667,4.125,bedroom
bedroom__121.png,1.9166666666666667,3.0833333333333335,6.142857142857143,6.190476190476191,bedroom
bedroom__122.png,3.652173913043478,3.1739130434782608,2.7083333333333335,2.7083333333333335,bedroom
bedroom__123.png,2.0,2.4782608695652173,5.526315789473684,5.526315789473684,bedroom
bedroom__124.png,2.3333333333333335,3.3333333333333335,5.208333333333333,5.125,bedroom
bedroom__125.png,2.761904761904762,4.0476190476190474,5.208333333333333,5.458333333333333,bedroom
bedroom__126.png,1.7916666666666667,2.4583333333333335,5.541666666666667,5.708333333333333,bedroom
bedroom__127.png,3.5833333333333335,3.1666666666666665,4.416666666666667,4.458333333333333,bedroom
bedroom__128.png,2.75,3.8333333333333335,3.409090909090909,3.3181818181818183,bedroom
bedroom__129.png,2.875,2.7916666666666665,4.208333333333333,4.083333333333333,bedroom
bedroom__13.png,3.0,2.5416666666666665,4.125,4.166666666666667,bedroom
bedroom__130.png,2.4166666666666665,3.0833333333333335,4.208333333333333,4.125,bedroom
bedroom__131.png,1.7083333333333333,2.625,6.583333333333333,6.583333333333333,bedroom
bedroom__132.png,2.260869565217391,2.391304347826087,5.7368421052631575,5.526315789473684,bedroom
bedroom__133.png,2.6666666666666665,3.3333333333333335,4.5,4.458333333333333,bedroom
bedroom__134.png,2.4347826086956523,3.5217391304347827,4.291666666666667,3.875,bedroom
bedroom__135.png,3.2916666666666665,3.5416666666666665,3.4347826086956523,3.4347826086956523,bedroom
bedroom__136.png,2.1904761904761907,3.6666666666666665,5.826086956521739,5.913043478260869,bedroom
bedroom__137.png,2.5652173913043477,2.4782608695652173,4.052631578947368,4.105263157894737,bedroom
bedroom__138.png,2.857142857142857,3.2857142857142856,4.375,4.458333333333333,bedroom
bedroom__139.png,3.125,2.75,4.130434782608695,4.173913043478261,bedroom
bedroom__14.png,2.1666666666666665,3.0416666666666665,4.521739130434782,4.608695652173913,bedroom
bedroom__140.png,2.7083333333333335,2.25,3.5,3.4583333333333335,bedroom
bedroom__141.png,2.9523809523809526,3.9523809523809526,4.791666666666667,5.0,bedroom
bedroom__142.png,2.9130434782608696,3.260869565217391,3.3333333333333335,3.0416666666666665,bedroom
bedroom__143.png,2.375,3.0416666666666665,4.333333333333333,4.083333333333333,bedroom
bedroom__144.png,2.375,2.2083333333333335,4.5,4.458333333333333,bedroom
bedroom__145.png,2.5,2.7083333333333335,4.5,4.625,bedroom
bedroom__146.png,2.9583333333333335,3.5416666666666665,4.125,4.041666666666667,bedroom
bedroom__147.png,2.5,3.1666666666666665,3.5,3.4166666666666665,bedroom
bedroom__148.png,3.4761904761904763,3.0952380952380953,4.125,4.166666666666667,bedroom
bedroom__149.png,1.7916666666666667,2.2916666666666665,5.565217391304348,5.608695652173913,bedroom
bedroom__15.png,1.7083333333333333,2.8333333333333335,5.458333333333333,5.541666666666667,bedroom
bedroom__150.png,3.125,3.375,3.782608695652174,3.782608695652174,bedroom
bedroom__151.png,1.9583333333333333,4.416666666666667,5.5,5.458333333333333,bedroom
bedroom__152.png,2.0434782608695654,2.5217391304347827,5.208333333333333,5.125,bedroom
bedroom__153.png,3.2083333333333335,3.2083333333333335,3.739130434782609,3.869565217391304,bedroom
bedroom__154.png,2.0952380952380953,2.7142857142857144,5.958333333333333,6.0,bedroom
bedroom__155.png,2.5833333333333335,3.0833333333333335,4.478260869565218,4.391304347826087,bedroom
bedroom__156.png,3.75,3.25,3.9583333333333335,3.875,bedroom
bedroom__157.png,2.625,2.7916666666666665,3.875,4.083333333333333,bedroom
bedroom__158.png,2.0,2.7083333333333335,4.3478260869565215,4.391304347826087,bedroom
bedroom__159.png,2.625,2.375,3.8333333333333335,4.041666666666667,bedroom
bedroom__16.png,2.7916666666666665,3.0,4.956521739130435,4.782608695652174,bedroom
bedroom__160.png,2.9565217391304346,3.130434782608696,4.541666666666667,4.375,bedroom
bedroom__161.png,3.8333333333333335,2.875,2.75,2.625,bedroom
bedroom__162.png,3.0434782608695654,3.0,3.7916666666666665,3.7083333333333335,bedroom
bedroom__163.png,2.4166666666666665,3.2916666666666665,4.956521739130435,4.782608695652174,bedroom
bedroom__164.png,4.0,3.375,3.4583333333333335,3.375,bedroom
bedroom__165.png,3.7916666666666665,3.625,3.6666666666666665,3.4166666666666665,bedroom
bedroom__166.png,4.3478260869565215,3.5652173913043477,2.6842105263157894,2.6315789473684212,bedroom
bedroom__167.png,2.130434782608696,2.739130434782609,4.625,4.333333333333333,bedroom
bedroom__168.png,2.3333333333333335,3.4583333333333335,5.333333333333333,5.333333333333333,bedroom
bedroom__169.png,3.0,3.9583333333333335,4.0,3.875,bedroom
bedroom__17.png,2.4166666666666665,2.2083333333333335,4.375,4.416666666666667,bedroom
bedroom__170.png,3.0476190476190474,3.0,3.9166666666666665,4.041666666666667,bedroom
bedroom__171.png,2.625,3.3333333333333335,4.85,4.8,bedroom
bedroom__172.png,3.0,3.0416666666666665,3.8333333333333335,3.5416666666666665,bedroom
bedroom__173.png,2.857142857142857,2.9523809523809526,5.043478260869565,4.826086956521739,bedroom
bedroom__174.png,4.0,3.761904761904762,3.6666666666666665,3.7916666666666665,bedroom
bedroom__175.png,3.0,3.375,3.7916666666666665,3.625,bedroom
bedroom__176.png,2.6666666666666665,2.5833333333333335,5.416666666666667,5.291666666666667,bedroom
bedroom__177.png,2.9166666666666665,2.75,4.208333333333333,3.9583333333333335,bedroom
bedroom__178.png,2.5833333333333335,2.875,4.086956521739131,4.130434782608695,bedroom
bedroom__179.png,4.238095238095238,3.142857142857143,3.5833333333333335,3.4166666666666665,bedroom
bedroom__18.png,2.4166666666666665,3.0,5.125,5.0,bedroom
bedroom__180.png,2.5416666666666665,2.7083333333333335,5.173913043478261,5.0,bedroom
bedroom__181.png,1.75,2.5833333333333335,5.4,5.3,bedroom
bedroom__182.png,2.619047619047619,3.5238095238095237,5.041666666666667,4.75,bedroom
bedroom__183.png,1.8333333333333333,2.5416666666666665,4.75,4.791666666666667,bedroom
bedroom__184.png,3.0416666666666665,2.9166666666666665,3.5416666666666665,3.4583333333333335,bedroom
bedroom__185.png,2.1739130434782608,2.130434782608696,4.956521739130435,4.913043478260869,bedroom
bedroom__186.png,2.0833333333333335,2.6666666666666665,4.913043478260869,5.130434782608695,bedroom
bedroom__187.png,2.6666666666666665,2.625,4.136363636363637,4.363636363636363,bedroom
bedroom__188.png,1.608695652173913,2.5217391304347827,6.2105263157894735,6.2631578947368425,bedroom
bedroom__189.png,2.1666666666666665,3.25,5.708333333333333,5.791666666666667,bedroom
bedroom__19.png,5.095238095238095,4.476190476190476,2.2083333333333335,2.3333333333333335,bedroom
bedroom__190.png,2.6666666666666665,2.380952380952381,3.5,3.75,bedroom
bedroom__191.png,3.5833333333333335,3.6666666666666665,3.2083333333333335,3.375,bedroom
bedroom__192.png,2.4583333333333335,3.1666666666666665,4.173913043478261,4.217391304347826,bedroom
bedroom__193.png,2.875,3.3333333333333335,4.913043478260869,4.6521739130434785,bedroom
bedroom__194.png,3.25,3.2083333333333335,4.478260869565218,4.565217391304348,bedroom
bedroom__195.png,2.8333333333333335,2.5,4.7894736842105265,4.7894736842105265,bedroom
bedroom__196.png,2.2083333333333335,3.0416666666666665,5.0,4.956521739130435,bedroom
bedroom__197.png,3.4583333333333335,2.5833333333333335,4.391304347826087,4.260869565217392,bedroom
bedroom__198.png,2.0416666666666665,1.8333333333333333,5.473684210526316,5.526315789473684,bedroom
bedroom__199.png,3.7083333333333335,3.375,2.7916666666666665,2.7083333333333335,bedroom
bedroom__2.png,1.9583333333333333,2.7083333333333335,5.25,5.208333333333333,bedroom
bedroom__20.png,3.142857142857143,3.0476190476190474,3.6666666666666665,3.75,bedroom
bedroom__200.png,2.739130434782609,3.0434782608695654,2.875,2.75,bedroom
bedroom__201.png,1.375,3.0,6.045454545454546,6.181818181818182,bedroom
bedroom__202.png,1.375,2.9583333333333335,6.75,6.583333333333333,bedroom
bedroom__203.png,2.0416666666666665,2.5,4.375,4.375,bedroom
bedroom__204.png,1.4782608695652173,2.391304347826087,5.958333333333333,6.041666666666667,bedroom
bedroom__205.png,1.7916666666666667,2.0,6.041666666666667,6.291666666666667,bedroom
bedroom__206.png,1.5833333333333333,3.0833333333333335,5.947368421052632,6.157894736842105,bedroom
bedroom__207.png,2.3043478260869565,3.0434782608695654,4.708333333333333,4.375,bedroom
bedroom__208.png,2.3333333333333335,3.2916666666666665,4.826086956521739,4.869565217391305,bedroom
bedroom__209.png,3.142857142857143,3.4761904761904763,4.166666666666667,4.125,bedroom
bedroom__21.png,3.0952380952380953,2.857142857142857,5.521739130434782,5.304347826086956,bedroom
bedroom__210.png,2.375,3.25,4.3478260869565215,3.9565217391304346,bedroom
bedroom__211.png,2.6666666666666665,2.8333333333333335,4.791666666666667,4.75,bedroom
bedroom__212.png,2.0416666666666665,2.625,5.0,5.291666666666667,bedroom
bedroom__213.png,1.608695652173913,3.0869565217391304,6.125,6.125,bedroom
bedroom__214.png,2.7916666666666665,3.4166666666666665,4.958333333333333,4.708333333333333,bedroom
bedroom__215.png,2.0416666666666665,2.7916666666666665,5.0,4.958333333333333,bedroom
bedroom__216.png,2.9130434782608696,2.608695652173913,3.4166666666666665,3.0833333333333335,bedroom
bedroom__217.png,2.875,2.5833333333333335,4.6,4.45,bedroom
bedroom__218.png,2.7142857142857144,2.6666666666666665,4.041666666666667,3.9166666666666665,bedroom
bedroom__219.png,2.7083333333333335,3.5416666666666665,3.3043478260869565,3.1739130434782608,bedroom
bedroom__22.png,4.857142857142857,3.1904761904761907,2.75,2.5416666666666665,bedroom
bedroom__220.png,2.4166666666666665,2.75,5.631578947368421,5.2631578947368425,bedroom
bedroom__221.png,1.7272727272727273,1.8636363636363635,5.25,5.166666666666667,bedroom
bedroom__222.png,1.6956521739130435,2.739130434782609,5.916666666666667,5.75,bedroom
bedroom__223.png,3.0416666666666665,2.625,4.0,3.9166666666666665,bedroom
bedroom__224.png,2.142857142857143,3.5714285714285716,5.5,5.5,bedroom
bedroom__225.png,1.4583333333333333,2.125,5.958333333333333,6.166666666666667,bedroom
bedroom__226.png,1.7619047619047619,2.7142857142857144,5.541666666666667,5.708333333333333,bedroom
bedroom__227.png,1.391304347826087,2.608695652173913,6.041666666666667,6.25,bedroom
bedroom__228.png,2.0,3.2916666666666665,5.086956521739131,4.913043478260869,bedroom
bedroom__229.png,3.0416666666666665,3.25,3.5833333333333335,3.5,bedroom
bedroom__23.png,2.0416666666666665,2.4583333333333335,4.791666666666667,4.916666666666667,bedroom
bedroom__230.png,3.5,3.4166666666666665,3.5,3.2916666666666665,bedroom
bedroom__231.png,1.5833333333333333,2.875,5.583333333333333,5.791666666666667,bedroom
bedroom__232.png,3.0,3.375,4.391304347826087,4.043478260869565,bedroom
bedroom__233.png,4.083333333333333,3.625,2.5217391304347827,2.6956521739130435,bedroom
bedroom__234.png,3.375,3.5416666666666665,4.0,4.052631578947368,bedroom
bedroom__235.png,3.125,3.7083333333333335,4.0,3.9166666666666665,bedroom
bedroom__236.png,2.9166666666666665,3.2916666666666665,4.0,4.304347826086956,bedroom
bedroom__237.png,2.4347826086956523,3.260869565217391,5.2105263157894735,5.368421052631579,bedroom
bedroom__238.png,2.3333333333333335,3.4583333333333335,4.375,4.291666666666667,bedroom
bedroom__239.png,3.619047619047619,2.6666666666666665,4.458333333333333,4.5,bedroom
bedroom__24.png,1.6956521739130435,4.130434782608695,5.625,5.875,bedroom
bedroom__240.png,2.4782608695652173,2.6956521739130435,4.578947368421052,4.315789473684211,bedroom
bedroom__241.png,1.5416666666666667,2.7916666666666665,5.521739130434782,5.608695652173913,bedroom
bedroom__242.png,2.625,2.8333333333333335,4.045454545454546,3.9545454545454546,bedroom
bedroom__243.png,5.476190476190476,4.238095238095238,2.2916666666666665,2.2916666666666665,bedroom
bedroom__244.png,3.1666666666666665,3.7916666666666665,3.8260869565217392,3.9565217391304346,bedroom
bedroom__245.png,2.9583333333333335,3.5833333333333335,3.9130434782608696,3.9565217391304346,bedroom
bedroom__246.png,1.7083333333333333,2.7083333333333335,5.434782608695652,5.391304347826087,bedroom
bedroom__247.png,4.041666666666667,2.7083333333333335,3.4583333333333335,3.5833333333333335,bedroom
bedroom__248.png,2.8260869565217392,2.6956521739130435,4.125,3.8333333333333335,bedroom
bedroom__249.png,1.75,2.875,6.391304347826087,6.478260869565218,bedroom
bedroom__25.png,3.6666666666666665,4.041666666666667,3.1739130434782608,2.9130434782608696,bedroom
bedroom__250.png,1.8695652173913044,2.0434782608695654,4.0,3.7916666666666665,bedroom
bedroom__251.png,2.9166666666666665,2.5416666666666665,3.7916666666666665,3.7916666666666665,bedroom
bedroom__252.png,2.6666666666666665,2.625,3.5833333333333335,3.75,bedroom
bedroom__253.png,1.5416666666666667,2.2916666666666665,5.583333333333333,5.625,bedroom
bedroom__254.png,3.4285714285714284,3.142857142857143,3.217391304347826,3.0434782608695654,bedroom
bedroom__255.png,3.5,2.9166666666666665,3.5,3.5,bedroom
bedroom__256.png,2.625,3.4583333333333335,4.173913043478261,4.0,bedroom
bedroom__257.png,2.1666666666666665,3.2916666666666665,4.695652173913044,4.6521739130434785,bedroom
bedroom__258.png,3.2083333333333335,3.6666666666666665,3.909090909090909,3.727272727272727,bedroom
bedroom__259.png,2.7083333333333335,3.125,4.695652173913044,4.695652173913044,bedroom
bedroom__26.png,2.6956521739130435,2.0,3.75,3.4166666666666665,bedroom
bedroom__260.png,4.0,2.75,3.2916666666666665,3.375,bedroom
bedroom__261.png,2.6666666666666665,2.5833333333333335,4.695652173913044,4.739130434782608,bedroom
bedroom__262.png,2.5833333333333335,2.6666666666666665,5.166666666666667,5.208333333333333,bedroom
bedroom__263.png,3.5,2.9166666666666665,3.3043478260869565,3.0869565217391304,bedroom
bedroom__264.png,2.4166666666666665,2.5,4.478260869565218,4.521739130434782,bedroom
bedroom__265.png,3.1904761904761907,3.142857142857143,3.75,3.625,bedroom
bedroom__266.png,2.4166666666666665,2.6666666666666665,5.608695652173913,5.739130434782608,bedroom
bedroom__267.png,3.0416666666666665,3.0,4.6521739130434785,4.695652173913044,bedroom
bedroom__268.png,3.5833333333333335,2.8333333333333335,3.25,3.0,bedroom
bedroom__269.png,2.782608695652174,3.0,3.875,3.8333333333333335,bedroom
bedroom__27.png,2.9583333333333335,2.0833333333333335,2.7916666666666665,2.875,bedroom
bedroom__270.png,1.9583333333333333,2.625,4.956521739130435,4.826086956521739,bedroom
bedroom__271.png,3.3333333333333335,3.375,4.15,3.9,bedroom
bedroom__272.png,2.2083333333333335,3.4166666666666665,5.083333333333333,5.083333333333333,bedroom
bedroom__273.png,1.9047619047619047,3.0,5.416666666666667,5.541666666666667,bedroom
bedroom__274.png,2.761904761904762,3.2857142857142856,5.291666666666667,5.333333333333333,bedroom
bedroom__275.png,1.8333333333333333,3.0416666666666665,5.666666666666667,5.708333333333333,bedroom
bedroom__276.png,2.625,3.375,4.913043478260869,4.782608695652174,bedroom
bedroom__277.png,1.9583333333333333,2.7083333333333335,4.791666666666667,4.958333333333333,bedroom
bedroom__278.png,2.75,3.2916666666666665,4.75,4.666666666666667,bedroom
bedroom__279.png,2.5416666666666665,3.625,4.958333333333333,4.958333333333333,bedroom
bedroom__28.png,1.75,2.3333333333333335,5.416666666666667,5.416666666666667,bedroom
bedroom__280.png,2.4583333333333335,3.375,5.041666666666667,5.0,bedroom
bedroom__281.png,2.857142857142857,3.7142857142857144,4.5,4.5,bedroom
bedroom__282.png,2.375,2.875,4.956521739130435,4.956521739130435,bedroom
bedroom__283.png,2.7083333333333335,2.875,3.9565217391304346,3.869565217391304,bedroom
bedroom__284.png,3.3043478260869565,3.391304347826087,5.052631578947368,4.842105263157895,bedroom
bedroom__285.png,3.619047619047619,3.5714285714285716,3.125,3.0416666666666665,bedroom
bedroom__286.png,2.625,3.625,4.913043478260869,4.826086956521739,bedroom
bedroom__287.png,2.625,3.5833333333333335,4.826086956521739,5.0,bedroom
bedroom__288.png,5.086956521739131,4.0,2.526315789473684,2.6315789473684212,bedroom
bedroom__289.png,2.2083333333333335,3.0416666666666665,4.739130434782608,4.391304347826087,bedroom
bedroom__29.png,4.708333333333333,3.2916666666666665,2.1666666666666665,2.125,bedroom
bedroom__290.png,3.0952380952380953,3.238095238095238,4.958333333333333,5.041666666666667,bedroom
bedroom__291.png,2.125,3.6666666666666665,4.5,4.458333333333333,bedroom
bedroom__292.png,2.9047619047619047,3.619047619047619,4.583333333333333,4.458333333333333,bedroom
bedroom__293.png,2.6666666666666665,2.0,3.8260869565217392,3.869565217391304,bedroom
bedroom__294.png,2.0416666666666665,2.75,6.125,6.125,bedroom
bedroom__295.png,1.6521739130434783,2.9130434782608696,5.434782608695652,5.478260869565218,bedroom
bedroom__296.png,2.7083333333333335,3.25,4.125,4.083333333333333,bedroom
bedroom__297.png,4.5,3.7083333333333335,3.55,3.25,bedroom
bedroom__298.png,1.9565217391304348,2.391304347826087,5.260869565217392,5.086956521739131,bedroom
bedroom__299.png,4.041666666666667,4.041666666666667,3.7083333333333335,3.7083333333333335,bedroom
bedroom__3.png,2.8095238095238093,2.619047619047619,4.666666666666667,4.666666666666667,bedroom
bedroom__30.png,3.0,3.625,3.9130434782608696,3.782608695652174,bedroom
bedroom__31.png,2.5416666666666665,3.375,4.428571428571429,4.761904761904762,bedroom
bedroom__32.png,2.652173913043478,2.739130434782609,4.083333333333333,4.041666666666667,bedroom
bedroom__33.png,2.8095238095238093,2.6666666666666665,4.416666666666667,4.166666666666667,bedroom
bedroom__34.png,2.8333333333333335,3.2916666666666665,4.375,4.166666666666667,bedroom
bedroom__35.png,2.6666666666666665,2.75,4.125,4.125,bedroom
bedroom__36.png,2.5833333333333335,3.125,5.291666666666667,5.208333333333333,bedroom
bedroom__37.png,2.0,2.9166666666666665,4.583333333333333,4.833333333333333,bedroom
bedroom__38.png,2.9565217391304346,3.3043478260869565,4.125,3.8333333333333335,bedroom
bedroom__39.png,2.0869565217391304,2.217391304347826,4.958333333333333,5.041666666666667,bedroom
bedroom__4.png,3.4285714285714284,2.761904761904762,4.291666666666667,4.333333333333333,bedroom
bedroom__40.png,2.3333333333333335,2.625,4.375,4.291666666666667,bedroom
bedroom__41.png,2.2916666666666665,3.4166666666666665,4.791666666666667,4.708333333333333,bedroom
bedroom__42.png,2.7916666666666665,3.0,5.041666666666667,5.041666666666667,bedroom
bedroom__43.png,2.9166666666666665,2.75,4.541666666666667,4.541666666666667,bedroom
bedroom__44.png,2.8333333333333335,2.9166666666666665,3.6666666666666665,3.625,bedroom
bedroom__45.png,2.125,3.6666666666666665,4.782608695652174,4.6521739130434785,bedroom
bedroom__46.png,2.75,4.083333333333333,4.791666666666667,4.958333333333333,bedroom
bedroom__47.png,2.6666666666666665,2.9166666666666665,4.45,4.35,bedroom
bedroom__48.png,3.4166666666666665,4.041666666666667,4.217391304347826,4.043478260869565,bedroom
bedroom__49.png,2.375,3.7083333333333335,5.260869565217392,5.217391304347826,bedroom
bedroom__5.png,2.9583333333333335,2.875,3.4347826086956523,3.260869565217391,bedroom
bedroom__50.png,3.7083333333333335,2.4166666666666665,3.25,3.0833333333333335,bedroom
bedroom__51.png,3.9166666666666665,4.125,2.782608695652174,2.652173913043478,bedroom
bedroom__52.png,1.826086956521739,2.5652173913043477,5.916666666666667,5.833333333333333,bedroom
bedroom__53.png,3.4761904761904763,3.761904761904762,3.0416666666666665,2.875,bedroom
bedroom__54.png,2.75,3.0833333333333335,3.875,3.4166666666666665,bedroom
bedroom__55.png,2.4782608695652173,2.6956521739130435,3.875,3.9166666666666665,bedroom
bedroom__56.png,2.391304347826087,2.6956521739130435,4.7894736842105265,4.631578947368421,bedroom
bedroom__57.png,1.875,3.2083333333333335,5.15,4.9,bedroom
bedroom__58.png,2.652173913043478,3.130434782608696,4.947368421052632,5.0,bedroom
bedroom__59.png,4.5,3.5416666666666665,3.2916666666666665,3.3333333333333335,bedroom
bedroom__6.png,1.8333333333333333,2.75,6.304347826086956,6.304347826086956,bedroom
bedroom__60.png,2.7916666666666665,3.0,4.458333333333333,4.458333333333333,bedroom
bedroom__61.png,2.375,3.5416666666666665,4.260869565217392,4.130434782608695,bedroom
bedroom__62.png,3.0952380952380953,3.238095238095238,4.458333333333333,4.375,bedroom
bedroom__63.png,2.2083333333333335,3.2083333333333335,4.086956521739131,3.9130434782608696,bedroom
bedroom__64.png,4.583333333333333,3.5,2.8333333333333335,2.4166666666666665,bedroom
bedroom__65.png,2.375,3.25,4.304347826086956,4.478260869565218,bedroom
bedroom__66.png,2.25,2.5416666666666665,5.333333333333333,5.208333333333333,bedroom
bedroom__67.png,3.142857142857143,3.238095238095238,3.9166666666666665,4.125,bedroom
bedroom__68.png,2.25,2.75,4.208333333333333,4.208333333333333,bedroom
bedroom__69.png,2.4583333333333335,2.3333333333333335,4.791666666666667,4.916666666666667,bedroom
bedroom__7.png,2.4583333333333335,2.5833333333333335,4.583333333333333,4.541666666666667,bedroom
bedroom__70.png,3.9166666666666665,3.4583333333333335,2.6666666666666665,2.5833333333333335,bedroom
bedroom__71.png,2.1666666666666665,2.375,4.75,4.375,bedroom
bedroom__72.png,2.5833333333333335,3.5,4.583333333333333,4.583333333333333,bedroom
bedroom__73.png,2.0434782608695654,2.260869565217391,5.458333333333333,5.416666666666667,bedroom
bedroom__74.png,2.4761904761904763,2.0,4.916666666666667,4.833333333333333,bedroom
bedroom__75.png,2.7142857142857144,2.761904761904762,3.9166666666666665,3.75,bedroom
bedroom__76.png,2.8333333333333335,2.9166666666666665,4.375,4.458333333333333,bedroom
bedroom__77.png,2.5833333333333335,2.9166666666666665,5.0,5.291666666666667,bedroom
bedroom__78.png,2.3333333333333335,2.0833333333333335,4.166666666666667,4.291666666666667,bedroom
bedroom__79.png,2.4583333333333335,2.75,4.695652173913044,4.565217391304348,bedroom
bedroom__8.png,2.9166666666666665,3.0,2.7916666666666665,2.7916666666666665,bedroom
bedroom__80.png,2.2857142857142856,2.619047619047619,5.125,5.208333333333333,bedroom
bedroom__81.png,2.260869565217391,2.4347826086956523,4.869565217391305,4.913043478260869,bedroom
bedroom__82.png,2.3333333333333335,2.5,5.0,4.916666666666667,bedroom
bedroom__83.png,2.7083333333333335,3.5,4.478260869565218,4.391304347826087,bedroom
bedroom__84.png,2.25,2.875,5.458333333333333,5.625,bedroom
bedroom__85.png,2.1904761904761907,3.1904761904761907,4.708333333333333,4.791666666666667,bedroom
bedroom__86.png,2.0,2.260869565217391,5.833333333333333,5.916666666666667,bedroom
bedroom__87.png,2.6666666666666665,3.0833333333333335,4.173913043478261,4.3478260869565215,bedroom
bedroom__88.png,2.875,3.1666666666666665,4.826086956521739,4.782608695652174,bedroom
bedroom__89.png,2.2916666666666665,3.25,5.291666666666667,5.416666666666667,bedroom
bedroom__9.png,2.5,2.8333333333333335,4.833333333333333,4.833333333333333,bedroom
bedroom__90.png,3.1666666666666665,3.5,3.9565217391304346,3.869565217391304,bedroom
bedroom__91.png,3.5238095238095237,2.4761904761904763,4.0,3.875,bedroom
bedroom__92.png,2.5416666666666665,2.3333333333333335,3.6666666666666665,3.5,bedroom
bedroom__93.png,2.5833333333333335,2.9583333333333335,4.090909090909091,3.909090909090909,bedroom
bedroom__94.png,2.8260869565217392,2.9130434782608696,3.9166666666666665,3.625,bedroom
bedroom__95.png,2.7916666666666665,2.7083333333333335,5.181818181818182,5.045454545454546,bedroom
bedroom__96.png,2.6666666666666665,2.75,4.833333333333333,4.75,bedroom
bedroom__97.png,2.375,2.4583333333333335,4.217391304347826,4.260869565217392,bedroom
bedroom__98.png,2.0833333333333335,2.5833333333333335,4.375,4.458333333333333,bedroom
bedroom__99.png,2.9583333333333335,3.125,4.708333333333333,4.75,bedroom
dining room__0.png,2.5416666666666665,5.208333333333333,5.363636363636363,5.545454545454546,dining room
dining room__1.png,2.75,5.208333333333333,4.434782608695652,4.434782608695652,dining room
dining room__10.png,2.5833333333333335,5.375,5.791666666666667,5.791666666666667,dining room
dining room__100.png,3.5833333333333335,5.083333333333333,4.916666666666667,4.833333333333333,dining room
dining room__101.png,3.0952380952380953,4.714285714285714,5.375,5.375,dining room
dining room__102.png,3.8333333333333335,4.875,3.75,4.166666666666667,dining room
dining room__103.png,2.75,5.0,4.217391304347826,4.434782608695652,dining room
dining room__104.png,4.095238095238095,4.904761904761905,3.75,3.7083333333333335,dining room
dining room__105.png,3.0434782608695654,5.521739130434782,5.083333333333333,4.541666666666667,dining room
dining room__106.png,4.0,4.958333333333333,4.2631578947368425,4.473684210526316,dining room
dining room__107.png,3.6666666666666665,5.333333333333333,4.583333333333333,4.875,dining room
dining room__108.png,3.25,5.166666666666667,4.956521739130435,4.869565217391305,dining room
dining room__109.png,3.1666666666666665,4.458333333333333,4.583333333333333,4.708333333333333,dining room
dining room__11.png,2.6666666666666665,5.458333333333333,4.6521739130434785,4.434782608695652,dining room
dining room__110.png,3.5833333333333335,5.166666666666667,4.708333333333333,4.875,dining room
dining room__111.png,3.0833333333333335,4.791666666666667,3.608695652173913,3.5217391304347827,dining room
dining room__112.png,3.391304347826087,5.956521739130435,4.25,3.875,dining room
dining room__113.png,4.608695652173913,4.260869565217392,3.0,2.7916666666666665,dining room
dining room__114.png,2.7142857142857144,4.809523809523809,5.5,5.708333333333333,dining room
dining room__115.png,3.25,5.125,5.375,5.375,dining room
dining room__116.png,3.217391304347826,5.434782608695652,3.7916666666666665,3.625,dining room
dining room__117.png,3.5833333333333335,5.083333333333333,4.75,4.625,dining room
dining room__118.png,2.5714285714285716,5.238095238095238,5.708333333333333,5.833333333333333,dining room
dining room__119.png,3.130434782608696,4.869565217391305,4.166666666666667,3.9166666666666665,dining room
dining room__12.png,2.4166666666666665,4.375,5.565217391304348,5.608695652173913,dining room
dining room__120.png,3.9565217391304346,5.130434782608695,3.7083333333333335,3.7083333333333335,dining room
dining room__121.png,3.7083333333333335,5.041666666666667,4.222222222222222,4.333333333333333,dining room
dining room__122.png,2.9166666666666665,4.833333333333333,3.75,3.9166666666666665,dining room
dining room__123.png,3.8095238095238093,4.619047619047619,4.916666666666667,5.208333333333333,dining room
dining room__124.png,4.380952380952381,4.571428571428571,3.2916666666666665,3.625,dining room
dining room__125.png,3.25,4.125,4.521739130434782,4.6521739130434785,dining room
dining room__126.png,2.9166666666666665,5.041666666666667,5.304347826086956,5.260869565217392,dining room
dining room__127.png,3.3333333333333335,5.0476190476190474,4.666666666666667,4.833333333333333,dining room
dining room__128.png,2.8333333333333335,5.083333333333333,4.391304347826087,3.8260869565217392,dining room
dining room__129.png,3.2083333333333335,4.833333333333333,5.25,5.333333333333333,dining room
dining room__13.png,3.652173913043478,5.478260869565218,4.458333333333333,4.291666666666667,dining room
dining room__130.png,3.3333333333333335,5.458333333333333,4.5,4.5,dining room
dining room__131.png,3.2916666666666665,5.25,4.708333333333333,4.875,dining room
dining room__132.png,3.375,5.208333333333333,4.375,4.583333333333333,dining room
dining room__133.png,3.1666666666666665,4.5,4.958333333333333,5.0,dining room
dining room__134.png,2.5652173913043477,5.260869565217392,4.6521739130434785,4.695652173913044,dining room
dining room__135.png,3.0833333333333335,5.041666666666667,4.583333333333333,4.583333333333333,dining room
dining room__136.png,2.875,5.375,5.083333333333333,4.916666666666667,dining room
dining room__137.png,3.9565217391304346,4.869565217391305,4.416666666666667,4.541666666666667,dining room
dining room__138.png,3.7916666666666665,5.125,4.333333333333333,3.888888888888889,dining room
dining room__139.png,3.9583333333333335,4.375,4.35,4.55,dining room
dining room__14.png,4.086956521739131,4.826086956521739,4.7894736842105265,4.947368421052632,dining room
dining room__140.png,3.5833333333333335,5.25,4.791666666666667,4.916666666666667,dining room
dining room__141.png,3.6666666666666665,4.666666666666667,4.833333333333333,4.75,dining room
dining room__142.png,2.9583333333333335,4.875,4.434782608695652,4.173913043478261,dining room
dining room__143.png,4.285714285714286,4.761904761904762,2.9583333333333335,3.4166666666666665,dining room
dining room__144.png,4.095238095238095,4.809523809523809,3.75,3.7916666666666665,dining room
dining room__145.png,2.75,5.125,4.6521739130434785,4.782608695652174,dining room
dining room__146.png,3.125,4.5,4.416666666666667,3.9583333333333335,dining room
dining room__147.png,3.5,5.041666666666667,4.695652173913044,4.260869565217392,dining room
dining room__148.png,3.25,5.0,4.458333333333333,4.458333333333333,dining room
dining room__149.png,3.9523809523809526,4.619047619047619,4.333333333333333,4.25,dining room
dining room__15.png,2.5833333333333335,5.5,5.916666666666667,5.916666666666667,dining room
dining room__150.png,2.5833333333333335,4.208333333333333,4.565217391304348,4.608695652173913,dining room
dining room__151.png,2.9583333333333335,4.875,4.391304347826087,4.6521739130434785,dining room
dining room__152.png,3.6666666666666665,5.0,4.291666666666667,4.208333333333333,dining room
dining room__153.png,3.7083333333333335,5.083333333333333,4.0,4.125,dining room
dining room__154.png,3.1666666666666665,5.083333333333333,4.458333333333333,4.458333333333333,dining room
dining room__155.png,2.9565217391304346,4.782608695652174,3.2083333333333335,3.0,dining room
dining room__156.png,3.9583333333333335,4.5,4.6521739130434785,4.695652173913044,dining room
dining room__157.png,2.5833333333333335,4.791666666666667,4.791666666666667,5.0,dining room
dining room__158.png,2.7916666666666665,5.333333333333333,5.791666666666667,5.958333333333333,dining room
dining room__159.png,3.7142857142857144,4.809523809523809,4.833333333333333,5.0,dining room
dining room__16.png,2.5416666666666665,5.125,5.869565217391305,6.0,dining room
dining room__160.png,2.9130434782608696,5.478260869565218,5.166666666666667,4.833333333333333,dining room
dining room__161.png,3.3333333333333335,4.476190476190476,5.083333333333333,5.0,dining room
dining room__162.png,3.2916666666666665,5.416666666666667,4.333333333333333,4.083333333333333,dining room
dining room__163.png,3.4285714285714284,5.095238095238095,4.916666666666667,4.958333333333333,dining room
dining room__164.png,3.4782608695652173,4.217391304347826,4.052631578947368,4.0,dining room
dining room__165.png,3.3333333333333335,4.916666666666667,3.625,3.5416666666666665,dining room
dining room__166.png,3.4166666666666665,5.041666666666667,4.083333333333333,4.0,dining room
dining room__167.png,4.958333333333333,4.5,3.0434782608695654,2.869565217391304,dining room
dining room__168.png,2.0,5.708333333333333,5.916666666666667,6.0,dining room
dining room__169.png,3.7916666666666665,4.833333333333333,4.083333333333333,4.125,dining room
dining room__17.png,3.3043478260869565,5.304347826086956,4.375,4.083333333333333,dining room
dining room__170.png,2.8333333333333335,4.75,5.217391304347826,5.3478260869565215,dining room
dining room__171.png,2.5833333333333335,5.541666666666667,5.695652173913044,5.826086956521739,dining room
dining room__172.png,2.2083333333333335,5.625,5.375,5.5,dining room
dining room__173.png,4.958333333333333,5.125,2.875,2.5416666666666665,dining room
dining room__174.png,4.0,4.5,4.333333333333333,4.375,dining room
dining room__175.png,3.8095238095238093,5.095238095238095,4.25,4.416666666666667,dining room
dining room__176.png,3.3333333333333335,5.208333333333333,4.958333333333333,4.791666666666667,dining room
dining room__177.png,4.043478260869565,4.521739130434782,3.75,3.5,dining room
dining room__178.png,3.9523809523809526,4.809523809523809,4.791666666666667,4.916666666666667,dining room
dining room__179.png,3.142857142857143,5.0,5.708333333333333,5.75,dining room
dining room__18.png,4.285714285714286,5.095238095238095,4.625,4.75,dining room
dining room__180.png,3.8333333333333335,5.208333333333333,4.25,4.15,dining room
dining room__181.png,2.8333333333333335,5.125,4.833333333333333,4.833333333333333,dining room
dining room__182.png,4.25,4.833333333333333,3.6666666666666665,3.6666666666666665,dining room
dining room__183.png,3.0,5.695652173913044,5.166666666666667,5.083333333333333,dining room
dining room__184.png,3.761904761904762,4.9523809523809526,4.083333333333333,3.9166666666666665,dining room
dining room__185.png,3.25,5.041666666666667,5.478260869565218,5.521739130434782,dining room
dining room__186.png,3.75,4.666666666666667,3.7916666666666665,4.083333333333333,dining room
dining room__187.png,3.375,4.958333333333333,3.8260869565217392,4.130434782608695,dining room
dining room__188.png,3.3333333333333335,4.190476190476191,3.375,3.3333333333333335,dining room
dining room__189.png,3.2083333333333335,5.208333333333333,4.434782608695652,4.478260869565218,dining room
dining room__19.png,3.347826086956522,5.0,3.75,3.625,dining room
dining room__190.png,3.3043478260869565,4.739130434782608,4.875,4.666666666666667,dining room
dining room__191.png,3.380952380952381,4.9523809523809526,5.125,4.916666666666667,dining room
dining room__192.png,4.583333333333333,4.5,2.9166666666666665,2.9166666666666665,dining room
dining room__193.png,5.0,4.625,3.391304347826087,3.608695652173913,dining room
dining room__194.png,2.782608695652174,5.782608695652174,4.869565217391305,4.826086956521739,dining room
dining room__195.png,3.5238095238095237,4.0,4.416666666666667,4.416666666666667,dining room
dining room__196.png,3.4166666666666665,5.25,5.434782608695652,5.391304347826087,dining room
dining room__197.png,3.125,4.708333333333333,4.166666666666667,4.25,dining room
dining room__198.png,4.043478260869565,4.782608695652174,3.130434782608696,3.130434782608696,dining room
dining room__199.png,3.625,4.541666666666667,3.7083333333333335,3.9166666666666665,dining room
dining room__2.png,3.4347826086956523,4.695652173913044,5.35,5.25,dining room
dining room__20.png,3.0,5.0,4.7727272727272725,4.954545454545454,dining room
dining room__200.png,3.0,4.916666666666667,4.391304347826087,4.521739130434782,dining room
dining room__201.png,3.608695652173913,4.565217391304348,5.0,4.947368421052632,dining room
dining room__202.png,2.782608695652174,4.260869565217392,4.5,4.708333333333333,dining room
dining room__203.png,3.5833333333333335,4.833333333333333,4.15,4.0,dining room
dining room__204.png,4.166666666666667,4.916666666666667,4.2105263157894735,4.2105263157894735,dining room
dining room__205.png,5.625,4.875,2.9583333333333335,3.0,dining room
dining room__206.png,3.9523809523809526,4.571428571428571,4.166666666666667,4.208333333333333,dining room
dining room__207.png,3.5652173913043477,4.956521739130435,3.9166666666666665,3.8333333333333335,dining room
dining room__208.png,3.25,4.666666666666667,4.208333333333333,4.291666666666667,dining room
dining room__209.png,3.1666666666666665,5.041666666666667,4.458333333333333,4.541666666666667,dining room
dining room__21.png,2.5238095238095237,5.190476190476191,5.166666666666667,5.416666666666667,dining room
dining room__210.png,2.9166666666666665,4.416666666666667,4.875,4.875,dining room
dining room__211.png,4.291666666666667,4.916666666666667,3.652173913043478,3.652173913043478,dining room
dining room__212.png,3.875,4.625,4.173913043478261,4.173913043478261,dining room
dining room__213.png,3.2083333333333335,4.375,4.130434782608695,3.869565217391304,dining room
dining room__214.png,2.6666666666666665,5.083333333333333,5.130434782608695,5.043478260869565,dining room
dining room__215.png,3.875,4.791666666666667,3.869565217391304,3.5652173913043477,dining room
dining room__216.png,2.3333333333333335,5.583333333333333,4.869565217391305,4.608695652173913,dining room
dining room__217.png,3.2083333333333335,5.041666666666667,4.217391304347826,4.0,dining room
dining room__218.png,3.5,4.916666666666667,3.9583333333333335,3.75,dining room
dining room__219.png,3.875,4.833333333333333,4.708333333333333,4.875,dining room
dining room__22.png,2.7916666666666665,4.708333333333333,5.541666666666667,5.5,dining room
dining room__220.png,3.6666666666666665,5.041666666666667,4.666666666666667,4.541666666666667,dining room
dining room__221.png,3.5833333333333335,4.666666666666667,3.8333333333333335,3.7916666666666665,dining room
dining room__222.png,1.9583333333333333,5.208333333333333,5.25,5.333333333333333,dining room
dining room__223.png,3.125,4.916666666666667,5.166666666666667,5.333333333333333,dining room
dining room__224.png,2.7916666666666665,5.0,5.208333333333333,5.333333333333333,dining room
dining room__225.png,3.2916666666666665,5.333333333333333,4.666666666666667,4.625,dining room
dining room__226.png,3.75,5.208333333333333,3.45,3.7,dining room
dining room__227.png,3.0,5.125,5.434782608695652,5.3478260869565215,dining room
dining room__228.png,3.857142857142857,4.904761904761905,4.333333333333333,4.458333333333333,dining room
dining room__229.png,3.5833333333333335,5.125,4.565217391304348,4.173913043478261,dining room
dining room__23.png,3.4761904761904763,5.095238095238095,5.416666666666667,5.5,dining room
dining room__230.png,2.5833333333333335,5.791666666666667,5.913043478260869,6.0,dining room
dining room__231.png,2.5416666666666665,5.5,4.782608695652174,4.913043478260869,dining room
dining room__232.png,3.5833333333333335,4.666666666666667,4.2727272727272725,4.363636363636363,dining room
dining room__233.png,2.2916666666666665,5.541666666666667,5.217391304347826,5.130434782608695,dining room
dining room__234.png,2.869565217391304,5.695652173913044,5.166666666666667,5.0,dining room
dining room__235.png,3.391304347826087,4.869565217391305,4.541666666666667,4.208333333333333,dining room
dining room__236.png,3.4347826086956523,5.391304347826087,4.708333333333333,4.625,dining room
dining room__237.png,3.4347826086956523,5.130434782608695,4.833333333333333,4.791666666666667,dining room
dining room__238.png,2.9166666666666665,5.125,4.75,4.458333333333333,dining room
dining room__239.png,3.4583333333333335,4.833333333333333,4.956521739130435,4.956521739130435,dining room
dining room__24.png,3.25,5.458333333333333,4.913043478260869,4.869565217391305,dining room
dining room__240.png,3.4583333333333335,4.916666666666667,4.2727272727272725,4.181818181818182,dining room
dining room__241.png,2.7083333333333335,5.75,5.041666666666667,5.125,dining room
dining room__242.png,2.625,5.5,5.608695652173913,5.521739130434782,dining room
dining room__243.png,2.875,5.541666666666667,4.416666666666667,4.583333333333333,dining room
dining room__244.png,3.1666666666666665,5.291666666666667,5.125,4.916666666666667,dining room
dining room__245.png,4.5,5.458333333333333,3.0833333333333335,3.125,dining room
dining room__246.png,3.142857142857143,5.428571428571429,4.791666666666667,4.708333333333333,dining room
dining room__247.png,2.5,5.416666666666667,4.541666666666667,4.75,dining room
dining room__248.png,2.857142857142857,5.0,5.708333333333333,5.791666666666667,dining room
dining room__249.png,2.1666666666666665,5.208333333333333,6.291666666666667,6.416666666666667,dining room
dining room__25.png,3.4583333333333335,4.833333333333333,4.65,4.65,dining room
dining room__250.png,2.380952380952381,5.476190476190476,6.083333333333333,6.166666666666667,dining room
dining room__251.png,3.0416666666666665,5.0,4.791666666666667,4.875,dining room
dining room__252.png,3.4782608695652173,4.521739130434782,4.2105263157894735,3.8947368421052633,dining room
dining room__253.png,2.875,4.583333333333333,4.5,4.708333333333333,dining room
dining room__254.png,2.125,5.583333333333333,6.35,6.2,dining room
dining room__255.png,1.6666666666666667,5.083333333333333,6.291666666666667,6.333333333333333,dining room
dining room__256.png,2.4583333333333335,5.5,5.291666666666667,5.333333333333333,dining room
dining room__257.png,3.380952380952381,4.857142857142857,4.291666666666667,4.333333333333333,dining room
dining room__258.png,3.0416666666666665,5.166666666666667,5.565217391304348,5.739130434782608,dining room
dining room__259.png,4.0476190476190474,5.142857142857143,4.708333333333333,4.75,dining room
dining room__26.png,4.0,4.875,4.5,4.75,dining room
dining room__260.png,2.9583333333333335,5.25,5.208333333333333,5.166666666666667,dining room
dining room__261.png,2.260869565217391,5.695652173913044,5.6521739130434785,5.608695652173913,dining room
dining room__262.png,3.125,4.958333333333333,5.3478260869565215,5.565217391304348,dining room
dining room__263.png,3.857142857142857,4.761904761904762,4.75,4.916666666666667,dining room
dining room__264.png,3.4583333333333335,4.75,4.333333333333333,4.458333333333333,dining room
dining room__265.png,2.375,5.416666666666667,5.208333333333333,5.416666666666667,dining room
dining room__266.png,3.2083333333333335,5.333333333333333,4.583333333333333,4.5,dining room
dining room__267.png,3.217391304347826,4.565217391304348,5.2105263157894735,5.421052631578948,dining room
dining room__268.png,3.4583333333333335,5.375,4.130434782608695,4.173913043478261,dining room
dining room__269.png,3.625,4.416666666666667,3.5416666666666665,3.4166666666666665,dining room
dining room__27.png,3.5,4.875,4.578947368421052,4.368421052631579,dining room
dining room__270.png,3.380952380952381,5.0,3.5416666666666665,3.3333333333333335,dining room
dining room__271.png,3.4583333333333335,5.416666666666667,4.916666666666667,4.791666666666667,dining room
dining room__272.png,3.0833333333333335,4.5,4.541666666666667,4.791666666666667,dining room
dining room__273.png,3.4583333333333335,4.5,4.043478260869565,3.782608695652174,dining room
dining room__274.png,2.0833333333333335,4.333333333333333,5.217391304347826,5.217391304347826,dining room
dining room__275.png,3.347826086956522,3.9565217391304346,4.25,4.291666666666667,dining room
dining room__276.png,4.333333333333333,4.583333333333333,4.5,4.666666666666667,dining room
dining room__277.png,2.375,5.625,6.043478260869565,6.173913043478261,dining room
dining room__278.png,1.9565217391304348,5.956521739130435,5.875,6.0,dining room
dining room__279.png,2.6956521739130435,5.086956521739131,4.833333333333333,4.833333333333333,dining room
dining room__28.png,2.8095238095238093,5.095238095238095,4.333333333333333,4.291666666666667,dining room
dining room__280.png,2.9523809523809526,4.380952380952381,4.458333333333333,4.458333333333333,dining room
dining room__281.png,3.142857142857143,5.285714285714286,4.5,4.458333333333333,dining room
dining room__282.png,2.9166666666666665,4.958333333333333,5.416666666666667,5.5,dining room
dining room__283.png,2.8260869565217392,5.6521739130434785,5.125,5.125,dining room
dining room__284.png,3.5416666666666665,4.708333333333333,4.75,4.916666666666667,dining room
dining room__285.png,3.6956521739130435,5.217391304347826,4.208333333333333,4.0,dining room
dining room__286.png,3.4166666666666665,4.125,4.083333333333333,3.9583333333333335,dining room
dining room__287.png,2.857142857142857,4.857142857142857,4.782608695652174,5.260869565217392,dining room
dining room__288.png,2.2083333333333335,5.416666666666667,5.478260869565218,5.608695652173913,dining room
dining room__289.png,3.0,5.166666666666667,5.782608695652174,5.826086956521739,dining room
dining room__29.png,2.5416666666666665,5.083333333333333,5.291666666666667,5.458333333333333,dining room
dining room__290.png,3.875,4.666666666666667,4.157894736842105,4.105263157894737,dining room
dining room__291.png,3.0416666666666665,5.375,4.75,4.666666666666667,dining room
dining room__292.png,3.130434782608696,5.130434782608695,4.541666666666667,4.375,dining room
dining room__293.png,2.3333333333333335,5.458333333333333,5.6521739130434785,5.826086956521739,dining room
dining room__294.png,2.25,5.541666666666667,5.260869565217392,5.130434782608695,dining room
dining room__295.png,2.875,5.041666666666667,5.625,5.583333333333333,dining room
dining room__296.png,2.5652173913043477,5.565217391304348,5.083333333333333,4.791666666666667,dining room
dining room__297.png,3.375,4.916666666666667,4.375,4.333333333333333,dining room
dining room__298.png,2.7916666666666665,5.375,5.833333333333333,5.916666666666667,dining room
dining room__299.png,2.5,5.583333333333333,5.6521739130434785,5.869565217391305,dining room
dining room__3.png,2.9166666666666665,5.333333333333333,4.916666666666667,4.958333333333333,dining room
dining room__30.png,2.6666666666666665,5.416666666666667,5.083333333333333,5.375,dining room
dining room__31.png,3.5416666666666665,4.583333333333333,4.833333333333333,4.791666666666667,dining room
dining room__32.png,3.5,5.208333333333333,5.0,4.695652173913044,dining room
dining room__33.png,3.739130434782609,4.956521739130435,4.166666666666667,4.333333333333333,dining room
dining room__34.png,3.4583333333333335,4.916666666666667,4.791666666666667,4.625,dining room
dining room__35.png,2.4166666666666665,5.666666666666667,5.958333333333333,6.333333333333333,dining room
dining room__36.png,2.7083333333333335,5.375,5.869565217391305,5.956521739130435,dining room
dining room__37.png,3.625,5.208333333333333,4.869565217391305,4.695652173913044,dining room
dining room__38.png,2.9166666666666665,5.083333333333333,5.130434782608695,4.913043478260869,dining room
dining room__39.png,2.9166666666666665,5.125,5.086956521739131,5.173913043478261,dining room
dining room__4.png,2.9583333333333335,5.0,5.458333333333333,5.5,dining room
dining room__40.png,3.0416666666666665,5.083333333333333,4.958333333333333,4.916666666666667,dining room
dining room__41.png,2.4782608695652173,5.478260869565218,5.25,4.916666666666667,dining room
dining room__42.png,2.5833333333333335,5.041666666666667,5.875,5.875,dining room
dining room__43.png,2.375,5.625,6.083333333333333,5.958333333333333,dining room
dining room__44.png,2.8333333333333335,4.791666666666667,5.15,5.5,dining room
dining room__45.png,2.9166666666666665,4.833333333333333,5.083333333333333,5.416666666666667,dining room
dining room__46.png,3.4583333333333335,4.916666666666667,4.541666666666667,4.291666666666667,dining room
dining room__47.png,2.75,4.916666666666667,4.956521739130435,4.956521739130435,dining room
dining room__48.png,2.9583333333333335,5.375,5.260869565217392,5.6521739130434785,dining room
dining room__49.png,3.25,5.041666666666667,5.75,5.708333333333333,dining room
dining room__5.png,3.1739130434782608,5.391304347826087,4.916666666666667,4.875,dining room
dining room__50.png,2.875,5.125,5.0,5.217391304347826,dining room
dining room__51.png,2.2857142857142856,5.0,5.521739130434782,5.782608695652174,dining room
dining room__52.png,4.333333333333333,4.916666666666667,5.041666666666667,5.125,dining room
dining room__53.png,3.0,4.875,4.625,4.708333333333333,dining room
dining room__54.png,2.5652173913043477,4.869565217391305,5.842105263157895,6.052631578947368,dining room
dining room__55.png,3.2083333333333335,5.208333333333333,4.666666666666667,4.375,dining room
dining room__56.png,4.095238095238095,5.142857142857143,4.041666666666667,4.0,dining room
dining room__57.png,3.380952380952381,5.190476190476191,3.4166666666666665,3.5416666666666665,dining room
dining room__58.png,3.9583333333333335,4.625,3.5416666666666665,3.5833333333333335,dining room
dining room__59.png,2.652173913043478,5.173913043478261,5.473684210526316,5.315789473684211,dining room
dining room__6.png,3.875,5.041666666666667,3.9166666666666665,3.9583333333333335,dining room
dining room__60.png,3.739130434782609,4.739130434782608,5.894736842105263,6.0,dining room
dining room__61.png,3.125,5.083333333333333,4.041666666666667,4.166666666666667,dining room
dining room__62.png,3.5833333333333335,4.666666666666667,3.652173913043478,3.4782608695652173,dining room
dining room__63.png,3.375,5.083333333333333,4.375,4.375,dining room
dining room__64.png,3.0833333333333335,5.541666666666667,5.333333333333333,5.333333333333333,dining room
dining room__65.png,3.6666666666666665,4.625,4.791666666666667,4.958333333333333,dining room
dining room__66.png,2.75,5.458333333333333,5.541666666666667,5.666666666666667,dining room
dining room__67.png,2.4166666666666665,5.166666666666667,5.608695652173913,5.869565217391305,dining room
dining room__68.png,3.75,4.625,5.130434782608695,5.043478260869565,dining room
dining room__69.png,1.9583333333333333,5.916666666666667,6.375,6.416666666666667,dining room
dining room__7.png,2.8333333333333335,4.833333333333333,4.782608695652174,4.739130434782608,dining room
dining room__70.png,2.9565217391304346,6.086956521739131,4.913043478260869,4.869565217391305,dining room
dining room__71.png,2.5238095238095237,5.333333333333333,5.695652173913044,5.956521739130435,dining room
dining room__72.png,2.8333333333333335,4.875,4.958333333333333,4.958333333333333,dining room
dining room__73.png,4.0476190476190474,4.380952380952381,3.9166666666666665,4.541666666666667,dining room
dining room__74.png,2.857142857142857,4.9523809523809526,5.125,5.291666666666667,dining room
dining room__75.png,3.8333333333333335,4.25,4.130434782608695,3.9565217391304346,dining room
dining room__76.png,3.260869565217391,5.434782608695652,4.625,4.458333333333333,dining room
dining room__77.png,3.4347826086956523,4.826086956521739,5.157894736842105,5.105263157894737,dining room
dining room__78.png,2.739130434782609,5.478260869565218,5.375,5.708333333333333,dining room
dining room__79.png,2.4285714285714284,5.9523809523809526,5.916666666666667,5.875,dining room
dining room__8.png,3.4166666666666665,4.833333333333333,5.105263157894737,4.631578947368421,dining room
dining room__80.png,3.3333333333333335,4.958333333333333,4.125,4.333333333333333,dining room
dining room__81.png,2.7142857142857144,5.428571428571429,5.75,5.791666666666667,dining room
dining room__82.png,3.9523809523809526,4.9523809523809526,4.791666666666667,4.625,dining room
dining room__83.png,3.5,4.666666666666667,5.0,4.695652173913044,dining room
dining room__84.png,2.7142857142857144,5.9523809523809526,5.791666666666667,5.708333333333333,dining room
dining room__85.png,3.75,4.875,4.130434782608695,3.9565217391304346,dining room
dining room__86.png,2.4583333333333335,5.5,5.086956521739131,5.086956521739131,dining room
dining room__87.png,3.4583333333333335,5.166666666666667,4.583333333333333,4.583333333333333,dining room
dining room__88.png,2.5416666666666665,5.5,5.333333333333333,5.291666666666667,dining room
dining room__89.png,3.8333333333333335,5.25,4.3478260869565215,4.043478260869565,dining room
dining room__9.png,3.0,4.958333333333333,4.043478260869565,4.0,dining room
dining room__90.png,4.521739130434782,5.0,5.2105263157894735,5.0,dining room
dining room__91.png,3.5714285714285716,4.333333333333333,4.25,3.9583333333333335,dining room
dining room__92.png,3.25,5.208333333333333,4.916666666666667,4.875,dining room
dining room__93.png,2.5217391304347827,4.826086956521739,5.578947368421052,5.684210526315789,dining room
dining room__94.png,3.3333333333333335,5.25,4.625,4.875,dining room
dining room__95.png,3.130434782608696,4.956521739130435,4.541666666666667,4.416666666666667,dining room
dining room__96.png,3.2857142857142856,4.142857142857143,4.666666666666667,4.708333333333333,dining room
dining room__97.png,3.4583333333333335,4.541666666666667,4.173913043478261,4.434782608695652,dining room
dining room__98.png,2.9166666666666665,5.125,4.913043478260869,4.869565217391305,dining room
dining room__99.png,3.625,4.875,4.521739130434782,4.434782608695652,dining room
kitchen__0.png,2.5416666666666665,4.666666666666667,5.833333333333333,5.875,kitchen
kitchen__1.png,2.7142857142857144,5.619047619047619,5.916666666666667,6.0,kitchen
kitchen__10.png,3.2857142857142856,5.285714285714286,4.916666666666667,4.833333333333333,kitchen
kitchen__100.png,2.7916666666666665,5.041666666666667,5.666666666666667,5.625,kitchen
kitchen__101.png,2.625,5.583333333333333,6.260869565217392,6.217391304347826,kitchen
kitchen__102.png,3.4166666666666665,5.333333333333333,4.739130434782608,4.739130434782608,kitchen
kitchen__103.png,2.375,5.291666666666667,5.7,5.85,kitchen
kitchen__104.png,3.130434782608696,5.434782608695652,5.458333333333333,5.083333333333333,kitchen
kitchen__105.png,4.095238095238095,4.619047619047619,4.5,4.5,kitchen
kitchen__106.png,3.4583333333333335,5.0,4.583333333333333,4.666666666666667,kitchen
kitchen__107.png,3.1666666666666665,5.375,3.625,3.9583333333333335,kitchen
kitchen__108.png,2.9166666666666665,5.083333333333333,5.041666666666667,5.125,kitchen
kitchen__109.png,3.7916666666666665,4.75,4.333333333333333,4.708333333333333,kitchen
kitchen__11.png,3.0416666666666665,5.458333333333333,4.333333333333333,4.458333333333333,kitchen
kitchen__110.png,2.7083333333333335,5.5,4.869565217391305,4.956521739130435,kitchen
kitchen__111.png,5.333333333333333,4.958333333333333,2.727272727272727,2.3636363636363638,kitchen
kitchen__112.png,2.6666666666666665,5.190476190476191,5.5,5.791666666666667,kitchen
kitchen__113.png,4.291666666666667,4.791666666666667,4.0,4.083333333333333,kitchen
kitchen__114.png,3.2083333333333335,5.375,4.7272727272727275,4.7727272727272725,kitchen
kitchen__115.png,3.5714285714285716,5.095238095238095,4.458333333333333,4.5,kitchen
kitchen__116.png,3.130434782608696,5.478260869565218,4.958333333333333,4.958333333333333,kitchen
kitchen__117.png,3.2083333333333335,5.166666666666667,4.3478260869565215,4.478260869565218,kitchen
kitchen__118.png,3.1666666666666665,5.166666666666667,5.173913043478261,5.130434782608695,kitchen
kitchen__119.png,2.75,5.25,5.478260869565218,5.565217391304348,kitchen
kitchen__12.png,2.9166666666666665,5.291666666666667,5.25,5.291666666666667,kitchen
kitchen__120.png,2.761904761904762,5.285714285714286,5.333333333333333,5.5,kitchen
kitchen__121.png,2.6666666666666665,5.809523809523809,4.958333333333333,4.75,kitchen
kitchen__122.png,2.5652173913043477,5.173913043478261,5.291666666666667,5.416666666666667,kitchen
kitchen__123.png,2.9130434782608696,5.565217391304348,5.208333333333333,5.291666666666667,kitchen
kitchen__124.png,3.375,4.916666666666667,4.35,4.25,kitchen
kitchen__125.png,2.4761904761904763,5.571428571428571,6.0,6.0,kitchen
kitchen__126.png,3.0434782608695654,5.739130434782608,4.608695652173913,4.478260869565218,kitchen
kitchen__127.png,2.8333333333333335,4.708333333333333,4.913043478260869,4.782608695652174,kitchen
kitchen__128.png,2.8333333333333335,5.208333333333333,5.869565217391305,5.695652173913044,kitchen
kitchen__129.png,3.9047619047619047,4.523809523809524,4.166666666666667,4.291666666666667,kitchen
kitchen__13.png,3.2083333333333335,5.166666666666667,5.739130434782608,5.826086956521739,kitchen
kitchen__130.png,2.125,5.708333333333333,6.0,6.086956521739131,kitchen
kitchen__131.png,2.8333333333333335,5.041666666666667,5.304347826086956,5.217391304347826,kitchen
kitchen__132.png,3.2916666666666665,4.958333333333333,5.041666666666667,5.166666666666667,kitchen
kitchen__133.png,2.75,5.208333333333333,4.869565217391305,4.956521739130435,kitchen
kitchen__134.png,3.6666666666666665,4.875,4.25,4.5,kitchen
kitchen__135.png,3.3333333333333335,5.041666666666667,5.5,5.666666666666667,kitchen
kitchen__136.png,3.6956521739130435,5.0,3.9583333333333335,3.7083333333333335,kitchen
kitchen__137.png,2.3333333333333335,5.291666666666667,5.318181818181818,5.409090909090909,kitchen
kitchen__138.png,3.4583333333333335,5.166666666666667,4.625,4.666666666666667,kitchen
kitchen__139.png,3.375,5.0,4.375,4.291666666666667,kitchen
kitchen__14.png,3.375,5.291666666666667,3.875,3.875,kitchen
kitchen__140.png,3.9583333333333335,5.25,3.411764705882353,3.176470588235294,kitchen
kitchen__141.png,3.5833333333333335,5.083333333333333,3.8260869565217392,3.9130434782608696,kitchen
kitchen__142.png,2.7142857142857144,5.571428571428571,4.625,4.833333333333333,kitchen
kitchen__143.png,3.9583333333333335,4.666666666666667,4.458333333333333,4.583333333333333,kitchen
kitchen__144.png,3.2916666666666665,4.916666666666667,4.608695652173913,4.3478260869565215,kitchen
kitchen__145.png,3.0416666666666665,5.541666666666667,5.083333333333333,4.916666666666667,kitchen
kitchen__146.png,3.608695652173913,5.521739130434782,4.5,4.375,kitchen
kitchen__147.png,3.5416666666666665,4.583333333333333,5.083333333333333,5.25,kitchen
kitchen__148.png,3.0833333333333335,5.375,5.434782608695652,5.434782608695652,kitchen
kitchen__149.png,2.8333333333333335,5.291666666666667,4.954545454545454,5.2272727272727275,kitchen
kitchen__15.png,3.1666666666666665,5.291666666666667,5.086956521739131,5.0,kitchen
kitchen__150.png,3.2857142857142856,4.904761904761905,4.875,4.875,kitchen
kitchen__151.png,3.8333333333333335,4.791666666666667,3.9444444444444446,3.888888888888889,kitchen
kitchen__152.png,3.0,5.458333333333333,5.833333333333333,5.791666666666667,kitchen
kitchen__153.png,3.875,4.833333333333333,4.208333333333333,4.041666666666667,kitchen
kitchen__154.png,2.9565217391304346,5.695652173913044,5.75,5.833333333333333,kitchen
kitchen__155.png,3.217391304347826,5.3478260869565215,5.291666666666667,4.875,kitchen
kitchen__156.png,2.9130434782608696,5.782608695652174,4.875,4.625,kitchen
kitchen__157.png,4.625,4.291666666666667,3.5833333333333335,3.3333333333333335,kitchen
kitchen__158.png,3.0,5.625,5.3478260869565215,5.3478260869565215,kitchen
kitchen__159.png,2.7916666666666665,5.25,5.578947368421052,5.473684210526316,kitchen
kitchen__16.png,4.083333333333333,4.958333333333333,4.291666666666667,4.583333333333333,kitchen
kitchen__160.png,3.4166666666666665,4.916666666666667,4.0,4.083333333333333,kitchen
kitchen__161.png,3.0833333333333335,5.416666666666667,5.75,5.791666666666667,kitchen
kitchen__162.png,2.5416666666666665,5.833333333333333,5.916666666666667,5.833333333333333,kitchen
kitchen__163.png,4.041666666666667,4.833333333333333,4.083333333333333,4.291666666666667,kitchen
kitchen__164.png,3.238095238095238,4.9523809523809526,5.208333333333333,5.333333333333333,kitchen
kitchen__165.png,4.0,4.809523809523809,4.375,4.541666666666667,kitchen
kitchen__166.png,2.347826086956522,5.086956521739131,5.208333333333333,5.5,kitchen
kitchen__167.png,2.739130434782609,5.565217391304348,4.833333333333333,4.833333333333333,kitchen
kitchen__168.png,3.4166666666666665,4.75,3.5652173913043477,3.5217391304347827,kitchen
kitchen__169.png,3.1666666666666665,5.333333333333333,5.333333333333333,5.5,kitchen
kitchen__17.png,3.4583333333333335,4.916666666666667,4.695652173913044,4.695652173913044,kitchen
kitchen__170.png,4.173913043478261,3.782608695652174,3.0526315789473686,3.0526315789473686,kitchen
kitchen__171.png,2.5,5.166666666666667,4.583333333333333,4.625,kitchen
kitchen__172.png,3.130434782608696,6.043478260869565,5.333333333333333,5.25,kitchen
kitchen__173.png,2.6666666666666665,4.958333333333333,5.608695652173913,5.826086956521739,kitchen
kitchen__174.png,3.9565217391304346,5.0,4.894736842105263,4.894736842105263,kitchen
kitchen__175.png,3.0416666666666665,5.166666666666667,4.913043478260869,5.043478260869565,kitchen
kitchen__176.png,3.130434782608696,4.826086956521739,3.4782608695652173,3.0869565217391304,kitchen
kitchen__177.png,3.5833333333333335,5.375,5.583333333333333,5.875,kitchen
kitchen__178.png,3.2083333333333335,5.125,5.25,5.291666666666667,kitchen
kitchen__179.png,2.652173913043478,5.782608695652174,5.666666666666667,5.25,kitchen
kitchen__18.png,3.625,5.375,4.25,4.25,kitchen
kitchen__180.png,2.875,5.625,4.913043478260869,5.086956521739131,kitchen
kitchen__181.png,2.6666666666666665,5.416666666666667,5.869565217391305,5.913043478260869,kitchen
kitchen__182.png,3.0,5.458333333333333,5.2105263157894735,4.947368421052632,kitchen
kitchen__183.png,3.8333333333333335,4.708333333333333,5.208333333333333,5.083333333333333,kitchen
kitchen__184.png,4.130434782608695,5.869565217391305,3.9166666666666665,3.75,kitchen
kitchen__185.png,3.260869565217391,5.695652173913044,4.916666666666667,4.916666666666667,kitchen
kitchen__186.png,3.6666666666666665,5.208333333333333,4.208333333333333,4.208333333333333,kitchen
kitchen__187.png,3.625,4.916666666666667,5.130434782608695,4.913043478260869,kitchen
kitchen__188.png,3.4761904761904763,5.285714285714286,5.041666666666667,5.166666666666667,kitchen
kitchen__189.png,4.083333333333333,5.416666666666667,3.5,3.5,kitchen
kitchen__19.png,2.782608695652174,5.130434782608695,5.421052631578948,5.526315789473684,kitchen
kitchen__190.png,2.9565217391304346,5.956521739130435,5.541666666666667,5.416666666666667,kitchen
kitchen__191.png,3.7083333333333335,5.041666666666667,5.5,5.625,kitchen
kitchen__192.png,3.3333333333333335,5.125,5.041666666666667,5.0,kitchen
kitchen__193.png,2.9166666666666665,5.416666666666667,4.666666666666667,4.958333333333333,kitchen
kitchen__194.png,3.0,5.521739130434782,4.875,4.875,kitchen
kitchen__195.png,3.4166666666666665,5.375,5.791666666666667,5.708333333333333,kitchen
kitchen__196.png,3.8333333333333335,4.958333333333333,4.25,4.291666666666667,kitchen
kitchen__197.png,3.5714285714285716,4.238095238095238,4.541666666666667,4.666666666666667,kitchen
kitchen__198.png,4.333333333333333,5.0,3.625,3.75,kitchen
kitchen__199.png,3.5416666666666665,5.125,4.739130434782608,4.521739130434782,kitchen
kitchen__2.png,3.0,4.958333333333333,5.2727272727272725,5.2272727272727275,kitchen
kitchen__20.png,3.3043478260869565,5.391304347826087,3.625,3.25,kitchen
kitchen__200.png,2.9166666666666665,4.875,4.260869565217392,4.260869565217392,kitchen
kitchen__201.png,3.5833333333333335,5.125,3.739130434782609,3.652173913043478,kitchen
kitchen__202.png,3.0434782608695654,4.956521739130435,5.5,5.45,kitchen
kitchen__203.png,2.2083333333333335,6.0,5.869565217391305,5.956521739130435,kitchen
kitchen__204.png,3.761904761904762,5.238095238095238,4.708333333333333,4.791666666666667,kitchen
kitchen__205.png,5.5,5.208333333333333,1.9166666666666667,2.0416666666666665,kitchen
kitchen__206.png,4.666666666666667,5.380952380952381,3.5,3.5,kitchen
kitchen__207.png,3.391304347826087,5.130434782608695,4.875,4.5,kitchen
kitchen__208.png,2.9583333333333335,5.375,4.7894736842105265,4.7368421052631575,kitchen
kitchen__209.png,3.1666666666666665,5.083333333333333,5.333333333333333,5.125,kitchen
kitchen__21.png,3.4583333333333335,5.375,4.695652173913044,4.826086956521739,kitchen
kitchen__210.png,2.5238095238095237,5.571428571428571,5.25,5.25,kitchen
kitchen__211.png,3.9523809523809526,5.0476190476190474,4.416666666666667,4.833333333333333,kitchen
kitchen__212.png,3.380952380952381,5.095238095238095,4.875,5.0,kitchen
kitchen__213.png,2.3333333333333335,5.333333333333333,6.291666666666667,6.333333333333333,kitchen
kitchen__214.png,2.9166666666666665,5.625,5.130434782608695,4.869565217391305,kitchen
kitchen__215.png,3.761904761904762,5.285714285714286,3.6956521739130435,3.9130434782608696,kitchen
kitchen__216.png,2.9583333333333335,5.458333333333333,4.541666666666667,4.458333333333333,kitchen
kitchen__217.png,3.4583333333333335,5.0,4.875,4.958333333333333,kitchen
kitchen__218.png,3.3333333333333335,4.833333333333333,4.541666666666667,4.5,kitchen
kitchen__219.png,2.5833333333333335,5.208333333333333,5.6521739130434785,5.6521739130434785,kitchen
kitchen__22.png,3.5416666666666665,5.25,5.0,4.913043478260869,kitchen
kitchen__220.png,3.1666666666666665,5.625,5.625,5.625,kitchen
kitchen__221.png,3.1666666666666665,5.25,4.583333333333333,4.541666666666667,kitchen
kitchen__222.png,3.0,5.5,5.260869565217392,5.3478260869565215,kitchen
kitchen__223.png,2.7083333333333335,5.125,5.875,6.166666666666667,kitchen
kitchen__224.png,2.5416666666666665,4.958333333333333,5.217391304347826,5.173913043478261,kitchen
kitchen__225.png,2.5714285714285716,5.190476190476191,5.083333333333333,5.208333333333333,kitchen
kitchen__226.png,2.5714285714285716,5.285714285714286,5.541666666666667,5.541666666666667,kitchen
kitchen__227.png,3.3333333333333335,4.75,4.25,3.875,kitchen
kitchen__228.png,3.0833333333333335,5.25,5.619047619047619,5.666666666666667,kitchen
kitchen__229.png,3.0416666666666665,5.5,5.625,5.791666666666667,kitchen
kitchen__23.png,3.4285714285714284,5.0476190476190474,4.75,4.833333333333333,kitchen
kitchen__230.png,3.25,5.333333333333333,5.583333333333333,5.625,kitchen
kitchen__231.png,3.7916666666666665,5.25,4.75,4.791666666666667,kitchen
kitchen__232.png,2.5,4.833333333333333,5.173913043478261,5.130434782608695,kitchen
kitchen__233.png,4.130434782608695,5.217391304347826,3.8333333333333335,3.5416666666666665,kitchen
kitchen__234.png,3.25,5.125,5.173913043478261,5.3478260869565215,kitchen
kitchen__235.png,3.130434782608696,5.521739130434782,5.166666666666667,4.916666666666667,kitchen
kitchen__236.png,2.625,6.0,5.7272727272727275,5.636363636363637,kitchen
kitchen__237.png,4.208333333333333,5.25,3.5416666666666665,3.875,kitchen
kitchen__238.png,3.0434782608695654,5.739130434782608,4.75,4.708333333333333,kitchen
kitchen__239.png,3.0416666666666665,5.125,5.416666666666667,5.416666666666667,kitchen
kitchen__24.png,2.9583333333333335,5.333333333333333,4.869565217391305,4.826086956521739,kitchen
kitchen__240.png,3.375,5.166666666666667,4.666666666666667,4.583333333333333,kitchen
kitchen__241.png,2.5714285714285716,5.571428571428571,5.416666666666667,5.666666666666667,kitchen
kitchen__242.png,2.875,5.333333333333333,5.521739130434782,5.521739130434782,kitchen
kitchen__243.png,3.8333333333333335,5.0,4.25,4.25,kitchen
kitchen__244.png,2.5714285714285716,5.142857142857143,5.791666666666667,5.75,kitchen
kitchen__245.png,2.625,5.666666666666667,5.608695652173913,5.6521739130434785,kitchen
kitchen__246.png,2.5416666666666665,5.5,5.086956521739131,5.173913043478261,kitchen
kitchen__247.png,3.0434782608695654,5.043478260869565,5.7368421052631575,5.842105263157895,kitchen
kitchen__248.png,3.125,5.166666666666667,4.958333333333333,4.833333333333333,kitchen
kitchen__249.png,2.5833333333333335,5.333333333333333,5.375,5.625,kitchen
kitchen__25.png,3.0833333333333335,5.125,5.333333333333333,5.458333333333333,kitchen
kitchen__250.png,2.2857142857142856,5.428571428571429,4.75,5.125,kitchen
kitchen__251.png,3.125,5.208333333333333,5.541666666666667,5.541666666666667,kitchen
kitchen__252.png,3.0833333333333335,4.791666666666667,4.708333333333333,4.625,kitchen
kitchen__253.png,2.9583333333333335,5.125,4.958333333333333,5.333333333333333,kitchen
kitchen__254.png,2.875,5.25,5.5,5.583333333333333,kitchen
kitchen__255.png,2.5416666666666665,5.166666666666667,5.625,5.958333333333333,kitchen
kitchen__256.png,3.2083333333333335,5.5,4.956521739130435,5.3478260869565215,kitchen
kitchen__257.png,3.7142857142857144,4.9523809523809526,5.125,5.166666666666667,kitchen
kitchen__258.png,4.208333333333333,5.0,4.875,4.958333333333333,kitchen
kitchen__259.png,3.2083333333333335,5.291666666666667,5.173913043478261,5.043478260869565,kitchen
kitchen__26.png,2.5238095238095237,5.619047619047619,5.041666666666667,5.208333333333333,kitchen
kitchen__260.png,3.0,5.375,5.0,5.391304347826087,kitchen
kitchen__261.png,5.666666666666667,5.125,3.5,3.375,kitchen
kitchen__262.png,5.5,4.208333333333333,2.875,2.625,kitchen
kitchen__263.png,3.7083333333333335,5.166666666666667,4.541666666666667,4.666666666666667,kitchen
kitchen__264.png,4.583333333333333,5.25,4.75,4.791666666666667,kitchen
kitchen__265.png,2.260869565217391,6.130434782608695,5.625,5.875,kitchen
kitchen__266.png,3.217391304347826,5.260869565217392,4.791666666666667,4.583333333333333,kitchen
kitchen__267.png,2.6956521739130435,5.0,6.0,6.052631578947368,kitchen
kitchen__268.png,3.75,5.25,3.1666666666666665,3.1666666666666665,kitchen
kitchen__269.png,2.608695652173913,4.913043478260869,5.894736842105263,6.157894736842105,kitchen
kitchen__27.png,2.217391304347826,6.260869565217392,5.125,5.333333333333333,kitchen
kitchen__270.png,3.761904761904762,5.333333333333333,4.208333333333333,4.208333333333333,kitchen
kitchen__271.png,2.875,4.916666666666667,5.136363636363637,5.2272727272727275,kitchen
kitchen__272.png,4.904761904761905,3.9047619047619047,2.9166666666666665,2.7916666666666665,kitchen
kitchen__273.png,3.9166666666666665,5.041666666666667,3.5,3.4583333333333335,kitchen
kitchen__274.png,3.130434782608696,5.6521739130434785,5.375,5.541666666666667,kitchen
kitchen__275.png,4.833333333333333,5.25,2.9166666666666665,3.0416666666666665,kitchen
kitchen__276.png,2.7916666666666665,5.375,5.875,5.708333333333333,kitchen
kitchen__277.png,3.4166666666666665,4.958333333333333,5.304347826086956,5.478260869565218,kitchen
kitchen__278.png,3.2083333333333335,5.375,5.5,5.666666666666667,kitchen
kitchen__279.png,3.125,5.125,3.4583333333333335,3.5,kitchen
kitchen__28.png,2.6666666666666665,5.619047619047619,5.416666666666667,5.5,kitchen
kitchen__280.png,3.0,5.25,4.6521739130434785,4.826086956521739,kitchen
kitchen__281.png,4.458333333333333,4.875,3.9473684210526314,3.736842105263158,kitchen
kitchen__282.png,3.25,4.958333333333333,5.333333333333333,5.375,kitchen
kitchen__283.png,3.8333333333333335,5.083333333333333,3.869565217391304,4.043478260869565,kitchen
kitchen__284.png,3.4166666666666665,5.041666666666667,4.368421052631579,4.315789473684211,kitchen
kitchen__285.png,3.2857142857142856,5.0,5.521739130434782,5.608695652173913,kitchen
kitchen__286.png,3.0416666666666665,5.208333333333333,5.5,5.666666666666667,kitchen
kitchen__287.png,3.375,4.833333333333333,4.375,4.5,kitchen
kitchen__288.png,4.125,4.791666666666667,4.304347826086956,4.3478260869565215,kitchen
kitchen__289.png,3.9047619047619047,5.0476190476190474,4.458333333333333,4.208333333333333,kitchen
kitchen__29.png,2.7916666666666665,5.416666666666667,5.958333333333333,6.208333333333333,kitchen
kitchen__290.png,3.3333333333333335,5.166666666666667,4.130434782608695,4.043478260869565,kitchen
kitchen__291.png,3.7083333333333335,5.375,4.086956521739131,4.0,kitchen
kitchen__292.png,4.333333333333333,5.083333333333333,4.291666666666667,4.208333333333333,kitchen
kitchen__293.png,3.75,4.958333333333333,3.8333333333333335,3.875,kitchen
kitchen__294.png,4.619047619047619,5.0,4.0,4.041666666666667,kitchen
kitchen__295.png,3.0416666666666665,5.458333333333333,5.291666666666667,5.291666666666667,kitchen
kitchen__296.png,3.0,5.291666666666667,5.166666666666667,5.208333333333333,kitchen
kitchen__297.png,3.130434782608696,5.695652173913044,5.791666666666667,5.75,kitchen
kitchen__298.png,2.7916666666666665,5.375,5.954545454545454,6.318181818181818,kitchen
kitchen__299.png,2.0,5.190476190476191,5.833333333333333,6.041666666666667,kitchen
kitchen__3.png,1.7916666666666667,5.583333333333333,6.260869565217392,6.0,kitchen
kitchen__30.png,3.0,4.782608695652174,5.526315789473684,5.631578947368421,kitchen
kitchen__31.png,2.4782608695652173,5.260869565217392,6.105263157894737,6.157894736842105,kitchen
kitchen__32.png,3.75,5.25,4.916666666666667,4.833333333333333,kitchen
kitchen__33.png,3.25,5.25,3.1666666666666665,3.4166666666666665,kitchen
kitchen__34.png,2.7083333333333335,5.208333333333333,4.291666666666667,4.375,kitchen
kitchen__35.png,3.6666666666666665,5.041666666666667,4.041666666666667,4.083333333333333,kitchen
kitchen__36.png,3.375,4.833333333333333,4.352941176470588,4.352941176470588,kitchen
kitchen__37.png,2.4166666666666665,5.583333333333333,4.291666666666667,4.291666666666667,kitchen
kitchen__38.png,3.5833333333333335,4.916666666666667,4.583333333333333,4.583333333333333,kitchen
kitchen__39.png,3.5416666666666665,4.833333333333333,4.695652173913044,4.782608695652174,kitchen
kitchen__4.png,3.8333333333333335,4.375,4.434782608695652,4.434782608695652,kitchen
kitchen__40.png,2.7916666666666665,5.666666666666667,4.708333333333333,4.833333333333333,kitchen
kitchen__41.png,3.260869565217391,5.478260869565218,4.208333333333333,4.208333333333333,kitchen
kitchen__42.png,3.4166666666666665,5.25,5.0,5.130434782608695,kitchen
kitchen__43.png,2.9130434782608696,4.869565217391305,5.85,5.85,kitchen
kitchen__44.png,2.739130434782609,6.130434782608695,5.708333333333333,5.708333333333333,kitchen
kitchen__45.png,3.5714285714285716,5.095238095238095,4.25,4.125,kitchen
kitchen__46.png,2.5833333333333335,5.166666666666667,4.666666666666667,4.791666666666667,kitchen
kitchen__47.png,3.2916666666666665,5.166666666666667,4.708333333333333,4.875,kitchen
kitchen__48.png,3.375,5.166666666666667,4.166666666666667,4.208333333333333,kitchen
kitchen__49.png,2.4782608695652173,5.217391304347826,6.157894736842105,6.315789473684211,kitchen
kitchen__5.png,2.761904761904762,5.142857142857143,5.166666666666667,5.166666666666667,kitchen
kitchen__50.png,2.875,5.375,5.625,5.583333333333333,kitchen
kitchen__51.png,3.2083333333333335,5.083333333333333,4.458333333333333,4.5,kitchen
kitchen__52.png,2.4285714285714284,5.761904761904762,6.208333333333333,6.208333333333333,kitchen
kitchen__53.png,2.2083333333333335,5.375,6.458333333333333,6.458333333333333,kitchen
kitchen__54.png,2.875,5.208333333333333,5.25,5.208333333333333,kitchen
kitchen__55.png,3.4285714285714284,5.190476190476191,4.916666666666667,4.958333333333333,kitchen
kitchen__56.png,3.0416666666666665,5.125,5.833333333333333,5.833333333333333,kitchen
kitchen__57.png,2.75,5.125,4.608695652173913,4.739130434782608,kitchen
kitchen__58.png,4.0,5.125,3.8823529411764706,3.823529411764706,kitchen
kitchen__59.png,3.3333333333333335,5.285714285714286,4.666666666666667,4.791666666666667,kitchen
kitchen__6.png,2.4166666666666665,5.416666666666667,5.782608695652174,5.956521739130435,kitchen
kitchen__60.png,2.75,6.0,5.695652173913044,5.739130434782608,kitchen
kitchen__61.png,3.0869565217391304,5.6521739130434785,4.666666666666667,4.5,kitchen
kitchen__62.png,3.0833333333333335,5.208333333333333,5.416666666666667,5.541666666666667,kitchen
kitchen__63.png,2.875,5.666666666666667,6.291666666666667,6.333333333333333,kitchen
kitchen__64.png,2.8333333333333335,5.0,4.869565217391305,5.217391304347826,kitchen
kitchen__65.png,3.4761904761904763,5.428571428571429,4.875,4.708333333333333,kitchen
kitchen__66.png,3.4166666666666665,5.125,4.791666666666667,4.75,kitchen
kitchen__67.png,3.125,4.791666666666667,5.25,5.291666666666667,kitchen
kitchen__68.png,3.2083333333333335,5.5,4.291666666666667,4.5,kitchen
kitchen__69.png,3.1739130434782608,5.739130434782608,3.9166666666666665,3.7083333333333335,kitchen
kitchen__7.png,3.375,4.958333333333333,5.833333333333333,5.875,kitchen
kitchen__70.png,2.9583333333333335,5.458333333333333,5.304347826086956,5.260869565217392,kitchen
kitchen__71.png,3.0,5.541666666666667,4.958333333333333,5.125,kitchen
kitchen__72.png,3.375,5.041666666666667,4.478260869565218,4.913043478260869,kitchen
kitchen__73.png,3.125,5.208333333333333,4.956521739130435,4.826086956521739,kitchen
kitchen__74.png,3.875,5.0,4.380952380952381,4.142857142857143,kitchen
kitchen__75.png,3.4347826086956523,5.130434782608695,3.8333333333333335,3.625,kitchen
kitchen__76.png,4.833333333333333,4.791666666666667,4.208333333333333,4.208333333333333,kitchen
kitchen__77.png,3.238095238095238,5.476190476190476,5.5,5.708333333333333,kitchen
kitchen__78.png,3.869565217391304,5.304347826086956,4.791666666666667,4.5,kitchen
kitchen__79.png,3.375,5.291666666666667,5.260869565217392,5.260869565217392,kitchen
kitchen__8.png,2.75,5.291666666666667,5.869565217391305,5.956521739130435,kitchen
kitchen__80.png,4.166666666666667,4.333333333333333,4.375,4.125,kitchen
kitchen__81.png,2.75,5.166666666666667,5.333333333333333,5.476190476190476,kitchen
kitchen__82.png,3.6956521739130435,5.521739130434782,4.291666666666667,4.0,kitchen
kitchen__83.png,2.1666666666666665,4.833333333333333,5.25,5.458333333333333,kitchen
kitchen__84.png,2.869565217391304,4.913043478260869,5.421052631578948,5.631578947368421,kitchen
kitchen__85.png,2.7916666666666665,5.083333333333333,4.6521739130434785,4.782608695652174,kitchen
kitchen__86.png,2.9583333333333335,5.416666666666667,5.2631578947368425,5.421052631578948,kitchen
kitchen__87.png,2.142857142857143,5.428571428571429,5.958333333333333,6.166666666666667,kitchen
kitchen__88.png,2.4583333333333335,5.083333333333333,5.217391304347826,5.217391304347826,kitchen
kitchen__89.png,4.619047619047619,4.523809523809524,3.2083333333333335,3.0,kitchen
kitchen__9.png,3.0,5.291666666666667,5.166666666666667,5.25,kitchen
kitchen__90.png,4.619047619047619,4.380952380952381,3.3333333333333335,3.5416666666666665,kitchen
kitchen__91.png,3.8333333333333335,5.125,4.25,4.125,kitchen
kitchen__92.png,2.4166666666666665,5.708333333333333,5.0,5.125,kitchen
kitchen__93.png,2.3333333333333335,5.208333333333333,5.826086956521739,6.304347826086956,kitchen
kitchen__94.png,2.9166666666666665,4.75,4.583333333333333,4.25,kitchen
kitchen__95.png,4.333333333333333,4.380952380952381,4.5,4.5,kitchen
kitchen__96.png,3.4166666666666665,5.041666666666667,3.739130434782609,3.782608695652174,kitchen
kitchen__97.png,1.9166666666666667,5.916666666666667,5.590909090909091,5.681818181818182,kitchen
kitchen__98.png,2.8333333333333335,5.25,3.7083333333333335,3.9583333333333335,kitchen
kitchen__99.png,2.5,5.333333333333333,5.833333333333333,5.666666666666667,kitchen
living room__0.png,3.0833333333333335,4.583333333333333,4.956521739130435,5.130434782608695,living room
living room__1.png,2.4761904761904763,4.476190476190476,5.5,5.458333333333333,living room
living room__10.png,2.380952380952381,4.238095238095238,5.541666666666667,5.833333333333333,living room
living room__100.png,3.2916666666666665,4.083333333333333,4.125,4.291666666666667,living room
living room__101.png,3.3333333333333335,4.041666666666667,3.869565217391304,3.869565217391304,living room
living room__102.png,3.782608695652174,4.434782608695652,3.9583333333333335,4.0,living room
living room__103.png,2.4782608695652173,4.3478260869565215,5.666666666666667,5.625,living room
living room__104.png,2.8095238095238093,4.761904761904762,4.956521739130435,4.913043478260869,living room
living room__105.png,2.5416666666666665,4.833333333333333,4.25,4.041666666666667,living room
living room__106.png,3.0434782608695654,4.565217391304348,4.333333333333333,4.041666666666667,living room
living room__107.png,2.75,3.1666666666666665,4.333333333333333,4.375,living room
living room__108.png,3.3333333333333335,3.7916666666666665,3.869565217391304,3.782608695652174,living room
living room__109.png,2.0869565217391304,5.217391304347826,4.541666666666667,4.375,living room
living room__11.png,3.75,4.458333333333333,4.333333333333333,3.9523809523809526,living room
living room__110.png,3.1666666666666665,4.083333333333333,3.130434782608696,3.0,living room
living room__111.png,3.2083333333333335,3.75,3.4782608695652173,3.1739130434782608,living room
living room__112.png,2.6666666666666665,4.571428571428571,5.416666666666667,5.583333333333333,living room
living room__113.png,2.347826086956522,4.391304347826087,5.125,5.208333333333333,living room
living room__114.png,3.3333333333333335,4.541666666666667,4.791666666666667,4.75,living room
living room__115.png,3.5416666666666665,4.458333333333333,4.625,4.375,living room
living room__116.png,2.1666666666666665,4.291666666666667,5.217391304347826,5.217391304347826,living room
living room__117.png,3.4166666666666665,4.416666666666667,2.8260869565217392,2.782608695652174,living room
living room__118.png,2.869565217391304,2.5217391304347827,4.0,4.105263157894737,living room
living room__119.png,2.0416666666666665,2.9166666666666665,5.291666666666667,5.583333333333333,living room
living room__12.png,2.4761904761904763,5.0476190476190474,5.333333333333333,5.375,living room
living room__120.png,2.782608695652174,4.826086956521739,4.625,4.708333333333333,living room
living room__121.png,3.2916666666666665,4.416666666666667,4.086956521739131,4.043478260869565,living room
living room__122.png,3.875,3.8333333333333335,4.0,3.6842105263157894,living room
living room__123.png,2.6666666666666665,4.541666666666667,5.166666666666667,5.083333333333333,living room
living room__124.png,2.9523809523809526,5.428571428571429,5.416666666666667,5.5,living room
living room__125.png,2.4166666666666665,3.9166666666666665,5.083333333333333,5.125,living room
living room__126.png,2.4166666666666665,3.1666666666666665,5.041666666666667,4.958333333333333,living room
living room__127.png,2.6666666666666665,4.166666666666667,5.608695652173913,5.6521739130434785,living room
living room__128.png,3.1666666666666665,4.291666666666667,4.391304347826087,4.434782608695652,living room
living room__129.png,2.1904761904761907,4.523809523809524,6.086956521739131,6.217391304347826,living room
living room__13.png,3.125,4.208333333333333,4.916666666666667,4.958333333333333,living room
living room__130.png,3.125,4.416666666666667,5.666666666666667,5.666666666666667,living room
living room__131.png,3.2083333333333335,3.75,5.083333333333333,4.958333333333333,living room
living room__132.png,2.238095238095238,4.904761904761905,5.75,5.833333333333333,living room
living room__133.png,3.1904761904761907,4.666666666666667,4.208333333333333,4.125,living room
living room__134.png,2.0952380952380953,4.285714285714286,5.583333333333333,5.791666666666667,living room
living room__135.png,3.0833333333333335,4.75,5.416666666666667,5.375,living room
living room__136.png,2.2857142857142856,4.476190476190476,5.5,5.583333333333333,living room
living room__137.png,4.541666666666667,4.541666666666667,2.875,3.0416666666666665,living room
living room__138.png,2.0833333333333335,3.875,5.583333333333333,5.75,living room
living room__139.png,2.2083333333333335,4.25,4.333333333333333,4.666666666666667,living room
living room__14.png,1.875,4.875,5.826086956521739,5.869565217391305,living room
living room__140.png,3.391304347826087,5.043478260869565,4.25,4.125,living room
living room__141.png,2.125,4.666666666666667,5.478260869565218,5.739130434782608,living room
living room__142.png,2.2857142857142856,4.523809523809524,5.260869565217392,5.521739130434782,living room
living room__143.png,2.9166666666666665,4.041666666666667,4.666666666666667,4.791666666666667,living room
living room__144.png,3.3043478260869565,4.565217391304348,3.7083333333333335,3.5416666666666665,living room
living room__145.png,1.565217391304348,3.9130434782608696,5.791666666666667,5.875,living room
living room__146.png,3.3333333333333335,5.0,4.739130434782608,4.956521739130435,living room
living room__147.png,3.1666666666666665,4.166666666666667,4.5,4.708333333333333,living room
living room__148.png,3.0416666666666665,3.5416666666666665,4.625,4.541666666666667,living room
living room__149.png,2.2083333333333335,4.958333333333333,5.863636363636363,6.0,living room
living room__15.png,2.7083333333333335,4.0,4.25,4.5,living room
living room__150.png,3.0,4.166666666666667,4.208333333333333,4.708333333333333,living room
living room__151.png,2.5416666666666665,4.791666666666667,5.625,5.75,living room
living room__152.png,5.666666666666667,4.375,2.125,1.6666666666666667,living room
living room__153.png,4.708333333333333,3.7083333333333335,3.0416666666666665,3.1666666666666665,living room
living room__154.png,2.8333333333333335,4.375,5.0,4.916666666666667,living room
living room__155.png,2.130434782608696,5.782608695652174,6.041666666666667,5.75,living room
living room__156.png,3.25,4.0,3.5416666666666665,3.625,living room
living room__157.png,2.857142857142857,3.8095238095238093,5.173913043478261,5.086956521739131,living room
living room__158.png,3.0476190476190474,3.761904761904762,4.458333333333333,4.666666666666667,living room
living room__159.png,3.2083333333333335,3.9583333333333335,4.434782608695652,4.695652173913044,living room
living room__16.png,2.9583333333333335,4.0,5.173913043478261,5.173913043478261,living room
living room__160.png,2.0,4.333333333333333,6.25,6.25,living room
living room__161.png,2.125,3.0833333333333335,4.375,4.583333333333333,living room
living room__162.png,2.7083333333333335,4.791666666666667,4.916666666666667,4.958333333333333,living room
living room__163.png,2.0869565217391304,4.434782608695652,5.125,4.916666666666667,living room
living room__164.png,1.5833333333333333,4.666666666666667,5.791666666666667,5.833333333333333,living room
living room__165.png,2.625,4.583333333333333,5.166666666666667,5.125,living room
living room__166.png,3.2916666666666665,4.291666666666667,4.4,3.9,living room
living room__167.png,2.5833333333333335,3.7083333333333335,4.086956521739131,4.086956521739131,living room
living room__168.png,2.7916666666666665,3.3333333333333335,5.478260869565218,5.6521739130434785,living room
living room__169.png,2.4583333333333335,4.083333333333333,4.956521739130435,5.260869565217392,living room
living room__17.png,2.75,4.0,4.913043478260869,5.086956521739131,living room
living room__170.png,4.043478260869565,3.130434782608696,3.9130434782608696,4.043478260869565,living room
living room__171.png,2.9583333333333335,4.125,4.5,4.375,living room
living room__172.png,2.8333333333333335,3.125,4.217391304347826,4.217391304347826,living room
living room__173.png,3.0476190476190474,3.4285714285714284,4.083333333333333,4.208333333333333,living room
living room__174.png,2.6666666666666665,4.0,4.6521739130434785,4.956521739130435,living room
living room__175.png,2.7916666666666665,5.083333333333333,4.956521739130435,5.043478260869565,living room
living room__176.png,3.0416666666666665,4.125,4.368421052631579,4.473684210526316,living room
living room__177.png,2.375,3.5833333333333335,4.833333333333333,4.583333333333333,living room
living room__178.png,3.5416666666666665,3.875,4.166666666666667,4.125,living room
living room__179.png,3.608695652173913,4.869565217391305,4.083333333333333,3.9166666666666665,living room
living room__18.png,2.260869565217391,4.391304347826087,4.833333333333333,4.75,living room
living room__180.png,2.5,4.125,3.7916666666666665,3.75,living room
living room__181.png,2.625,3.3333333333333335,4.173913043478261,4.260869565217392,living room
living room__182.png,2.375,5.25,5.7,5.85,living room
living room__183.png,3.5833333333333335,3.8333333333333335,4.0,3.6956521739130435,living room
living room__184.png,3.5,4.416666666666667,4.166666666666667,4.125,living room
living room__185.png,1.7916666666666667,4.125,5.916666666666667,6.041666666666667,living room
living room__186.png,2.6666666666666665,4.285714285714286,3.9583333333333335,4.041666666666667,living room
living room__187.png,2.9130434782608696,4.478260869565218,4.173913043478261,4.043478260869565,living room
living room__188.png,3.0833333333333335,4.291666666666667,4.166666666666667,3.7916666666666665,living room
living room__189.png,2.625,4.75,4.882352941176471,4.882352941176471,living room
living room__19.png,3.3333333333333335,4.666666666666667,5.25,5.25,living room
living room__190.png,3.25,3.4583333333333335,4.291666666666667,4.083333333333333,living room
living room__191.png,2.5652173913043477,3.9565217391304346,5.6,5.5,living room
living room__192.png,4.285714285714286,3.7142857142857144,3.3333333333333335,3.1666666666666665,living room
living room__193.png,3.25,4.625,3.1739130434782608,3.1739130434782608,living room
living room__194.png,2.9166666666666665,4.208333333333333,3.9565217391304346,3.739130434782609,living room
living room__195.png,3.8095238095238093,4.238095238095238,4.625,4.583333333333333,living room
living room__196.png,3.4285714285714284,4.142857142857143,6.125,6.166666666666667,living room
living room__197.png,3.875,3.3333333333333335,2.8333333333333335,2.6666666666666665,living room
living room__198.png,2.25,4.958333333333333,4.625,4.708333333333333,living room
living room__199.png,3.9047619047619047,4.380952380952381,3.8333333333333335,3.7916666666666665,living room
living room__2.png,3.1666666666666665,4.416666666666667,4.083333333333333,4.291666666666667,living room
living room__20.png,2.625,4.875,5.583333333333333,5.375,living room
living room__200.png,2.5833333333333335,3.4583333333333335,5.130434782608695,5.260869565217392,living room
living room__201.png,2.7916666666666665,4.416666666666667,5.315789473684211,5.526315789473684,living room
living room__202.png,2.8333333333333335,4.083333333333333,5.478260869565218,5.826086956521739,living room
living room__203.png,2.3333333333333335,4.416666666666667,5.375,5.0,living room
living room__204.png,2.75,4.375,4.434782608695652,4.608695652173913,living room
living room__205.png,2.3333333333333335,4.666666666666667,5.166666666666667,5.125,living room
living room__206.png,2.875,4.791666666666667,4.777777777777778,5.277777777777778,living room
living room__207.png,2.75,4.166666666666667,4.782608695652174,4.782608695652174,living room
living room__208.png,2.4166666666666665,4.541666666666667,4.956521739130435,5.130434782608695,living room
living room__209.png,3.9047619047619047,3.380952380952381,4.75,4.916666666666667,living room
living room__21.png,2.375,4.291666666666667,4.217391304347826,4.3478260869565215,living room
living room__210.png,2.2916666666666665,4.791666666666667,5.625,5.916666666666667,living room
living room__211.png,3.2083333333333335,3.9166666666666665,4.782608695652174,4.826086956521739,living room
living room__212.png,3.625,4.333333333333333,3.739130434782609,3.6956521739130435,living room
living room__213.png,1.75,4.791666666666667,5.0,5.083333333333333,living room
living room__214.png,2.4166666666666665,4.125,5.086956521739131,5.0,living room
living room__215.png,2.9047619047619047,4.380952380952381,5.083333333333333,5.333333333333333,living room
living room__216.png,2.3333333333333335,4.416666666666667,4.478260869565218,4.695652173913044,living room
living room__217.png,2.3333333333333335,3.125,4.625,5.041666666666667,living room
living room__218.png,3.625,3.7083333333333335,4.0,4.130434782608695,living room
living room__219.png,2.217391304347826,5.3478260869565215,5.333333333333333,5.208333333333333,living room
living room__22.png,3.238095238095238,5.0476190476190474,4.625,4.958333333333333,living room
living room__220.png,2.9583333333333335,4.916666666666667,5.458333333333333,5.416666666666667,living room
living room__221.png,2.8095238095238093,4.714285714285714,4.791666666666667,4.875,living room
living room__222.png,2.3333333333333335,4.375,4.6521739130434785,4.739130434782608,living room
living room__223.png,3.0434782608695654,3.3043478260869565,4.368421052631579,4.105263157894737,living room
living room__224.png,2.5,3.9166666666666665,5.583333333333333,5.75,living room
living room__225.png,4.375,3.7083333333333335,3.5416666666666665,3.7083333333333335,living room
living room__226.png,3.7083333333333335,3.9166666666666665,3.9130434782608696,3.782608695652174,living room
living room__227.png,2.5416666666666665,4.541666666666667,5.0,4.958333333333333,living room
living room__228.png,2.130434782608696,4.739130434782608,4.958333333333333,5.041666666666667,living room
living room__229.png,2.782608695652174,3.260869565217391,4.7894736842105265,5.0,living room
living room__23.png,2.0952380952380953,3.619047619047619,6.043478260869565,5.913043478260869,living room
living room__230.png,1.8695652173913044,3.739130434782609,4.708333333333333,4.75,living room
living room__231.png,2.8260869565217392,4.695652173913044,5.526315789473684,5.578947368421052,living room
living room__232.png,2.0869565217391304,4.869565217391305,5.125,5.125,living room
living room__233.png,2.1666666666666665,4.458333333333333,5.208333333333333,5.416666666666667,living room
living room__234.png,3.0434782608695654,4.173913043478261,5.315789473684211,5.421052631578948,living room
living room__235.png,3.8333333333333335,4.666666666666667,4.208333333333333,4.208333333333333,living room
living room__236.png,3.0476190476190474,5.142857142857143,5.125,5.125,living room
living room__237.png,3.2083333333333335,4.958333333333333,4.888888888888889,4.777777777777778,living room
living room__238.png,2.625,4.833333333333333,5.739130434782608,5.739130434782608,living room
living room__239.png,2.0833333333333335,3.5,4.958333333333333,4.958333333333333,living room
living room__24.png,2.5416666666666665,3.9583333333333335,4.25,4.166666666666667,living room
living room__240.png,3.7916666666666665,3.875,4.5,4.625,living room
living room__241.png,2.5,3.6666666666666665,5.041666666666667,5.083333333333333,living room
living room__242.png,2.0,5.3478260869565215,6.333333333333333,6.291666666666667,living room
living room__243.png,1.9583333333333333,4.291666666666667,5.291666666666667,5.291666666666667,living room
living room__244.png,3.0833333333333335,4.166666666666667,4.958333333333333,4.916666666666667,living room
living room__245.png,2.9166666666666665,3.4583333333333335,4.291666666666667,4.291666666666667,living room
living room__246.png,3.75,4.125,3.875,3.9583333333333335,living room
living room__247.png,2.5833333333333335,4.291666666666667,5.304347826086956,5.217391304347826,living room
living room__248.png,2.9565217391304346,4.434782608695652,5.0,4.958333333333333,living room
living room__249.png,2.4285714285714284,4.619047619047619,5.478260869565218,5.478260869565218,living room
living room__25.png,2.4583333333333335,4.125,5.3478260869565215,5.6521739130434785,living room
living room__250.png,2.3043478260869565,4.956521739130435,5.708333333333333,5.666666666666667,living room
living room__251.png,2.4166666666666665,4.125,4.863636363636363,5.136363636363637,living room
living room__252.png,1.9523809523809523,4.619047619047619,6.0,6.208333333333333,living room
living room__253.png,1.875,4.416666666666667,5.869565217391305,5.913043478260869,living room
living room__254.png,2.5833333333333335,3.0416666666666665,4.0,3.9130434782608696,living room
living room__255.png,2.5238095238095237,4.619047619047619,5.5,5.375,living room
living room__256.png,2.0416666666666665,4.166666666666667,4.916666666666667,5.083333333333333,living room
living room__257.png,2.857142857142857,4.476190476190476,5.333333333333333,5.333333333333333,living room
living room__258.png,2.0416666666666665,4.041666666666667,5.666666666666667,5.75,living room
living room__259.png,2.7083333333333335,4.375,5.083333333333333,5.333333333333333,living room
living room__26.png,2.375,4.458333333333333,5.478260869565218,5.565217391304348,living room
living room__260.png,3.5833333333333335,3.9166666666666665,4.791666666666667,4.833333333333333,living room
living room__261.png,2.7083333333333335,3.25,4.75,4.833333333333333,living room
living room__262.png,4.25,4.708333333333333,3.869565217391304,3.6956521739130435,living room
living room__263.png,2.125,3.25,5.739130434782608,5.3478260869565215,living room
living room__264.png,2.8333333333333335,4.375,4.043478260869565,4.043478260869565,living room
living room__265.png,2.9565217391304346,3.9130434782608696,4.125,3.9583333333333335,living room
living room__266.png,2.75,4.791666666666667,4.217391304347826,4.304347826086956,living room
living room__267.png,2.3333333333333335,4.75,5.333333333333333,5.291666666666667,living room
living room__268.png,4.041666666666667,3.875,4.0,3.8333333333333335,living room
living room__269.png,2.625,2.8333333333333335,4.541666666666667,4.75,living room
living room__27.png,2.739130434782609,4.043478260869565,4.833333333333333,4.708333333333333,living room
living room__270.png,3.4583333333333335,4.333333333333333,3.6,3.6,living room
living room__271.png,3.0416666666666665,3.75,3.782608695652174,3.869565217391304,living room
living room__272.png,3.3333333333333335,4.208333333333333,4.291666666666667,4.625,living room
living room__273.png,2.9523809523809526,4.428571428571429,4.958333333333333,5.083333333333333,living room
living room__274.png,1.9583333333333333,3.7083333333333335,5.260869565217392,5.3478260869565215,living room
living room__275.png,3.2083333333333335,4.25,4.5,4.375,living room
living room__276.png,1.5217391304347827,4.695652173913044,6.473684210526316,6.578947368421052,living room
living room__277.png,2.625,3.7083333333333335,5.125,5.208333333333333,living room
living room__278.png,2.2916666666666665,4.458333333333333,5.208333333333333,5.208333333333333,living room
living room__279.png,3.6956521739130435,4.130434782608695,4.2105263157894735,4.2105263157894735,living room
living room__28.png,2.125,4.791666666666667,6.291666666666667,6.375,living room
living room__280.png,2.375,3.7916666666666665,5.6521739130434785,5.478260869565218,living room
living room__281.png,3.6666666666666665,3.9523809523809526,4.416666666666667,4.583333333333333,living room
living room__282.png,1.6666666666666667,4.75,6.083333333333333,6.291666666666667,living room
living room__283.png,2.8333333333333335,4.25,4.916666666666667,4.875,living room
living room__284.png,2.0416666666666665,5.458333333333333,6.217391304347826,6.043478260869565,living room
living room__285.png,2.9565217391304346,4.913043478260869,3.75,3.6666666666666665,living room
living room__286.png,2.9166666666666665,4.541666666666667,3.875,4.125,living room
living room__287.png,2.75,4.208333333333333,4.043478260869565,4.0,living room
living room__288.png,3.142857142857143,4.476190476190476,4.708333333333333,4.791666666666667,living room
living room__289.png,1.8333333333333333,4.125,5.833333333333333,6.125,living room
living room__29.png,2.75,4.333333333333333,4.125,4.25,living room
living room__290.png,2.3333333333333335,4.666666666666667,5.739130434782608,5.782608695652174,living room
living room__291.png,2.5416666666666665,3.8333333333333335,4.416666666666667,4.5,living room
living room__292.png,3.3333333333333335,4.208333333333333,4.583333333333333,4.458333333333333,living room
living room__293.png,3.0869565217391304,3.869565217391304,4.894736842105263,4.894736842105263,living room
living room__294.png,4.523809523809524,4.571428571428571,2.375,2.375,living room
living room__295.png,2.2083333333333335,4.416666666666667,5.173913043478261,5.173913043478261,living room
living room__296.png,2.7916666666666665,4.708333333333333,5.521739130434782,5.478260869565218,living room
living room__297.png,2.1904761904761907,5.904761904761905,6.041666666666667,6.25,living room
living room__298.png,1.7916666666666667,4.666666666666667,6.041666666666667,6.166666666666667,living room
living room__299.png,3.375,5.083333333333333,3.9565217391304346,4.304347826086956,living room
living room__3.png,3.238095238095238,4.523809523809524,4.708333333333333,4.708333333333333,living room
living room__30.png,2.391304347826087,3.739130434782609,4.625,4.333333333333333,living room
living room__31.png,2.9166666666666665,4.0,4.833333333333333,4.708333333333333,living room
living room__32.png,3.1739130434782608,5.608695652173913,5.083333333333333,4.875,living room
living room__33.png,2.391304347826087,4.217391304347826,4.375,4.583333333333333,living room
living room__34.png,3.3043478260869565,4.217391304347826,3.9583333333333335,3.7916666666666665,living room
living room__35.png,3.5,4.416666666666667,4.565217391304348,4.391304347826087,living room
living room__36.png,1.4583333333333333,4.583333333333333,6.416666666666667,6.375,living room
living room__37.png,1.9166666666666667,4.833333333333333,5.608695652173913,5.826086956521739,living room
living room__38.png,3.619047619047619,4.285714285714286,4.875,5.0,living room
living room__39.png,2.4166666666666665,3.7916666666666665,3.6666666666666665,3.625,living room
living room__4.png,3.4583333333333335,4.0,4.541666666666667,4.625,living room
living room__40.png,2.5217391304347827,5.304347826086956,5.333333333333333,5.166666666666667,living room
living room__41.png,3.0833333333333335,4.666666666666667,4.166666666666667,4.166666666666667,living room
living room__42.png,3.2916666666666665,4.958333333333333,3.75,3.5833333333333335,living room
living room__43.png,2.3333333333333335,4.208333333333333,5.695652173913044,5.869565217391305,living room
living room__44.png,2.7916666666666665,4.833333333333333,5.041666666666667,5.0,living room
living room__45.png,4.333333333333333,4.380952380952381,3.6956521739130435,3.6956521739130435,living room
living room__46.png,3.4166666666666665,4.75,5.333333333333333,5.291666666666667,living room
living room__47.png,2.8333333333333335,4.833333333333333,5.521739130434782,5.608695652173913,living room
living room__48.png,3.375,4.291666666666667,4.416666666666667,4.666666666666667,living room
living room__49.png,3.0833333333333335,4.708333333333333,4.043478260869565,4.043478260869565,living room
living room__5.png,2.260869565217391,4.913043478260869,4.875,4.75,living room
living room__50.png,1.625,4.083333333333333,5.782608695652174,5.826086956521739,living room
living room__51.png,2.625,3.8333333333333335,5.125,5.291666666666667,living room
living room__52.png,3.25,3.9166666666666665,4.166666666666667,4.333333333333333,living room
living room__53.png,2.875,4.291666666666667,4.130434782608695,4.130434782608695,living room
living room__54.png,2.7142857142857144,3.619047619047619,5.125,5.25,living room
living room__55.png,2.25,4.625,5.826086956521739,5.956521739130435,living room
living room__56.png,4.238095238095238,5.142857142857143,3.25,3.3333333333333335,living room
living room__57.png,2.7083333333333335,4.125,5.2,4.9,living room
living room__58.png,4.041666666666667,4.041666666666667,3.625,3.7083333333333335,living room
living room__59.png,3.0,5.304347826086956,4.416666666666667,4.375,living room
living room__6.png,2.9565217391304346,4.130434782608695,5.2631578947368425,5.473684210526316,living room
living room__60.png,2.125,3.8333333333333335,5.666666666666667,5.791666666666667,living room
living room__61.png,1.9583333333333333,4.25,6.458333333333333,6.541666666666667,living room
living room__62.png,2.1666666666666665,5.083333333333333,6.043478260869565,6.260869565217392,living room
living room__63.png,1.7619047619047619,4.142857142857143,5.375,5.666666666666667,living room
living room__64.png,2.0833333333333335,5.291666666666667,5.916666666666667,5.958333333333333,living room
living room__65.png,2.0,4.086956521739131,6.684210526315789,6.578947368421052,living room
living room__66.png,2.4782608695652173,5.260869565217392,5.166666666666667,5.166666666666667,living room
living room__67.png,2.25,3.8333333333333335,5.0,5.125,living room
living room__68.png,2.8333333333333335,4.791666666666667,5.478260869565218,5.695652173913044,living room
living room__69.png,1.565217391304348,4.826086956521739,5.875,5.958333333333333,living room
living room__7.png,2.625,4.125,4.291666666666667,4.333333333333333,living room
living room__70.png,2.25,4.5,5.3478260869565215,5.3478260869565215,living room
living room__71.png,3.0,4.809523809523809,5.458333333333333,5.541666666666667,living room
living room__72.png,2.0833333333333335,4.166666666666667,5.666666666666667,6.0,living room
living room__73.png,2.4782608695652173,4.217391304347826,5.541666666666667,5.25,living room
living room__74.png,3.0416666666666665,3.5833333333333335,4.75,4.5,living room
living room__75.png,3.375,3.625,4.666666666666667,4.625,living room
living room__76.png,4.285714285714286,3.761904761904762,3.5416666666666665,3.375,living room
living room__77.png,3.6666666666666665,3.75,4.291666666666667,4.416666666666667,living room
living room__78.png,3.142857142857143,4.714285714285714,4.916666666666667,4.916666666666667,living room
living room__79.png,2.8095238095238093,4.333333333333333,6.083333333333333,6.083333333333333,living room
living room__8.png,2.7083333333333335,4.0,5.052631578947368,5.157894736842105,living room
living room__80.png,4.095238095238095,3.9523809523809526,4.458333333333333,4.708333333333333,living room
living room__81.png,2.9565217391304346,3.3043478260869565,4.125,4.25,living room
living room__82.png,2.2083333333333335,4.166666666666667,4.833333333333333,4.916666666666667,living room
living room__83.png,3.75,4.125,4.041666666666667,3.7083333333333335,living room
living room__84.png,2.25,5.0,5.956521739130435,5.869565217391305,living room
living room__85.png,4.083333333333333,3.9166666666666665,3.5833333333333335,3.375,living room
living room__86.png,2.8333333333333335,4.416666666666667,5.458333333333333,5.5,living room
living room__87.png,3.75,3.9583333333333335,3.9166666666666665,3.9583333333333335,living room
living room__88.png,1.9166666666666667,4.25,5.625,5.833333333333333,living room
living room__89.png,2.5652173913043477,4.304347826086956,4.416666666666667,4.291666666666667,living room
living room__9.png,2.5416666666666665,4.333333333333333,5.782608695652174,5.608695652173913,living room
living room__90.png,2.9166666666666665,5.166666666666667,4.85,4.55,living room
living room__91.png,2.5416666666666665,3.9583333333333335,4.916666666666667,4.958333333333333,living room
living room__92.png,2.75,3.9166666666666665,4.130434782608695,3.739130434782609,living room
living room__93.png,3.2083333333333335,4.666666666666667,4.541666666666667,4.583333333333333,living room
living room__94.png,2.5,4.333333333333333,4.722222222222222,4.666666666666667,living room
living room__95.png,3.391304347826087,4.043478260869565,4.7894736842105265,4.894736842105263,living room
living room__96.png,3.4583333333333335,4.625,3.5416666666666665,3.5,living room
living room__97.png,2.9583333333333335,3.875,3.9583333333333335,3.9166666666666665,living room
living room__98.png,2.8333333333333335,4.625,4.761904761904762,4.666666666666667,living room
living room__99.png,3.625,4.041666666666667,3.9166666666666665,3.8333333333333335,living room
office__0.png,4.416666666666667,5.25,4.5,4.458333333333333,office
office__1.png,4.521739130434782,5.260869565217392,2.7916666666666665,2.9166666666666665,office
office__10.png,4.708333333333333,4.875,3.6666666666666665,3.9583333333333335,office
office__100.png,5.708333333333333,4.583333333333333,2.375,2.3333333333333335,office
office__101.png,5.833333333333333,5.166666666666667,2.0434782608695654,2.0869565217391304,office
office__102.png,5.166666666666667,4.375,3.375,3.375,office
office__103.png,4.041666666666667,5.0,3.8333333333333335,3.875,office
office__104.png,4.9523809523809526,4.380952380952381,3.0416666666666665,3.25,office
office__105.png,5.166666666666667,5.291666666666667,2.8947368421052633,2.9473684210526314,office
office__106.png,5.25,5.5,4.15,4.0,office
office__107.png,5.208333333333333,5.541666666666667,3.2083333333333335,3.25,office
office__108.png,5.083333333333333,4.5,3.782608695652174,3.608695652173913,office
office__109.png,5.5,4.916666666666667,2.8,3.0,office
office__11.png,4.541666666666667,5.541666666666667,3.8260869565217392,3.5217391304347827,office
office__110.png,4.739130434782608,5.304347826086956,2.875,2.625,office
office__111.png,4.428571428571429,5.285714285714286,4.125,4.083333333333333,office
office__112.png,5.913043478260869,5.521739130434782,2.25,2.45,office
office__113.png,6.25,6.291666666666667,1.375,1.4583333333333333,office
office__114.png,5.0,5.0,2.869565217391304,2.8260869565217392,office
office__115.png,4.666666666666667,5.208333333333333,3.7916666666666665,3.5,office
office__116.png,4.190476190476191,5.333333333333333,3.8333333333333335,3.875,office
office__117.png,3.5,5.375,4.608695652173913,4.3478260869565215,office
office__118.png,4.782608695652174,5.304347826086956,3.1666666666666665,2.8333333333333335,office
office__119.png,4.875,4.541666666666667,3.375,3.0833333333333335,office
office__12.png,4.142857142857143,4.857142857142857,4.125,4.333333333333333,office
office__120.png,5.125,5.041666666666667,3.4166666666666665,3.1666666666666665,office
office__121.png,3.9583333333333335,4.458333333333333,4.695652173913044,4.260869565217392,office
office__122.png,4.375,5.625,3.625,3.7916666666666665,office
office__123.png,5.0,4.541666666666667,3.4782608695652173,3.260869565217391,office
office__124.png,4.238095238095238,4.809523809523809,3.9583333333333335,4.125,office
office__125.png,5.0,5.291666666666667,3.375,3.6666666666666665,office
office__126.png,5.375,5.166666666666667,3.260869565217391,3.1739130434782608,office
office__127.png,5.166666666666667,5.041666666666667,3.5833333333333335,3.25,office
office__128.png,5.285714285714286,5.714285714285714,3.1666666666666665,3.3333333333333335,office
office__129.png,4.708333333333333,4.791666666666667,3.0416666666666665,3.375,office
office__13.png,5.5,5.458333333333333,3.85,3.45,office
office__130.png,3.739130434782609,5.565217391304348,3.6666666666666665,3.4166666666666665,office
office__131.png,4.833333333333333,5.625,2.9583333333333335,2.75,office
office__132.png,4.375,4.958333333333333,4.043478260869565,4.086956521739131,office
office__133.png,4.6521739130434785,4.869565217391305,3.7083333333333335,3.4166666666666665,office
office__134.png,5.25,4.791666666666667,3.5,3.625,office
office__135.png,4.217391304347826,5.478260869565218,3.1666666666666665,3.0416666666666665,office
office__136.png,4.833333333333333,5.375,4.041666666666667,4.041666666666667,office
office__137.png,4.166666666666667,5.416666666666667,4.541666666666667,4.333333333333333,office
office__138.png,4.875,5.791666666666667,4.541666666666667,4.625,office
office__139.png,5.291666666666667,5.416666666666667,3.0416666666666665,3.125,office
office__14.png,4.125,4.125,3.6666666666666665,3.875,office
office__140.png,4.25,4.875,2.869565217391304,2.869565217391304,office
office__141.png,3.7916666666666665,4.75,4.666666666666667,4.583333333333333,office
office__142.png,4.625,4.875,3.5833333333333335,3.625,office
office__143.png,5.208333333333333,4.375,3.8260869565217392,3.739130434782609,office
office__144.png,4.083333333333333,4.291666666666667,2.875,2.75,office
office__145.png,5.761904761904762,5.428571428571429,2.75,2.5,office
office__146.png,4.541666666666667,5.125,3.5217391304347827,3.5652173913043477,office
office__147.png,4.541666666666667,5.333333333333333,3.4782608695652173,3.608695652173913,office
office__148.png,5.375,5.25,3.0526315789473686,3.0526315789473686,office
office__149.png,3.8333333333333335,5.083333333333333,4.041666666666667,4.083333333333333,office
office__15.png,5.913043478260869,5.173913043478261,1.894736842105263,2.1052631578947367,office
office__150.png,3.9523809523809526,5.857142857142857,3.7916666666666665,3.9583333333333335,office
office__151.png,4.125,5.083333333333333,4.958333333333333,5.0,office
office__152.png,4.333333333333333,4.5,4.0,4.190476190476191,office
office__153.png,5.541666666666667,5.125,3.2083333333333335,3.0416666666666665,office
office__154.png,4.041666666666667,5.666666666666667,4.086956521739131,4.0,office
office__155.png,5.391304347826087,4.608695652173913,3.736842105263158,4.052631578947368,office
office__156.png,4.608695652173913,5.173913043478261,3.375,3.0833333333333335,office
office__157.png,4.739130434782608,4.739130434782608,4.684210526315789,4.894736842105263,office
office__158.png,3.5238095238095237,6.0,5.125,5.0,office
office__159.png,4.25,5.083333333333333,4.375,4.416666666666667,office
office__16.png,5.857142857142857,5.142857142857143,2.4583333333333335,2.25,office
office__160.png,4.125,5.166666666666667,3.4166666666666665,3.625,office
office__161.png,4.583333333333333,5.166666666666667,4.260869565217392,4.3478260869565215,office
office__162.png,4.541666666666667,5.041666666666667,4.208333333333333,4.208333333333333,office
office__163.png,4.095238095238095,4.9523809523809526,4.25,4.25,office
office__164.png,3.4782608695652173,5.826086956521739,4.681818181818182,4.545454545454546,office
office__165.png,4.625,5.416666666666667,3.608695652173913,3.5217391304347827,office
office__166.png,4.0476190476190474,5.190476190476191,3.7083333333333335,3.625,office
office__167.png,5.375,4.75,3.2916666666666665,3.25,office
office__168.png,4.761904761904762,5.666666666666667,3.8333333333333335,3.9166666666666665,office
office__169.png,4.416666666666667,5.333333333333333,4.916666666666667,4.75,office
office__17.png,4.190476190476191,5.523809523809524,3.6666666666666665,3.4583333333333335,office
office__170.png,4.6521739130434785,4.6521739130434785,4.684210526315789,4.526315789473684,office
office__171.png,3.217391304347826,5.956521739130435,4.958333333333333,4.958333333333333,office
office__172.png,6.260869565217392,5.695652173913044,2.4210526315789473,2.5789473684210527,office
office__173.png,3.5416666666666665,5.208333333333333,4.608695652173913,4.608695652173913,office
office__174.png,5.458333333333333,5.083333333333333,2.8333333333333335,2.875,office
office__175.png,6.0476190476190474,5.619047619047619,2.4583333333333335,2.5,office
office__176.png,4.333333333333333,5.333333333333333,3.652173913043478,3.782608695652174,office
office__177.png,4.916666666666667,5.083333333333333,3.5416666666666665,3.6666666666666665,office
office__178.png,6.190476190476191,4.619047619047619,2.125,2.3333333333333335,office
office__179.png,5.458333333333333,5.708333333333333,4.041666666666667,3.8333333333333335,office
office__18.png,4.041666666666667,5.416666666666667,5.291666666666667,5.125,office
office__180.png,5.5,5.166666666666667,3.272727272727273,3.090909090909091,office
office__181.png,4.25,5.708333333333333,4.782608695652174,4.521739130434782,office
office__182.png,5.3478260869565215,5.608695652173913,3.5416666666666665,3.2083333333333335,office
office__183.png,5.173913043478261,4.913043478260869,3.4210526315789473,3.736842105263158,office
office__184.png,5.523809523809524,4.9523809523809526,2.5833333333333335,2.3333333333333335,office
office__185.png,4.458333333333333,5.375,3.5833333333333335,3.4166666666666665,office
office__186.png,5.521739130434782,4.521739130434782,3.125,2.7916666666666665,office
office__187.png,4.523809523809524,5.904761904761905,3.608695652173913,3.6956521739130435,office
office__188.png,5.375,5.375,3.4166666666666665,3.4583333333333335,office
office__189.png,4.739130434782608,4.782608695652174,3.0416666666666665,2.9583333333333335,office
office__19.png,5.75,5.625,2.4347826086956523,2.260869565217391,office
office__190.png,5.625,5.833333333333333,3.25,3.25,office
office__191.png,6.173913043478261,5.086956521739131,2.625,2.5,office
office__192.png,5.523809523809524,4.761904761904762,2.0434782608695654,2.0,office
office__193.png,4.416666666666667,4.75,3.1666666666666665,3.1666666666666665,office
office__194.png,4.75,5.041666666666667,4.3478260869565215,4.217391304347826,office
office__195.png,5.166666666666667,5.166666666666667,2.5,2.4583333333333335,office
office__196.png,5.5,5.166666666666667,3.375,3.4583333333333335,office
office__197.png,4.791666666666667,3.7083333333333335,3.5652173913043477,3.3043478260869565,office
office__198.png,5.833333333333333,4.583333333333333,2.7916666666666665,2.8333333333333335,office
office__199.png,4.75,5.958333333333333,4.6521739130434785,5.043478260869565,office
office__2.png,3.625,4.666666666666667,4.608695652173913,4.695652173913044,office
office__20.png,3.9166666666666665,4.666666666666667,5.25,5.125,office
office__200.png,4.391304347826087,5.608695652173913,4.947368421052632,5.0,office
office__201.png,4.476190476190476,5.285714285714286,3.347826086956522,3.130434782608696,office
office__202.png,5.416666666666667,5.041666666666667,3.2916666666666665,3.375,office
office__203.png,4.904761904761905,5.095238095238095,3.625,3.8333333333333335,office
office__204.png,4.541666666666667,6.041666666666667,4.695652173913044,4.956521739130435,office
office__205.png,3.5,5.916666666666667,4.666666666666667,4.857142857142857,office
office__206.png,4.666666666666667,5.333333333333333,4.666666666666667,4.625,office
office__207.png,4.75,4.666666666666667,3.4166666666666665,3.3333333333333335,office
office__208.png,4.708333333333333,5.0,4.130434782608695,4.130434782608695,office
office__209.png,4.791666666666667,4.791666666666667,3.6956521739130435,3.652173913043478,office
office__21.png,4.041666666666667,4.833333333333333,4.391304347826087,4.130434782608695,office
office__210.png,6.0,5.142857142857143,2.5416666666666665,2.625,office
office__211.png,3.9130434782608696,5.0,4.791666666666667,4.541666666666667,office
office__212.png,4.166666666666667,4.666666666666667,3.5,3.4166666666666665,office
office__213.png,6.083333333333333,5.333333333333333,2.6666666666666665,2.625,office
office__214.png,4.25,5.083333333333333,2.6666666666666665,2.6666666666666665,office
office__215.png,6.125,4.25,2.4782608695652173,2.0869565217391304,office
office__216.png,4.958333333333333,5.541666666666667,3.7916666666666665,3.75,office
office__217.png,4.25,5.083333333333333,4.708333333333333,5.083333333333333,office
office__218.png,5.291666666666667,5.458333333333333,4.041666666666667,4.166666666666667,office
office__219.png,4.166666666666667,5.0,4.0,4.083333333333333,office
office__22.png,4.285714285714286,4.619047619047619,4.375,4.5,office
office__220.png,3.7916666666666665,4.25,3.5833333333333335,3.625,office
office__221.png,4.958333333333333,5.791666666666667,4.0,3.9130434782608696,office
office__222.png,5.333333333333333,5.791666666666667,3.2083333333333335,3.375,office
office__223.png,4.875,5.541666666666667,3.6,3.8,office
office__224.png,4.208333333333333,4.375,4.2631578947368425,4.368421052631579,office
office__225.png,4.208333333333333,4.708333333333333,3.1666666666666665,3.25,office
office__226.png,3.7916666666666665,5.041666666666667,4.608695652173913,4.521739130434782,office
office__227.png,3.391304347826087,5.0,4.375,4.0,office
office__228.png,4.541666666666667,5.25,3.9130434782608696,3.8260869565217392,office
office__229.png,4.875,5.25,3.375,3.25,office
office__23.png,5.291666666666667,5.333333333333333,3.5,3.4583333333333335,office
office__230.png,5.304347826086956,5.260869565217392,4.7894736842105265,4.526315789473684,office
office__231.png,3.6666666666666665,5.291666666666667,4.173913043478261,4.304347826086956,office
office__232.png,5.0,5.476190476190476,3.4583333333333335,3.5416666666666665,office
office__233.png,4.625,4.75,3.8333333333333335,3.7916666666666665,office
office__234.png,4.541666666666667,4.708333333333333,3.272727272727273,3.1363636363636362,office
office__235.png,4.260869565217392,5.260869565217392,2.7083333333333335,2.2916666666666665,office
office__236.png,4.416666666666667,5.75,4.708333333333333,4.583333333333333,office
office__237.png,5.0,5.166666666666667,4.25,4.083333333333333,office
office__238.png,4.666666666666667,5.208333333333333,3.9583333333333335,4.0,office
office__239.png,4.5,4.875,3.347826086956522,3.1739130434782608,office
office__24.png,4.916666666666667,4.875,2.869565217391304,2.869565217391304,office
office__240.png,3.9565217391304346,5.869565217391305,3.375,3.125,office
office__241.png,3.9166666666666665,4.791666666666667,3.1739130434782608,3.3043478260869565,office
office__242.png,5.083333333333333,5.875,4.0,3.75,office
office__243.png,4.875,5.291666666666667,4.208333333333333,4.375,office
office__244.png,5.826086956521739,5.217391304347826,2.875,2.75,office
office__245.png,3.625,5.041666666666667,4.434782608695652,4.478260869565218,office
office__246.png,5.625,4.791666666666667,2.9583333333333335,3.0,office
office__247.png,3.8333333333333335,4.333333333333333,4.0,3.9565217391304346,office
office__248.png,5.541666666666667,4.666666666666667,3.25,3.75,office
office__249.png,5.083333333333333,4.833333333333333,3.0416666666666665,3.0833333333333335,office
office__25.png,4.458333333333333,4.833333333333333,4.708333333333333,4.5,office
office__250.png,4.238095238095238,5.666666666666667,4.416666666666667,4.708333333333333,office
office__251.png,5.095238095238095,5.238095238095238,3.1666666666666665,3.2083333333333335,office
office__252.png,5.391304347826087,5.782608695652174,5.0,5.105263157894737,office
office__253.png,4.583333333333333,4.833333333333333,4.041666666666667,3.8333333333333335,office
office__254.png,5.476190476190476,5.238095238095238,2.391304347826087,2.4782608695652173,office
office__255.png,4.714285714285714,5.190476190476191,3.0,3.0833333333333335,office
office__256.png,6.083333333333333,5.25,2.3333333333333335,2.125,office
office__257.png,4.833333333333333,5.833333333333333,3.739130434782609,3.9130434782608696,office
office__258.png,4.208333333333333,5.375,3.9583333333333335,3.9166666666666665,office
office__259.png,3.5416666666666665,5.416666666666667,4.6521739130434785,4.739130434782608,office
office__26.png,4.6521739130434785,4.869565217391305,2.5,2.4166666666666665,office
office__260.png,3.5833333333333335,5.083333333333333,5.458333333333333,5.416666666666667,office
office__261.png,4.666666666666667,5.708333333333333,4.666666666666667,4.625,office
office__262.png,5.5,5.458333333333333,2.875,2.7916666666666665,office
office__263.png,4.583333333333333,5.5,4.086956521739131,3.9565217391304346,office
office__264.png,4.428571428571429,4.904761904761905,3.75,3.8333333333333335,office
office__265.png,4.708333333333333,4.875,4.0,4.125,office
office__266.png,5.095238095238095,5.190476190476191,3.4166666666666665,3.4166666666666665,office
office__267.png,5.666666666666667,5.714285714285714,3.0,3.217391304347826,office
office__268.png,4.541666666666667,5.291666666666667,4.086956521739131,4.043478260869565,office
office__269.png,5.666666666666667,5.095238095238095,2.5,2.4166666666666665,office
office__27.png,4.523809523809524,5.285714285714286,4.625,4.666666666666667,office
office__270.png,4.416666666666667,5.791666666666667,3.739130434782609,3.8260869565217392,office
office__271.png,4.666666666666667,5.166666666666667,4.208333333333333,4.208333333333333,office
office__272.png,5.25,5.0,3.0869565217391304,3.260869565217391,office
office__273.png,3.608695652173913,5.608695652173913,3.875,3.3333333333333335,office
office__274.png,4.583333333333333,4.833333333333333,4.666666666666667,4.583333333333333,office
office__275.png,5.333333333333333,5.625,3.391304347826087,3.4347826086956523,office
office__276.png,4.0,4.958333333333333,4.0,4.173913043478261,office
office__277.png,4.875,5.25,3.7083333333333335,3.4583333333333335,office
office__278.png,4.708333333333333,5.166666666666667,3.608695652173913,3.391304347826087,office
office__279.png,5.208333333333333,5.625,4.041666666666667,3.875,office
office__28.png,6.083333333333333,4.791666666666667,3.130434782608696,2.6956521739130435,office
office__280.png,5.125,5.208333333333333,3.3333333333333335,3.4444444444444446,office
office__281.png,4.541666666666667,5.5,3.608695652173913,3.6956521739130435,office
office__282.png,5.291666666666667,5.0,3.4782608695652173,3.391304347826087,office
office__283.png,3.8095238095238093,5.666666666666667,5.125,4.833333333333333,office
office__284.png,6.291666666666667,5.0,2.9583333333333335,3.0,office
office__285.png,5.375,5.083333333333333,3.3157894736842106,2.789473684210526,office
office__286.png,5.875,5.708333333333333,2.625,2.9166666666666665,office
office__287.png,4.708333333333333,5.416666666666667,3.9,3.9,office
office__288.png,4.458333333333333,4.708333333333333,4.041666666666667,3.9166666666666665,office
office__289.png,5.0,4.571428571428571,3.5416666666666665,3.25,office
office__29.png,4.913043478260869,5.391304347826087,3.4166666666666665,3.375,office
office__290.png,5.125,4.708333333333333,3.75,3.75,office
office__291.png,4.809523809523809,5.619047619047619,4.0,4.208333333333333,office
office__292.png,3.5217391304347827,5.782608695652174,3.9130434782608696,3.739130434782609,office
office__293.png,6.25,5.666666666666667,1.625,1.625,office
office__294.png,4.625,5.916666666666667,4.173913043478261,4.391304347826087,office
office__295.png,3.9130434782608696,5.6521739130434785,3.25,2.9166666666666665,office
office__296.png,5.0,5.083333333333333,4.125,4.166666666666667,office
office__297.png,5.208333333333333,4.833333333333333,3.0,3.130434782608696,office
office__298.png,4.75,4.791666666666667,4.304347826086956,4.304347826086956,office
office__299.png,3.875,4.958333333333333,4.304347826086956,3.9565217391304346,office
office__3.png,5.3478260869565215,4.3478260869565215,3.4210526315789473,3.3684210526315788,office
office__30.png,4.791666666666667,4.958333333333333,2.8333333333333335,2.7916666666666665,office
office__31.png,3.1739130434782608,5.913043478260869,5.583333333333333,5.333333333333333,office
office__32.png,4.375,5.833333333333333,4.0,3.869565217391304,office
office__33.png,5.791666666666667,5.291666666666667,2.85,2.75,office
office__34.png,4.958333333333333,5.291666666666667,3.9166666666666665,3.8333333333333335,office
office__35.png,5.304347826086956,5.3478260869565215,2.7916666666666665,2.5833333333333335,office
office__36.png,3.5714285714285716,5.380952380952381,4.083333333333333,4.041666666666667,office
office__37.png,5.416666666666667,5.833333333333333,2.7916666666666665,2.7083333333333335,office
office__38.png,4.25,5.458333333333333,4.304347826086956,4.260869565217392,office
office__39.png,4.833333333333333,5.208333333333333,4.083333333333333,4.25,office
office__4.png,4.541666666666667,4.333333333333333,3.6666666666666665,3.875,office
office__40.png,5.086956521739131,5.3478260869565215,2.6956521739130435,2.391304347826087,office
office__41.png,5.041666666666667,5.166666666666667,4.125,4.083333333333333,office
office__42.png,5.666666666666667,4.5,3.347826086956522,3.0,office
office__43.png,4.541666666666667,4.708333333333333,4.041666666666667,3.9166666666666665,office
office__44.png,5.083333333333333,5.041666666666667,3.4583333333333335,3.375,office
office__45.png,4.25,4.958333333333333,3.1739130434782608,3.260869565217391,office
office__46.png,5.041666666666667,5.291666666666667,3.25,2.9583333333333335,office
office__47.png,5.428571428571429,4.714285714285714,2.5217391304347827,2.652173913043478,office
office__48.png,5.083333333333333,5.458333333333333,3.625,3.6666666666666665,office
office__49.png,4.166666666666667,5.75,3.1666666666666665,3.2916666666666665,office
office__5.png,3.4583333333333335,5.041666666666667,5.130434782608695,4.913043478260869,office
office__50.png,5.285714285714286,5.285714285714286,3.4583333333333335,3.375,office
office__51.png,3.9166666666666665,5.291666666666667,3.652173913043478,3.782608695652174,office
office__52.png,4.416666666666667,5.208333333333333,3.6956521739130435,3.4782608695652173,office
office__53.png,4.173913043478261,5.217391304347826,4.083333333333333,3.875,office
office__54.png,5.25,5.5,2.4166666666666665,2.2916666666666665,office
office__55.png,6.0,5.0,3.0,3.5,office
office__56.png,4.695652173913044,4.956521739130435,3.0833333333333335,2.625,office
office__57.png,5.0,4.9523809523809526,4.541666666666667,4.375,office
office__58.png,5.416666666666667,4.75,3.217391304347826,3.1739130434782608,office
office__59.png,3.875,4.958333333333333,3.7083333333333335,3.6666666666666665,office
office__6.png,4.791666666666667,4.958333333333333,3.625,3.75,office
office__60.png,5.208333333333333,5.041666666666667,3.75,3.625,office
office__61.png,4.857142857142857,5.095238095238095,3.1666666666666665,3.2083333333333335,office
office__62.png,4.809523809523809,5.095238095238095,3.125,2.9166666666666665,office
office__63.png,4.916666666666667,4.708333333333333,3.625,3.875,office
office__64.png,4.958333333333333,5.25,3.260869565217391,3.3043478260869565,office
office__65.png,4.458333333333333,5.208333333333333,4.0,3.7916666666666665,office
office__66.png,3.0476190476190474,4.809523809523809,4.958333333333333,4.958333333333333,office
office__67.png,5.083333333333333,5.25,4.333333333333333,4.125,office
office__68.png,3.739130434782609,5.565217391304348,3.4166666666666665,3.4166666666666665,office
office__69.png,4.708333333333333,4.833333333333333,3.272727272727273,2.909090909090909,office
office__7.png,5.458333333333333,5.0,2.6666666666666665,2.5,office
office__70.png,3.6666666666666665,4.125,2.75,2.8333333333333335,office
office__71.png,4.523809523809524,5.190476190476191,4.0,3.9166666666666665,office
office__72.png,4.833333333333333,4.666666666666667,2.9473684210526314,3.210526315789474,office
office__73.png,5.095238095238095,5.571428571428571,3.4583333333333335,3.625,office
office__74.png,5.521739130434782,4.565217391304348,2.875,2.5833333333333335,office
office__75.png,4.666666666666667,4.875,4.0,3.608695652173913,office
office__76.png,5.5,5.166666666666667,3.4166666666666665,3.1666666666666665,office
office__77.png,5.75,5.375,2.8260869565217392,2.782608695652174,office
office__78.png,3.4782608695652173,5.521739130434782,4.041666666666667,3.9166666666666665,office
office__79.png,4.041666666666667,5.208333333333333,3.6956521739130435,3.347826086956522,office
office__8.png,2.6956521739130435,6.0,5.666666666666667,5.708333333333333,office
office__80.png,5.25,4.916666666666667,3.5,3.2083333333333335,office
office__81.png,5.333333333333333,5.166666666666667,3.7,3.65,office
office__82.png,4.25,4.625,4.291666666666667,4.458333333333333,office
office__83.png,3.7083333333333335,5.083333333333333,5.291666666666667,5.125,office
office__84.png,4.083333333333333,5.208333333333333,3.227272727272727,2.8636363636363638,office
office__85.png,3.608695652173913,6.086956521739131,3.2916666666666665,2.9583333333333335,office
office__86.png,6.416666666666667,5.166666666666667,1.6666666666666667,1.6666666666666667,office
office__87.png,5.714285714285714,5.142857142857143,2.5833333333333335,2.6666666666666665,office
office__88.png,5.625,5.208333333333333,2.3043478260869565,2.0869565217391304,office
office__89.png,4.583333333333333,3.8333333333333335,3.75,3.7916666666666665,office
office__9.png,4.304347826086956,5.782608695652174,3.6666666666666665,3.2916666666666665,office
office__90.png,4.833333333333333,5.125,2.652173913043478,2.4347826086956523,office
office__91.png,4.833333333333333,4.875,4.125,4.041666666666667,office
office__92.png,5.583333333333333,4.791666666666667,2.2916666666666665,2.5416666666666665,office
office__93.png,4.619047619047619,5.285714285714286,4.25,4.25,office
office__94.png,6.041666666666667,5.25,2.4347826086956523,2.0869565217391304,office
office__95.png,5.375,4.916666666666667,3.6956521739130435,3.5217391304347827,office
office__96.png,4.0476190476190474,5.380952380952381,3.875,4.208333333333333,office
office__97.png,5.695652173913044,4.826086956521739,3.8947368421052633,3.8947368421052633,office
office__98.png,4.708333333333333,5.5,4.125,4.208333333333333,office
office__99.png,5.0,5.75,3.3333333333333335,3.2083333333333335,office
restaurant__0.png,4.0,4.761904761904762,4.333333333333333,4.208333333333333,restaurant
restaurant__1.png,3.0833333333333335,5.833333333333333,5.608695652173913,5.826086956521739,restaurant
restaurant__10.png,3.761904761904762,4.190476190476191,4.291666666666667,4.083333333333333,restaurant
restaurant__100.png,3.375,5.25,4.916666666666667,5.125,restaurant
restaurant__101.png,2.25,5.541666666666667,5.434782608695652,5.3478260869565215,restaurant
restaurant__102.png,3.260869565217391,5.826086956521739,4.695652173913044,4.521739130434782,restaurant
restaurant__103.png,2.4583333333333335,5.583333333333333,5.565217391304348,5.6521739130434785,restaurant
restaurant__104.png,3.2083333333333335,5.375,5.166666666666667,5.041666666666667,restaurant
restaurant__105.png,3.0,5.708333333333333,5.6521739130434785,5.434782608695652,restaurant
restaurant__106.png,3.8333333333333335,4.875,4.043478260869565,4.0,restaurant
restaurant__107.png,3.0,5.565217391304348,5.708333333333333,5.75,restaurant
restaurant__108.png,2.4166666666666665,5.208333333333333,5.958333333333333,5.958333333333333,restaurant
restaurant__109.png,2.5416666666666665,5.125,5.695652173913044,5.826086956521739,restaurant
restaurant__11.png,2.4166666666666665,5.541666666666667,5.833333333333333,6.0,restaurant
restaurant__110.png,2.9583333333333335,5.666666666666667,5.217391304347826,5.217391304347826,restaurant
restaurant__111.png,2.625,4.833333333333333,5.416666666666667,5.166666666666667,restaurant
restaurant__112.png,2.875,5.875,5.5,5.833333333333333,restaurant
restaurant__113.png,3.7142857142857144,5.9523809523809526,4.826086956521739,4.826086956521739,restaurant
restaurant__114.png,2.2916666666666665,5.5,5.5,5.7272727272727275,restaurant
restaurant__115.png,2.7083333333333335,5.416666666666667,5.166666666666667,5.125,restaurant
restaurant__116.png,3.6666666666666665,5.380952380952381,4.625,4.458333333333333,restaurant
restaurant__117.png,3.8333333333333335,5.375,4.875,5.0,restaurant
restaurant__118.png,2.2083333333333335,5.125,5.083333333333333,5.208333333333333,restaurant
restaurant__119.png,2.9523809523809526,4.761904761904762,5.625,5.541666666666667,restaurant
restaurant__12.png,2.7083333333333335,4.625,5.333333333333333,5.444444444444445,restaurant
restaurant__120.png,3.0833333333333335,5.291666666666667,5.375,5.166666666666667,restaurant
restaurant__121.png,2.25,3.75,5.291666666666667,5.125,restaurant
restaurant__122.png,3.25,4.416666666666667,4.956521739130435,5.043478260869565,restaurant
restaurant__123.png,3.4166666666666665,5.458333333333333,4.35,4.3,restaurant
restaurant__124.png,3.2857142857142856,4.714285714285714,4.75,5.0,restaurant
restaurant__125.png,3.125,5.0,4.956521739130435,5.434782608695652,restaurant
restaurant__126.png,2.4166666666666665,5.75,5.695652173913044,5.913043478260869,restaurant
restaurant__127.png,3.5,5.458333333333333,5.782608695652174,5.913043478260869,restaurant
restaurant__128.png,2.6666666666666665,5.619047619047619,5.5,5.625,restaurant
restaurant__129.png,3.4166666666666665,5.25,4.541666666666667,4.666666666666667,restaurant
restaurant__13.png,3.6666666666666665,5.083333333333333,5.291666666666667,5.208333333333333,restaurant
restaurant__130.png,5.166666666666667,5.375,4.083333333333333,4.083333333333333,restaurant
restaurant__131.png,4.083333333333333,5.791666666666667,4.333333333333333,4.458333333333333,restaurant
restaurant__132.png,3.75,5.291666666666667,4.375,4.75,restaurant
restaurant__133.png,2.6666666666666665,5.625,6.125,6.166666666666667,restaurant
restaurant__134.png,2.9166666666666665,4.875,5.208333333333333,5.166666666666667,restaurant
restaurant__135.png,2.7916666666666665,5.666666666666667,5.708333333333333,5.791666666666667,restaurant
restaurant__136.png,2.625,5.5,5.333333333333333,5.333333333333333,restaurant
restaurant__137.png,3.2083333333333335,5.583333333333333,4.695652173913044,4.739130434782608,restaurant
restaurant__138.png,3.375,5.333333333333333,5.333333333333333,5.380952380952381,restaurant
restaurant__139.png,2.6666666666666665,5.75,5.826086956521739,5.826086956521739,restaurant
restaurant__14.png,4.291666666666667,4.833333333333333,3.375,3.25,restaurant
restaurant__140.png,4.208333333333333,5.416666666666667,3.5833333333333335,3.75,restaurant
restaurant__141.png,4.208333333333333,4.333333333333333,4.043478260869565,3.869565217391304,restaurant
restaurant__142.png,3.3333333333333335,4.333333333333333,5.0,5.0,restaurant
restaurant__143.png,3.75,5.291666666666667,4.458333333333333,4.583333333333333,restaurant
restaurant__144.png,3.0,5.666666666666667,5.208333333333333,5.083333333333333,restaurant
restaurant__145.png,2.875,5.208333333333333,5.304347826086956,5.0,restaurant
restaurant__146.png,2.625,5.541666666666667,4.666666666666667,4.833333333333333,restaurant
restaurant__147.png,4.041666666666667,4.958333333333333,3.4782608695652173,3.4782608695652173,restaurant
restaurant__148.png,3.4285714285714284,5.428571428571429,5.25,5.416666666666667,restaurant
restaurant__149.png,2.238095238095238,4.0,6.333333333333333,6.25,restaurant
restaurant__15.png,3.3333333333333335,5.333333333333333,5.391304347826087,5.608695652173913,restaurant
restaurant__150.png,3.375,5.5,5.541666666666667,5.5,restaurant
restaurant__151.png,3.625,3.9583333333333335,4.5,4.5,restaurant
restaurant__152.png,2.4166666666666665,5.291666666666667,5.130434782608695,5.086956521739131,restaurant
restaurant__153.png,3.4166666666666665,5.5,4.541666666666667,4.75,restaurant
restaurant__154.png,2.9130434782608696,5.695652173913044,5.208333333333333,5.125,restaurant
restaurant__155.png,2.9523809523809526,5.190476190476191,6.041666666666667,6.125,restaurant
restaurant__156.png,4.043478260869565,4.869565217391305,4.625,4.375,restaurant
restaurant__157.png,2.857142857142857,5.0476190476190474,4.791666666666667,4.916666666666667,restaurant
restaurant__158.png,3.2857142857142856,5.714285714285714,5.5,6.0,restaurant
restaurant__159.png,3.125,5.208333333333333,5.583333333333333,5.666666666666667,restaurant
restaurant__16.png,3.6666666666666665,5.708333333333333,4.416666666666667,4.375,restaurant
restaurant__160.png,3.7083333333333335,5.291666666666667,4.75,4.75,restaurant
restaurant__161.png,1.875,4.708333333333333,6.208333333333333,6.208333333333333,restaurant
restaurant__162.png,3.1666666666666665,5.125,5.583333333333333,5.583333333333333,restaurant
restaurant__163.png,3.5833333333333335,4.5,5.4,5.45,restaurant
restaurant__164.png,4.761904761904762,6.095238095238095,4.208333333333333,4.208333333333333,restaurant
restaurant__165.png,3.9565217391304346,5.565217391304348,3.7916666666666665,3.4583333333333335,restaurant
restaurant__166.png,2.625,5.791666666666667,5.565217391304348,5.608695652173913,restaurant
restaurant__167.png,3.75,5.25,5.0,4.6521739130434785,restaurant
restaurant__168.png,2.6666666666666665,4.619047619047619,5.958333333333333,5.708333333333333,restaurant
restaurant__169.png,3.9583333333333335,5.833333333333333,6.043478260869565,5.826086956521739,restaurant
restaurant__17.png,3.0476190476190474,5.0,6.083333333333333,6.041666666666667,restaurant
restaurant__170.png,2.625,5.541666666666667,5.125,5.166666666666667,restaurant
restaurant__171.png,3.2083333333333335,5.25,5.391304347826087,5.260869565217392,restaurant
restaurant__172.png,3.0416666666666665,5.083333333333333,5.166666666666667,5.208333333333333,restaurant
restaurant__173.png,2.6666666666666665,5.416666666666667,5.583333333333333,5.416666666666667,restaurant
restaurant__174.png,4.208333333333333,4.5,4.3,4.3,restaurant
restaurant__175.png,2.9583333333333335,5.708333333333333,5.217391304347826,5.260869565217392,restaurant
restaurant__176.png,3.4166666666666665,4.208333333333333,4.521739130434782,4.434782608695652,restaurant
restaurant__177.png,3.3333333333333335,5.285714285714286,5.416666666666667,5.5,restaurant
restaurant__178.png,2.739130434782609,5.913043478260869,5.666666666666667,5.75,restaurant
restaurant__179.png,3.7142857142857144,5.523809523809524,5.0,4.875,restaurant
restaurant__18.png,2.782608695652174,5.565217391304348,5.7368421052631575,5.842105263157895,restaurant
restaurant__180.png,2.9166666666666665,5.333333333333333,5.208333333333333,5.125,restaurant
restaurant__181.png,3.857142857142857,4.476190476190476,4.458333333333333,4.541666666666667,restaurant
restaurant__182.png,2.7916666666666665,5.5,5.478260869565218,5.869565217391305,restaurant
restaurant__183.png,3.2083333333333335,5.25,4.904761904761905,4.904761904761905,restaurant
restaurant__184.png,2.9583333333333335,5.208333333333333,4.608695652173913,4.6521739130434785,restaurant
restaurant__185.png,3.5238095238095237,5.333333333333333,5.5,5.333333333333333,restaurant
restaurant__186.png,2.5833333333333335,5.583333333333333,5.541666666666667,5.583333333333333,restaurant
restaurant__187.png,3.130434782608696,5.086956521739131,5.2105263157894735,5.526315789473684,restaurant
restaurant__188.png,3.4166666666666665,5.333333333333333,4.521739130434782,4.782608695652174,restaurant
restaurant__189.png,2.9583333333333335,5.833333333333333,4.625,4.625,restaurant
restaurant__19.png,3.0416666666666665,5.333333333333333,5.130434782608695,4.956521739130435,restaurant
restaurant__190.png,2.9166666666666665,5.041666666666667,4.416666666666667,4.333333333333333,restaurant
restaurant__191.png,3.875,5.208333333333333,5.130434782608695,5.0,restaurant
restaurant__192.png,2.75,4.916666666666667,4.916666666666667,5.125,restaurant
restaurant__193.png,4.0476190476190474,5.190476190476191,4.791666666666667,4.583333333333333,restaurant
restaurant__194.png,3.7916666666666665,4.833333333333333,3.9565217391304346,4.043478260869565,restaurant
restaurant__195.png,3.8333333333333335,5.208333333333333,4.304347826086956,4.304347826086956,restaurant
restaurant__196.png,3.5416666666666665,5.333333333333333,3.5217391304347827,3.4782608695652173,restaurant
restaurant__197.png,2.857142857142857,4.523809523809524,5.083333333333333,5.0,restaurant
restaurant__198.png,3.8333333333333335,5.0,4.434782608695652,4.217391304347826,restaurant
restaurant__199.png,2.9583333333333335,5.333333333333333,4.45,4.55,restaurant
restaurant__2.png,3.7142857142857144,4.666666666666667,4.625,4.625,restaurant
restaurant__20.png,3.7916666666666665,5.458333333333333,5.041666666666667,5.083333333333333,restaurant
restaurant__200.png,2.347826086956522,5.608695652173913,5.041666666666667,5.125,restaurant
restaurant__201.png,1.9565217391304348,6.217391304347826,5.0,5.041666666666667,restaurant
restaurant__202.png,2.9130434782608696,5.608695652173913,4.083333333333333,3.9583333333333335,restaurant
restaurant__203.png,3.2083333333333335,5.625,5.5,5.416666666666667,restaurant
restaurant__204.png,4.086956521739131,5.086956521739131,4.875,4.625,restaurant
restaurant__205.png,4.166666666666667,5.208333333333333,3.6666666666666665,3.5833333333333335,restaurant
restaurant__206.png,2.9166666666666665,5.625,5.869565217391305,5.739130434782608,restaurant
restaurant__207.png,4.260869565217392,5.304347826086956,3.3684210526315788,3.473684210526316,restaurant
restaurant__208.png,3.125,4.333333333333333,4.625,4.708333333333333,restaurant
restaurant__209.png,3.7916666666666665,5.375,5.0,4.833333333333333,restaurant
restaurant__21.png,2.7083333333333335,5.708333333333333,5.608695652173913,5.695652173913044,restaurant
restaurant__210.png,3.0416666666666665,5.5,5.130434782608695,5.260869565217392,restaurant
restaurant__211.png,3.5416666666666665,5.458333333333333,4.083333333333333,4.125,restaurant
restaurant__212.png,2.7916666666666665,5.583333333333333,5.25,5.041666666666667,restaurant
restaurant__213.png,3.9047619047619047,5.380952380952381,4.913043478260869,5.086956521739131,restaurant
restaurant__214.png,2.6666666666666665,5.958333333333333,5.565217391304348,5.608695652173913,restaurant
restaurant__215.png,3.6956521739130435,5.521739130434782,3.5833333333333335,3.4583333333333335,restaurant
restaurant__216.png,3.4166666666666665,4.791666666666667,5.260869565217392,5.217391304347826,restaurant
restaurant__217.png,2.875,5.125,5.166666666666667,5.25,restaurant
restaurant__218.png,3.625,5.25,4.708333333333333,4.666666666666667,restaurant
restaurant__219.png,3.75,4.958333333333333,4.041666666666667,3.9583333333333335,restaurant
restaurant__22.png,3.1666666666666665,5.583333333333333,4.434782608695652,4.521739130434782,restaurant
restaurant__220.png,3.4583333333333335,5.541666666666667,4.434782608695652,4.521739130434782,restaurant
restaurant__221.png,3.5,6.0,5.333333333333333,5.458333333333333,restaurant
restaurant__222.png,3.25,5.583333333333333,5.041666666666667,4.833333333333333,restaurant
restaurant__223.png,3.1904761904761907,5.380952380952381,4.916666666666667,4.75,restaurant
restaurant__224.png,3.2083333333333335,5.833333333333333,5.833333333333333,5.958333333333333,restaurant
restaurant__225.png,3.4347826086956523,6.043478260869565,4.75,4.791666666666667,restaurant
restaurant__226.png,2.347826086956522,5.695652173913044,5.041666666666667,4.875,restaurant
restaurant__227.png,3.130434782608696,5.565217391304348,5.666666666666667,5.833333333333333,restaurant
restaurant__228.png,3.4583333333333335,5.25,4.956521739130435,4.739130434782608,restaurant
restaurant__229.png,4.083333333333333,5.625,4.791666666666667,4.625,restaurant
restaurant__23.png,3.25,4.416666666666667,4.416666666666667,4.625,restaurant
restaurant__230.png,2.6666666666666665,5.416666666666667,5.166666666666667,5.25,restaurant
restaurant__231.png,3.5714285714285716,4.666666666666667,4.541666666666667,4.541666666666667,restaurant
restaurant__232.png,2.875,5.375,5.083333333333333,5.166666666666667,restaurant
restaurant__233.png,4.608695652173913,4.608695652173913,4.421052631578948,4.526315789473684,restaurant
restaurant__234.png,3.8095238095238093,4.9523809523809526,4.375,4.0,restaurant
restaurant__235.png,2.7083333333333335,5.583333333333333,5.125,5.625,restaurant
restaurant__236.png,4.208333333333333,5.875,3.4166666666666665,3.625,restaurant
restaurant__237.png,2.0434782608695654,5.913043478260869,5.083333333333333,5.291666666666667,restaurant
restaurant__238.png,2.7916666666666665,5.333333333333333,5.25,5.375,restaurant
restaurant__239.png,2.7916666666666665,5.5,5.125,5.291666666666667,restaurant
restaurant__24.png,4.428571428571429,5.0,4.173913043478261,4.173913043478261,restaurant
restaurant__240.png,2.608695652173913,5.086956521739131,5.833333333333333,5.833333333333333,restaurant
restaurant__241.png,3.0833333333333335,5.208333333333333,4.041666666666667,4.083333333333333,restaurant
restaurant__242.png,3.9583333333333335,5.416666666666667,4.85,4.75,restaurant
restaurant__243.png,4.291666666666667,4.916666666666667,3.8421052631578947,3.6315789473684212,restaurant
restaurant__244.png,3.6666666666666665,5.0,3.5217391304347827,3.4782608695652173,restaurant
restaurant__245.png,3.0833333333333335,5.416666666666667,5.260869565217392,5.3478260869565215,restaurant
restaurant__246.png,3.25,5.083333333333333,5.130434782608695,4.913043478260869,restaurant
restaurant__247.png,3.0416666666666665,5.708333333333333,4.25,4.291666666666667,restaurant
restaurant__248.png,2.875,5.75,5.913043478260869,6.043478260869565,restaurant
restaurant__249.png,3.857142857142857,5.428571428571429,4.434782608695652,4.521739130434782,restaurant
restaurant__25.png,3.0,5.166666666666667,4.521739130434782,4.565217391304348,restaurant
restaurant__250.png,3.130434782608696,5.739130434782608,4.956521739130435,4.913043478260869,restaurant
restaurant__251.png,3.2083333333333335,5.083333333333333,4.708333333333333,4.75,restaurant
restaurant__252.png,3.5,4.541666666666667,5.434782608695652,5.3478260869565215,restaurant
restaurant__253.png,4.0476190476190474,5.619047619047619,3.8333333333333335,3.875,restaurant
restaurant__254.png,3.75,6.041666666666667,5.416666666666667,5.291666666666667,restaurant
restaurant__255.png,3.625,5.125,4.75,4.75,restaurant
restaurant__256.png,3.1666666666666665,5.416666666666667,5.583333333333333,5.583333333333333,restaurant
restaurant__257.png,3.0,4.083333333333333,3.9565217391304346,3.608695652173913,restaurant
restaurant__258.png,3.25,5.25,4.833333333333333,5.0,restaurant
restaurant__259.png,3.1666666666666665,5.291666666666667,4.826086956521739,4.739130434782608,restaurant
restaurant__26.png,3.7142857142857144,5.904761904761905,4.565217391304348,4.782608695652174,restaurant
restaurant__260.png,3.3333333333333335,5.375,5.708333333333333,5.625,restaurant
restaurant__261.png,2.75,5.041666666666667,4.666666666666667,4.708333333333333,restaurant
restaurant__262.png,3.375,4.583333333333333,4.833333333333333,4.875,restaurant
restaurant__263.png,3.3333333333333335,5.095238095238095,5.208333333333333,5.333333333333333,restaurant
restaurant__264.png,3.619047619047619,5.142857142857143,5.0,4.875,restaurant
restaurant__265.png,3.5416666666666665,5.416666666666667,4.5,4.6,restaurant
restaurant__266.png,4.043478260869565,5.739130434782608,3.3333333333333335,2.9166666666666665,restaurant
restaurant__267.png,3.75,4.958333333333333,4.291666666666667,4.333333333333333,restaurant
restaurant__268.png,3.625,4.583333333333333,4.75,4.875,restaurant
restaurant__269.png,4.238095238095238,5.190476190476191,4.041666666666667,4.0,restaurant
restaurant__27.png,4.3478260869565215,5.173913043478261,5.2105263157894735,5.421052631578948,restaurant
restaurant__270.png,4.173913043478261,5.043478260869565,5.052631578947368,5.052631578947368,restaurant
restaurant__271.png,2.5652173913043477,5.391304347826087,4.5,4.583333333333333,restaurant
restaurant__272.png,3.2083333333333335,5.125,4.666666666666667,4.5,restaurant
restaurant__273.png,2.652173913043478,5.826086956521739,5.833333333333333,6.0,restaurant
restaurant__274.png,3.375,5.458333333333333,3.9583333333333335,4.166666666666667,restaurant
restaurant__275.png,3.125,5.375,5.0,5.208333333333333,restaurant
restaurant__276.png,4.291666666666667,5.291666666666667,3.7083333333333335,3.875,restaurant
restaurant__277.png,2.8260869565217392,5.869565217391305,5.875,5.833333333333333,restaurant
restaurant__278.png,3.1904761904761907,5.761904761904762,5.875,6.0,restaurant
restaurant__279.png,3.7083333333333335,4.625,4.625,4.833333333333333,restaurant
restaurant__28.png,3.5217391304347827,5.565217391304348,4.565217391304348,4.434782608695652,restaurant
restaurant__280.png,3.3333333333333335,5.0,4.75,4.958333333333333,restaurant
restaurant__281.png,2.869565217391304,5.608695652173913,4.954545454545454,4.7727272727272725,restaurant
restaurant__282.png,3.0,4.956521739130435,5.473684210526316,5.684210526315789,restaurant
restaurant__283.png,3.238095238095238,5.142857142857143,5.291666666666667,5.208333333333333,restaurant
restaurant__284.png,2.875,6.0,5.434782608695652,5.3478260869565215,restaurant
restaurant__285.png,3.5,5.541666666666667,4.5,4.375,restaurant
restaurant__286.png,3.375,4.791666666666667,5.173913043478261,4.869565217391305,restaurant
restaurant__287.png,3.0833333333333335,5.75,5.125,5.166666666666667,restaurant
restaurant__288.png,4.086956521739131,5.130434782608695,3.9166666666666665,3.7083333333333335,restaurant
restaurant__289.png,2.9583333333333335,5.916666666666667,5.416666666666667,5.125,restaurant
restaurant__29.png,3.5416666666666665,5.375,4.708333333333333,4.708333333333333,restaurant
restaurant__290.png,3.260869565217391,4.478260869565218,5.125,5.041666666666667,restaurant
restaurant__291.png,3.1739130434782608,5.869565217391305,5.0,4.833333333333333,restaurant
restaurant__292.png,3.9047619047619047,4.571428571428571,3.875,3.8333333333333335,restaurant
restaurant__293.png,2.4347826086956523,6.130434782608695,5.625,5.75,restaurant
restaurant__294.png,3.0434782608695654,4.6521739130434785,5.65,5.55,restaurant
restaurant__295.png,3.6956521739130435,5.739130434782608,5.0,5.052631578947368,restaurant
restaurant__296.png,3.9523809523809526,5.238095238095238,3.5217391304347827,3.652173913043478,restaurant
restaurant__297.png,2.875,4.958333333333333,5.166666666666667,5.166666666666667,restaurant
restaurant__298.png,3.5652173913043477,5.130434782608695,4.958333333333333,4.5,restaurant
restaurant__299.png,4.904761904761905,5.190476190476191,4.25,4.208333333333333,restaurant
restaurant__3.png,2.652173913043478,6.086956521739131,5.375,5.166666666666667,restaurant
restaurant__30.png,3.619047619047619,4.571428571428571,4.625,4.708333333333333,restaurant
restaurant__31.png,3.391304347826087,5.086956521739131,4.166666666666667,3.9583333333333335,restaurant
restaurant__32.png,2.7083333333333335,5.916666666666667,6.25,6.416666666666667,restaurant
restaurant__33.png,2.9583333333333335,5.5,5.291666666666667,5.375,restaurant
restaurant__34.png,3.4166666666666665,5.375,5.043478260869565,5.173913043478261,restaurant
restaurant__35.png,3.3333333333333335,5.291666666666667,4.7894736842105265,4.7894736842105265,restaurant
restaurant__36.png,2.5,5.625,5.166666666666667,5.333333333333333,restaurant
restaurant__37.png,3.4347826086956523,5.391304347826087,5.631578947368421,5.684210526315789,restaurant
restaurant__38.png,3.5416666666666665,4.625,4.708333333333333,4.666666666666667,restaurant
restaurant__39.png,3.5,5.791666666666667,5.083333333333333,5.125,restaurant
restaurant__4.png,3.0416666666666665,5.041666666666667,4.5,4.5,restaurant
restaurant__40.png,3.2857142857142856,5.428571428571429,5.0,4.833333333333333,restaurant
restaurant__41.png,2.8333333333333335,5.791666666666667,3.7083333333333335,3.875,restaurant
restaurant__42.png,3.9583333333333335,4.958333333333333,4.695652173913044,4.739130434782608,restaurant
restaurant__43.png,3.4166666666666665,6.208333333333333,5.666666666666667,5.666666666666667,restaurant
restaurant__44.png,3.4347826086956523,5.130434782608695,5.083333333333333,4.916666666666667,restaurant
restaurant__45.png,2.608695652173913,5.869565217391305,5.541666666666667,5.5,restaurant
restaurant__46.png,3.619047619047619,4.761904761904762,4.958333333333333,5.125,restaurant
restaurant__47.png,2.5,5.333333333333333,5.375,5.333333333333333,restaurant
restaurant__48.png,3.3333333333333335,5.523809523809524,4.916666666666667,4.791666666666667,restaurant
restaurant__49.png,3.9166666666666665,5.375,4.947368421052632,5.052631578947368,restaurant
restaurant__5.png,3.125,5.708333333333333,5.208333333333333,5.333333333333333,restaurant
restaurant__50.png,2.739130434782609,4.6521739130434785,4.3478260869565215,4.130434782608695,restaurant
restaurant__51.png,3.2916666666666665,5.333333333333333,4.3478260869565215,4.217391304347826,restaurant
restaurant__52.png,3.625,4.458333333333333,3.5217391304347827,3.5217391304347827,restaurant
restaurant__53.png,3.4583333333333335,5.5,5.083333333333333,5.0,restaurant
restaurant__54.png,3.3333333333333335,5.25,4.052631578947368,4.105263157894737,restaurant
restaurant__55.png,3.0416666666666665,5.583333333333333,4.708333333333333,4.708333333333333,restaurant
restaurant__56.png,3.375,4.75,4.7272727272727275,4.681818181818182,restaurant
restaurant__57.png,3.5217391304347827,5.913043478260869,5.578947368421052,5.578947368421052,restaurant
restaurant__58.png,3.0416666666666665,5.625,5.521739130434782,5.434782608695652,restaurant
restaurant__59.png,3.1666666666666665,5.333333333333333,4.565217391304348,4.6521739130434785,restaurant
restaurant__6.png,2.7916666666666665,5.375,5.375,5.291666666666667,restaurant
restaurant__60.png,2.875,5.25,4.434782608695652,4.304347826086956,restaurant
restaurant__61.png,3.6666666666666665,4.791666666666667,4.458333333333333,4.5,restaurant
restaurant__62.png,3.130434782608696,5.521739130434782,4.833333333333333,4.458333333333333,restaurant
restaurant__63.png,3.9583333333333335,4.5,3.8181818181818183,3.8181818181818183,restaurant
restaurant__64.png,3.2916666666666665,5.583333333333333,5.434782608695652,5.304347826086956,restaurant
restaurant__65.png,3.5714285714285716,4.904761904761905,5.208333333333333,5.458333333333333,restaurant
restaurant__66.png,2.5416666666666665,5.166666666666667,6.083333333333333,6.125,restaurant
restaurant__67.png,4.0,5.083333333333333,3.6666666666666665,3.5416666666666665,restaurant
restaurant__68.png,4.083333333333333,5.208333333333333,3.4,3.35,restaurant
restaurant__69.png,3.125,5.916666666666667,4.541666666666667,4.666666666666667,restaurant
restaurant__7.png,2.9166666666666665,5.375,5.391304347826087,5.260869565217392,restaurant
restaurant__70.png,3.1739130434782608,6.043478260869565,4.625,4.5,restaurant
restaurant__71.png,3.8333333333333335,5.75,4.708333333333333,4.583333333333333,restaurant
restaurant__72.png,4.041666666666667,5.666666666666667,3.391304347826087,3.5652173913043477,restaurant
restaurant__73.png,3.5833333333333335,5.75,4.708333333333333,4.625,restaurant
restaurant__74.png,3.4166666666666665,5.416666666666667,5.0,5.166666666666667,restaurant
restaurant__75.png,3.3333333333333335,6.083333333333333,4.708333333333333,4.75,restaurant
restaurant__76.png,2.857142857142857,5.619047619047619,5.708333333333333,5.666666666666667,restaurant
restaurant__77.png,3.3333333333333335,5.25,5.434782608695652,5.391304347826087,restaurant
restaurant__78.png,2.652173913043478,5.869565217391305,4.833333333333333,4.708333333333333,restaurant
restaurant__79.png,1.8333333333333333,6.0,5.916666666666667,5.958333333333333,restaurant
restaurant__8.png,3.0,5.416666666666667,4.583333333333333,4.5,restaurant
restaurant__80.png,3.75,5.125,4.333333333333333,4.5,restaurant
restaurant__81.png,3.5,4.875,4.739130434782608,4.695652173913044,restaurant
restaurant__82.png,3.347826086956522,4.826086956521739,5.421052631578948,5.631578947368421,restaurant
restaurant__83.png,3.6666666666666665,5.083333333333333,5.5,5.458333333333333,restaurant
restaurant__84.png,3.238095238095238,4.714285714285714,6.0,5.791666666666667,restaurant
restaurant__85.png,2.4583333333333335,5.708333333333333,5.916666666666667,5.791666666666667,restaurant
restaurant__86.png,3.7142857142857144,5.190476190476191,5.125,4.833333333333333,restaurant
restaurant__87.png,3.125,5.208333333333333,5.375,5.375,restaurant
restaurant__88.png,3.125,5.166666666666667,5.208333333333333,5.291666666666667,restaurant
restaurant__89.png,2.9523809523809526,5.142857142857143,5.791666666666667,6.041666666666667,restaurant
restaurant__9.png,2.7083333333333335,4.875,5.526315789473684,5.526315789473684,restaurant
restaurant__90.png,2.7083333333333335,4.541666666666667,5.208333333333333,5.208333333333333,restaurant
restaurant__91.png,3.5416666666666665,5.375,3.9583333333333335,4.291666666666667,restaurant
restaurant__92.png,2.7083333333333335,4.916666666666667,4.782608695652174,4.608695652173913,restaurant
restaurant__93.png,3.125,5.416666666666667,5.083333333333333,4.916666666666667,restaurant
restaurant__94.png,3.625,5.291666666666667,3.727272727272727,3.6818181818181817,restaurant
restaurant__95.png,2.5833333333333335,5.083333333333333,5.041666666666667,5.125,restaurant
restaurant__96.png,2.4583333333333335,5.541666666666667,5.7272727272727275,5.909090909090909,restaurant
restaurant__97.png,3.5,5.083333333333333,5.0,4.739130434782608,restaurant
restaurant__98.png,3.130434782608696,5.260869565217392,5.458333333333333,5.5,restaurant
restaurant__99.png,2.5833333333333335,5.833333333333333,4.0,4.217391304347826,restaurant
