,image,edge_density,mean_h_channel,mean_s_channel,mean_v_channel,std_h_channel,std_s_channel,std_v_channel,cnn_symmetry_left_right,cnn_symmetry_up_down,slope_redies,fourier_sigma,2d_fractal_dimension,1st_order_eoe,room_type,reading,gaming,socializing,cleaning,playing,exercise,working,shopping,enclosed area,far-away horizon,open area,semi-enclosed area,bed,window ,cabinet,table,plant,chair,"painting, picture",sofa,lamp,cushion,flower,book,light,orientation5,length7,curvature7
0,dining room home_12233.png,148.973,0.0707,0.3309,0.4779,0.1662,0.2444,0.3117,0.485,0.4652,-2.716,0.00768,1.449,4.153,dining,0.5811908179765408,0.2727111545619009,0.4310119206706396,0.2621522849124458,0.2391722460676059,0.2001994841519316,0.3169003687409037,0.264889659783505,0.7500878741479714,0.1972385746328839,0.1886384488799915,0.2769034157156537,0,1,0,1,1,1,1,0,0,0,1,0,0,2767.46449294345,0.0,21.8834058353373
1,dining room home_12238.png,89.446,0.08594,0.4732,0.6634,0.04343,0.2377,0.1722,0.4183,0.4012,-2.513,0.01049,1.472,4.04,dining,0.4370547669692378,0.2803291186546715,0.3987949696333228,0.2788210196889696,0.2474782080842367,0.2433329997056303,0.3160607667714082,0.2730192967058021,0.7654536772660768,0.2805959667845135,0.2303458003072985,0.2679741704541826,0,1,1,1,0,1,1,1,1,1,0,0,0,3331.68330481151,188.320250466989,13.5525029620257
2,dining room home_12239.png,92.41,0.08425,0.2742,0.5357,0.1038,0.2715,0.2192,0.4342,0.3687,-2.813,0.0128,1.438,4.179,dining,0.5300430632015687,0.3160437578832671,0.4437235736121829,0.2989890458974678,0.2866469567946834,0.2656719983490654,0.2895359790532317,0.2897835320956118,0.7606185109293961,0.3002276985406009,0.2614200774964865,0.2882823942588633,1,1,0,1,1,1,1,1,1,1,0,0,1,2965.97949840671,386.863004050897,25.7058935366349
3,dining room home_12245.png,80.637,0.09654,0.3201,0.6256,0.1658,0.2644,0.1688,0.3808,0.3423,-2.363,0.009248,1.473,4.266,dining,0.5793327840175494,0.2929030503710428,0.4306759482076987,0.2892942707404305,0.2898097342286952,0.2894126006965178,0.2134982269988035,0.2407808356240443,0.7379040978788565,0.2661646609547485,0.240795141588268,0.3101785634008223,0,1,0,1,0,1,1,0,0,0,0,0,0,3242.70266523824,223.43094682658,9.01063666530805
4,dining room home_12251.png,64.065,0.08549,0.2264,0.5999,0.08825,0.2428,0.1637,0.3539,0.3438,-2.507,0.00557,1.297,4.102,dining,0.5555284097026096,0.2864024742127439,0.3492513385176157,0.2771537858073321,0.2610815576044094,0.2527576667035149,0.2142588007311038,0.1966439741453872,0.757291454267319,0.3072774521470932,0.2559635499891421,0.281051331542491,0,1,0,1,1,1,1,0,1,0,1,1,0,3809.38577917588,357.569396472408,3.22720366780135
5,dining room home_12253.png,66.593,0.02407,0.2374,0.5113,0.1259,0.2735,0.2129,0.4019,0.3334,-2.567,0.0138,1.168,3.973,dining,0.5074111541857222,0.2889589889396096,0.3749371428772232,0.2798701478640261,0.2635888299927654,0.2570513851251347,0.241850865595233,0.233724055820821,0.7877313996861747,0.2332843620124697,0.2146232044797164,0.241067956921533,0,1,0,1,1,1,1,0,0,0,0,0,0,3387.06035035485,0.0,19.1356988440642
6,dining room home_12254.png,110.275,0.05644,0.3493,0.3978,0.1196,0.2171,0.2497,0.4585,0.4346,-2.757,0.009801,1.508,4.144,dining,0.5039534549774863,0.2772930995660914,0.4808743767450246,0.2513359691285126,0.2280465028235715,0.2219476708577817,0.3162968057542746,0.2803889387715638,0.7994611421929158,0.2148930287449895,0.1964381208910021,0.2424788063929162,0,1,0,1,1,1,1,0,1,0,1,0,0,3009.29857606095,443.445738759408,21.5940971578764
7,dining room home_12255.png,100.212,0.06388,0.2756,0.4949,0.1192,0.2132,0.2066,0.4276,0.4003,-2.565,0.008337,1.424,4.306,dining,0.568014957839545,0.2742667400128931,0.4379081739772305,0.2731753062358041,0.2401117322877189,0.2544190248057779,0.2149098123754636,0.2206084142815918,0.7714383705254123,0.2657598424542691,0.2145056007503818,0.2787985605354162,0,1,0,1,0,1,1,1,1,1,0,0,1,3262.80281596932,0.0,16.5799419417878
8,dining room home_12259.png,97.118,0.02677,0.1705,0.5256,0.1071,0.1779,0.2155,0.4591,0.289,-2.629,0.00471,1.507,4.168,dining,0.5256492821744716,0.2762196786468348,0.3950869210254101,0.2904907549445512,0.2703291659798874,0.2477876335091547,0.2693206404574111,0.2637009993078456,0.6740917807294415,0.273743174236741,0.2683690136034523,0.3564991163186632,0,1,0,1,0,1,0,0,1,0,0,0,0,3219.3763379893,191.063148112016,13.9059709301595
9,dining room home_12260.png,111.643,0.9985,0.3537,0.5906,0.1811,0.2519,0.2096,0.4595,0.478,-2.49,0.006423,1.458,4.012,dining,0.5029149588263734,0.283124439020497,0.4013299785184466,0.2679669781404088,0.2278012496917867,0.2218884636011469,0.2421967989673898,0.2555475551684462,0.7423838768524217,0.2495254118107771,0.2491731165205676,0.2643394203776069,0,1,0,1,0,1,1,1,1,0,1,0,1,3924.75578840363,416.892415819467,9.69160496020996
10,dining room home_12261.png,90.553,0.06109,0.3929,0.5178,0.08627,0.1791,0.2298,0.3609,0.398,-2.65,0.00959,1.309,4.116,dining,0.5380169336432067,0.2931686813481352,0.4256563912370789,0.2875482787535759,0.2481407528431558,0.2438581785026704,0.2808188531219041,0.2349116345212427,0.8021475049714303,0.2822464307513364,0.2276120089623501,0.2678202471222318,0,1,1,1,1,1,0,1,1,1,1,0,1,3402.94877465003,513.251515023806,8.5387487791532
11,dining room home_12263.png,111.691,0.05857,0.3257,0.6322,0.1081,0.2914,0.194,0.4874,0.3705,-2.394,0.005447,1.55,4.106,dining,0.5804351367326728,0.2786057401515802,0.3903499550311203,0.2853616890915954,0.2801263751120638,0.2551247885032914,0.2073795670861468,0.233308975612603,0.6829359134946624,0.2230521594739067,0.267250612358779,0.3029784863231575,0,1,0,1,0,1,0,0,0,0,0,0,0,3783.19732488688,182.601857589973,10.155207849507
12,dining room home_12264.png,89.898,0.05624,0.4377,0.5063,0.128,0.3156,0.2283,0.4401,0.3742,-2.648,0.005586,1.32,3.693,dining,0.5316156368381886,0.2888851672216345,0.374855522813644,0.3023742720879501,0.2685527904253564,0.2376492320821626,0.2481879197512953,0.2080369426865052,0.6164713337445399,0.3842353099181478,0.3500663337471281,0.3482472266121076,0,1,1,1,0,1,0,0,1,0,0,1,0,3338.20883808166,227.188164451812,8.10942055890708
13,dining room home_12267.png,93.421,0.2018,0.1902,0.548,0.1965,0.1746,0.2134,0.3748,0.3578,-2.637,0.005294,1.337,3.942,dining,0.5247997188028872,0.2840041931818361,0.3377617298261886,0.3133808090682442,0.3029942575858336,0.2849352690550081,0.2096611581830293,0.2271835801535459,0.6842859955042188,0.2430751324439682,0.2806058596300885,0.3362449259794132,0,1,0,1,0,1,0,0,0,0,0,0,0,3237.54729713716,722.313789618215,20.4303159810731
14,dining room home_12268.png,113.263,0.009751,0.2673,0.5457,0.1532,0.2735,0.2117,0.5175,0.4447,-2.371,0.008368,1.539,4.204,dining,0.5181238707122549,0.2828719684553762,0.4207793500339223,0.2780010718773309,0.2572709411923988,0.2558159365664287,0.224073501983395,0.2376907134843416,0.7782120827759722,0.2298036575726126,0.2063764326526649,0.2891863213046329,0,1,1,1,0,1,1,0,1,0,0,0,1,3788.00230767307,204.509591938188,19.2486861451825
15,dining room home_12269.png,90.874,0.0722,0.2384,0.5813,0.1326,0.1935,0.1651,0.4927,0.4409,-2.48,0.01328,1.456,4.127,dining,0.5621780205481813,0.2612320661886743,0.3420389852653914,0.2753909893497061,0.2816160462590902,0.2953668020861291,0.2029733140115079,0.2104170508399828,0.7567375770092785,0.2244185513316834,0.2096122068340902,0.3244232352915209,0,0,0,1,1,1,0,0,1,0,0,0,0,3648.37854028882,1563.71900766525,2.36864643323363
16,dining room home_12270.png,95.081,0.06766,0.2844,0.5865,0.1096,0.2453,0.2375,0.4537,0.3445,-2.756,0.007397,1.332,4.149,dining,0.5145772143099578,0.2829004570035141,0.4211893485366862,0.275703900230018,0.2585273640730189,0.275494925901581,0.218609483407793,0.2152215493963687,0.7627646329724861,0.2626381448090938,0.2418015302889521,0.2727965467593797,0,1,0,1,0,1,0,1,1,1,1,0,1,3560.22611071234,476.678873588676,11.0963552007439
17,dining room home_12271.png,140.063,0.06806,0.231,0.6036,0.1618,0.2157,0.1888,0.433,0.4877,-2.454,0.009165,1.532,4.319,dining,0.4810622491048264,0.2711398459007882,0.4103893471562753,0.2749704851604518,0.2374803208432141,0.2560931898515109,0.2971078913316754,0.266471261748014,0.7683515371589802,0.2158623542191868,0.2306599871897175,0.2711406197432769,0,1,1,1,0,1,1,0,1,0,1,0,0,2916.0376206384,347.561433325998,20.4822160484978
18,dining room home_12273.png,87.306,0.9915,0.2879,0.6599,0.1926,0.2726,0.1869,0.4747,0.3937,-2.609,0.009647,1.385,3.991,dining,0.4826366564896461,0.2975207630346083,0.3766130837148211,0.3372601790270046,0.2375773651064099,0.2490733646708677,0.2592824200871431,0.2551685176207867,0.7642525317735016,0.3358449895434564,0.2558164704088896,0.2683911153435494,0,1,1,1,0,1,0,0,0,0,1,0,1,3561.97297783578,0.0,11.7515599250773
19,dining room home_12274.png,113.537,0.9814,0.2419,0.5814,0.1545,0.2493,0.2111,0.4617,0.4009,-2.813,0.006846,1.386,4.188,dining,0.470096227845756,0.2544751082983261,0.3768811118059036,0.2569053428861898,0.2125785477622014,0.2134529249909871,0.2295588067011862,0.21864102707342,0.7681565338343885,0.2538234158516781,0.2613153230865878,0.2262296394883187,0,0,0,1,0,1,1,0,0,0,1,0,0,3698.16564999976,194.469967749294,24.8765640726687
20,dining room home_12275.png,73.084,0.05465,0.3038,0.5767,0.1506,0.2717,0.1798,0.4014,0.3958,-2.449,0.0141,1.373,3.993,dining,0.4919740152849067,0.2642244830972259,0.344784321197177,0.2785676707540497,0.2334378919831493,0.2430208074423277,0.2530026847815346,0.2059267205598388,0.8222339547208224,0.2435878082140113,0.1942151747396398,0.2309342199238589,0,1,1,1,1,1,1,0,0,0,0,0,1,3888.46295122242,0.0,18.2366247267059
21,dining room home_12276.png,130.245,0.09026,0.3415,0.5312,0.1673,0.2603,0.234,0.4541,0.4213,-2.58,0.007964,1.433,3.939,dining,0.5315009253399727,0.2675347722783216,0.4550387070451381,0.2996835631288204,0.2211243653713612,0.2105640193443722,0.2277196598569361,0.202922114649864,0.7457730086549806,0.248195409930125,0.2194572381191357,0.2835568454515976,0,1,1,1,1,1,0,0,1,0,0,0,1,3537.65452277284,341.378033176194,21.5127735807482
22,dining room home_12277.png,97.152,0.9728,0.2803,0.5478,0.2215,0.2213,0.2648,0.4271,0.423,-2.677,0.003611,1.395,4.301,dining,0.5617968277989949,0.3098747182392219,0.4248116273737796,0.2954016216646136,0.2831142678846221,0.2654774983295864,0.2137754447604415,0.2213902788931609,0.7660041840941514,0.267118593370255,0.2589437947873695,0.2864644587720103,0,1,1,1,0,1,1,1,1,1,0,0,1,2561.34901903006,313.577978908391,24.9122325003668
23,dining room home_12278.png,103.652,0.08626,0.3246,0.5702,0.1769,0.2203,0.2832,0.4465,0.4163,-2.659,0.008791,1.28,4.041,dining,0.52471884550447,0.2891647185810352,0.4203612135231638,0.2859192216389737,0.2450592068777234,0.2419276333174451,0.2296508294805153,0.2363214257025716,0.7719099778314723,0.280536273638642,0.2161254126054751,0.2885703969642725,0,1,1,1,0,1,1,0,1,0,1,0,0,3658.34724330018,0.0,26.346652984764
24,dining room home_12279.png,123.104,0.04452,0.2547,0.5957,0.1305,0.2228,0.1912,0.4747,0.481,-2.595,0.01305,1.462,4.092,dining,0.5053963878964473,0.2789421708216841,0.3936364295931128,0.2875990700605451,0.2505029505242979,0.2324116190685559,0.265727536249477,0.2552061234531002,0.6998190017686994,0.2490275544936248,0.2459743488825792,0.293007428241901,0,1,1,1,0,1,1,1,1,1,1,0,1,3640.93678693602,194.069258677299,9.44473507452536
25,dining room home_12282.png,84.146,0.04745,0.2637,0.47,0.1207,0.2167,0.2094,0.4509,0.4209,-2.631,0.01003,1.269,3.857,dining,0.617775522933022,0.2833271074595875,0.3946660480981252,0.2689006016913773,0.2318871379758865,0.2228405555750666,0.2768796948978592,0.1884846489571691,0.7776334740210733,0.2548854010315867,0.2391686084744023,0.2564151447201446,0,1,0,1,0,1,1,0,0,0,0,0,0,5062.94741231382,690.591819000412,18.9982892382199
26,dining room home_12284.png,102.436,0.007695,0.2859,0.5863,0.1565,0.2794,0.2027,0.4175,0.3693,-2.722,0.008415,1.442,3.97,dining,0.488205583278508,0.3060285254890434,0.3356561361283008,0.2986533513489418,0.3029416963744948,0.2761027599559492,0.2404156205422141,0.2167059178897263,0.7166747972810444,0.2583081923402358,0.2636772373097629,0.2973117010012265,0,1,1,1,0,1,1,0,1,0,0,0,1,3913.87208412259,261.307958122985,27.5544383883784
27,dining room home_12285.png,123.75,0.09961,0.3482,0.5399,0.05296,0.2892,0.2081,0.4504,0.3929,-2.663,0.01749,1.423,4.185,dining,0.4968736371140175,0.2853197159758186,0.3971638415546861,0.3092258314126622,0.2431959677574866,0.2522583475338931,0.2779293877762931,0.2470777966857711,0.7522455610591907,0.2908430931415453,0.2486532199502757,0.2874112073006947,0,1,1,1,0,1,0,0,1,0,0,0,1,3700.77202584281,0.0,12.5980137022429
28,dining room home_12288.png,99.413,0.02215,0.2283,0.5986,0.1919,0.2335,0.2314,0.393,0.4143,-2.619,0.01354,1.36,3.995,dining,0.5431035163991454,0.2726518213435136,0.3433976219708603,0.2956769264267441,0.2606693935118527,0.2515631074344564,0.2520991555410692,0.1990066042294164,0.7558524880825794,0.2495723738370308,0.2423264433647309,0.2554880724656478,0,1,0,1,0,1,1,0,0,0,1,0,0,3146.22342027752,1232.0313024966,13.5647779783501
29,dining room home_12291.png,89.234,0.07816,0.5056,0.6031,0.04294,0.2306,0.2445,0.3391,0.3698,-2.608,0.005779,1.33,4.245,dining,0.4891243244811376,0.2645158591555182,0.379047705331073,0.2774375409180695,0.2392473759988322,0.2322680476092083,0.2487472479060195,0.2200134664686922,0.7369531499541654,0.2492796829429564,0.2537558296669372,0.244630380738331,0,1,0,1,1,1,1,0,1,0,1,0,0,3104.32955036457,316.233464017494,17.5324130874371
30,dining room home_12308.png,118.735,0.1921,0.2453,0.5101,0.307,0.1961,0.2497,0.3337,0.3774,-2.813,0.02134,1.359,3.45,dining,0.4985150215198095,0.2729796471176052,0.3775504974763871,0.2967646781939093,0.2400913854162745,0.2502379688966475,0.2624257370563358,0.2289791827106779,0.7529098423585178,0.2679329750587497,0.2134961142357998,0.2802286748800331,0,0,1,1,0,1,1,0,1,0,1,0,1,4680.95435801145,719.521981048235,19.8059501289394
31,dining room home_12323.png,106.692,0.04998,0.2697,0.3791,0.1642,0.193,0.3103,0.3585,0.3733,-2.779,0.01076,1.358,3.965,dining,0.5034995707241654,0.29192876909237,0.4199642990769451,0.2397398619210514,0.226360280367029,0.210752068594765,0.2973091076512609,0.2079175111232733,0.8100715266520857,0.1756170931288758,0.1676059821027015,0.254740647506978,0,0,1,1,1,1,0,0,0,0,1,1,0,3683.09558773137,709.689493999004,20.1438850763866
32,dining room home_12332.png,98.343,0.08678,0.1997,0.6411,0.07153,0.159,0.2151,0.433,0.3073,-2.542,0.02301,1.319,4.042,dining,0.5211602592108139,0.2924523602892687,0.3964457730058671,0.3331547726902181,0.2626637781543656,0.2511671476306317,0.2726441333055358,0.2452249921679075,0.7340764165848227,0.2559477078688912,0.2621380218452126,0.2676966228437686,0,0,1,1,1,1,1,0,0,0,0,0,1,3233.43810177895,0.0,26.5514925149782
33,dining room home_12375.png,83.109,0.07129,0.4564,0.3889,0.1586,0.3067,0.21,0.4004,0.3744,-2.831,0.01754,1.288,4.019,dining,0.4736947316770686,0.3058696601632992,0.3892567376478154,0.3056393906472047,0.2777236656416963,0.282855702763053,0.2267072566592803,0.2326575357885766,0.7895240298003448,0.2546375222645908,0.2293855979833417,0.2656493666833069,0,1,1,1,0,1,1,0,1,0,0,0,0,3470.05446096295,679.958018798786,13.5555194477958
34,dining room home_12376.png,70.899,0.1093,0.4257,0.5958,0.03426,0.3019,0.2602,0.5796,0.2438,-2.889,0.006104,1.111,3.87,dining,0.5092997886945647,0.2956931793071283,0.3367778587516658,0.2978990852541278,0.2607374316153862,0.2537191462095703,0.3105490179739218,0.2327905396574069,0.7984518082252948,0.2847095737053299,0.2417081324716428,0.2444262935910267,0,1,0,1,0,1,1,0,0,0,1,0,0,3348.43587928429,435.458037069178,12.0156828556873
35,dining room home_12377.png,94.827,0.1105,0.1775,0.5756,0.104,0.1724,0.1618,0.3976,0.3673,-2.389,0.003755,1.467,4.299,dining,0.5393325464256078,0.2622894977494523,0.3608463624447099,0.2849620564616003,0.2590458467957655,0.253021839565096,0.208440520395793,0.242468799968915,0.6317405348499082,0.2622983828512947,0.2984154803379459,0.3424727885193551,0,1,1,1,0,1,1,0,0,0,0,0,1,3627.54738608449,463.53376667036,12.0824080975739
36,dining room home_12378.png,104.898,0.1784,0.2316,0.6246,0.2069,0.2031,0.1895,0.3748,0.4024,-2.853,0.01351,1.363,4.269,dining,0.5672418332419528,0.2922981687379001,0.4538362238341302,0.2910598415913474,0.2881441409393508,0.2636599674555528,0.2418259613746295,0.2625504877116321,0.6954428431761767,0.2442174571484895,0.2471905660276761,0.3062233759742602,0,1,1,1,1,1,1,0,0,0,1,0,1,3208.48707489778,421.164356602979,6.44617254412482
37,dining room home_12379.png,87.837,0.08966,0.5366,0.5031,0.08754,0.2817,0.2356,0.4404,0.4084,-2.745,0.01061,1.251,4.279,dining,0.5473914839706333,0.3011610019104749,0.4517522663303456,0.2977952763236662,0.2635906982375017,0.2614351731482906,0.2396087241813605,0.2393837072317599,0.7707563866619219,0.2583394624081351,0.2295508919242816,0.280008947489652,0,0,1,1,1,1,1,0,1,0,1,0,1,2879.49165680555,437.248029444211,17.3156864161094
38,dining room home_12401.png,90.893,0.06001,0.4909,0.6298,0.1077,0.2566,0.2122,0.3939,0.3942,-2.705,0.01184,1.279,4.432,dining,0.4998222158673427,0.2890803925078195,0.3954585412491826,0.2943317811654525,0.2527701503311463,0.234393898481853,0.2581779285956285,0.2642920165700582,0.808802903130036,0.274367185509033,0.2129206025666766,0.2663916001844134,0,1,0,1,1,1,1,1,0,1,0,0,1,3322.53473234685,632.423091062424,9.44755452108241
39,dining room home_12404.png,100.983,0.06049,0.5247,0.4303,0.1585,0.2423,0.2639,0.4521,0.4262,-2.581,0.002851,1.408,4.273,dining,0.4678292108712107,0.2871938561516509,0.4400603327727545,0.2850024573551553,0.2247306734771667,0.2220962541623229,0.2967912382765902,0.2656959333348508,0.8025816867856506,0.2437267270667322,0.2106941303303378,0.2356749196826957,0,0,1,1,1,1,0,0,1,0,1,0,1,3552.19958639479,0.0,19.2475150259468
40,dining room home_12408.png,103.426,0.04689,0.2432,0.6296,0.1679,0.2369,0.1795,0.4581,0.4418,-2.255,0.01562,1.532,4.183,dining,0.531918355390883,0.2512868723796195,0.4038324221046774,0.2756648785618005,0.2572509851837873,0.2275261613992073,0.2064442822286641,0.2338762724101079,0.6854958803730461,0.2281528934315159,0.2109666780796865,0.3030084323661014,0,0,0,1,0,1,0,0,0,0,0,0,0,3398.20880101543,733.338916340964,14.8742294819648
41,dining room home_12422.png,97.198,0.05002,0.3358,0.3994,0.1889,0.2656,0.2178,0.4477,0.4551,-2.28,0.00516,1.507,4.153,dining,0.490581061529299,0.2885852147859846,0.4196018721521487,0.2590400300950517,0.2744459899907653,0.2343398376312463,0.224047867785613,0.2156308446908107,0.7179486983693392,0.2263811239747745,0.2369014221259317,0.2671636045971917,0,1,1,1,1,1,0,0,0,0,1,0,0,3436.72510184468,182.452944438678,13.6419830980223
42,dining room home_12424.png,108.638,0.08564,0.4156,0.4877,0.1674,0.2026,0.2319,0.3973,0.4411,-2.843,0.01049,1.339,3.932,dining,0.4506181637978753,0.2964212514244496,0.4224316588420052,0.2878106500289351,0.2545017258625959,0.2581551802838265,0.2682111191123554,0.2849142738146104,0.7818033070146844,0.2469249813480245,0.2207362887653412,0.2662892515073133,0,1,1,1,1,1,0,0,1,0,0,0,1,3605.79945097475,361.228546924912,13.5453856120808
43,dining room home_12429.png,89.729,0.06174,0.3203,0.6338,0.1062,0.2108,0.208,0.4314,0.3259,-2.333,0.01035,1.385,4.137,dining,0.5042889612710891,0.2834020993049964,0.3486615422663384,0.2959282660003099,0.3039139093154863,0.2967101304475446,0.2341225418518166,0.2560721033571816,0.6782752679792882,0.3110443710932175,0.3121776771633366,0.308797906356362,0,1,1,1,1,1,0,0,1,0,1,0,1,3261.35991956684,265.670100340479,25.7341880133375
44,dining room home_12430.png,92.739,0.09539,0.3989,0.6197,0.08371,0.2386,0.2119,0.3973,0.3972,-2.739,0.007481,1.357,4.182,dining,0.5310881436045443,0.2870478087027306,0.386528908996928,0.2860691862942346,0.2740361514323595,0.2518869041994096,0.257019846575979,0.2717490079592402,0.7375018325658678,0.2635318971487941,0.2186299094069302,0.3189886994880085,0,1,1,1,1,1,0,1,1,1,0,0,1,3596.86152333927,374.142655352709,14.6760317137713
45,dining room home_12432.png,67.447,0.1115,0.1846,0.6364,0.139,0.1993,0.1788,0.4018,0.3808,-2.819,0.009459,1.282,3.619,dining,0.5627551606336471,0.3133073934995629,0.3612942994559488,0.3133813564951279,0.3043303218192844,0.2825454227165735,0.2735283340273762,0.2665061074964529,0.7656745364185915,0.2783451860566339,0.2462643151441844,0.2878668048229005,0,0,1,1,1,1,1,1,0,1,0,0,1,4226.18434283253,419.809061879398,20.8824931518402
46,dining room home_12434.png,114.274,0.03437,0.2265,0.5261,0.1702,0.2171,0.2694,0.4201,0.4156,-2.823,0.007666,1.328,3.78,dining,0.4998291653652448,0.2797813533162042,0.3848793655067379,0.2833996484552708,0.2633340290226751,0.2393264699679154,0.2910516428504149,0.2574905298345646,0.8041269462525619,0.2183823097213666,0.1976598929657171,0.2482724193051889,0,1,1,1,1,1,1,0,1,1,0,1,1,4080.94957431991,434.929461293601,16.8749687183509
47,dining room home_12454.png,86.522,0.117,0.2852,0.5381,0.1615,0.1793,0.1415,0.4235,0.4173,-2.551,0.004669,1.496,4.167,dining,0.5360098193023864,0.2759704159317869,0.3481212701134022,0.2735408351574646,0.2796494210182962,0.2622121697169829,0.2216888932337865,0.2700708694048266,0.7412929530056033,0.2156770527262088,0.220138285668401,0.2769906236220715,0,1,0,1,1,1,1,0,0,0,0,0,0,3549.49221684405,184.865654551096,23.7510145972894
48,dining room home_12465.png,90.72,0.07553,0.4189,0.5653,0.06315,0.1968,0.2303,0.3304,0.369,-2.636,0.004309,1.375,4.134,dining,0.5428367049502519,0.2847388977393396,0.4007503596718083,0.2956775788680209,0.3047652524486191,0.2719752063328771,0.2492317896676102,0.2710776710916194,0.7467241379593245,0.2455703140878124,0.2321207677379435,0.2845242559844947,0,1,1,1,1,1,1,0,0,0,1,0,0,3450.56081832428,235.149365118177,17.5208292099522
49,dining room home_12467.png,86.883,0.9978,0.3031,0.5123,0.2035,0.1665,0.2197,0.4493,0.3762,-2.764,0.008421,1.375,4.084,dining,0.5609225481390352,0.2754251813087002,0.4381873712237397,0.2741202200700433,0.2534477792563656,0.2253320484673865,0.2502287255630031,0.2072873580338496,0.7258349902336189,0.2503090472180729,0.2288552056407766,0.2914888514379466,0,1,1,1,1,1,0,0,1,0,1,0,0,4886.02459727408,251.684112316961,10.4102582203493
50,dining room home_12468.png,99.297,0.08555,0.4436,0.5771,0.1166,0.1751,0.2712,0.4138,0.3269,-2.902,0.00694,1.269,3.855,dining,0.5452848022140481,0.3146717570740731,0.4641350237176183,0.2758672423192339,0.2701873362434291,0.2487057316297237,0.265712991681215,0.2239164649732103,0.7818493961259165,0.2622100964754203,0.2413429132778846,0.2340816752209593,0,0,1,1,1,1,1,0,0,0,1,0,0,3447.00398314324,752.633274900189,17.8989351517634
51,dining room home_12469.png,117.518,0.121,0.3508,0.6556,0.06407,0.1922,0.2147,0.5036,0.3985,-2.83,0.01804,1.419,3.824,dining,0.5091512415247221,0.2952008993295298,0.3418963140981224,0.3128620604706522,0.2660595372108175,0.2773246922050477,0.2826312339028404,0.2344231734008222,0.7594830237261905,0.322301130203606,0.2687829677748466,0.2689851044592583,0,1,1,1,0,1,1,0,1,0,1,1,1,3536.21975199634,837.674346794099,30.7975041711787
52,dining room home_12482.png,69.821,0.05567,0.2195,0.6494,0.07154,0.1326,0.1592,0.6295,0.2642,-2.762,0.03702,1.314,3.668,dining,0.52597933381681,0.3049077815838855,0.340769549252633,0.3119041793983608,0.2754017557688236,0.2526602797527387,0.2228121253205619,0.2364373704773465,0.7750496529261648,0.3022025569469182,0.245585913029914,0.281440300665977,0,1,1,1,1,1,1,0,0,0,0,0,1,4106.88520290517,1056.02434459732,3.45854720474821
53,dining room home_12492.png,84.316,0.08107,0.3439,0.4536,0.1309,0.2394,0.2937,0.3824,0.3547,-2.987,0.01039,1.24,3.911,dining,0.5162775890948782,0.2983323690842573,0.402841700128303,0.3185562503636265,0.2580829783325972,0.2536094654800337,0.2542196003616314,0.2237783274815151,0.8175941489278918,0.268883310177653,0.2140946277806483,0.2655711062677271,0,1,1,1,1,1,0,0,0,0,0,0,0,4800.72734603387,493.927228901626,6.86022296178087
54,dining room home_12509.png,108.838,0.1759,0.2367,0.5776,0.1901,0.2185,0.1684,0.4824,0.3614,-2.391,0.0078,1.59,4.123,dining,0.492504118448828,0.2999563368958478,0.4035228418890507,0.3120218477139077,0.2638228005819496,0.2684905852793909,0.2943642226848987,0.3128266598538066,0.7294344071062419,0.2987989454361962,0.2522431907321798,0.3083244250814938,0,1,1,1,1,1,1,0,1,0,0,0,1,3610.60243078008,185.378199136022,11.7900801246998
55,dining room home_12510.png,97.084,0.06129,0.1176,0.5233,0.2611,0.1495,0.2145,0.4567,0.455,-2.635,0.01065,1.438,3.953,dining,0.538820218197987,0.2629250009343824,0.4348752732750678,0.2712694850234504,0.2352682568245674,0.2352222963098247,0.2590952274656955,0.1953682552353659,0.7535777757286389,0.2234360483859173,0.2093392670120768,0.2615956862960857,0,1,1,1,0,1,1,0,0,0,1,0,0,4073.85440900473,0.0,8.48914064423098
56,dining room home_12512.png,82.537,0.08054,0.463,0.3669,0.06554,0.2755,0.2115,0.4491,0.4143,-2.59,0.01545,1.317,4.189,dining,0.5316710439392004,0.2785593742753101,0.3883731554237095,0.2709708463770908,0.2374143746602301,0.211749216392778,0.2163040759446108,0.2225551595767048,0.8193182763500559,0.2016361366240772,0.1780047510073005,0.23323715303041,0,1,1,1,1,1,1,1,1,0,0,0,0,3403.21627683653,964.34184261464,13.655101775703
57,dining room home_12518.png,60.442,0.09733,0.1951,0.4975,0.08354,0.1548,0.2692,0.4356,0.2895,-2.825,0.006392,1.2,4.001,dining,0.5371699400189455,0.2873329203710691,0.3859465738632771,0.2870640457240689,0.2746492803539934,0.2375142848310447,0.2455466539024569,0.2161160410455518,0.7906829952442928,0.2690482292081028,0.2070779859352072,0.2519020291113268,0,0,1,1,0,1,0,0,0,0,1,0,0,2888.0698827843,801.521353649145,0.0
58,dining room home_12529.png,69.994,0.1585,0.2397,0.3478,0.1731,0.2551,0.2249,0.3575,0.3164,-2.797,0.01511,1.252,3.939,dining,0.6104822403458166,0.2687076974310858,0.4220830029157003,0.2770020451203335,0.2524828414082549,0.2267687254843465,0.2230521597877363,0.1979498499709449,0.7741220372420906,0.2450142802847819,0.2039214345138429,0.2696571757884458,0,1,0,1,0,1,0,0,0,0,1,1,0,4215.37695421663,276.923272517882,9.31738061051601
59,dining room home_12534.png,83.577,0.1154,0.4699,0.58,0.06653,0.2824,0.2071,0.4342,0.4283,-2.69,0.006008,1.306,3.928,dining,0.5304092132868815,0.2557610837843243,0.3771184922742536,0.2819237971381623,0.2528002574241715,0.2429884015643409,0.1984118527781465,0.1995360622839276,0.7748388804188956,0.2215914784515824,0.2231754192534992,0.2377753262528624,0,1,0,1,1,1,1,0,0,0,0,0,0,3391.06552533312,355.916100106962,14.7914608587319
60,dining room home_12536.png,107.247,0.0957,0.4663,0.5613,0.1139,0.235,0.2266,0.4095,0.4172,-2.785,0.008055,1.535,4.215,dining,0.5313317078801376,0.2910229132048233,0.43924689652681,0.2972353884874049,0.2400655109836296,0.2473692431434559,0.2318375029874842,0.2283642952907372,0.7742426949992223,0.2561733374889669,0.2013292816363553,0.2844154423196457,0,1,1,1,0,1,1,0,1,0,1,0,1,3361.34933957909,637.132837108537,14.8411827421888
61,dining room home_12545.png,90.919,0.0813,0.5162,0.629,0.1133,0.2889,0.2782,0.3842,0.3503,-2.684,0.03915,1.308,3.635,dining,0.5188137953361123,0.323038850700387,0.3987847960302622,0.2996862744193962,0.2958061689312408,0.2794412422700643,0.2363962572681978,0.222976857469053,0.7829756561889103,0.2817399240778878,0.2423091323946484,0.2477774932833021,0,1,1,1,0,1,1,0,0,0,0,0,1,4073.89445331057,211.09483531976,14.4251273136586
62,dining room home_12563.png,116.195,0.0545,0.4757,0.5288,0.1365,0.2571,0.2097,0.4595,0.4409,-2.755,0.009835,1.463,4.107,dining,0.3995939431810361,0.3039836474744912,0.4331085214898025,0.3303324833394358,0.2331784053335781,0.2413607567282282,0.3807730449860796,0.3321702122015377,0.7735320793500793,0.3030454358189381,0.246911809443134,0.2700247368940163,0,1,1,1,1,1,1,1,1,1,0,0,1,2132.91638156436,774.721149982145,12.3559532290287
63,dining room interior_11863.png,101.512,0.05888,0.2858,0.5115,0.1745,0.2831,0.2147,0.4505,0.3945,-2.671,0.005984,1.54,3.776,dining,0.56102098870604,0.3066185433647463,0.384309737400145,0.2951457149848687,0.2774736567946411,0.25203101971449,0.3315685238015875,0.283427347013784,0.7657237535162558,0.2651235776583135,0.2513819829935603,0.2702137759051014,0,1,1,1,0,1,1,1,1,1,1,0,0,4197.97036040913,599.427501409873,16.6404496232311
64,dining room interior_11872.png,86.047,0.8688,0.1342,0.4846,0.1993,0.1934,0.2592,0.5275,0.3463,-2.643,0.008035,1.277,4.173,dining,0.5217231462306438,0.2709047155292037,0.35808252748053,0.2790788502113305,0.228010898269524,0.2128625768034405,0.3060963844449288,0.1830568737319667,0.7982038342209374,0.2460729436954422,0.2298753241632814,0.2155122279733196,0,1,0,1,0,1,1,0,1,1,0,0,0,4309.77207593919,784.506864447076,17.9529670702482
65,dining room interior_11875.png,96.001,0.06576,0.6668,0.6867,0.04029,0.2204,0.233,0.3949,0.3914,-2.773,0.01475,1.339,3.648,dining,0.4360494167793328,0.2710116679622025,0.3547167373756983,0.3019971632074237,0.2276269718041417,0.2342984541241729,0.267653529007084,0.2405782211651518,0.7735470274063536,0.2511856786187248,0.2435156089822398,0.2134751762707102,0,1,0,1,0,1,1,0,1,0,0,0,0,4221.19189499298,406.545412004913,13.7667000078079
66,dining room interior_11876.png,88.437,0.06012,0.2781,0.5672,0.1409,0.1891,0.1719,0.3888,0.3893,-2.59,0.002989,1.371,4.079,dining,0.4884783127376679,0.2843085831944931,0.3920932747054795,0.3093762670588308,0.2305946963301115,0.2336022739383775,0.2823373548953085,0.2281689120916237,0.8345591557180126,0.25146605210668,0.2017054798679211,0.2293661387728663,0,1,1,1,0,1,0,0,0,0,1,0,1,3543.25987119636,544.796210932623,8.84220070901775
67,dining room interior_11880.png,105.85,0.1517,0.1889,0.6379,0.1651,0.2167,0.2604,0.3155,0.3512,-2.683,0.01914,1.357,4.144,dining,0.4707246369616297,0.2703482527835657,0.3259670877756352,0.2999571758166193,0.2367246899089606,0.2292417840570397,0.2896623269809322,0.2695404637350096,0.7251085481389355,0.2854288511837776,0.2496414495347451,0.2471511128827118,0,0,0,1,0,1,0,0,1,0,1,0,1,2359.76560107822,508.96846430932,15.5838740847934
68,dining room interior_11881.png,87.46,0.06162,0.5966,0.4526,0.1251,0.2621,0.2556,0.4096,0.4413,-2.779,0.006723,1.399,4.146,dining,0.506650790967019,0.2983624654224285,0.4760054990161557,0.2733473991844115,0.2456021852356583,0.2377360668616426,0.2485060201759995,0.2310285987243225,0.8040117813549266,0.3075754219495061,0.2447954003435948,0.250875087998668,0,1,1,1,0,1,1,0,0,0,0,0,0,2643.72035803744,1376.52548553208,12.256907371117
69,dining room interior_11907.png,113.288,0.08735,0.08311,0.6672,0.2134,0.1176,0.1926,0.4488,0.3494,-2.596,0.009283,1.422,4.221,dining,0.570600399095842,0.2453820541086039,0.4052234478065749,0.2743155940329854,0.240817178749094,0.2191566680181509,0.2404411620113878,0.2076435035854066,0.6884391595489323,0.1703526119837921,0.2246546593610039,0.2793072298336079,0,0,0,1,1,1,0,0,1,0,1,0,0,3494.76535961383,219.489574841868,21.4760036036893
70,dining room interior_11915.png,108.225,0.05325,0.2584,0.3961,0.1071,0.1476,0.2797,0.5486,0.4002,-2.797,0.01485,1.306,3.68,dining,0.5135649473791785,0.2993384195933556,0.5242317302006598,0.3215730641956352,0.2675409470202394,0.2466452847902357,0.3277516357687409,0.2533884432247419,0.7323843115537547,0.2702603684542847,0.2505693653042146,0.2803498959487031,0,1,1,1,0,1,1,0,0,0,0,0,0,4822.46990159586,359.893700877906,7.50180934503327
71,dining room interior_11934.png,105.462,0.09732,0.205,0.5462,0.1956,0.1765,0.3062,0.4778,0.425,-2.864,0.007074,1.271,4.07,dining,0.4418427119649863,0.2768432425083329,0.390801484586617,0.2908192966868119,0.2208719013884696,0.2344204966391794,0.3597012918805961,0.3051352454551516,0.7636428006962138,0.2674514653353195,0.210794123909284,0.273402621733582,0,1,1,1,0,1,0,0,1,0,1,1,1,2993.84366049885,225.904400228612,22.1689281534579
72,dining room interior_11939.png,90.178,0.08383,0.4832,0.5287,0.04973,0.2659,0.2419,0.3284,0.3976,-2.616,0.00961,1.377,3.946,dining,0.4519045261898277,0.2844889700774254,0.3444914653686712,0.3066968906305433,0.252226681858064,0.2533872468651062,0.2455128719005392,0.2403926251525547,0.8043953887628319,0.2697132734428412,0.2035423334718935,0.2591776444508258,0,1,0,1,1,1,1,1,1,1,1,0,1,3508.89743869228,242.657945521124,27.1386761170526
73,dining room interior_11943.png,68.523,0.06547,0.6103,0.4258,0.069,0.2883,0.2391,0.3874,0.3548,-2.913,0.01164,1.285,3.914,dining,0.4959477690823602,0.326223772879273,0.4151000823438694,0.3194279378446311,0.2747865608316125,0.2658439005343128,0.2631767373774538,0.2622747089530096,0.7928607426639206,0.2686957630607899,0.2285138084007038,0.2705445628199811,0,1,0,1,0,1,1,0,1,0,0,0,0,3996.09483226542,353.897959480349,21.253434184557
74,dining room interior_11946.png,100.387,0.1148,0.1526,0.5589,0.1957,0.1283,0.2664,0.2934,0.3648,-2.659,0.005019,1.366,4.18,dining,0.4169898469887885,0.2635924756809524,0.317608645873746,0.2452566129478357,0.2086080688060357,0.2303212584155002,0.3145792233530259,0.1947193908498412,0.812296853580051,0.251341297012179,0.2231405045437394,0.202483126118638,0,0,1,1,0,1,1,1,1,1,1,0,1,3802.74385976595,0.0,34.8135278580841
75,dining room interior_11955.png,68.873,0.1066,0.392,0.3586,0.2151,0.3351,0.185,0.4135,0.3701,-2.866,0.007469,1.21,3.835,dining,0.4717038081722381,0.2757468587013048,0.320516441780926,0.2951269970422788,0.223530274397647,0.2172019021835877,0.2381940351082328,0.206846874124918,0.7304142863539608,0.260773676553905,0.2649450846934911,0.2558081208327687,0,1,0,1,0,1,1,0,1,0,0,0,0,3778.85211856596,895.604165950453,27.3498976542334
76,dining room interior_12001.png,96.014,0.0849,0.09661,0.5642,0.1974,0.1252,0.2131,0.4157,0.3037,-2.662,0.008879,1.417,3.836,dining,0.6145707331704294,0.2736709555757622,0.437579366096145,0.2808995816257342,0.2340259237672674,0.2229834920314208,0.2774692159239467,0.2143770771222756,0.766315466617799,0.2578523650640819,0.2253699265589078,0.2635307942382317,0,1,0,1,0,1,1,0,1,0,0,0,1,4598.56137163785,334.888823772051,1.79494659153366
77,dining room interior_12003.png,93.471,0.05823,0.2039,0.5939,0.1597,0.1933,0.2955,0.3825,0.3024,-2.802,0.0106,1.22,3.992,dining,0.4993631973811596,0.303008344374317,0.2894733755965338,0.3027065719747971,0.2759100310679036,0.2508104020588542,0.3498094420065823,0.2681150988736325,0.7444742134582407,0.2830682910306368,0.2891844891473583,0.2364342396825442,0,1,1,1,0,1,1,0,1,0,0,1,0,3640.3629426144,211.946252295374,12.6535270038201
78,dining room interior_12004.png,92.855,0.1382,0.1437,0.5953,0.1349,0.1723,0.3119,0.3943,0.3465,-2.52,0.005341,1.328,3.973,dining,0.4828954678798365,0.2691205854773755,0.3495244043120369,0.3083646092473556,0.2528137655018568,0.2378784528876781,0.2743791051688374,0.2317138999994581,0.6302091567795388,0.2415968512750782,0.314372901010697,0.2956349050820889,0,1,1,1,1,1,0,0,0,0,1,0,1,3010.55612239504,997.277011991933,44.2681046919407
79,dining room interior_12005.png,100.828,0.2026,0.1564,0.6242,0.3101,0.1348,0.2116,0.3777,0.3637,-2.635,0.00524,1.368,4.053,dining,0.4466203907852466,0.2769496257096261,0.3221382709577712,0.3079515532883787,0.2446639462756608,0.2505155159094607,0.2773668825920507,0.2093685037386722,0.7815423505889166,0.2760399275748967,0.2204625310275281,0.2664855674840043,0,0,1,1,0,1,0,1,0,0,0,0,1,3655.15288875198,444.973235740128,26.295668888847
80,dining room interior_12007.png,82.15,0.09009,0.3409,0.492,0.07646,0.2366,0.2576,0.4108,0.3791,-2.748,0.01366,1.268,4.048,dining,0.4794208815595951,0.2607506669842745,0.3207449497203263,0.3088814745447918,0.2214293232407185,0.1987717585528742,0.3536361887199554,0.2355667449060061,0.8103282401029277,0.2750416783041081,0.2396806212063567,0.2015914408706637,0,1,1,1,0,1,1,0,1,0,0,1,0,3280.09679312699,355.902114620732,19.830094831778
81,dining room interior_12009.png,111.557,0.07694,0.2968,0.6028,0.1648,0.278,0.2697,0.3794,0.3568,-2.816,0.009195,1.337,3.912,dining,0.5397917771691754,0.2931930992266202,0.4321358171514207,0.3002675112062755,0.2579274750325799,0.2600132803695895,0.3022475048345159,0.2438845279059928,0.7792225101073113,0.2812793386216443,0.202414760615606,0.3301154742065514,0,1,1,1,1,1,0,0,0,0,0,0,1,3597.52422486772,388.339782181187,4.88824347430092
82,dining room interior_12071.png,148.694,0.07288,0.3914,0.5145,0.1135,0.2518,0.2317,0.4584,0.4869,-2.646,0.005443,1.519,4.111,dining,0.506089002369149,0.2723476896471478,0.4297961372093026,0.2598688191604793,0.2210142565279734,0.2060724077758378,0.2503241963853079,0.2226881529334335,0.7699759285187969,0.2085347190565127,0.1959336189754975,0.276467151982347,0,1,1,1,1,1,1,0,0,0,1,0,1,3270.41351928717,542.133385612433,17.4362041079101
83,dining room interior_12079.png,132.307,0.1233,0.3154,0.4733,0.2937,0.2036,0.1979,0.5456,0.5077,-2.494,0.009427,1.574,4.127,dining,0.4586824452731321,0.2865863903807969,0.3372751649135411,0.2789072897923174,0.240201513014785,0.2234608587333245,0.3814174405955627,0.2752640224969561,0.7336585254168906,0.2225788760482933,0.2235053435583169,0.2500583400169576,0,0,0,1,0,1,1,1,0,0,1,0,0,4032.29699992135,552.966841132474,26.1556583044779
84,dining room interior_12082.png,46.152,0.0139,0.07247,0.9008,0.2448,0.1259,0.09577,0.3128,0.3224,-2.66,0.00893,1.36,3.999,dining,0.5031923009148936,0.261317562397387,0.3394210525281463,0.2960882167198025,0.2573705218093435,0.2424940335183794,0.263431712198894,0.18791356110847,0.709550716776444,0.2889340095827608,0.2845981001075026,0.2568841224893161,0,1,1,1,0,1,0,0,1,0,0,0,1,3484.02408601953,0.0,57.6350771742071
85,dining room_10687.png,66.308,0.09004,0.2128,0.6264,0.02516,0.132,0.1329,0.4382,0.3291,-2.81,0.01039,1.522,4.303,dining,0.5792063376639877,0.3135313077893125,0.4011470931035846,0.3230227452777511,0.3123509889253908,0.2670886786043126,0.2587940041643882,0.271346671649247,0.7470030246380625,0.3356719909642782,0.251989620845261,0.3045315736133172,0,0,1,1,0,1,0,0,0,0,0,0,0,2965.25733962071,306.264393536045,15.243608891355
86,dining room_10691.png,110.483,0.2147,0.1697,0.5794,0.2633,0.147,0.2303,0.4808,0.4374,-2.57,0.01035,1.392,4.215,dining,0.4985933555586036,0.299835313899994,0.3763047435044256,0.2872560658470501,0.2724610217340218,0.2807845332403795,0.2733934731437641,0.2529139430125549,0.7354813045846288,0.2711987675274219,0.2432395123987701,0.2915741907949494,0,1,0,1,0,1,0,0,0,0,0,0,0,3137.64483832217,444.957927057281,24.0771590781355
87,dining room_10696.png,86.124,0.09362,0.3239,0.6037,0.2319,0.3058,0.2357,0.3649,0.2867,-2.67,0.02424,1.317,4.137,dining,0.4451968963471788,0.2947386381591358,0.3552700017761588,0.2794652870900356,0.2536256010800539,0.2587668757524494,0.3596821910849479,0.2856038683730645,0.7845172850302542,0.289340391750679,0.2418575779599511,0.2411444310105103,0,1,1,1,1,1,1,0,1,0,0,1,1,3223.17149667983,250.907626930967,23.4827544348687
88,dining room_10697.png,135.552,0.06908,0.3272,0.5332,0.1875,0.2693,0.2641,0.4063,0.4109,-2.692,0.02348,1.427,3.684,dining,0.5246570340606803,0.2650266155010823,0.3234134718180523,0.2777141612492548,0.2419803293744732,0.2429162122855887,0.3108433136262802,0.2672861369524473,0.7725418285213791,0.2514937319894356,0.2202451190048251,0.234929669128883,0,1,1,1,0,1,0,0,0,0,1,1,0,4077.40092701613,392.621574059569,17.3869111394949
89,dining room_10698.png,113.561,0.05043,0.4623,0.5579,0.09586,0.2947,0.2293,0.4356,0.3644,-2.614,0.01355,1.352,4.069,dining,0.5470949815772999,0.3078806986674892,0.5193957077046694,0.2913982863197578,0.2786689867684499,0.2592976591518622,0.2556363683862304,0.2478740201860616,0.7502871146180617,0.2678705632619305,0.2598639601718407,0.2708155962604444,0,1,1,1,1,1,1,0,1,0,1,0,1,3393.9994681476,906.46764511864,15.2295144059024
90,dining room_10701.png,103.852,0.06624,0.4202,0.5802,0.1289,0.3196,0.2133,0.4227,0.3471,-2.74,0.01038,1.366,3.853,dining,0.5448514395697455,0.2599273001718982,0.3902115160936276,0.259989418835399,0.2384089376585025,0.2101578515011656,0.1832134920960252,0.1651204514145,0.8273899047511317,0.1995696567950587,0.1995001263710437,0.2016206152375148,0,1,0,1,0,1,1,0,1,0,1,0,0,4348.85701785088,799.310768603077,11.1754868031289
91,dining room_10703.png,89.766,0.02341,0.2487,0.4931,0.07325,0.2123,0.2148,0.4831,0.3658,-2.695,0.00302,1.371,4.335,dining,0.505062552283098,0.2566212464264427,0.3741429431014708,0.2541489261444415,0.2169136191036859,0.2093313855064172,0.2359227565521881,0.1843050947717531,0.8231300550985144,0.2205170083500097,0.184093868694814,0.2128231896130131,0,1,1,1,0,1,1,0,0,0,1,0,0,3194.21223023708,1158.82178559685,8.78291723174583
92,dining room_10705.png,93.501,0.06496,0.2943,0.7196,0.1597,0.2672,0.2473,0.5481,0.3536,-2.555,0.00814,1.347,4.268,dining,0.4386249798565219,0.2645533209574874,0.3566383344296774,0.2660893574204123,0.2554152639833737,0.2446129022849141,0.2121042441750682,0.2200377837025941,0.7672549032404486,0.2404802481057002,0.2473936006497933,0.2484648141897466,0,0,1,1,0,1,1,0,0,0,1,0,0,2837.46836503062,0.0,19.6639834416213
93,dining room_10725.png,85.605,0.07491,0.2783,0.4813,0.2262,0.2922,0.2034,0.3626,0.3892,-2.762,0.006565,1.396,3.966,dining,0.5637080026246185,0.2932026159709698,0.4266115699501565,0.3245172671039383,0.2795869290723924,0.2571830731737941,0.2652572204093171,0.2557100081693266,0.6930388226649556,0.2955018886737346,0.2696504071902424,0.3218270059015162,0,0,1,1,0,1,0,0,0,0,1,0,1,3752.18102996383,757.632428620291,27.9788293724194
94,dining room_10747.png,104.771,0.04164,0.1297,0.6399,0.2134,0.1843,0.2205,0.4455,0.3277,-2.567,0.01575,1.464,4.169,dining,0.5411040981146055,0.2776691837147825,0.3983265287226262,0.2803990089360836,0.2594018982601438,0.2261731139863444,0.301876900103905,0.2625219650589824,0.7233414074043154,0.2828899413936407,0.2778725139100279,0.2960066509034861,0,1,0,1,0,1,0,0,1,0,0,1,0,3595.49869336228,0.0,31.4865273197314
95,dining room_10758.png,126.654,0.01667,0.3735,0.4961,0.2006,0.2626,0.2901,0.3949,0.3868,-2.737,0.01452,1.31,3.845,dining,0.5526696397907306,0.2762679509837473,0.470050451944838,0.2533934800024311,0.2248664815655912,0.2171632287511663,0.2412957731558516,0.19804193474592,0.7264218322507727,0.2542757123432909,0.2226207966990452,0.2780150810485546,0,1,0,1,0,1,0,0,1,0,0,1,0,4357.33717585192,455.349905278927,23.1901761115902
96,dining room_10760.png,70.784,0.0769,0.5822,0.4191,0.09853,0.2128,0.2282,0.3923,0.3682,-2.843,0.01355,1.285,4.271,dining,0.5094789291875687,0.2883211029384272,0.3667387007380522,0.2925327401490863,0.2841509814735747,0.2516044535064409,0.2726274423369172,0.2165829661386589,0.7651498095083554,0.1993112885100411,0.2232323291636796,0.2613720395065955,0,1,0,1,0,1,1,0,1,1,1,0,0,3770.90302837755,1304.05342592988,15.1903965006059
97,dining room_10762.png,88.73,0.07906,0.5893,0.352,0.136,0.3526,0.2965,0.301,0.2796,-2.761,0.01321,1.214,3.922,dining,0.5650986050336391,0.2932628361800822,0.3859171254443456,0.2778901428438022,0.2524093546884068,0.2334298734633169,0.3107229931512196,0.2046384629922208,0.7915719420286156,0.2272755501348693,0.2013642385230182,0.2533421749441684,0,1,0,1,0,1,0,0,0,0,0,0,0,2373.93685369576,1307.69786206797,12.2060556629121
98,dining room_10764.png,84.858,0.1227,0.3205,0.5794,0.1688,0.3052,0.1681,0.3262,0.3676,-2.729,0.01695,1.379,3.802,dining,0.6024019868236764,0.2755805189814132,0.4012273719210434,0.2785855161813014,0.270713260479382,0.2531600135573409,0.2671361728826111,0.2202138825477292,0.7134945200659312,0.2687108975611965,0.2642383982020764,0.2745447567815895,0,0,1,1,1,1,1,0,1,0,0,0,0,4194.42511019586,1329.45889926449,16.1697576987807
99,dining room_10765.png,75.767,0.08264,0.2036,0.6129,0.1717,0.2258,0.2813,0.3884,0.3115,-2.918,0.009261,1.057,4.055,dining,0.5637979311069335,0.2616689827906914,0.3640017510819825,0.2813856706789022,0.249727238533909,0.2191143085630885,0.2073029918161611,0.1973691238065736,0.7660844642139755,0.2267685416328618,0.2241336179226959,0.2347967103521553,0,1,1,1,1,1,1,0,0,0,0,0,0,3472.17069887248,240.761772068906,12.4758509203663
100,dining room_10769.png,93.542,0.1335,0.4306,0.5687,0.1009,0.2098,0.2411,0.4022,0.3718,-2.742,0.01715,1.251,3.55,dining,0.4677151149264959,0.2733551078806713,0.3639179718864726,0.2855689715583881,0.2602609555751599,0.250174628964714,0.2801375131819768,0.2438235899301246,0.7621361196077789,0.2321105047530117,0.2619771852391547,0.2415730027415143,0,0,0,1,0,1,1,0,0,0,0,0,0,4421.49278490162,1517.6746325329,4.65482244842896
101,dining room_10777.png,103.785,0.1169,0.4832,0.5322,0.07629,0.2905,0.1926,0.4177,0.4318,-2.535,0.02133,1.411,4.045,dining,0.528819096665171,0.3074544756163513,0.3965184143568598,0.3035744485377195,0.2761810474681648,0.2740448772897504,0.2482754979529598,0.2603894734451655,0.7539631368225842,0.2908488069707001,0.2535851021174083,0.2777730688869156,0,1,1,1,1,1,1,0,1,0,0,0,0,3493.29541837584,383.909718494594,20.5734968173843
102,dining room_10839.png,94.012,0.08662,0.4637,0.4812,0.04526,0.2345,0.2401,0.3807,0.3819,-2.769,0.01487,1.312,4.056,dining,0.5354243503255338,0.3389073098241046,0.3698783135173822,0.3137002828608443,0.28406559089451,0.2528750249358792,0.419649168425016,0.2835526642505902,0.7845423498227063,0.2882709658492384,0.2687375002896228,0.2632461223162145,0,1,0,1,0,1,0,0,1,0,0,1,0,4571.57232522764,614.665938935747,26.1870133285359
103,dining room_10845.png,103.033,0.07409,0.3427,0.5309,0.1737,0.25,0.2158,0.3863,0.3576,-2.912,0.01802,1.306,3.887,dining,0.5587849121471911,0.3167630735156301,0.4422899053657246,0.2942434791264652,0.2670285660857598,0.2684367056202412,0.2297982517822542,0.2200406605730312,0.7899150169929864,0.2497208303953289,0.2186089141015051,0.2732551949995677,0,1,1,1,1,1,1,0,1,0,0,0,1,3961.07969264106,807.563981363427,28.7128460502323
104,dining room_10847.png,76.659,0.05393,0.5137,0.6173,0.05448,0.2013,0.2136,0.3305,0.3572,-2.922,0.005795,1.209,4.109,dining,0.5203589514731747,0.3085354265672236,0.4030095814641991,0.326013713960585,0.2681680946719282,0.2587353968558445,0.2483365461829644,0.2208815215279014,0.7917041165670855,0.3054976852237095,0.2426854353142282,0.2646280873364247,0,0,1,1,0,1,1,0,0,0,0,1,0,2765.86727373763,879.254668776882,1.88283631687758
105,dining room_10850.png,92.898,0.03675,0.1057,0.5907,0.2935,0.1713,0.2539,0.4557,0.3071,-2.905,0.00446,1.274,4.092,dining,0.461943852685308,0.2676093096760469,0.36025089892627,0.2896276112775754,0.25001932653459,0.2417198043917655,0.2825131130685999,0.2203602886901938,0.7374572847336531,0.2352739256638678,0.2389085896294545,0.2811553963962479,0,1,1,1,1,1,1,0,1,0,1,0,1,4269.39002044907,859.608934854966,10.4639278031997
106,dining room_10851.png,84.312,0.06364,0.4592,0.6207,0.05898,0.2622,0.2789,0.4569,0.3254,-2.602,0.00956,1.277,4.187,dining,0.5116533274199272,0.3039028764963823,0.340448190142902,0.2891824255177558,0.2336471101633111,0.2236762641101989,0.3386869702689109,0.2669181152612035,0.8178131223765659,0.2835161873157736,0.2487827146688042,0.2307793942873862,0,1,0,1,0,1,1,0,0,0,0,0,0,3944.83271693617,0.0,22.3752818339469
107,dining room_10852.png,68.165,0.1036,0.327,0.6245,0.04424,0.2405,0.1554,0.4018,0.3105,-2.888,0.005006,1.295,3.713,dining,0.5601419320688104,0.3131430683770139,0.387949709615256,0.336752855515543,0.310427614885409,0.2983311799817924,0.229201423516535,0.2296773665092557,0.7642067223859818,0.3031362054820275,0.2651428367055254,0.2831890656113235,0,1,0,1,0,1,1,0,1,0,0,0,0,3695.36868884394,520.635435923762,10.9203640640896
108,dining room_10853.png,83.008,0.057,0.5512,0.5452,0.07215,0.3361,0.2149,0.362,0.3786,-2.863,0.01197,1.262,3.864,dining,0.4863345890140933,0.2823413868491935,0.4389002531574829,0.2716662789421155,0.2503845582105798,0.2363188962466223,0.2432329463317836,0.2507865834553654,0.7821754203102034,0.2484581026317878,0.2136737781009933,0.2485242535412978,0,1,1,1,1,1,1,0,0,0,0,0,1,4020.03816247755,497.465505366792,11.6658642247805
109,dining room_10856.png,121.55,0.07442,0.2764,0.4418,0.1532,0.2732,0.3312,0.4072,0.4384,-2.722,0.01448,1.334,3.75,dining,0.5333224062558036,0.2991365907898525,0.4497653955617936,0.2772336365413902,0.2755797501022018,0.242965616764542,0.2355478485488164,0.222464250628241,0.6704304729481592,0.2444643155478035,0.261836011856992,0.2985092088336703,0,1,0,1,0,1,0,0,1,0,0,0,0,4086.70244997033,589.995261741247,15.4859810209613
110,dining room_10859.png,77.558,0.02671,0.1454,0.3995,0.2117,0.1497,0.2547,0.3431,0.4037,-2.724,0.0172,1.285,4.168,dining,0.6062658774290403,0.2922629793423816,0.4478968709765222,0.2858386237901107,0.2596663012084909,0.2639225639366155,0.293450698819841,0.1877099574728883,0.7471359271833262,0.3160009346673406,0.2371209480661639,0.2954314787922165,0,1,1,1,0,1,1,0,1,0,1,1,0,3950.04848087802,1258.08531287623,16.0682631062879
111,dining room_10860.png,67.285,0.07636,0.3528,0.4934,0.2469,0.2718,0.2164,0.3665,0.3676,-2.651,0.004429,1.253,4.204,dining,0.5904635932248637,0.2811767674563764,0.4084862753007436,0.2851948728770853,0.2487830542461485,0.231586454124532,0.2800139293282138,0.2062089647869593,0.7857754444088652,0.2522321504114848,0.1841754998233983,0.2650391817825309,0,1,0,1,0,1,0,0,0,0,1,0,0,2944.53789722443,829.82346040124,20.8774908446846
112,dining room_10862.png,137.524,0.09908,0.5448,0.6481,0.1084,0.3317,0.3023,0.3505,0.2837,-2.746,0.04042,1.419,3.356,dining,0.4950837493182293,0.3005051028752495,0.3661858718448988,0.3047469853810793,0.277059487755769,0.2884921619569718,0.3170471920593953,0.2252900974668751,0.7245679243064029,0.3049326166989801,0.2813656990195424,0.2785698046626199,0,0,0,1,0,1,1,0,0,0,1,0,0,5218.72783733143,1587.2885689773,25.7875574848323
113,dining room_10870.png,62.58,0.2009,0.2329,0.4083,0.2056,0.2948,0.2175,0.3574,0.3238,-2.881,0.01453,0.9903,3.257,dining,0.4884360266425083,0.2551723584690371,0.3058118686623955,0.268287528833549,0.2467398788895274,0.211982492945655,0.1970449301394042,0.181741384341235,0.6958692093430779,0.2552845865912804,0.2439819500074675,0.248242971130836,0,0,0,1,1,1,1,0,0,0,0,0,0,5628.37061116856,2561.16992114013,24.9264172325739
114,dining room_10874.png,92.465,0.137,0.3017,0.4887,0.2441,0.2501,0.2534,0.4342,0.3607,-2.764,0.01714,1.275,3.81,dining,0.5395495894805625,0.2759353571354136,0.4003717807801945,0.2665527137627954,0.2246921753180952,0.2256589294248097,0.2903331218141607,0.2142627347713231,0.82517779846529,0.2424019345537312,0.1916379266346019,0.2311665958718133,0,1,1,1,0,1,1,0,1,0,1,1,1,4167.39338595722,421.910639074519,20.9500146669033
115,dining room_10877.png,63.587,0.09726,0.4587,0.5871,0.04472,0.2224,0.2228,0.4606,0.3442,-2.875,0.007356,1.26,3.975,dining,0.4960827229892524,0.2782817782714691,0.3487942326655442,0.2852466255684016,0.236405401947766,0.2372460979585457,0.2220051025124902,0.2072409672259866,0.8042473488547562,0.2465916338877551,0.2342705124067215,0.2389141718401607,1,1,1,1,1,1,1,1,0,0,0,0,1,4094.26452777149,802.586589461334,2.64064690369334
116,dining room_10886.png,62.081,0.07045,0.3493,0.6833,0.08933,0.2777,0.1492,0.3718,0.3242,-2.712,0.03016,1.261,3.686,dining,0.5223078018873917,0.302656553076298,0.3615117318482972,0.3102163356972927,0.2849294263616539,0.3069895556390979,0.2476926550722432,0.2290950971327362,0.8237937289478465,0.2473002390520165,0.2241400680860721,0.2413429029665267,0,1,1,1,0,1,1,0,0,0,0,1,1,4644.79384524664,548.398681879825,14.7073157432037
117,dining room_10887.png,94.176,0.07904,0.4326,0.6043,0.1135,0.2733,0.1955,0.3809,0.3716,-2.757,0.01135,1.413,4.27,dining,0.5747462375513439,0.3183717991464435,0.4356017963741193,0.2939266039671036,0.2810177662520428,0.2612922184966895,0.2318575072789584,0.2280067568335743,0.823527153276131,0.2763612563941428,0.212987382249578,0.2482965092207533,0,1,1,1,0,1,1,0,0,0,0,0,0,3167.48824579219,436.071448865489,7.52344235724232
118,dining room_10890.png,107.086,0.07539,0.3449,0.3547,0.1647,0.1999,0.2708,0.5105,0.4205,-2.708,0.01216,1.433,3.812,dining,0.5767307656084357,0.2839415642341704,0.5254299699331002,0.2776900770968175,0.2807767045941405,0.2400174073701395,0.2440735736303779,0.2399545330127122,0.5544670809883411,0.4073049091763829,0.3044416299756176,0.4336896549660726,0,1,0,1,0,1,1,0,0,0,1,0,0,2759.03655615652,173.946979837635,26.6277475577498
119,dining room_10897.png,110.543,0.05711,0.4489,0.4148,0.1442,0.2879,0.2353,0.3872,0.4438,-2.257,0.02021,1.447,3.96,dining,0.5188871874108816,0.261862739904909,0.3247753059326746,0.2705285764428307,0.2210789739071056,0.205420675209081,0.343037535151603,0.2441447724895329,0.787730129121768,0.2259467947506674,0.1976301529805985,0.2395759045265453,0,1,1,1,1,1,1,0,0,0,0,0,0,3406.24649955019,661.334771451035,14.2748028660818
120,dining room_10898.png,94.726,0.06514,0.4365,0.5994,0.075,0.2994,0.2605,0.3516,0.232,-2.889,0.02741,1.304,4.286,dining,0.510657560578877,0.3069172746932115,0.4308811149166127,0.2925600257462201,0.2796710868018711,0.2597370512509805,0.3393584179903863,0.2587676288486489,0.7553344364122805,0.2671637294817847,0.2747403797065004,0.2384615466956839,0,0,1,1,0,1,1,0,0,0,0,0,0,2602.7758515041,0.0,16.9432833329104
121,dining room_10900.png,94.964,0.0888,0.484,0.5537,0.05926,0.2635,0.2524,0.3769,0.3855,-2.751,0.007708,1.344,4.139,dining,0.5129470723024617,0.286253744378019,0.3963004343657898,0.2855831752457488,0.2579098450066054,0.2291485118441807,0.1960735227785723,0.2150220863644679,0.7242775437156607,0.2529954210788165,0.2471746086565087,0.3104445367172831,0,1,1,1,1,1,0,0,0,0,0,0,1,3417.95933482769,737.782060956498,21.6903577903443
122,dining room_10903.png,63.963,0.08765,0.4653,0.5927,0.04897,0.2345,0.1911,0.5082,0.2835,-2.826,0.01015,1.163,3.752,dining,0.5269447540627709,0.2761535773444818,0.4397646945308245,0.2823484690677481,0.2442878931677049,0.2345042896256659,0.183875687592748,0.1945457522700079,0.8023577122074977,0.2576282216430259,0.2551031067952472,0.224432213776739,0,1,1,1,0,1,1,0,1,0,0,0,1,4059.44004899593,728.046472246431,14.3575683700093
123,dining room_10904.png,75.061,0.1094,0.46,0.5607,0.05612,0.2562,0.224,0.454,0.3849,-2.627,0.01985,1.272,4.024,dining,0.560901613981492,0.2828752772814445,0.3812083028260952,0.3113661457034881,0.25609029519795,0.2395932312872378,0.2354060494549059,0.2072042485255317,0.802215430096274,0.2706195037999885,0.2002312871139232,0.2665646976321774,0,1,0,1,0,1,0,0,0,0,0,0,1,4930.07749875684,660.744079128919,5.56436315970853
124,dining room_10905.png,91.007,0.1133,0.2828,0.5606,0.1081,0.2544,0.2124,0.4088,0.3608,-2.73,0.03005,1.331,3.686,dining,0.4445070157395124,0.2838798564575731,0.3814498487737306,0.2498371910298402,0.277309521626083,0.250987445250066,0.2330367328086189,0.212518332398055,0.7289560103207816,0.235458498895677,0.2619098072411907,0.2324123198660392,0,0,0,1,0,1,1,0,0,0,0,0,0,4489.05470360954,306.160518701384,9.34512888411413
125,dining room_10907.png,69.36,0.1165,0.2421,0.428,0.1763,0.2318,0.1967,0.4539,0.3502,-2.863,0.009093,1.157,3.744,dining,0.5844659607307647,0.3010861380158871,0.4072455229119338,0.3104380232932802,0.279629552309018,0.2485555590790419,0.2599537197753047,0.2245164770836287,0.7961190552836176,0.2910055098983107,0.2490955539556996,0.2686370642008073,0,1,1,1,0,1,1,1,1,1,0,1,1,4591.89371224113,495.12787655865,19.2620743220343
126,dining room_10908.png,132.886,0.029,0.3478,0.4821,0.1838,0.2604,0.2513,0.4527,0.3974,-2.497,0.006841,1.473,3.849,dining,0.5180033368003049,0.3058681307558406,0.4425716610815235,0.2898157719302847,0.2518744093601239,0.2550407667689555,0.2997933059240372,0.235873190326353,0.7861672767920467,0.2520784826369583,0.217897955802259,0.2656587852622776,0,1,1,1,0,1,1,0,0,0,1,0,1,3547.66383300024,394.055818294015,21.3602235031149
127,dining room_10912.png,62.433,0.04678,0.4434,0.6273,0.08529,0.2535,0.1943,0.4138,0.2239,-2.85,0.01312,1.275,3.749,dining,0.5388893560675306,0.28989264073591,0.469076224206881,0.2850324964427097,0.2836276976095557,0.2665652334947611,0.2202083776437097,0.2051942080219968,0.7671885828828012,0.3249147158202044,0.3025407998076766,0.2305385479244432,0,1,1,1,0,1,1,0,1,0,0,0,1,4482.26148926695,748.984093271896,5.55611019028332
128,dining room_10921.png,92.013,0.02871,0.3891,0.3418,0.1516,0.2906,0.2573,0.3399,0.3476,-2.685,0.01325,1.309,4.063,dining,0.417601312639179,0.265158713753341,0.3534022915820338,0.2915580279188645,0.2289617622892381,0.2247857348876316,0.3153218227350289,0.2090207498253839,0.7888308489149448,0.1886804836382426,0.1766217041219349,0.2529797927148874,0,1,0,1,0,1,1,0,0,0,0,0,0,3922.40541969706,201.127661462061,23.0202238094182
129,dining room_10926.png,103.041,0.09302,0.285,0.4059,0.2087,0.2961,0.2194,0.3716,0.4207,-2.927,0.01994,1.311,3.892,dining,0.5793191933758653,0.2937095785565101,0.4124558975792213,0.3222212063775712,0.271528747734358,0.2477705854651746,0.2797178104233251,0.2369150750929093,0.6920218173338476,0.2826903814114549,0.2541288774791195,0.3239536815629692,0,1,1,1,1,1,0,0,1,0,0,0,0,4093.07472493812,1158.75693705368,26.8449418752424
130,dining room_10934.png,94.39,0.07483,0.483,0.5874,0.1025,0.3684,0.2146,0.4261,0.3778,-2.703,0.01354,1.311,3.899,dining,0.5272590836908202,0.2923956047032259,0.4197560826318246,0.2755886543712458,0.2813581605193662,0.2721608990200381,0.2259803488507396,0.2230716537380981,0.7210252938658764,0.2654904715708021,0.2772638269712434,0.2723450676799335,0,1,0,1,1,1,1,0,0,0,0,0,0,3023.64347672802,524.294654038117,13.6893997139704
131,dining room_10935.png,75.438,0.1055,0.2839,0.6401,0.0682,0.2193,0.1595,0.4007,0.3126,-2.871,0.006027,1.41,3.789,dining,0.5757304582197545,0.3239127568752988,0.3955567530373939,0.3171102800464082,0.3234283369576588,0.3254010933190266,0.212522959404565,0.216088910982232,0.7788858471432871,0.3146312075944696,0.2645575482761766,0.2787372858325238,0,1,0,1,0,1,1,0,1,0,0,0,0,2990.45245020573,1301.55516818048,6.61901137799028
132,dining room_10938.png,102.523,0.05087,0.2366,0.5343,0.1788,0.2362,0.2798,0.3879,0.3299,-2.723,0.008424,1.391,4.217,dining,0.5277278686808236,0.2706590247097779,0.4081422601762781,0.2852230143370297,0.2567335182265081,0.2254124392912426,0.288053081593224,0.1981082134811523,0.7459172083924219,0.2633485520737291,0.2454635894630458,0.2558833570502032,0,1,0,1,1,1,1,1,1,0,1,0,0,3695.26231719742,0.0,24.1405817613689
133,dining room_10944.png,124.28,0.02011,0.5588,0.3872,0.0793,0.3701,0.2288,0.4291,0.3989,-2.733,0.007513,1.404,4.164,dining,0.4431708142178888,0.2755269339981998,0.4194058862182516,0.2588777393970775,0.2189560866360534,0.2337974630515673,0.2428001354578998,0.2461042015058883,0.7830167332764552,0.1929341151019181,0.1811712082782598,0.2298874367284896,0,1,0,1,0,1,1,0,1,0,1,0,0,3273.28076586246,418.220601196352,23.5554340542265
134,dining room_10951.png,80.421,0.09406,0.5914,0.476,0.06028,0.2908,0.2991,0.4018,0.3465,-2.887,0.008824,1.149,4.185,dining,0.5245008543562387,0.3097171742720608,0.4287965943778307,0.299741024417056,0.2624202791934611,0.2474120208034389,0.264074385613098,0.2519388493150074,0.7830578435888557,0.3164742864888515,0.2417895470974339,0.2711757637814872,0,1,1,1,0,1,1,0,1,0,1,0,1,3852.02840356513,459.686139200352,18.3880180227128
135,dining room_10952.png,109.972,0.03641,0.4194,0.6281,0.07274,0.267,0.27,0.3648,0.4248,-2.722,0.005957,1.366,4.117,dining,0.5076938844333578,0.3080966372312599,0.4060901569832347,0.3114257359855173,0.2404270322206189,0.2385222560983393,0.3025667699445082,0.2630652603599768,0.8338096484565011,0.2809796077564903,0.2189232368400365,0.2416066642217497,0,0,0,1,0,1,0,0,0,0,1,1,0,4012.8088092656,607.226782325647,24.2035663821101
136,dining room_10953.png,97.597,0.05495,0.316,0.5804,0.1569,0.174,0.2692,0.3585,0.3981,-2.808,0.007672,1.342,3.99,dining,0.600333408207091,0.3060349736424519,0.4935110718551632,0.2964995717765917,0.2681217805601206,0.2464812444289982,0.268361868760133,0.2428016602005885,0.7642777249698439,0.2673708231990625,0.2258611941956801,0.2846627386315557,0,1,0,1,1,1,1,0,0,0,1,0,1,4088.56446917029,372.126316957126,18.8606630658246
137,dining room_10956.png,123.874,0.3284,0.1457,0.6103,0.2651,0.1601,0.2269,0.453,0.4922,-2.922,0.01894,1.317,3.941,dining,0.5052368692297643,0.2696089800452453,0.4342366525621475,0.2684045520208023,0.2236958227046726,0.2178124098542657,0.2914373263212617,0.2339639131928323,0.7783455144821075,0.2427152363860303,0.2211517488201148,0.2475516253823564,0,0,0,1,0,1,1,0,1,0,0,0,1,4142.02443942172,168.725623416484,15.2146189297642
138,dining room_10959.png,69.325,0.07445,0.3628,0.5066,0.157,0.2625,0.159,0.3593,0.3522,-2.697,0.01699,1.27,3.576,dining,0.5961824363963877,0.2973176711368606,0.3628758552131622,0.2892192884748622,0.3028807408380041,0.2553564021487228,0.2752011169003689,0.2191868758351486,0.8225140519436984,0.2409415365140827,0.2079195189204746,0.2472197532076507,0,1,1,1,0,1,1,0,0,0,0,0,0,4681.33413063531,248.864382603279,7.38900994415087
139,dining room_10964.png,130.413,0.1218,0.4537,0.3703,0.1038,0.2387,0.3052,0.4995,0.4125,-2.658,0.006351,1.395,4.112,dining,0.4616699377724773,0.3188580958273391,0.5183404261388879,0.2836919749757892,0.2475094239404359,0.2304171697432483,0.2742959790933202,0.2744115009117491,0.804761672626499,0.2102622864789054,0.1818923802021016,0.2655080718160023,0,1,1,1,1,1,1,1,1,0,1,1,1,3244.79259708309,343.313706871584,21.323782982992
140,dining room_10969.png,80.27,0.07232,0.3455,0.6655,0.06483,0.235,0.2528,0.3036,0.2696,-3.057,0.01271,1.134,4.038,dining,0.5405468612648484,0.2911022623726547,0.4039947183973242,0.2804175382696788,0.259472004221484,0.2302627773372977,0.2455447524749811,0.206562337365054,0.7274297082248405,0.3158346469425838,0.305108201984109,0.2426060852124952,0,1,1,1,1,1,1,0,0,0,0,0,0,3504.9380540598,307.010840060317,6.63549750849143
141,dining room_10973.png,82.812,0.08917,0.2883,0.515,0.1093,0.1956,0.2585,0.4199,0.3651,-2.775,0.007477,1.221,3.568,dining,0.4641234599941197,0.2798277765276376,0.3799314478241411,0.2937390543206306,0.2411788134348026,0.2294239825344918,0.2955128458637339,0.278786521707016,0.7323357828988754,0.2469281479624655,0.2600879227214999,0.2581982496840102,0,1,1,1,1,1,1,0,1,0,1,0,1,4903.40192861635,919.775809061936,13.1666215081891
142,dining room_10981.png,81.01,0.09706,0.5501,0.6147,0.07358,0.3208,0.2332,0.4067,0.3902,-2.776,0.007573,1.33,3.986,dining,0.5280305573234181,0.283401252946286,0.3593296398835475,0.2724878874275339,0.2403163007828221,0.2183854558475678,0.276517421097525,0.2486681733328253,0.8418567191487069,0.2528873928379342,0.1691620286390416,0.2411064098494475,0,1,1,1,0,1,1,0,0,0,1,0,0,3620.44296411437,1054.10041156225,8.57384497196861
143,dining room_10983.png,57.699,0.09005,0.4973,0.5138,0.03919,0.1748,0.1905,0.3787,0.2677,-2.936,0.01132,1.266,3.784,dining,0.5974885857917885,0.2882424674831129,0.4506552298302634,0.2961042758059028,0.2671362857291009,0.2385601638169497,0.2531917688658234,0.2065813039372093,0.8338994051926439,0.2685768158251165,0.1819245822242211,0.2712127745999162,0,0,0,1,0,1,0,0,1,0,0,0,0,3357.29457853996,965.660216178478,29.5508142935454
144,dining room_10984.png,115.566,0.0645,0.4385,0.5957,0.07482,0.2663,0.2408,0.4644,0.3099,-2.867,0.02158,1.345,3.799,dining,0.4856083180534737,0.2842389084414187,0.3604069853868791,0.2787379020017317,0.2473397057750168,0.2104510390023626,0.2783484442924221,0.2544581571189522,0.8074329477673783,0.2258904103533754,0.1958269531127354,0.2466136275376022,0,0,0,1,0,1,0,0,0,0,0,0,0,4166.74166703282,449.899176098472,15.9783836738077
145,dining room_10985.png,71.481,0.1762,0.2984,0.5189,0.1624,0.275,0.161,0.3562,0.3484,-2.543,0.00924,1.342,3.962,dining,0.5668013998102074,0.3065089824533275,0.3362311600363749,0.2866751220570619,0.3166660450176749,0.2513422087031292,0.2407959933365513,0.2099645763813874,0.7263350301849305,0.2678786586505891,0.2510185378420321,0.2591538467013452,0,1,1,1,0,1,1,0,1,0,0,0,0,4158.12404955069,1244.22054804195,8.45923226621301
146,dining room_10987.png,68.488,0.07568,0.2429,0.4095,0.196,0.2145,0.2457,0.3577,0.4051,-2.796,0.008743,1.323,3.7,dining,0.4175485575242038,0.2793889148664343,0.4038169926173053,0.2909326733964189,0.2179552247468439,0.2133025143389608,0.3221769529238656,0.2738831992653505,0.7559797462905454,0.2620606579820017,0.2426497406026556,0.2462945146153227,0,1,1,1,1,1,1,0,1,0,1,0,1,4594.84219336363,504.136976910018,5.61917268787427
147,dining room_10990.png,87.71,0.05392,0.4123,0.5032,0.1959,0.2434,0.2745,0.3235,0.3282,-2.993,0.008448,1.26,3.749,dining,0.4980340243241425,0.3056953706798067,0.3574846064703612,0.2992958462713388,0.2862761053709649,0.3001500677390852,0.2417466853047891,0.2147483014358965,0.8063702706953553,0.27304333893865,0.2198660353825961,0.2544525039633135,0,1,1,1,1,1,0,0,0,0,0,0,0,4375.81318773982,701.289509607576,19.4611957035402
148,dining room_10995.png,70.575,0.006748,0.1997,0.6063,0.2106,0.2478,0.2291,0.54,0.2266,-2.638,0.009147,1.297,4.054,dining,0.5582371015703969,0.2979999511899314,0.4122855788252259,0.2946090808584882,0.2604091641295681,0.2526263317165179,0.2130633479674603,0.2104782135374237,0.730295917561503,0.3516582761701977,0.2904052635706179,0.2862277221916682,0,1,1,1,1,1,0,0,0,0,1,0,0,3897.67155620005,0.0,18.9410632586975
149,dining room_10998.png,84.017,0.09785,0.26,0.455,0.1236,0.2553,0.3072,0.4142,0.3559,-2.853,0.009459,1.251,4.05,dining,0.5364833591227528,0.2950924571915935,0.4054173638727336,0.2957724824828564,0.2594697708801781,0.2500780763019831,0.2929433202089903,0.257018320954628,0.7850060254809007,0.2583086567824791,0.2229963277877311,0.2771072304452589,0,1,0,1,1,1,1,0,1,0,0,1,0,3834.95955893846,503.870106655754,21.148132819914
150,dining room_10999.png,78.64,0.09675,0.5099,0.3587,0.08748,0.2088,0.2288,0.4389,0.4128,-2.727,0.03309,1.35,3.962,dining,0.5330855135990115,0.2794788604763064,0.3682261890034652,0.2841596487453517,0.2309101039010678,0.2222849929705868,0.3396074569921651,0.2045840659243758,0.744179010672787,0.230636442182516,0.239474086885894,0.2840801000571359,0,1,1,1,1,1,1,1,1,0,0,0,0,3965.67622041516,332.999640448515,25.6044915054918
151,dining room_11002.png,91.281,0.09249,0.3281,0.6438,0.07121,0.2641,0.2259,0.3439,0.3022,-2.924,0.02067,1.291,3.838,dining,0.5088789725580584,0.311085632021554,0.3744101776860155,0.2978969395746721,0.292326800315098,0.3020081919355953,0.2676014142867547,0.2510068857794932,0.8330596611800495,0.2646784462039782,0.2229560528498304,0.2292994791962379,0,1,1,1,1,1,1,0,1,1,0,0,0,3927.84036024466,325.837602379746,11.0866314406471
152,dining room_11003.png,67.709,0.05363,0.2521,0.6183,0.256,0.195,0.2012,0.3809,0.3805,-2.662,0.01052,1.236,3.72,dining,0.4582667760757604,0.2857627363868909,0.3356149631729511,0.3111503834034225,0.2481281699399398,0.23163492670238,0.2657886684133331,0.2326694831962356,0.7793053755334607,0.2789967076137487,0.2314283879250518,0.249575200907221,0,1,0,1,0,1,1,0,0,0,0,0,0,4885.5000069518,1617.54486346647,11.6498330982542
153,dining room_11004.png,112.701,0.09022,0.3952,0.4767,0.07778,0.2297,0.2545,0.3916,0.3587,-2.835,0.01575,1.294,3.758,dining,0.5650744517501586,0.3112839999465014,0.4080321192375405,0.3213122984573891,0.2872532318852657,0.263103715588768,0.3128923065161311,0.24974646979703,0.7955845460128186,0.2979002509881928,0.2319534619251255,0.27283523013368,0,1,1,1,1,1,0,0,1,0,0,0,0,4674.82239575887,1093.62197221544,6.95395195440826
154,dining room_11005.png,111.825,0.08895,0.3716,0.5037,0.07737,0.2236,0.2984,0.3899,0.4147,-2.843,0.02051,1.362,3.942,dining,0.4487880117822117,0.2575903789428382,0.3979133506578381,0.280075353481526,0.2114980093382171,0.1901447930286514,0.312311559017997,0.2498821661926803,0.7411655170603134,0.2180915296844416,0.2561245712705547,0.2323338664322154,0,0,1,1,0,1,1,0,1,0,1,1,0,3307.28301044349,653.845893054931,10.6823547954942
155,dining room_11020.png,71.314,0.06712,0.5503,0.3215,0.04764,0.2222,0.1624,0.4683,0.4138,-2.44,0.01642,1.585,3.825,dining,0.5574468470286793,0.3023177901768757,0.5128869280032612,0.2673315406499635,0.2416543237859905,0.2188922917824698,0.2590063908812341,0.226321869864136,0.8421478276564747,0.2474943269447206,0.151136059437217,0.2589027038052373,0,0,1,1,0,1,1,0,1,0,0,0,0,4401.99669682699,506.224235930981,20.0573236838066
156,dining room_11024.png,94.828,0.1021,0.4233,0.4674,0.04493,0.188,0.2501,0.4311,0.3622,-2.805,0.009591,1.338,4.203,dining,0.4464537447675766,0.2832433703151291,0.3839965602258358,0.2798896721166454,0.2086601661057661,0.2220482603762258,0.4531530907276143,0.2507803167602692,0.8689584033309222,0.2256990619272926,0.1739966827901432,0.2109348141047269,0,0,1,1,0,1,1,0,0,0,1,1,1,3166.0702834301,0.0,16.2509286556074
157,dining room_11029.png,95.618,0.08055,0.6551,0.6568,0.01848,0.1482,0.1792,0.3934,0.3502,-2.713,0.0124,1.48,4.023,dining,0.5787708480287297,0.2958813849449946,0.4657365434645339,0.2986646864854679,0.2674820100978519,0.2418428078242738,0.2524745256022729,0.2105709557786508,0.6920764057031519,0.312660675545578,0.3188380323584496,0.2770722364712416,0,0,1,1,0,1,0,0,0,0,1,0,1,3482.38016235396,615.687441233563,24.1825283048131
158,dining room_11035.png,131.204,0.1051,0.2922,0.5323,0.1667,0.2566,0.1716,0.5261,0.4792,-2.235,0.00579,1.651,4.204,dining,0.4293614618511366,0.2595477799107094,0.3120531848137648,0.2676185757948215,0.2262606253406366,0.2201401122356295,0.3016295535105379,0.291058988994494,0.7035025329924579,0.2453147581641312,0.2484886042943613,0.2520606807423589,0,1,1,1,0,1,0,0,0,0,1,0,0,3783.90683550122,355.623661253351,14.6138016541623
159,dining room_11039.png,104.294,0.05856,0.5138,0.5587,0.1079,0.2739,0.2476,0.4727,0.4204,-2.631,0.01215,1.411,4.191,dining,0.4822432832798755,0.3055857710314379,0.4610656463843965,0.3064721258417326,0.261552448651658,0.2668102759213912,0.3337711007144734,0.2906238388782015,0.7992897152993732,0.2633762934603679,0.2565251324716976,0.2477296687831813,0,1,0,1,0,1,1,0,0,0,0,0,0,2442.62107506815,888.469543514918,22.1025601480846
160,dining room_11043.png,102.702,0.0622,0.2635,0.544,0.1316,0.2175,0.2114,0.4501,0.394,-2.767,0.01273,1.37,4.075,dining,0.519074307258155,0.2766894082756269,0.4021350970981967,0.268510520810837,0.2509505171819336,0.2393841661850771,0.2706899010149505,0.2162585979829768,0.6485426680808059,0.251767790173766,0.2992648088651048,0.2811624150527326,0,0,1,1,0,1,1,0,0,0,0,0,0,2988.2009462378,518.206920804418,13.553502417196
161,dining room_11048.png,107.632,0.9936,0.1731,0.3646,0.3299,0.1457,0.2926,0.3911,0.4442,-2.762,0.01812,1.33,3.548,dining,0.4360959889443364,0.2648284253577144,0.3387892815856592,0.2647572288677879,0.2236499850273811,0.2233289099008302,0.2605000122044348,0.1799352069378962,0.7855965427124759,0.161890596683474,0.1710316941937832,0.2564913261159638,0,1,1,1,1,1,0,0,1,0,1,0,0,4611.37735740458,1323.75163950411,32.0817581040625
162,dining room_11055.png,79.133,0.0643,0.6764,0.5399,0.0874,0.3154,0.1662,0.4139,0.3364,-2.967,0.01418,1.393,3.64,dining,0.5745031511302992,0.2911606003446816,0.472110636489466,0.2744770514144588,0.2570926459988742,0.2520037369888056,0.2094979575723137,0.1975253989473963,0.8080200888240902,0.2695498101256272,0.2187539356933121,0.2316017302041075,0,0,1,1,1,1,1,0,0,0,1,0,0,4242.77554219903,618.921884330639,14.6683532164134
163,dining room_11056.png,108.815,0.08164,0.3282,0.5097,0.1325,0.2877,0.2291,0.4163,0.3963,-2.649,0.01167,1.338,4.072,dining,0.4712551356689798,0.279990710339174,0.3800024193541836,0.2903682701197371,0.2202114821516225,0.2227433122860423,0.2963227532793087,0.2721122435039804,0.7598241298417695,0.2967817519326611,0.2388467897847352,0.2589978439728824,0,0,1,1,0,1,0,0,0,0,0,0,0,3529.43992391161,547.286438241492,16.8284269547203
164,dining room_11060.png,95.927,0.1186,0.4257,0.3881,0.1055,0.2418,0.2141,0.4057,0.3791,-2.564,0.006802,1.391,4.069,dining,0.4873185499333413,0.2756922401195634,0.3807183820112309,0.284839287297401,0.2696584478804187,0.2424387291490892,0.2243597149254487,0.2417571174620694,0.7633031109060979,0.2035125842140065,0.2320618484800578,0.2713625051413365,0,1,0,1,1,1,1,0,0,0,0,1,1,4204.12187417214,779.891680853516,19.9586298305882
165,dining room_11066.png,70.23,0.1576,0.1946,0.5426,0.1395,0.1922,0.2505,0.3352,0.3228,-2.75,0.03048,1.204,3.656,dining,0.5230279190310788,0.2971757273384329,0.3061105442548265,0.2987812639540313,0.2788562829337663,0.2531581566315798,0.2287188283195139,0.2055286329546564,0.7380477012541443,0.2813670628875095,0.2528825230834792,0.2741547921957015,0,0,0,1,0,1,0,0,0,0,1,1,0,4462.81287513696,284.049893667301,12.8355428060486
166,dining room_11067.png,79.555,0.06945,0.7955,0.3498,0.0422,0.1742,0.2076,0.4928,0.413,-2.68,0.01111,1.452,4.232,dining,0.4272676961493206,0.295938469028625,0.4224951241926507,0.2907455719363366,0.2422253165902195,0.2155426310248537,0.326132517690151,0.2379819588041153,0.8016058468313879,0.2276315713241302,0.1831313648340509,0.2808490581061038,0,1,1,1,0,1,1,0,1,0,1,1,0,3882.93860043289,574.268429092304,15.4117088351553
167,dining room_11072.png,72.609,0.1021,0.6319,0.4866,0.06835,0.2491,0.2403,0.35,0.3322,-2.665,0.04802,1.297,4.157,dining,0.5059459431993529,0.2957406096118044,0.303215034033391,0.3084994084970806,0.2877528010199628,0.248783362924648,0.3651746498679711,0.2455319725388322,0.7813323994036787,0.2783667074082208,0.2711859846554622,0.2404803759514716,1,1,0,1,0,1,1,0,1,1,0,1,0,3875.87395791891,879.258388009422,9.07762524151612
168,dining room_11073.png,97.528,0.05053,0.1187,0.6216,0.2064,0.1205,0.2306,0.4817,0.3483,-2.629,0.01334,1.335,3.553,dining,0.5108917764597294,0.2860573827621031,0.426028577505584,0.2990442088649422,0.2633900132314112,0.2544244474908152,0.2525295184367028,0.2298002612382899,0.6421398361949884,0.3079423752255844,0.3244372958475551,0.306226754046324,0,1,1,1,1,1,0,0,1,0,0,0,0,5075.81890680543,522.78541502702,17.8551059024357
169,dining room_11078.png,71.116,0.09315,0.4931,0.5249,0.05061,0.2244,0.2083,0.471,0.3293,-2.846,0.009368,1.282,3.788,dining,0.6151880134104208,0.30046441919326,0.4219309962343806,0.2968552064805399,0.2584697506301493,0.2360020076558797,0.2856385201357239,0.2425109086715623,0.8378556166337343,0.2999838567920811,0.2067394221039632,0.2378401095919761,0,1,1,1,0,1,1,0,0,0,0,1,0,4343.29225874719,490.490669899702,15.0994259325506
170,dining room_11082.png,101.864,0.1901,0.1721,0.4628,0.2696,0.1727,0.2513,0.4278,0.4193,-2.788,0.00512,1.385,3.831,dining,0.6172068038099606,0.2865513200944512,0.4213001439270521,0.2829387039845369,0.2794989319756599,0.2534600144009679,0.266267002518609,0.2141685398085146,0.623887179892044,0.2733552500181991,0.2535565558581149,0.3751899971347949,0,1,1,1,1,1,1,0,0,0,0,0,1,3474.85519002016,429.802606957633,20.3637238379365
171,dining room_11084.png,118.53,0.1517,0.1804,0.5649,0.08424,0.1748,0.2328,0.6254,0.4173,-2.484,0.02917,1.348,3.632,dining,0.5117588360350979,0.2499898765238312,0.3046596346278713,0.2717617133499461,0.2329228531710172,0.2184694918927525,0.2849712330876687,0.2170304784959026,0.6808064809528093,0.2215592419399248,0.2503614604064639,0.2474080678474382,0,1,0,1,0,1,1,0,1,0,1,0,0,3912.43573183261,653.354594748175,16.3861715886415
172,dining room_11087.png,115.455,0.06508,0.07538,0.6698,0.1545,0.1149,0.2843,0.4422,0.3773,-2.728,0.01464,1.287,4.123,dining,0.4046736157189082,0.2554770931178911,0.3919170792742893,0.2928560939622531,0.2289328510277555,0.2265590819941986,0.3402099103753288,0.2674221193506877,0.771977440720036,0.2260528183290496,0.1902167901795789,0.2641166230974504,0,1,0,1,0,1,1,0,1,0,1,0,0,2445.99029103176,702.292517805929,24.0286081380735
173,dining room_11088.png,84.846,0.01371,0.3434,0.5271,0.165,0.2685,0.2938,0.3937,0.3232,-2.676,0.009203,1.34,3.994,dining,0.5458815488517799,0.3005092728855841,0.3789853297540228,0.2906596483279812,0.2935444303958462,0.2340843984112454,0.3737427240508596,0.3096648667204622,0.822302365826596,0.2500827061727347,0.2210653448475064,0.228330838769966,0,0,1,1,1,1,1,0,1,0,0,1,0,3360.86199294834,750.538271817276,18.318610456011
174,dining room_11089.png,98.973,0.0543,0.2103,0.5774,0.1388,0.1215,0.2618,0.3295,0.389,-2.696,0.01013,1.218,3.989,dining,0.4867990461367247,0.2939977004266083,0.3377065847954785,0.2922860667801432,0.2562229401080351,0.2387765924052616,0.2777584317191673,0.2223715940912251,0.7903599099530844,0.2569924859027538,0.2185617865877293,0.2717755621885379,0,0,0,1,0,1,1,0,1,0,0,0,0,3205.10138595445,724.11596124558,13.2077107209901
175,dining room_11102.png,77.677,0.0795,0.687,0.4662,0.06917,0.2275,0.2137,0.4023,0.4353,-2.581,0.01296,1.353,4.118,dining,0.4989508376083141,0.3064688298336953,0.4185123861016059,0.2827925416845396,0.2650926359842813,0.2514762800543176,0.2559661905682428,0.2485342535828709,0.7733864572566925,0.2550016186868715,0.2198840789436589,0.2803321013210376,0,1,1,1,0,1,1,0,1,0,1,0,1,3986.60193745076,0.0,25.0654945020301
176,dining room_11107.png,82.151,0.1044,0.3092,0.4996,0.1137,0.1851,0.2304,0.4196,0.3503,-2.727,0.009631,1.301,3.787,dining,0.4821634573075714,0.2837058496680379,0.3812595176287384,0.2885388713378569,0.2579751550834231,0.2716968436431871,0.1974796852367372,0.2115002652345628,0.7800742819552009,0.2406930064326812,0.2261564983505184,0.2836021669052914,0,1,0,1,0,1,1,0,0,0,0,0,0,4287.93783654857,704.37895902686,12.9904057619732
177,dining room_11108.png,55.376,0.06217,0.4308,0.4684,0.08936,0.3629,0.2078,0.3161,0.3191,-2.928,0.006824,1.182,4.053,dining,0.5478494359514071,0.2805074481926773,0.3972410457960524,0.2789705452715918,0.2738486158621224,0.2379601115883722,0.2561792657997181,0.2118924424910555,0.7566032486323481,0.2876717583150849,0.2333625908556342,0.2534658271263033,0,0,1,1,0,1,1,0,0,0,1,0,0,3508.58815383996,1077.51970491693,10.381151455908
178,dining room_11115.png,126.233,0.07544,0.4316,0.6727,0.06034,0.248,0.193,0.4429,0.3714,-2.619,0.01206,1.369,3.831,dining,0.5589253831367538,0.277681545129042,0.4778759939498296,0.2691269494972225,0.2374820502759345,0.2291329205804502,0.2383842512555508,0.2080217123380717,0.7733188693890413,0.2595436013967034,0.2159974908889509,0.2567956618431923,0,1,0,1,0,1,1,0,1,0,0,0,0,3741.1819033515,210.50327351193,20.202261656015
179,dining room_11123.png,83.254,0.1022,0.2203,0.6675,0.1311,0.2289,0.2288,0.3212,0.3396,-2.689,0.01572,1.276,4.173,dining,0.5382558626967915,0.279541858778552,0.3824144360132685,0.2696350785322897,0.2814298825409954,0.2786714782202868,0.2565548180033686,0.2301789026469543,0.7734315828643852,0.2366610535697042,0.2255453459408918,0.241536841220506,0,1,1,1,1,1,1,0,1,1,0,0,0,3383.97196904431,1563.63055415494,32.8343718724091
180,dining room_11126.png,131.237,0.04725,0.3875,0.5584,0.06569,0.2904,0.2841,0.3245,0.3731,-2.739,0.01083,1.388,4.052,dining,0.4970719777016312,0.2999710940715183,0.3675255203591765,0.2952601235325228,0.2512913139052947,0.2328914235678334,0.3276760048381994,0.2605388953277247,0.7728018185741404,0.2639967758983957,0.254198268547408,0.2455847911611784,0,0,1,1,0,1,1,0,1,0,0,0,0,4410.64948381889,0.0,14.020412233999
181,dining room_11130.png,94.621,0.09528,0.478,0.4014,0.1014,0.2449,0.2203,0.3882,0.4391,-2.792,0.0162,1.363,3.937,dining,0.5756543466075434,0.2854603472741078,0.4596322685004388,0.2787136992865168,0.2549611159177551,0.2273747754284374,0.2741142002661432,0.2502641004753992,0.8034730342954324,0.2372244585259109,0.2085317582553583,0.243917905379528,0,1,1,1,0,1,1,0,1,0,0,0,0,4360.92018525758,588.600109557098,11.6165716617337
182,dining room_11131.png,106.325,0.07647,0.3523,0.5337,0.09796,0.2421,0.2202,0.2966,0.3638,-2.704,0.01062,1.481,4.208,dining,0.4868970780849331,0.2952040364220837,0.3446544332139282,0.2890829010779545,0.2473421884452392,0.2573277009160633,0.3327495771684414,0.2369386706642713,0.8011104793217807,0.2123994002370412,0.2045577572059568,0.2421098898898705,0,0,1,1,0,1,1,0,1,1,0,1,0,3050.54983787326,809.330625179502,16.0839662370069
183,dining room_11133.png,102.17,0.07982,0.2529,0.5818,0.1805,0.1626,0.2108,0.3686,0.2793,-2.623,0.03448,1.345,3.633,dining,0.5132006566638472,0.2715403637699776,0.359075989120098,0.2812569171114271,0.2591710462510727,0.2595759779945611,0.2281686303719323,0.194641088849181,0.7343672821811252,0.2259656738221523,0.2558324811616629,0.2352445218705917,0,0,1,1,1,1,1,0,0,0,1,0,0,4348.21059905269,583.017548310443,13.3861596254975
184,dining room_11134.png,97.394,0.02854,0.3321,0.521,0.1156,0.232,0.1959,0.3745,0.3633,-2.885,0.01658,1.466,4.234,dining,0.6255759574859783,0.3170547296700473,0.4267636829749602,0.2851272772005525,0.3150996832923872,0.2743875280074898,0.2997673969653801,0.2439378006581281,0.766939193496656,0.2577515994385067,0.2357021031950272,0.2991642493109521,0,0,1,1,0,1,1,1,0,0,1,1,0,3587.50040532722,0.0,11.0507150653517
185,dining room_11141.png,86.595,0.08378,0.5237,0.6551,0.0403,0.2121,0.2297,0.3256,0.3621,-2.962,0.006717,1.235,4.063,dining,0.4767181623023039,0.2843480718103949,0.3702039509332467,0.3057546882252662,0.2464293578052245,0.2592273083902559,0.3123346829809631,0.2041874245717331,0.75069893481594,0.297944519620454,0.3082322816356416,0.2472587743111992,1,1,1,1,0,1,1,0,0,0,1,1,1,3042.08637143658,0.0,19.8412029108983
186,dining room_11146.png,73.801,0.0854,0.5114,0.4436,0.0901,0.2835,0.2302,0.4064,0.3719,-2.801,0.007093,1.271,4.187,dining,0.5519664428442229,0.2974230284513016,0.344884246429794,0.2864018957806777,0.3017131658778015,0.2584039633852398,0.2139549554556473,0.18890345680336,0.8156683880479009,0.2089820693401291,0.2105065329131309,0.2284977444816356,0,1,1,1,0,1,1,0,1,0,1,0,0,3235.40324275029,817.342400852867,30.6504363750201
187,dining room_11155.png,102.842,0.07528,0.6033,0.572,0.09851,0.3163,0.2711,0.3571,0.3719,-2.908,0.0143,1.188,3.856,dining,0.6197190092528776,0.3252858332506769,0.5157965850754932,0.3150304972919459,0.3262293822458151,0.3052175042797137,0.28072680862122,0.2437023596658669,0.8040099052485153,0.2858920139358605,0.2173769623367416,0.2853100577838917,0,1,1,1,0,1,0,0,1,0,0,1,0,3415.41466330405,947.04860635048,10.8435539666082
188,dining room_11157.png,62.101,0.06112,0.388,0.5039,0.08617,0.1886,0.2134,0.3263,0.335,-2.892,0.01732,1.2,3.996,dining,0.4806717913251526,0.2797506520007139,0.3893452157938813,0.2814942047475343,0.2421893715380925,0.2205161700459205,0.2456169911652307,0.2398458141407499,0.7960649033588444,0.2685365615678333,0.2056613686864307,0.250964152799092,0,0,1,1,0,1,1,0,1,0,0,0,0,4052.50413878376,457.553827674738,7.78090019565751
189,dining room_11159.png,134.94,0.02749,0.4915,0.519,0.1166,0.3095,0.2798,0.4314,0.3459,-2.46,0.01563,1.396,3.65,dining,0.5969976495923415,0.2655446482838463,0.5211773392770844,0.2475457455274542,0.2565934755416116,0.2185997734390206,0.201754968814807,0.2013247044260902,0.7698845193642361,0.1865217558056487,0.1769831928924163,0.2630168810087795,0,1,0,1,0,1,1,0,0,0,1,0,0,4232.64742667529,0.0,20.1493681397208
190,dining room_11162.png,81.435,0.02114,0.3165,0.4612,0.1675,0.2495,0.2324,0.3879,0.3711,-2.676,0.01809,1.307,3.974,dining,0.5799913866226968,0.2869647291375549,0.43978311155867,0.2894208292328685,0.2512772904944471,0.2347173756197338,0.2822628646160788,0.2196219059392624,0.7684740474995342,0.2856620324822928,0.2533432585582351,0.2611895991543383,0,1,0,1,0,1,1,1,0,0,0,1,1,3518.92048983156,481.742605232905,15.6110232092393
191,dining room_11164.png,116.35,0.05291,0.654,0.4714,0.1449,0.3461,0.2688,0.4274,0.4308,-2.614,0.01293,1.386,3.78,dining,0.4600137026450533,0.2932491030402855,0.3404560146855673,0.2953548461325741,0.230451430498211,0.2280252065332951,0.2658088974217162,0.2664163118070991,0.777698624939616,0.2489072833820537,0.2219042566887415,0.2614234843047293,0,1,1,1,0,1,0,0,1,0,1,0,0,4763.46342352422,516.860616071445,23.3592757609561
192,dining room_11165.png,70.444,0.06816,0.3619,0.417,0.1107,0.2833,0.2664,0.3296,0.3426,-2.973,0.01707,1.246,3.791,dining,0.5408944534151416,0.2833928407423501,0.3413302334017062,0.2821310859194444,0.273347375460487,0.2687322688559484,0.2272241231289536,0.2003119933776522,0.7949022414174003,0.2853102257550104,0.2014598287300796,0.2650027506493469,0,1,1,1,0,1,0,0,0,0,0,0,0,4232.52321773529,298.233956576675,7.86166393560252
193,dining room_11166.png,84.608,0.1073,0.3732,0.3299,0.1538,0.2644,0.2191,0.4411,0.3626,-2.524,0.01602,1.334,3.946,dining,0.4424494293035674,0.2853338509184411,0.2888688372900099,0.2969696415624512,0.2563061578941472,0.2320074685000278,0.3223924074858168,0.29255147461414,0.8151554358327552,0.2516149780490281,0.2234466996447589,0.2437015000040981,0,0,1,1,0,1,1,0,0,1,0,1,0,4369.76126273556,177.402145846922,12.2285888961199
194,dining room_11168.png,100.246,0.05625,0.3731,0.6592,0.1308,0.294,0.2363,0.3637,0.3331,-2.499,0.005615,1.407,3.929,dining,0.5623530347222332,0.2998084974103169,0.4349003717222219,0.3030960122165358,0.2691450948821609,0.265816760879321,0.2394164711421397,0.2173725113381707,0.7988012928589251,0.2800643751539127,0.2372983777940082,0.2542242822119842,0,1,1,1,0,1,1,0,0,0,0,1,0,4097.54786904583,454.435047667096,33.5777774454274
195,dining room_11169.png,72.046,0.04987,0.7208,0.3485,0.07698,0.3051,0.237,0.4674,0.3238,-2.769,0.009853,1.303,4.289,dining,0.4958534154755336,0.2651454720332781,0.4517116484332412,0.2704690531990265,0.2311658658947156,0.2131685452322794,0.2231175764964258,0.172260654091551,0.8120365555413559,0.2501063472499316,0.1979383255334289,0.2315934882352511,0,0,0,1,1,1,1,0,1,0,1,0,0,3505.87452486827,0.0,19.2921893170866
196,dining room_11175.png,113.826,0.121,0.409,0.4273,0.1918,0.26,0.3147,0.4178,0.4716,-2.807,0.007919,1.35,3.695,dining,0.3876704453807286,0.2655760702947581,0.3968382350784403,0.2443299518376255,0.2019904808455964,0.1775874658083851,0.2665559420147304,0.2624606202883304,0.8006872761917112,0.1778533770411811,0.1602793673515002,0.2568910442964906,0,1,0,1,0,1,0,0,0,0,1,0,0,4613.27365782698,0.0,14.8319395399169
197,dining room_11176.png,101.559,0.044,0.4188,0.5927,0.03767,0.2358,0.195,0.4703,0.455,-2.606,0.009023,1.45,3.934,dining,0.4271400835841052,0.2979825369294527,0.3619275895821857,0.3013022811306559,0.224910188838922,0.2424052523585641,0.2606867466941428,0.2641012099950082,0.7931522132227969,0.2478069641814946,0.2177780822141351,0.2560133964531454,0,1,1,1,1,1,1,1,1,1,0,1,1,3180.30166996175,265.931997944789,18.2362732147
198,dining room_11177.png,80.895,0.038,0.3422,0.5352,0.1291,0.2852,0.1746,0.334,0.3426,-2.758,0.01149,1.383,3.89,dining,0.5176997691642171,0.2907250526450415,0.3339533860772238,0.291015327328025,0.2726502002016064,0.2482382837144996,0.3056897374862997,0.2829325414068487,0.7481168437152287,0.2944128847227609,0.2548477766051151,0.246723434540465,0,0,0,1,0,1,1,0,0,0,0,1,0,3514.11624184476,273.412261136963,2.51541899990628
199,dining room_11178.png,79.649,0.06779,0.4748,0.4418,0.09045,0.2964,0.2053,0.4304,0.3936,-2.688,0.005819,1.359,3.778,dining,0.5638577785931256,0.2904199091794147,0.3702078238981715,0.2881802177660655,0.2783278732471943,0.2403286330316148,0.3242822877317439,0.2167126458242363,0.7942420831645739,0.2094946300829446,0.2059628132226633,0.2583521118786029,0,1,1,1,0,1,1,0,0,0,0,1,0,3479.54161041626,0.0,9.98066828247336
200,dining room_11180.png,97.499,0.03063,0.4297,0.4494,0.1306,0.2706,0.2695,0.4076,0.3642,-2.823,0.006789,1.352,4.224,dining,0.5964552680654769,0.3076597241398859,0.4937105556535288,0.2823944838390752,0.2769902974043681,0.2260553357445589,0.3281562121271874,0.2415964053657623,0.7281282542834249,0.2911446738406362,0.2783704880398397,0.2889580071706484,0,1,0,1,1,1,0,0,1,0,0,1,0,3055.22747336726,156.354600198911,26.9597782497243
201,dining room_11183.png,80.128,0.003137,0.2644,0.6268,0.1433,0.2684,0.2403,0.4135,0.4131,-2.816,0.009292,1.354,3.896,dining,0.5442674609989615,0.2709429736478099,0.3346503594994666,0.2875953442597072,0.2419598679882001,0.2158016778382611,0.2168620374302231,0.2389935030287678,0.7677647577187362,0.2341871665872909,0.2117628001161807,0.2606610763686621,0,1,1,1,0,1,0,0,0,0,0,0,0,3935.42667675037,0.0,19.0369312724523
202,dining room_11185.png,69.978,0.124,0.4145,0.3437,0.08348,0.264,0.2186,0.379,0.363,-2.735,0.01191,1.29,4.016,dining,0.5240690988057777,0.286726954279439,0.4286546145162431,0.2768039092769609,0.2515904329589451,0.2674790652418228,0.2587927536497161,0.2341310866885331,0.8180741783755177,0.2360935439265098,0.1668815210111034,0.2732257871587974,0,1,1,1,0,1,1,0,0,0,1,1,1,3630.30462434653,625.771055575251,19.0412126961991
203,dining room_11189.png,65.513,0.1149,0.2335,0.5852,0.2808,0.2029,0.222,0.3659,0.4139,-2.936,0.01216,1.287,3.931,dining,0.5809817510614634,0.2803414565284354,0.3000720536211746,0.2963445344251784,0.272342651005234,0.2388160510480354,0.2115400135677989,0.2415837356146308,0.7585326734201553,0.2810926662671221,0.2539503443880359,0.2497366569223508,0,0,1,1,0,1,1,0,0,0,1,1,0,3896.00908197877,824.926450164743,18.1706057647342
204,dining room_11196.png,72.105,0.2091,0.4415,0.3055,0.1622,0.2318,0.2155,0.5478,0.4918,-2.606,0.007957,1.286,3.929,dining,0.4258510283532005,0.2752610082163105,0.4031915412564402,0.2529865735492529,0.2191829756234494,0.2000116101499579,0.2223085655807229,0.2453816923931597,0.7733715536599961,0.20299641432885,0.1892899483033711,0.2818737313105342,0,1,1,1,0,1,1,0,0,0,1,1,0,4583.52496940546,0.0,16.0743104980244
205,dining room_11197.png,91.586,0.0974,0.2983,0.536,0.1859,0.3029,0.2195,0.3888,0.2776,-2.778,0.009986,1.269,4.074,dining,0.5456455851515604,0.2917374281955211,0.4070691960295855,0.2737283915229911,0.2836920687299852,0.2479182581544569,0.3569853021402838,0.2438086019090375,0.7653250468000293,0.231216467529201,0.2514477441037063,0.2498153529406008,0,1,1,1,0,1,0,0,0,0,0,1,0,3360.94411243192,521.417969908096,16.6964917260777
206,dining room_11198.png,58.043,0.05767,0.2901,0.5209,0.1072,0.1844,0.2397,0.2881,0.2993,-2.617,0.006863,1.274,4.049,dining,0.5125912828364733,0.2826204186484594,0.3380377661927501,0.279925021187172,0.2320442677072322,0.2061307399041645,0.2235366400731485,0.2131750017163977,0.8052801567071747,0.2748695437999516,0.2159762478615715,0.2390314592743945,0,1,1,1,0,1,1,0,0,0,0,0,0,4509.41710655681,753.262514024738,12.4006510169772
207,dining room_11202.png,60.384,0.07,0.4025,0.4137,0.0506,0.1711,0.1723,0.4823,0.4008,-2.704,0.04157,1.363,3.948,dining,0.4795920652816744,0.2853263360889554,0.3087334027184406,0.2918578291210392,0.2724283898763464,0.2417488079286132,0.2345999264981766,0.2055930245463743,0.7694173589264328,0.2194937330915274,0.2309753522557839,0.2470415758822468,0,1,1,1,0,1,1,0,1,0,0,1,0,3536.85130097973,0.0,19.0122806207799
208,dining room_11203.png,71.314,0.07228,0.6689,0.4869,0.0902,0.3058,0.2081,0.3817,0.3761,-2.726,0.006389,1.249,4.198,dining,0.5482092429180838,0.2926539479385673,0.3929825185101347,0.2927811356577377,0.2652309775498067,0.2585286759991261,0.2700445553174595,0.2237122842816404,0.7784518715637732,0.2386159438756538,0.2025220839935583,0.2758668753968434,0,1,0,1,1,1,0,0,1,0,0,1,0,3137.6740368916,225.922355416933,15.2724270012768
209,dining room_11207.png,75.073,0.05573,0.3292,0.5277,0.1328,0.223,0.2466,0.42,0.3726,-2.738,0.01181,1.364,3.925,dining,0.4542767770954564,0.2765089020975249,0.3447433295731124,0.2647699274277728,0.2344449582476878,0.212745310686116,0.2220251350563151,0.2208250028753658,0.7382353137708106,0.2529297596781468,0.258181214790718,0.2615419829724445,0,0,1,1,0,1,1,0,0,0,0,0,0,4298.54068015593,249.568142573832,7.28286004062249
210,dining room_11208.png,120.988,0.06322,0.6221,0.4872,0.1133,0.2159,0.24,0.4514,0.4143,-2.732,0.01005,1.439,4.168,dining,0.4795489203262046,0.2500236169087267,0.4575787690108338,0.2563786552910266,0.2440300191834222,0.2143216656490043,0.2526686776135426,0.234239567118243,0.7983116500959128,0.2264076328535103,0.1848664915264129,0.2452484150451161,0,1,0,1,0,1,1,0,0,0,1,0,0,3374.2938592687,342.705842981134,21.0705634467405
211,dining room_11209.png,65.577,0.1173,0.4222,0.525,0.07855,0.3264,0.2497,0.326,0.2915,-2.63,0.01742,1.455,3.69,dining,0.5540403964934261,0.280381016489253,0.3565904596173469,0.2691994176443105,0.2855559125782105,0.2501883788335359,0.2065639454236298,0.1916284647957815,0.7456415245590501,0.2488366943852982,0.2349751013525948,0.2764008583781859,0,1,0,1,0,1,0,0,0,0,0,0,0,3515.98265201976,300.166717218991,6.76519754176541
212,dining room_11215.png,109.319,0.1121,0.2793,0.4101,0.1593,0.1712,0.2206,0.5166,0.4595,-2.673,0.01494,1.542,4.141,dining,0.5591527401839206,0.2787423284334925,0.4036132487176915,0.2776701982367873,0.2468426660742254,0.2168306250285071,0.2506398744512201,0.2270411109351456,0.7945272173663264,0.2544290938031926,0.1785668205356718,0.2936978845140634,0,1,0,1,0,1,1,0,0,0,0,0,0,3489.12076720467,0.0,17.6683955080454
213,dining room_11217.png,61.634,0.08765,0.2396,0.4464,0.08937,0.2336,0.2013,0.3997,0.2759,-2.949,0.0202,1.17,3.597,dining,0.5633574344487668,0.2920017428983384,0.4232618328983295,0.276580109763259,0.2615537284714821,0.2532323830506165,0.2644178948852903,0.2009722885679296,0.7869410177864238,0.290839566958773,0.2266580163695994,0.2440419356795113,0,0,0,1,0,1,1,0,0,0,1,0,0,4263.2134379699,411.462367004869,5.73457031575763
214,dining room_11232.png,107.096,0.0936,0.3056,0.4112,0.1349,0.2388,0.25,0.3678,0.3904,-2.758,0.01242,1.428,3.977,dining,0.5348875362022693,0.2927392945149358,0.4477351053134186,0.297210562989237,0.2501009332966924,0.2312972271696402,0.2875019481645261,0.2408295478611762,0.7673523811109412,0.2568413298171096,0.2288669995516181,0.27224572259006,0,1,1,1,0,1,1,0,1,0,1,1,0,3604.76248991262,398.046339697796,18.6589260100624
215,dining room_1418.png,85.454,0.3702,0.251,0.5224,0.1988,0.1525,0.2566,0.3777,0.2901,-2.838,0.01216,1.264,4.054,dining,0.4748069548499714,0.2852472505042421,0.430226562382267,0.2797193621564567,0.2629665965601986,0.2460592489393276,0.2736337821808335,0.2462787353201756,0.7515002463098867,0.2836301297006527,0.2360869876449528,0.2581724889688561,0,0,0,1,0,1,1,0,0,0,0,0,0,3625.85644666799,818.001380751207,16.9952101817357
216,dining room_1461.png,85.605,0.07491,0.2783,0.4813,0.2262,0.2922,0.2034,0.3626,0.3892,-2.762,0.006565,1.396,3.966,dining,0.5637080026246185,0.2932026159709698,0.4266115699501565,0.3245172671039383,0.2795869290723924,0.2571830731737941,0.2652572204093171,0.2557100081693266,0.6930388226649556,0.2955018886737346,0.2696504071902424,0.3218270059015162,0,0,1,1,0,1,0,0,0,0,1,0,1,3752.18102996383,757.632428620291,27.9788293724194
217,dining room_1483.png,104.771,0.04164,0.1297,0.6399,0.2134,0.1843,0.2205,0.4455,0.3277,-2.567,0.01575,1.464,4.169,dining,0.5411040981146055,0.2776691837147825,0.3983265287226262,0.2803990089360836,0.2594018982601438,0.2261731139863444,0.301876900103905,0.2625219650589824,0.7233414074043154,0.2828899413936407,0.2778725139100279,0.2960066509034861,0,1,0,1,0,1,0,0,1,0,0,1,0,3595.49869336228,0.0,31.4865273197314
218,dining table_11342.png,72.323,0.0739,0.4347,0.6959,0.02194,0.215,0.1497,0.4177,0.3428,-2.854,0.01633,1.291,3.971,dining,0.5843128535702945,0.3153571332320545,0.4432244403450609,0.310311738437057,0.2978360642827781,0.2684205358330933,0.2456783992332188,0.2201717148337466,0.7482100703241288,0.3206488298167139,0.2843492374672889,0.280163726449146,0,0,0,1,0,1,0,0,0,0,0,1,0,3644.46248000208,299.293866174717,19.7280026900801
219,dining table_11354.png,85.271,0.07961,0.6138,0.5074,0.04559,0.2305,0.2557,0.3653,0.3432,-2.708,0.008711,1.265,4.35,dining,0.517965301534407,0.2935519951762035,0.4225068929771356,0.2913601790514055,0.2758538196046443,0.2544397757221782,0.2296082932358712,0.2345621949065494,0.8378126748751916,0.2232393136277947,0.1784752873761561,0.2245976308309514,0,1,0,1,0,1,1,0,0,1,0,0,0,1799.8204090439,1025.43387767054,5.97779720729229
220,dining table_11357.png,93.158,0.07043,0.3504,0.7714,0.05597,0.2387,0.2263,0.3564,0.3829,-2.834,0.004782,1.345,3.925,dining,0.5282558144000419,0.3068055114267524,0.4822144700744554,0.2777602310985963,0.2674024218666845,0.244858457744004,0.2776851202616504,0.2191697173653997,0.7409180678816071,0.2939242579909081,0.2826373268575671,0.2569443543585721,0,1,0,1,0,1,1,0,1,0,0,0,1,3538.1716019491,240.593268430671,3.37253837846429
221,dining table_11421.png,60.075,0.6741,0.2062,0.5212,0.2846,0.1618,0.253,0.3695,0.3187,-2.819,0.01365,1.233,3.938,dining,0.5405634294777557,0.2716113511304407,0.3959704376226862,0.2888850393762634,0.2576661269467682,0.2424849790095555,0.266414059414264,0.236988335382369,0.7629241087580362,0.2823051212765786,0.2292785880698691,0.2586133815688097,0,0,0,1,0,1,0,1,1,0,0,1,0,4585.04271292484,0.0,18.6998809076708
222,dining table_11427.png,88.417,0.001235,0.4056,0.4529,0.257,0.2506,0.2125,0.4596,0.3172,-2.559,0.02632,1.428,4.177,dining,0.5099791994464754,0.294149095563651,0.4153051206669282,0.2945767020495,0.2635820011632553,0.2453860590380111,0.2619855631906072,0.2464366277291585,0.7954778754932311,0.27723231132121,0.2117900925830567,0.2580854781627347,0,1,1,1,1,1,1,0,1,0,0,0,0,3420.39764439143,196.448361648788,17.2317393577546
223,dining table_11506.png,113.255,0.002844,0.2852,0.5456,0.1259,0.2943,0.3002,0.4651,0.3528,-2.857,0.01491,1.254,3.979,dining,0.5630356262972064,0.3275437046661424,0.5041852169414403,0.2928670086166742,0.2682151262996533,0.25510144044405,0.2798341002438373,0.2604327793744734,0.8041569285838968,0.2840937465224789,0.2109585106415456,0.2631336015805959,0,1,0,1,0,1,0,0,1,0,0,0,0,3806.9886958338,229.783902585119,9.77899094223056
224,dining table_11518.png,115.51,0.127,0.2663,0.3394,0.1167,0.147,0.254,0.5564,0.4075,-2.729,0.008514,1.394,3.97,dining,0.5359680189831725,0.2752465373387739,0.4685935719957419,0.2906886060976991,0.2848491201651104,0.2470505849796815,0.274509659436955,0.2347626042947705,0.7035234298567393,0.2309262170349853,0.2245378264805548,0.3370337468904009,0,1,0,1,0,1,0,0,0,0,1,1,0,3377.38900337002,823.498126841803,20.6330942962802
225,dining table_11521.png,129.597,0.1032,0.3579,0.5576,0.1655,0.2287,0.274,0.3944,0.4038,-2.871,0.00996,1.333,3.942,dining,0.6465204406101803,0.2882516721599069,0.4520380914312115,0.272272678913795,0.3041332924525881,0.2608924786409887,0.3327610190926484,0.2584871769221414,0.7868293619868179,0.2547434512557351,0.2162453245671811,0.2782834577711605,0,1,1,1,0,1,1,0,1,0,0,1,0,3650.52414727123,439.050992997585,12.9936734516393
226,dining table_11525.png,98.238,0.1111,0.2957,0.4212,0.1468,0.2559,0.2136,0.3632,0.3331,-2.906,0.02513,1.381,3.915,dining,0.6205709400017339,0.3065854640871445,0.4937811245953118,0.2959641509364142,0.2927374586911445,0.2518597560058853,0.2457408189700632,0.2262959621146507,0.7434880195833271,0.3197321625321329,0.2424626205923405,0.305483260727992,0,1,0,1,0,1,0,0,0,0,0,0,0,4177.92687107988,462.188506550229,19.8021106250353
227,dining table_11590.png,129.275,0.07991,0.624,0.5538,0.02919,0.2023,0.271,0.4814,0.4201,-2.665,0.01397,1.438,4.344,dining,0.4488956239008761,0.2884783307887661,0.4496789689795823,0.2894882385154996,0.252580154364842,0.2322271718663163,0.3626880443011949,0.3257393370630123,0.8162770839811746,0.2276147825314686,0.1738710549249008,0.2655916387484767,0,0,1,1,1,1,0,0,1,0,1,0,0,2630.05285555275,335.447448112197,26.7076457455663
228,dining table_11592.png,94.943,0.09551,0.4083,0.6084,0.06362,0.362,0.2732,0.4722,0.3119,-2.717,0.03543,1.306,4.072,dining,0.5981007045377382,0.2793571825033166,0.3819308588131821,0.2804584222428494,0.2461920669558829,0.2419532839081106,0.2411972630602807,0.2136150421761688,0.7791044831201093,0.2504629592641718,0.2112602601116283,0.248918230311688,0,1,1,1,0,1,1,0,1,0,0,0,0,3733.67756860359,579.341900413967,9.46720217094931
229,dining table_11593.png,130.677,0.04724,0.3944,0.5099,0.07965,0.2359,0.2262,0.5038,0.4427,-2.728,0.004762,1.501,4.411,dining,0.5178192024954559,0.2916148738772057,0.5250191959079528,0.2852602271760959,0.2774287210863994,0.2220094220385978,0.2905030983934421,0.277928095355025,0.7142450865421922,0.2563758618471163,0.2578824053045487,0.2720671705885985,0,1,1,1,1,1,1,1,1,1,1,0,0,2291.48963274369,0.0,8.23524423082861
230,dining table_11594.png,158.471,0.09862,0.1602,0.5027,0.2453,0.1399,0.3069,0.4652,0.465,-2.695,0.0145,1.5,4.36,dining,0.5782889936165944,0.281130969390019,0.4755231900652492,0.2776567095459372,0.251961752388229,0.2292313590302808,0.3564063047517477,0.2458826001951067,0.6516417262590954,0.2293863889613848,0.2545350467098153,0.2948410191569166,0,1,1,1,1,1,1,1,1,1,0,1,0,2790.70436347292,0.0,25.1246807299251
231,dining table_11597.png,145.48,0.04691,0.2155,0.4913,0.2575,0.1951,0.3169,0.4538,0.4479,-2.595,0.01302,1.479,4.225,dining,0.5581580016974798,0.2718737957462002,0.4847970443503926,0.2571538717639752,0.2494166321117951,0.2100987968168711,0.3138076407122135,0.2354689962605121,0.6492383422726529,0.1943709282860122,0.2593290185840908,0.2652098367664716,0,1,0,1,1,1,1,0,1,0,0,0,0,2984.71787531887,0.0,23.3185986932331
232,dining table_11607.png,97.472,0.1016,0.3897,0.3909,0.1188,0.2775,0.2157,0.3352,0.3602,-2.93,0.007324,1.334,3.92,dining,0.6396887668997652,0.2933509859901106,0.4025662554970899,0.2916853762366065,0.2699035364051206,0.2355951964534191,0.2838826413932477,0.2383038836161392,0.783376273942044,0.2559561874557469,0.2025271594812248,0.2795522529644685,0,1,1,1,0,1,1,0,0,0,1,0,0,4036.27000775112,0.0,18.6454107816366
233,dining table_11615.png,139.16,0.03514,0.2162,0.6357,0.1403,0.2188,0.2248,0.4581,0.3384,-2.744,0.01055,1.393,3.879,dining,0.5391458701746095,0.2879373280120788,0.4419080544015337,0.2842097475431383,0.2921461748639201,0.2804881828922088,0.2617183564529417,0.2292734760279183,0.6509376803106649,0.2655299773107554,0.3353607117090873,0.2999806882469066,0,1,1,1,0,1,1,0,0,0,0,0,0,3655.16849848333,405.657389885173,18.0838432875811
234,dining table_11618.png,106.17,0.07668,0.5314,0.7306,0.0315,0.1796,0.1891,0.4733,0.3993,-2.668,0.03035,1.376,4.001,dining,0.5335666062045051,0.2543723220336527,0.3673442255891824,0.2612723637863866,0.2242639303503187,0.2030458059020789,0.2511117716028459,0.1984208596337169,0.7882088028668123,0.2531553625327341,0.2179461566673199,0.2212707134251118,0,0,0,1,0,1,0,0,0,0,0,0,0,3600.18926450352,188.485908515757,12.6312891125454
235,dining table_11627.png,103.044,0.05716,0.5495,0.5611,0.02457,0.2738,0.1843,0.4322,0.3847,-2.768,0.01538,1.324,3.78,dining,0.5462344045223803,0.3091660596233542,0.3991205861057592,0.3156113559694098,0.264857559332926,0.2529447095964248,0.2820611473803088,0.2342344744003784,0.776569296377812,0.287508046548488,0.2594756468697042,0.2665704197683263,0,1,0,1,0,1,0,0,0,0,0,0,0,4467.73807971026,361.341091197136,25.4140408259581
236,dining table_11635.png,133.735,0.06563,0.2599,0.3713,0.2086,0.1774,0.2906,0.3364,0.3668,-2.766,0.007463,1.446,4.32,dining,0.6341702867996504,0.3114903831424328,0.554428547214006,0.2737636576915083,0.2912816704491162,0.2633773082361464,0.3285426195577393,0.2504053881424709,0.7389303536625784,0.2528017096465679,0.2263593830028741,0.3153471396178102,0,0,1,1,0,1,1,0,1,0,0,1,0,3249.66392923698,155.99570959117,17.3097253567586
237,dining table_11640.png,115.162,0.1073,0.464,0.434,0.06341,0.2551,0.3017,0.3915,0.3185,-2.608,0.01738,1.372,4.021,dining,0.4978466525148171,0.2720688889306147,0.355492967266036,0.2679217892797184,0.2428810978564698,0.2062198705666602,0.3022174557413121,0.2075281330176734,0.7455008623815983,0.246417686241688,0.2243116618082628,0.2745587893430962,0,1,0,1,0,1,1,0,0,0,0,0,0,3739.96824999663,657.596222781446,18.3739855863792
238,dining table_11670.png,91.294,0.07674,0.5352,0.4805,0.02756,0.1618,0.237,0.5635,0.2965,-2.899,0.02599,1.36,3.593,dining,0.5242317483910348,0.2726594133975829,0.4230226883563349,0.2805124540078888,0.2674759100381724,0.238157128419324,0.2230690896341855,0.2117067521133643,0.755910653715612,0.2931161361587926,0.2136376942889776,0.2533497477087094,0,0,0,1,0,1,1,0,0,0,1,0,0,3877.43135366267,2001.29377012758,8.43866647905452
239,dining table_11713.png,66.194,0.1502,0.2734,0.5589,0.1145,0.2235,0.1823,0.3563,0.3008,-2.622,0.01162,1.231,3.699,dining,0.5431373276994867,0.2629402300677739,0.2982486413129957,0.2847588702391366,0.2695818817710078,0.2562248604158613,0.1883256313144792,0.2016894309217898,0.7487848935959377,0.2555068507446469,0.2340368832483831,0.2666230327611051,0,1,0,1,0,1,0,0,1,0,1,0,0,4113.48444401318,667.69986832129,20.2193719463836
240,dining table_11732.png,60.55,0.08515,0.3879,0.5106,0.0567,0.2741,0.15,0.3637,0.3551,-2.436,0.08599,1.25,4.292,dining,0.6150262266512024,0.2634941285147813,0.3758827535373752,0.2693204425824927,0.2329643255228249,0.20620233125325,0.2220012302552338,0.2102227759957451,0.8288362408890936,0.2386415296097231,0.1624903575517472,0.2415711861542569,0,0,0,1,0,1,1,0,0,0,0,1,0,4073.30003512367,248.447560957287,4.96574598806128
241,dining table_11742.png,108.54,0.9579,0.2486,0.6115,0.2803,0.227,0.2156,0.4395,0.4251,-2.736,0.003163,1.423,4.373,dining,0.5102012800249354,0.256643344888734,0.4872008583820149,0.2827769432532961,0.2443307145832808,0.2176571120481674,0.3153549331861405,0.2724383161777264,0.77737104854634,0.2309415052264643,0.1776052209186558,0.2617342710648114,0,1,0,1,1,1,1,0,0,0,1,0,0,2561.19193234811,0.0,22.0418242492209
242,dining table_11743.png,155.116,0.9958,0.3413,0.4613,0.1721,0.2545,0.2835,0.4059,0.4717,-2.761,0.009166,1.412,4.044,dining,0.570850442220331,0.2556574492360245,0.5123061096724352,0.2630917328223796,0.2379394699351568,0.1908330452049662,0.280027626432922,0.220024804477535,0.6934695443984034,0.2462276211556683,0.2249947225988006,0.3090936583918891,0,1,1,1,0,1,0,0,0,0,1,0,0,4002.46573280136,715.484178024222,17.8259543136108
243,dining table_11747.png,120.422,0.07678,0.4288,0.6761,0.01767,0.1808,0.3176,0.3661,0.3577,-3.0,0.005154,1.34,4.176,dining,0.4738242254667471,0.2582005264601832,0.4699535418628466,0.258181923468013,0.2311008357887422,0.1940948878016435,0.3515028592546828,0.2315028606972521,0.729011609482309,0.2189796839727753,0.2068180545856822,0.25912453335123,0,1,0,1,0,1,0,0,1,0,0,0,0,2795.83296886974,739.790349672022,28.3858242833662
244,dining table_11754.png,114.367,0.03781,0.5505,0.4293,0.03703,0.2444,0.2493,0.4322,0.405,-2.809,0.00945,1.407,4.273,dining,0.4445964336310546,0.2939690124004362,0.5143307717262569,0.2898479367174277,0.2579429143703198,0.2136340409359639,0.3289282593231202,0.2836422036959181,0.7570411536669004,0.192496614858367,0.2031893907491638,0.2750064166038545,0,1,1,1,1,1,0,0,1,0,0,0,0,2975.2313005559,0.0,17.4029895502892
245,home architecture_8853.png,91.182,0.07807,0.5135,0.549,0.1167,0.2171,0.2179,0.3834,0.3914,-2.832,0.005943,1.322,4.245,dining,0.5797968202907917,0.2782822978644427,0.4324810617913379,0.2838926958819545,0.2824328037847878,0.2630423353969415,0.309749560827992,0.2372168113988329,0.7677317915334771,0.2401892185347398,0.2020740510277995,0.2780871288272907,0,1,0,1,0,1,1,0,1,0,0,1,0,3365.09361014061,464.658554959418,29.3305904256255
246,home architecture_8928.png,112.455,0.0916,0.1735,0.5159,0.1667,0.1875,0.2061,0.4556,0.3957,-2.464,0.005629,1.5,4.017,dining,0.5266275847258955,0.2899144624610899,0.3958117338355948,0.3120637431781412,0.2609386561759557,0.232516702093233,0.2853003402054064,0.227293348309517,0.6966915522100903,0.3023408492396838,0.2770679255677008,0.2919783835489764,0,0,1,1,0,1,1,0,0,0,1,0,0,4090.95224173854,264.445785861739,6.85387892218344
247,home architecture_8947.png,79.412,0.09893,0.3807,0.7269,0.02442,0.2124,0.1514,0.4669,0.3883,-2.663,0.007697,1.297,4.187,dining,0.5229047591296135,0.2780550809874652,0.3404509922274039,0.3390117355283922,0.2669098855493269,0.2293493655283044,0.3053945541454859,0.2761826790528758,0.7933603479927215,0.2727117075916861,0.2499042046320461,0.2469771365542268,0,1,1,1,1,1,1,0,1,0,0,0,1,3638.27162397191,484.088020211142,20.172626258374
248,home architecture_8979.png,87.538,0.08093,0.3834,0.6941,0.07371,0.235,0.1895,0.3803,0.3396,-2.426,0.006448,1.419,4.194,dining,0.5104722599796634,0.2758741650421596,0.372272942978306,0.2768478057352537,0.2836752981894592,0.2859152705384377,0.2205669017221848,0.2615043734820002,0.7318371331233635,0.2371007790717714,0.2426036527270317,0.2872698722615538,0,1,0,1,1,1,1,0,0,0,0,0,1,3731.85712907704,348.687172314934,33.3706043641495
249,home architecture_8993.png,94.827,0.1105,0.1775,0.5756,0.104,0.1724,0.1618,0.3976,0.3673,-2.389,0.003755,1.467,4.299,dining,0.5393325464256078,0.2622894977494523,0.3608463624447099,0.2849620564616003,0.2590458467957655,0.253021839565096,0.208440520395793,0.242468799968915,0.6317405348499082,0.2622983828512947,0.2984154803379459,0.3424727885193551,0,1,1,1,0,1,1,0,0,0,0,0,1,3627.54738608449,463.53376667036,12.0824080975739
250,home architecture_9026.png,148.684,0.09445,0.392,0.5836,0.1807,0.2371,0.2344,0.466,0.4877,-2.359,0.003439,1.641,4.166,dining,0.5941123270115914,0.295228965603852,0.4410092453002873,0.2975141655971916,0.2854400296725421,0.2759563057376056,0.2183985135121389,0.2471949130831483,0.7441630697282154,0.2410125700541704,0.2074793072024456,0.2961509309600545,0,1,0,1,0,1,1,0,0,0,1,0,0,3964.93520216348,312.629886533989,10.7590410466993
251,home architecture_9030.png,96.921,0.1521,0.2892,0.6131,0.2284,0.2515,0.2617,0.4496,0.4291,-2.66,0.005796,1.318,4.043,dining,0.4886376996526673,0.2879364178961877,0.347648948090258,0.2936363104629585,0.2673862414961988,0.2780512908150992,0.2535798437648172,0.2845795165167576,0.783809816164061,0.2367403229472265,0.1973515568951932,0.2805791375636304,0,1,1,1,1,1,1,1,1,1,0,0,1,3852.11951737656,983.688533726613,26.2685520420792
252,home architecture_9039.png,95.318,0.101,0.4186,0.3493,0.1094,0.2536,0.2539,0.3593,0.4012,-2.729,0.01189,1.28,4.12,dining,0.489936192971819,0.26495754323883,0.3758533310443583,0.2710410433172916,0.2519367837836564,0.2259433561972892,0.3084935817555466,0.1824575037126967,0.5942636959130443,0.346143239458499,0.3260403210041454,0.3222259005184674,0,1,1,1,0,1,1,0,1,0,0,1,1,3487.42672730746,186.826408308072,14.3436943526969
253,home architecture_9082.png,76.12,0.09688,0.3357,0.4844,0.1236,0.237,0.2027,0.3243,0.3816,-2.779,0.01265,1.357,4.007,dining,0.5668000375768821,0.2943540903916536,0.377267663806998,0.3129314461714536,0.2834251828620973,0.2722791270516255,0.2570946263547782,0.2414621543544148,0.7189664084822281,0.3175631558450709,0.2521956373222634,0.3113608938547745,0,1,0,1,0,1,0,0,0,0,0,0,0,3623.29697185903,650.202040246996,18.1629953193814
254,home architecture_9117.png,104.765,0.1296,0.1285,0.6634,0.1558,0.128,0.1914,0.4078,0.4119,-2.713,0.01907,1.438,4.038,dining,0.5387718287927753,0.24908864272343,0.3656821589379135,0.2872204539775516,0.2551362478281825,0.231784136990675,0.2519395339043068,0.2346603996401109,0.6196887072326256,0.2835644462910426,0.2626430115490397,0.3543227244219621,0,0,0,1,1,1,0,1,1,1,1,0,0,2825.45097922858,176.776365454701,17.7843659726061
255,home architecture_9122.png,85.196,0.143,0.197,0.6362,0.06309,0.1829,0.2079,0.3972,0.3952,-2.902,0.01459,1.343,4.152,dining,0.5736898664983429,0.291021283688165,0.4092333244454733,0.2943080774628574,0.2660087574029436,0.2475761634145225,0.3029337623887478,0.2159784865777861,0.7650415323636998,0.2678728737904965,0.2456562573825764,0.2649442478579067,0,0,0,1,0,1,1,1,1,1,1,0,1,3504.36663204672,0.0,13.6849897704399
256,home architecture_9124.png,92.054,0.09659,0.4364,0.5737,0.02341,0.1971,0.2,0.4319,0.3705,-2.815,0.01897,1.359,4.344,dining,0.4732928378449444,0.2635494489940092,0.3372190261167753,0.3014715747264506,0.2520375683354037,0.2366169364001593,0.2633178661261904,0.2283485840114477,0.7176374244088117,0.2374445514279027,0.2695705349755125,0.2569606904405411,0,0,0,1,1,0,1,0,1,0,1,0,0,2234.50734301927,202.914500885072,28.7709133086049
257,home architecture_9197.png,65.904,0.07507,0.3743,0.6169,0.1077,0.1977,0.1652,0.4482,0.3903,-2.605,0.007973,1.342,4.308,dining,0.5762715060393917,0.2805077827099477,0.3893553642493451,0.2751193796151056,0.2530284918214133,0.2521145893613064,0.192824394255569,0.1959991814314584,0.760673736884632,0.263040440014931,0.2459218631298897,0.2645624288814143,0,1,0,1,0,1,1,0,0,0,1,0,0,3583.11569515338,0.0,12.7364891416141
258,home_8115.png,102.437,0.07395,0.3191,0.6362,0.06643,0.2815,0.2091,0.3948,0.381,-2.694,0.0139,1.352,3.659,dining,0.5244187989437791,0.300951743255802,0.356798887499185,0.3106337355131834,0.259204201616762,0.2323868912814441,0.2733310301120027,0.2412136118007525,0.7442349666458501,0.246794690332078,0.2615311254120091,0.272502480707174,0,1,1,1,1,1,1,1,1,0,0,0,1,3931.17904803127,539.182653650154,10.6309086751652
259,home_8121.png,85.045,0.04115,0.1867,0.5771,0.08363,0.2066,0.2074,0.6099,0.2935,-2.7,0.003636,1.497,4.264,dining,0.4868680574566978,0.2898117605737089,0.3823026111736282,0.319816997994628,0.2799016163730317,0.2645120147008862,0.2590888459004712,0.2708263653600226,0.6683238003273942,0.2648477737128011,0.2836235860766142,0.3387079660876196,0,1,0,1,0,1,0,0,1,0,0,0,0,3044.05015863423,662.689947471317,25.5740371320973
260,home_8127.png,84.292,0.08415,0.1896,0.651,0.08366,0.2124,0.1718,0.3894,0.3713,-2.559,0.008268,1.365,4.242,dining,0.5271837223139708,0.291617366828393,0.3605096065131925,0.3144922811873149,0.3170873180106829,0.3047451073017458,0.2415310173106504,0.2401223204005124,0.6785851284849291,0.2814570040193259,0.2884051300899282,0.3306553621720263,0,1,0,1,0,1,0,0,0,0,0,0,1,2989.82963896798,315.951372714619,15.073956195917
261,home_8128.png,114.743,0.04996,0.329,0.4503,0.1344,0.2463,0.1712,0.506,0.4777,-2.352,0.01429,1.502,4.058,dining,0.5434164414153574,0.2740686646796821,0.4076462024541321,0.2791277420808817,0.2924850509756229,0.2817421125388908,0.1963574287995674,0.2281544948729276,0.7282623753260368,0.2403656175351787,0.2131608226239205,0.3597712585151933,0,1,0,1,0,1,1,0,0,0,1,0,1,3816.89198703453,668.218313609623,20.9658108578047
262,home_8129.png,96.559,0.9683,0.3411,0.5164,0.1201,0.2443,0.2134,0.4276,0.3593,-2.782,0.005986,1.304,3.972,dining,0.5143264163485263,0.2871322037754861,0.4238433174232024,0.2826634575658729,0.260660413912049,0.2628729009076703,0.2287412622021503,0.2061990437824874,0.7664893097334456,0.2629656664438546,0.2574697698808032,0.2470274129248356,0,1,0,1,0,1,1,0,0,0,1,0,0,3357.26237677017,1072.70758885842,13.2965603473683
263,home_8135.png,95.061,0.06678,0.5159,0.5158,0.1863,0.2552,0.2283,0.4176,0.4323,-2.769,0.003983,1.306,3.801,dining,0.4759917052638667,0.3118389154638979,0.3988148550985906,0.2779466814328659,0.2647669312714902,0.2545553162667526,0.31221618892072,0.3141163761668565,0.7911456413198852,0.2480870199918851,0.2227370955478775,0.2635279849764994,0,1,1,1,0,1,1,1,1,0,1,0,0,3758.83833848561,372.33888557643,25.8373905145646
264,home_8144.png,92.325,0.9646,0.3031,0.5414,0.1816,0.2508,0.221,0.3926,0.363,-2.71,0.004609,1.346,4.284,dining,0.5630279239153466,0.2671281154734294,0.4088043684838158,0.2648417356629239,0.2447929980427561,0.2154147343783934,0.221346113459644,0.212691521740818,0.7694093485851714,0.2218080442002579,0.2044476490245051,0.2554375128658578,0,0,0,1,0,1,1,0,1,0,0,0,0,2990.39341984257,609.066633172509,11.5717404110202
265,home_8151.png,127.107,0.09542,0.2573,0.66,0.1026,0.2945,0.2129,0.5253,0.3808,-2.56,0.00918,1.422,4.232,dining,0.5188349085432542,0.2560386996406731,0.3723009219459869,0.2753571464312075,0.2311914258505146,0.2167523560876617,0.2318474998289984,0.2162927951088551,0.7523137119510582,0.224813049132123,0.2138905972074996,0.2744666803632725,0,0,1,1,1,1,1,0,1,0,0,0,1,3254.00100098794,317.167969056652,23.6948153559171
266,home_8152.png,107.054,0.01148,0.2844,0.47,0.2352,0.2533,0.2,0.5849,0.4309,-2.836,0.01295,1.327,3.629,dining,0.4965813458507999,0.2748166105533961,0.354752499556335,0.2732012829334967,0.2374183798991713,0.228026813007843,0.2667253519026832,0.2399585027406259,0.7510784479315624,0.2152830949735418,0.2285437142443339,0.2433993818000799,0,1,1,1,0,1,1,0,1,0,1,0,0,4350.80633509445,748.339750393325,11.1457418974626
267,home_8156.png,74.046,0.1077,0.1708,0.6421,0.1644,0.2323,0.1887,0.3391,0.3365,-2.744,0.008665,1.247,3.969,dining,0.5295316196449404,0.2719348014520829,0.3229661999739195,0.2803620671076158,0.2527240208529431,0.2497612733245484,0.2191214628230156,0.2161731191959324,0.7633050043078722,0.2231300577614129,0.2272157814293557,0.2439347792626776,0,0,0,1,0,1,1,0,0,0,1,0,1,3561.19143993993,362.728605677906,25.512002042409
268,home_8158.png,131.568,0.07347,0.2565,0.6238,0.1501,0.2481,0.2121,0.4824,0.4341,-2.506,0.01062,1.553,4.185,dining,0.4776278097556758,0.268487572191219,0.3733187423998593,0.2799016534873971,0.2542363209301872,0.2318312560192583,0.2696308491439043,0.2709592003907893,0.7124892053496052,0.221607056550017,0.2752230534095663,0.2614734886668568,0,1,1,1,0,1,1,0,1,0,1,0,0,4068.83943749361,452.223834080049,24.8665552134979
269,home_8163.png,76.152,0.08985,0.3528,0.5252,0.06618,0.2486,0.1587,0.3446,0.3664,-2.716,0.01165,1.464,4.141,dining,0.5349815124912047,0.2998017863634905,0.3874124697940964,0.2701495668267694,0.2900353068013998,0.2565496897112864,0.2541663260329551,0.2095714063769284,0.7469970819574776,0.2492414442439177,0.2610195456462429,0.2691047412434649,0,0,1,1,0,1,1,1,0,0,1,0,1,3367.52769385729,386.123293755085,10.0416948238345
270,home_8179.png,80.83,0.0582,0.4268,0.6982,0.1833,0.3199,0.1376,0.3209,0.3046,-2.659,0.009438,1.397,3.555,dining,0.4720295504680913,0.2523490154199119,0.2523674452270307,0.2948728315633209,0.2698652740070492,0.2723383947857635,0.2258816285421254,0.1994312433072173,0.7491278000282561,0.2346582294655809,0.2411257981227825,0.2587881752774814,0,1,1,1,1,1,1,0,0,0,0,0,0,4736.42911767614,839.661309398904,2.60291408330965
271,home_8182.png,94.619,0.8774,0.1455,0.6152,0.1762,0.1825,0.2439,0.4227,0.3378,-2.882,0.008754,1.319,3.845,dining,0.6140367905179788,0.2854401869084507,0.3603354028685055,0.2758800846556568,0.2309289353506448,0.2175009808545048,0.2785548418992165,0.1690981479373484,0.7581190574692575,0.2840392042662173,0.2579416232267914,0.2255267163137867,0,1,1,1,0,1,0,0,0,0,0,0,0,3540.14694610398,691.539390209526,2.59599566884006
272,home_8214.png,121.836,0.09649,0.2974,0.5152,0.1784,0.2676,0.3079,0.376,0.3706,-2.847,0.02753,1.275,4.152,dining,0.5508299656264476,0.2881020925573528,0.4374973137425066,0.275875576649384,0.2667838256676247,0.2672339948172884,0.2776701484099326,0.2364826901774727,0.8583884130179973,0.1911747804170059,0.1411256228859788,0.2501817152371435,0,1,0,1,1,1,1,0,0,1,1,0,0,3285.60821955196,331.490293168366,13.489210834809
273,home_8234.png,69.777,0.03926,0.3072,0.4761,0.05619,0.1365,0.2102,0.4479,0.3238,-2.729,0.02273,1.307,3.834,dining,0.4856015233634807,0.2675845953319724,0.3468797054423148,0.2840776777929454,0.2472550326025828,0.232417956379517,0.2998464869335278,0.229135996651115,0.7842096799217172,0.267127350225211,0.2418894662154375,0.234785839359066,0,1,1,1,0,1,1,1,1,0,0,0,1,4030.83704708139,277.728305912989,28.6843776336935
274,home_8353.png,110.042,0.1487,0.3774,0.3516,0.1507,0.2291,0.2522,0.5689,0.5169,-2.362,0.01714,1.325,4.009,dining,0.5216404250672305,0.2738656649211838,0.3445814765403402,0.2984219534212612,0.2629163209287252,0.2430592684166039,0.2628957290159304,0.2381749966311022,0.6824630359625565,0.1999673562355444,0.198686818082227,0.3441507330226247,0,1,1,1,1,1,0,0,1,0,0,0,0,4404.45926995903,2026.43115475211,21.7278126264102
275,home_8357.png,94.284,0.03943,0.355,0.444,0.1096,0.225,0.1842,0.351,0.3736,-2.661,0.002909,1.43,4.135,dining,0.4856646277277175,0.2795597817544449,0.4064856944149234,0.2645977272320563,0.2669363751900539,0.2035436454884428,0.2979297364488865,0.2604328716131445,0.7406554975480566,0.2089563519408149,0.2327376808373134,0.2635151053559697,0,1,1,1,0,1,1,0,1,0,1,1,0,2971.2285701789,0.0,13.9693393283674
276,home_8384.png,66.405,0.885,0.4126,0.3366,0.2217,0.2641,0.2193,0.3546,0.3308,-2.747,0.00965,1.315,3.928,dining,0.4691584877010937,0.3150582135312902,0.4134398751354722,0.2708508169452367,0.2559637278024729,0.2409943286351482,0.2904238492049095,0.2434974690229397,0.7998719153148345,0.2608970788024137,0.2168773547489104,0.2502424752204233,0,1,1,1,0,1,1,0,1,0,0,1,0,3255.84283842495,673.672078001181,15.7512907968297
277,home_8438.png,114.514,0.0983,0.1873,0.5834,0.1027,0.2143,0.2113,0.4022,0.4221,-2.758,0.008855,1.436,3.776,dining,0.4874578553564004,0.2696020428011449,0.3211755359865766,0.3020610877115838,0.2487760238879912,0.2613996678491679,0.276345185872911,0.2125010271381811,0.6757311064195815,0.2616480993155736,0.2820271628181071,0.2941076269143584,0,1,1,1,0,1,1,0,1,0,1,0,1,3320.68476550667,259.98992276646,6.18671322538446
278,home_8445.png,116.045,0.1348,0.1895,0.6226,0.1903,0.1564,0.2087,0.445,0.4172,-2.528,0.003458,1.352,3.945,dining,0.5687028834586915,0.2751794569933935,0.3306798563845929,0.3117953664712561,0.274804948915848,0.2549803130738452,0.2669235704378189,0.2351534035329555,0.7148911478648733,0.2231527019240344,0.2466071840937738,0.2792739166897893,0,1,1,1,0,1,0,0,0,0,1,0,0,3448.41353635715,1107.96339451138,13.331200375247
279,home_8530.png,108.768,0.0367,0.3124,0.3579,0.1522,0.2186,0.2608,0.3625,0.3673,-2.842,0.01451,1.382,3.555,dining,0.5206304609632568,0.2800603502294843,0.4719223232021447,0.2918763369131713,0.2316474838912322,0.2105700502212845,0.2813789335818311,0.2017228950356067,0.6517191539315214,0.2855826584192354,0.3102989975006824,0.3115716071805149,0,1,1,1,0,1,1,0,1,0,0,0,1,4047.87714025267,164.835838662224,23.2119077406465
280,home_8634.png,97.217,0.07208,0.7107,0.4842,0.06435,0.2599,0.1786,0.4514,0.4515,-2.722,0.01117,1.451,3.779,dining,0.4786895568236469,0.276286292161892,0.3616884898201701,0.2541956807563802,0.2533880381809705,0.24763403439291,0.2144248783380219,0.2124882412502052,0.7985960559184645,0.2134831908798215,0.2054650031664377,0.239377694687825,0,1,0,1,0,1,1,0,1,0,1,1,0,3163.74591936935,163.365641937233,13.6546222113806
281,home_8640.png,100.138,0.0957,0.2979,0.6336,0.1457,0.231,0.2507,0.3393,0.3578,-2.888,0.01692,1.284,3.997,dining,0.5050046614861421,0.3145110839369137,0.3919615282625995,0.3191005913042875,0.2811049013818218,0.2599781863032112,0.2779403616542081,0.2897650078355531,0.7990957154730878,0.248647766183529,0.2052241305564751,0.2875706156922896,0,1,1,1,1,1,0,0,1,0,0,1,1,3700.3825087151,211.791785728589,12.3498158884645
282,home_8675.png,86.078,0.0935,0.3138,0.5489,0.1638,0.2566,0.2392,0.3122,0.3233,-2.783,0.006133,1.339,3.955,dining,0.4469082613369645,0.2431062244675347,0.2537866373963181,0.306050157715957,0.217688609632364,0.1966180164607722,0.2003767939235126,0.1964101628473679,0.7655974584228773,0.2693378669831202,0.2499453491432863,0.2403112787141246,0,0,1,1,1,1,0,0,0,0,1,0,1,3806.41871324659,293.567560538737,17.4932132783647
283,home_8676.png,116.912,0.09277,0.3247,0.4685,0.1176,0.2107,0.2649,0.3885,0.4164,-2.801,0.006985,1.429,4.219,dining,0.4867293984344018,0.2883389001936305,0.4353987508628735,0.3053861495207888,0.2490497804405609,0.2320023470179977,0.3202611245672767,0.2594933966077594,0.7481089704096997,0.2251002501674352,0.236000303917461,0.2662901196228429,0,1,1,1,1,1,0,0,1,0,1,0,0,2891.93376247039,0.0,11.1312299186507
284,home_8708.png,99.495,0.07819,0.1584,0.5607,0.1617,0.1722,0.2568,0.3128,0.3915,-2.919,0.01263,1.295,4.13,dining,0.4949733742322112,0.2983286926297764,0.3492510848960211,0.2645677025306948,0.2756900951118844,0.2661349399987361,0.2966828903766828,0.2192917020030473,0.8365103344603384,0.2789558746019671,0.2178538667612325,0.2416498644061667,0,1,1,1,0,1,1,0,1,0,0,0,0,3573.4010136313,0.0,24.5297593807198
285,home_8752.png,120.745,0.02579,0.5215,0.4951,0.1095,0.2664,0.3129,0.4139,0.461,-2.959,0.009855,1.239,3.162,dining,0.468425319488755,0.299951863798439,0.3319345951118501,0.2954750931023988,0.241561706533727,0.2323543133887759,0.3652462741350072,0.2863838751463909,0.8042070313644947,0.2483703317908315,0.2207826371911772,0.2175929369637981,0,0,0,1,0,1,1,0,1,0,0,1,1,4088.85365920419,492.991556137233,12.557199133202
286,home_8778.png,109.023,0.04032,0.4298,0.3108,0.1176,0.3351,0.321,0.3287,0.3214,-2.949,0.00525,1.213,3.868,dining,0.5560443845090518,0.3004128029849341,0.4066532737475429,0.2840950392165319,0.273074098114247,0.2427311544111247,0.3050273438518986,0.1847238575778151,0.7406114378784108,0.2708427851788325,0.2534998655421263,0.2915020155104547,0,1,1,1,0,1,0,0,1,0,1,1,0,2803.82432075593,0.0,11.1508504504772
287,home_8800.png,79.399,0.09339,0.2601,0.5764,0.1952,0.2078,0.2853,0.3762,0.3577,-2.56,0.01707,1.275,4.205,dining,0.5846992426276449,0.3034095210747922,0.4922061099679989,0.2925543789596361,0.2665461333180693,0.2470897038051214,0.2391091954266614,0.2308142067368908,0.7258941515653659,0.2820770531521574,0.2628208813452651,0.2833976499385726,0,1,1,1,1,1,1,0,0,0,0,0,0,3774.36452408236,0.0,22.5094649466844
288,home_8830.png,118.496,0.1055,0.4148,0.58,0.07456,0.2378,0.2784,0.3631,0.4037,-2.781,0.01493,1.308,3.861,dining,0.5227069582256224,0.275210482105173,0.3838166135681217,0.2864319193176702,0.2493650671620682,0.2445460416376979,0.2526847499006454,0.2075394898293038,0.6945852430795375,0.2493866182320445,0.2439768046904685,0.3174258631108457,0,1,0,1,1,1,1,0,1,0,1,0,1,3735.066785781,1436.98273737629,18.5369799783527
289,kitchen_1047.png,80.968,0.9929,0.213,0.5062,0.1243,0.2193,0.1998,0.4279,0.3156,-2.704,0.009366,1.341,3.947,dining,0.4242004346497888,0.2902991343011668,0.4238385017280344,0.2994097768206106,0.2569747539276928,0.2565668682469711,0.3160670114650092,0.2452645507678279,0.7998443957144451,0.2813342791961054,0.2248011491327282,0.2463818281922488,0,0,1,1,1,1,0,1,1,0,0,0,1,2950.69741206966,0.0,20.0980034345689
290,kitchen_1350.png,106.627,0.05819,0.2875,0.5194,0.1521,0.2048,0.2641,0.4081,0.3843,-2.984,0.01059,1.259,3.871,dining,0.4285987291429152,0.2578491542258553,0.3913398763255957,0.3348488314626125,0.237158496703786,0.2167299590706362,0.3662558238887315,0.2726889566339864,0.7718490331040574,0.2347061833804226,0.2141085213984777,0.2712545102102818,0,1,1,1,1,1,1,0,1,0,0,1,0,3685.16170561446,477.75411231037,19.0222000284167
291,kitchen_1363.png,81.749,0.07689,0.5357,0.588,0.05741,0.1731,0.2085,0.3293,0.3515,-2.956,0.01226,1.27,3.82,dining,0.5073350669425077,0.2984241069167487,0.3672042616961163,0.3021739052528198,0.2433574657832247,0.2311865976419871,0.3382997128045703,0.2486847400858323,0.7901810503745549,0.3358658190890778,0.2711404561481667,0.2338507609736214,0,1,1,1,0,1,0,0,0,0,0,1,1,3181.24724900106,707.301658968647,12.6063852907298
292,kitchen_2042.png,71.937,0.06678,0.1326,0.5218,0.1403,0.1299,0.2756,0.3336,0.3296,-2.819,0.0316,1.22,3.881,dining,0.4272159789969424,0.2801882505996008,0.3032864442157296,0.3257434343463256,0.2378205123709972,0.2490045066641657,0.4178754971043377,0.2333648194009177,0.793534896826409,0.279436146830408,0.2355234855047607,0.2394985474446113,0,1,1,1,0,1,0,0,0,0,0,0,0,3557.57499034921,769.163499115459,10.608647109442
293,kitchen_2054.png,105.685,0.07424,0.257,0.6042,0.1238,0.2093,0.1995,0.4187,0.3603,-2.52,0.006994,1.556,4.046,dining,0.3843189551157789,0.2751086560140073,0.3740375830344483,0.3214413657275031,0.2295228383982005,0.2515030230509445,0.3133129581890476,0.2903737290242231,0.7659744352065178,0.2625185271246467,0.2491112831083697,0.2476734853372985,0,1,1,1,1,1,0,0,1,0,0,0,1,3836.94134090595,186.029062556416,5.97456271063519
294,kitchen_2430.png,89.662,0.08257,0.3084,0.7229,0.0583,0.2235,0.1547,0.4147,0.3361,-2.628,0.02099,1.381,4.004,dining,0.4293461949758871,0.2762079069582282,0.3325696171377351,0.3152431931414274,0.2589677522735466,0.2499814867720966,0.2813775447156741,0.2527560202481703,0.7883129670759864,0.297066325713305,0.2588044691525815,0.2336839354218205,0,0,1,1,0,1,1,0,0,0,0,0,1,3124.59024853039,721.134094710309,11.1904507252296
295,kitchen_2810.png,103.493,0.07748,0.3656,0.6733,0.03589,0.1922,0.1666,0.4102,0.3874,-2.808,0.009219,1.371,3.875,dining,0.4047426964435062,0.2727025724786366,0.291514379007095,0.3075777019920089,0.208029337950619,0.2091195261217055,0.2991026778561466,0.2341209691659382,0.7701312909105573,0.3123026525697597,0.258982647261911,0.2385848994415584,0,1,1,0,0,1,1,0,1,0,0,0,1,4466.6434405239,0.0,20.3894951151709
296,kitchen_2812.png,107.775,0.082,0.4416,0.6332,0.06998,0.252,0.1616,0.4733,0.4393,-2.673,0.01285,1.425,3.964,dining,0.4027701135899892,0.2773259418558278,0.2881881469930131,0.340587535526464,0.2608027355070499,0.2683338204850182,0.2770173967852141,0.2204517243700419,0.7467667118744857,0.2509671741229162,0.2796623310337896,0.2608114572742984,0,0,1,0,0,1,0,0,1,0,0,0,0,3420.3352828108,477.101841536232,21.37251321946
297,kitchen_2944.png,90.34,0.08699,0.2956,0.4024,0.2021,0.2774,0.1892,0.4047,0.3813,-2.73,0.007329,1.382,4.113,dining,0.3914932209391995,0.2497373025823246,0.3174832889554887,0.2854196388198807,0.2078945889773567,0.2078417822765302,0.3816278670816451,0.2964435842392187,0.7778177332312545,0.2370134683994981,0.2313596006274336,0.2244842311731881,0,1,1,1,0,1,1,0,1,0,1,1,1,3961.5556579516,185.807668944076,8.61654066469097
298,kitchen_941.png,74.181,0.03363,0.2683,0.5165,0.2488,0.2621,0.1557,0.3351,0.391,-2.698,0.0103,1.35,3.992,dining,0.3679219883261966,0.2525601368767272,0.2964240840590226,0.295965778172214,0.2390250734336353,0.2323179830252593,0.3671403324338903,0.2250219681035563,0.7352606793084087,0.2474849326840698,0.2344303481171461,0.273116919376947,0,0,1,1,0,1,1,1,1,1,1,0,1,2793.88778684968,231.470523804631,20.2266691740556
299,kitchen_955.png,90.126,0.009427,0.2167,0.504,0.3076,0.2272,0.1841,0.4047,0.3867,-2.684,0.007215,1.428,3.989,dining,0.3933155498450504,0.2580875365287788,0.3224588834056279,0.303787943697125,0.2246587656982993,0.2355493608657547,0.3326412930894983,0.2156092647997483,0.7402153725350294,0.2681807513484678,0.2078562990610291,0.2703962867896923,0,0,1,1,0,1,1,1,1,0,1,1,1,3142.14425387065,268.608001428047,16.9067455575214
300,bedroom_3222.png,66.809,0.08809,0.7511,0.4595,0.05017,0.19,0.2456,0.3308,0.2237,-2.624,0.02797,1.318,4.344,bedroom,0.4488824133313114,0.283336843300037,0.2851358668502683,0.2761682621000569,0.2576795216617801,0.2225375043147271,0.2841035645847864,0.2312327195810449,0.8301784848660216,0.2599147471950244,0.2259899930205514,0.2106746729708424,1,1,1,1,0,0,1,0,1,0,0,1,1,2612.57321727735,916.509987040627,22.668466981514
301,bedroom_3225.png,73.139,0.04528,0.1954,0.4605,0.2308,0.2115,0.18,0.2957,0.1868,-2.589,0.01153,1.469,3.855,bedroom,0.4606895830030919,0.2602433991143709,0.2007259653375527,0.2511707214538345,0.2564916521563329,0.1930307057342435,0.2323701102802367,0.1911652838202422,0.7717614637091907,0.2070152514355413,0.2383189999316302,0.2137457780098341,1,1,1,0,0,0,0,0,0,0,0,0,0,2328.18419810176,1362.41039530369,2.45457928770449
302,bedroom_3227.png,61.321,0.1122,0.3132,0.5189,0.04495,0.1952,0.1785,0.2415,0.3101,-2.633,0.01173,1.417,4.167,bedroom,0.4190629595867761,0.2351354757586021,0.1833480474627502,0.2606648604964417,0.2459250431046939,0.2528586234936215,0.1813836127147025,0.1654842547034447,0.6958370069372889,0.2566798215681541,0.2682538760140333,0.2629387183599341,1,1,0,1,0,0,1,0,1,0,0,0,0,3579.94318797514,1096.59421913787,12.207410251109
303,bedroom_3228.png,33.36,0.1169,0.1973,0.5518,0.04284,0.178,0.1236,0.3126,0.2277,-3.016,0.008338,1.252,4.204,bedroom,0.403494356668055,0.258190092689499,0.2131254572835908,0.3028758822878168,0.258271363042419,0.2545484086480077,0.2148692724384361,0.1799301020616438,0.7141712776817475,0.2716773109526754,0.3098610922543249,0.2547247021308717,1,0,0,1,0,0,0,0,1,0,0,0,0,2347.81003336999,787.896682303292,8.51012362627202
304,bedroom_3229.png,70.64,0.01379,0.2255,0.614,0.1395,0.1668,0.3151,0.3844,0.264,-2.607,0.007547,1.349,4.249,bedroom,0.4094425358128824,0.250490285052289,0.2470620717564307,0.2722123566039223,0.2413009323522835,0.218226396363572,0.2363680368175646,0.208153443437285,0.7701457716276792,0.2741227574346065,0.2393030986554062,0.2226305748353605,1,0,0,1,0,0,0,0,1,0,0,0,0,2800.97085489417,1345.23615326774,11.5022546563396
305,bedroom_3234.png,66.628,0.08461,0.2813,0.5538,0.1241,0.2263,0.1651,0.3583,0.291,-2.777,0.01068,1.337,4.124,bedroom,0.5405338641293402,0.2714514264578807,0.2806082205758993,0.2654202015989599,0.2614810214034553,0.2479120906949485,0.2814465841330572,0.2154335695659407,0.794841936267208,0.2738679807411618,0.2638716570433793,0.2163952598299492,1,1,1,1,0,0,1,0,0,1,0,1,0,3771.62054375007,0.0,3.6454735240035
306,bedroom_3236.png,106.19,0.8175,0.2455,0.5738,0.2993,0.2924,0.287,0.3779,0.3752,-2.567,0.01112,1.316,4.095,bedroom,0.4898619963328478,0.279279628576225,0.2890461536843279,0.2951078984209465,0.2672204171186619,0.2622020692836958,0.2560551590251598,0.2220659531588101,0.7332928537487056,0.2510836320057131,0.2679950861854807,0.3058171045351533,1,1,0,1,0,1,1,0,0,0,1,0,1,3283.67125767419,904.841681946376,22.1847265316485
307,bedroom_3239.png,80.623,0.08261,0.3133,0.5152,0.08306,0.2626,0.283,0.3722,0.3263,-2.809,0.007672,1.264,4.241,bedroom,0.4686696214957932,0.276833906504581,0.2640606614832042,0.2728360281598875,0.3015767515513646,0.2266254103040565,0.2660884779078982,0.2807354509343136,0.776131399337435,0.2487808117226929,0.2542717514652836,0.2405065576898696,1,1,0,1,1,1,1,0,1,0,0,1,0,2524.92078585391,743.374501974081,22.055963395027
308,bedroom_3241.png,73.994,0.9303,0.2521,0.7082,0.124,0.2254,0.206,0.5175,0.2883,-2.667,0.004317,1.366,3.827,bedroom,0.358903472435819,0.231699742497296,0.1945511776775852,0.2638862969390704,0.263219615889288,0.2139730247725914,0.1872008262043995,0.2079774821712696,0.7378935190708603,0.2140281245045316,0.228854664670841,0.2272081605937473,1,1,0,0,0,0,0,0,0,1,0,0,0,4881.96638095235,1836.70487101107,4.61215044918075
309,bedroom_3244.png,75.432,0.06179,0.5409,0.6261,0.03666,0.2009,0.2626,0.3455,0.355,-2.759,0.006723,1.312,4.266,bedroom,0.4774054741949189,0.2822305662337542,0.2701667892925571,0.2684390011421436,0.2565122453541037,0.2295439956489009,0.2149085893580337,0.1997346665167808,0.7779576020704052,0.2577706132294391,0.2601064220658109,0.2364324051677423,1,0,1,1,1,0,1,0,1,1,1,0,0,3444.81846287624,577.682935271026,16.7213034739283
310,bedroom_3245.png,50.807,0.9684,0.1445,0.8186,0.2623,0.1935,0.1187,0.3528,0.3278,-2.584,0.008923,1.303,4.026,bedroom,0.4160694920035027,0.2561436489817558,0.1995119952984306,0.2883865820790184,0.2860474737461895,0.2585260414169377,0.2207451613758655,0.2237121122440173,0.7033549086672201,0.2765854713792926,0.2775587275525938,0.2569723829201735,1,1,0,0,0,0,0,0,0,0,0,0,0,3179.99503714949,319.829275305319,3.74632791001919
311,bedroom_3247.png,108.975,0.03539,0.4577,0.4842,0.04777,0.2449,0.2757,0.4162,0.3756,-2.593,0.01788,1.35,3.778,bedroom,0.4747885160760657,0.2429930463022357,0.2070477961588611,0.2263616014949977,0.2309180556913966,0.2059155853781985,0.1904993437527073,0.1497678218868697,0.7829414666918206,0.2079713111559543,0.1960124398801683,0.2662294275863013,1,0,0,1,0,1,0,0,1,0,1,0,0,3739.02148317048,700.065368774822,8.43354934401478
312,bedroom_3248.png,94.583,0.4584,0.08306,0.4648,0.3433,0.06784,0.2111,0.2718,0.2925,-2.753,0.04785,1.346,3.824,bedroom,0.4155411534327004,0.2554230859941959,0.2309552952455155,0.2625697309366227,0.2682665594441564,0.273887429378883,0.2641592304989549,0.1520659092330739,0.6840131057091072,0.2234363555706897,0.2907811441679612,0.249941338882038,1,1,0,1,0,0,1,0,1,1,0,0,0,3267.70993887465,256.613672242681,14.1838597017999
313,bedroom_3252.png,70.723,0.1459,0.2103,0.4559,0.2448,0.2113,0.2247,0.5804,0.3325,-2.555,0.004616,1.349,4.209,bedroom,0.4224609945383397,0.2354198750231641,0.2037261918981569,0.250702733345113,0.2604452582197662,0.2138683553994561,0.2069869068254758,0.1877266428202894,0.7177263660210489,0.1551887076606297,0.1961259409679689,0.2783404622309065,1,1,0,1,0,0,1,0,1,1,0,1,0,2870.11580445831,1329.43659804617,20.0720630739459
314,bedroom_3254.png,78.184,0.9945,0.2266,0.45,0.1706,0.1669,0.2853,0.3043,0.3146,-3.018,0.01089,1.233,3.634,bedroom,0.4568885247199786,0.2553371549284731,0.2354752602615593,0.2765120672552046,0.2594145755348098,0.2339999814587227,0.2120406222493117,0.1830539431702683,0.7558649885401252,0.2563353795916205,0.2600983902962135,0.2500136458553307,1,1,0,1,0,0,1,0,1,0,0,0,1,4536.00397394097,1268.63375614239,15.064238606201
315,bedroom_3258.png,97.382,0.2656,0.3037,0.5893,0.3646,0.2662,0.255,0.4045,0.3703,-2.801,0.008141,1.351,3.936,bedroom,0.5478843222593833,0.2739855469430011,0.2154430547128707,0.2646474085530858,0.2472683453570471,0.1994486966422117,0.242689396944279,0.1896552251818138,0.7164912500760171,0.2271660829272149,0.2900717328733819,0.2494478289492462,1,1,0,1,1,0,1,1,1,1,0,1,0,3063.73473237721,1179.69361309562,7.82494902201389
316,bedroom_3261.png,53.66,0.8658,0.1568,0.5233,0.2373,0.1964,0.158,0.3374,0.315,-2.81,0.01304,1.364,3.858,bedroom,0.4849468190749339,0.2649225716832972,0.249664251767442,0.2510328986959938,0.2612333406742311,0.2293791229578465,0.2031150398972692,0.1575649639331853,0.7027371266607848,0.2786514428864824,0.3139133713879226,0.2540134805593944,1,1,0,1,0,0,0,0,1,1,0,0,0,2737.01566138612,450.935350256326,0.0
317,bedroom_3269.png,65.507,0.09323,0.3735,0.4336,0.1395,0.2361,0.2867,0.3376,0.3192,-2.791,0.007198,1.217,4.138,bedroom,0.4647250081469581,0.2578862015785683,0.2377125751325891,0.2702026375751312,0.2448235730125496,0.2115449527201959,0.2352655860813083,0.1830763166435526,0.738019826032175,0.2689459488345978,0.2445064097434116,0.2579442994130134,1,1,0,1,0,0,0,0,1,0,0,0,0,2479.01916506609,2046.74279304207,4.25372791084683
318,bedroom_3273.png,51.66,0.9396,0.0807,0.4579,0.1725,0.06163,0.1858,0.4544,0.3173,-3.042,0.006814,1.269,4.212,bedroom,0.3576701309808368,0.2564794957513561,0.2009858148657659,0.2562426334640634,0.2429309340987982,0.2234545764061342,0.2152881163412071,0.1732084068654902,0.6644199238174474,0.2476463206645666,0.2986637081338158,0.275418240744845,1,1,0,1,0,0,1,0,1,0,0,0,0,3395.3737603778,1216.8465589005,16.7643706185763
319,bedroom_3275.png,84.467,0.1027,0.3946,0.4123,0.1588,0.2889,0.1928,0.3503,0.3817,-2.718,0.0109,1.46,4.147,bedroom,0.4215074527621116,0.2575153773124708,0.2397767927417042,0.2635415586372917,0.2534307855699552,0.2019397911865481,0.3776257015086253,0.258673420415504,0.7803121884016269,0.2176907392572303,0.2265836557472895,0.2456746339063497,1,0,0,0,0,0,1,0,0,0,0,0,0,2564.90052382377,756.238842855756,11.7221854457283
320,bedroom_3277.png,56.148,0.0636,0.3395,0.5612,0.05813,0.2206,0.183,0.3477,0.2678,-2.788,0.009009,1.427,4.137,bedroom,0.438683947173411,0.255432952868949,0.2410570569047908,0.25739488158065,0.2356128063360642,0.201795166360527,0.2249352945251596,0.1879196183300978,0.7044451824300265,0.301734784881106,0.3477472011326502,0.228754771086029,1,0,1,1,0,0,0,0,1,1,1,0,0,2861.72856797411,1209.35495152834,6.71589105928365
321,bedroom_3281.png,80.27,0.07223,0.7437,0.4371,0.02144,0.1835,0.2155,0.3666,0.3905,-2.855,0.00244,1.289,4.196,bedroom,0.4718710803319992,0.2584863385995907,0.236181231575855,0.2367433578498374,0.2390920911130467,0.1928035358510535,0.2874485513586574,0.2158785388075139,0.7946045603399292,0.236876331257746,0.2530110515016433,0.2058429338717088,1,0,0,0,1,0,1,0,1,1,0,0,0,2794.80438292749,217.965082397003,4.30246098002312
322,bedroom_3282.png,63.597,0.0841,0.2505,0.4945,0.129,0.2066,0.1909,0.3423,0.2491,-2.677,0.006131,1.197,4.45,bedroom,0.4313421630369388,0.2644120496930915,0.2982208469572446,0.2777893805929376,0.2933233707988879,0.2810002278003832,0.3083512546079855,0.2687646505711614,0.7272611653085999,0.2448623699480293,0.283258292961873,0.2406416485623383,1,1,0,1,0,0,0,0,0,0,0,1,0,1684.28456411689,0.0,19.9323374254958
323,bedroom_3298.png,50.65,0.07286,0.534,0.4382,0.1242,0.2734,0.2902,0.2737,0.2312,-2.825,0.03136,1.271,3.722,bedroom,0.4921998105478652,0.2918668303987575,0.2690435868776605,0.2697160704215453,0.2722785535082027,0.2594508538308124,0.2853179524928197,0.1918696770606292,0.8186097400304037,0.2900963103439126,0.237295881146816,0.2292687600497093,1,1,0,1,0,0,1,0,1,0,0,0,0,2912.5419196777,332.295794237083,0.0
324,bedroom_3314.png,104.105,0.05601,0.3627,0.6244,0.1249,0.2397,0.1875,0.4067,0.4219,-2.805,0.008204,1.462,4.183,bedroom,0.4340464622050179,0.2769797566942347,0.3107953570137901,0.2533252238854382,0.2954969852265292,0.2895255427023263,0.2066014330103609,0.1928409846497592,0.7231392296022924,0.2559053574889852,0.2736162999814042,0.2958347211778218,1,1,0,0,0,0,1,0,0,0,0,1,0,2352.95730122463,410.888102799138,25.8471431801348
325,bedroom_3319.png,60.901,0.8973,0.2111,0.482,0.1848,0.1293,0.204,0.3393,0.3543,-2.899,0.004376,1.318,4.387,bedroom,0.3735341290026517,0.2599466345172799,0.2496758608595392,0.2644310486078168,0.249430961040681,0.2396506711570803,0.2461425834121467,0.2249261586216177,0.7816243816399578,0.216506134421424,0.2149864054442697,0.2495968850998154,1,1,0,0,0,1,0,0,0,0,0,0,0,2461.30975744267,915.632426458634,13.5931377451625
326,bedroom_3324.png,50.925,0.5687,0.2519,0.5581,0.2708,0.1623,0.1583,0.3557,0.2815,-2.884,0.003928,1.178,3.948,bedroom,0.3592470261917999,0.2538239127035942,0.2101607889742286,0.2637303296759704,0.2623463705552893,0.2480194079300832,0.2955349731105356,0.1865286050993459,0.7361747632344492,0.229551368026413,0.2678764526496868,0.2614557565460415,1,0,0,1,0,0,1,0,1,0,0,0,0,2532.67603155121,1098.82688819147,0.0
327,bedroom_3325.png,47.664,0.0812,0.5932,0.451,0.04338,0.1976,0.1988,0.3497,0.2414,-2.96,0.008993,1.266,4.295,bedroom,0.4111782527728319,0.265823126029195,0.2218984915115379,0.2586628229318095,0.2400643518391884,0.2284294265029635,0.3238476927634348,0.1981871308878084,0.80080012474514,0.2644680818021507,0.2440058908858845,0.2312648949052913,1,0,0,1,0,0,1,0,1,1,0,0,0,1878.13230946391,0.0,8.67821743749652
328,bedroom_3327.png,50.184,0.08251,0.1503,0.5463,0.1842,0.1113,0.265,0.2941,0.2973,-2.941,0.01717,1.25,3.757,bedroom,0.491776992230401,0.2651543288096689,0.2258885764949423,0.2619902934081607,0.2820915515929277,0.2507144150072924,0.2161488841150326,0.173849405983124,0.6579168523514083,0.2702799448196868,0.3287697137561109,0.2634354368424621,1,1,0,1,0,0,1,0,1,1,1,0,0,3277.70240976768,1445.07440803534,16.6082573119689
329,bedroom_3333.png,51.87,0.06878,0.4609,0.5842,0.04464,0.2199,0.2491,0.347,0.2172,-2.738,0.01481,1.181,4.048,bedroom,0.4442611897217414,0.2700392575310044,0.2323672280328731,0.2837594200746048,0.2692932900069547,0.2460033783395321,0.2075575027204285,0.190899016937419,0.7717119523524671,0.278886961653347,0.2585325840407472,0.2300629981118387,1,1,0,0,0,0,0,0,0,0,0,0,0,3223.35211330984,1080.26245882813,18.9907988046907
330,bedroom_3340.png,58.161,0.05464,0.1798,0.6089,0.1474,0.1552,0.1605,0.3631,0.3153,-2.902,0.005294,1.277,3.734,bedroom,0.5281511838149122,0.2759626389171752,0.2362392358313487,0.2695939698551119,0.26239792038701,0.2357649763641791,0.2185430426046624,0.1812996887054288,0.7708620285413451,0.2852145313693444,0.2725153288832179,0.2557054549962785,1,1,1,1,0,1,1,0,1,0,0,1,0,4336.41590464245,1223.49630150233,8.00956746530381
331,bedroom_3351.png,59.823,0.8627,0.1325,0.5226,0.1509,0.1199,0.2366,0.2886,0.3684,-3.207,0.01076,1.111,3.712,bedroom,0.436434753709622,0.2833850583260227,0.2486147104541222,0.2671517168616174,0.297895850222586,0.2758749887823246,0.2544281621618342,0.1909179768230428,0.7771896790070498,0.2646232807609803,0.2494619264777588,0.2492598693856068,1,1,0,1,0,1,1,0,1,0,0,1,0,4627.14126157557,877.007028623549,4.55178595179228
332,bedroom_3353.png,65.003,0.09933,0.1997,0.5521,0.1541,0.169,0.2099,0.3085,0.2682,-2.885,0.01024,1.33,4.175,bedroom,0.4512284393435453,0.2475361505289366,0.2520870510412561,0.268182713492807,0.2783721107569988,0.228715482232732,0.2365544118741477,0.2136890059804391,0.8135686962995499,0.2187205154209975,0.1950699600427255,0.2502918395261921,1,1,0,1,0,0,1,0,1,1,0,1,0,3386.87236317917,1030.62809511487,20.9922299009122
333,bedroom_3360.png,96.486,0.06149,0.1646,0.5397,0.1748,0.1795,0.2986,0.3595,0.3194,-2.748,0.02924,1.422,4.038,bedroom,0.5080500059627933,0.2714844404114447,0.319975659695455,0.2546534370890886,0.2625865894617595,0.2376121579881514,0.2724161378473608,0.1763265045533039,0.7846187491069756,0.2854349724501558,0.2472303610479814,0.2391815481104149,1,0,1,1,0,0,1,0,1,0,0,0,0,2395.27344907691,1004.86048372002,8.23072440805794
334,bedroom_3361.png,71.918,0.08892,0.317,0.5147,0.1418,0.2121,0.2115,0.2967,0.2829,-2.896,0.005499,1.318,3.831,bedroom,0.4666159577182787,0.2698238726646208,0.246436982960624,0.2444947424738454,0.2594249931115084,0.2301862833049184,0.2586358347747051,0.1894276117501972,0.7854806942891254,0.2209088580241901,0.26570670460246,0.2258963751651003,1,1,1,1,0,1,1,0,1,0,0,0,0,2707.95849785111,371.640882822891,12.5396272453077
335,bedroom_3364.png,73.968,0.09623,0.6156,0.5299,0.04835,0.3003,0.306,0.3385,0.365,-2.636,0.006841,1.236,4.228,bedroom,0.3848907027075789,0.2499786178574074,0.2194877023704847,0.2536623336285625,0.2448424248073491,0.2057317050568237,0.2405989442849184,0.1880173310779355,0.7777263917368438,0.2197715958879278,0.2157736397503199,0.215032329760743,1,0,0,1,0,0,1,0,0,1,0,0,0,3754.98618915602,1856.28130977303,11.6258373541745
336,bedroom_3365.png,81.648,0.1201,0.2459,0.6504,0.08856,0.1733,0.2752,0.3207,0.2066,-2.497,0.01492,1.401,3.913,bedroom,0.5077283621530634,0.2790132442284764,0.2533420845756826,0.2732974019657869,0.2668790707243895,0.239743662431201,0.2294076085996627,0.2112982090313273,0.7437650539449061,0.2434916549952677,0.2879686340956994,0.2306866666079073,1,1,0,1,0,1,1,0,1,1,0,1,0,2739.77134478265,1515.53284754229,21.7137027687145
337,bedroom_3367.png,74.036,0.08336,0.4549,0.6382,0.03428,0.1778,0.2642,0.2817,0.2917,-2.778,0.01662,1.214,3.878,bedroom,0.4570024304114964,0.271980865064066,0.240709983840324,0.2601105156574205,0.2622419339311535,0.2335786648756977,0.2134290001166254,0.1960487255916452,0.77049033228473,0.2394619524436968,0.2547120898575342,0.2304401336402807,1,0,1,1,1,0,1,0,1,1,0,0,0,3354.18325061046,984.21355953429,30.5476795239359
338,bedroom_3368.png,68.445,0.1566,0.2376,0.5069,0.2195,0.1614,0.2201,0.2604,0.2689,-2.883,0.0155,1.222,3.855,bedroom,0.5285309304850584,0.2770682117944537,0.2483511437709012,0.2876310463003602,0.2718575515373447,0.2450123401357222,0.3268961188858053,0.186534130437579,0.7250982748243167,0.2711112138072081,0.3093707874739184,0.2411762668743154,1,1,1,0,0,0,1,0,0,0,0,0,0,3260.1890995106,1197.42949078501,3.46656250798934
339,bedroom_3378.png,69.493,0.07558,0.4834,0.5213,0.05473,0.2153,0.2119,0.294,0.3348,-2.807,0.01342,1.296,4.04,bedroom,0.5208354486181926,0.2588800848372346,0.249344299981069,0.2430627136226386,0.2421603465422086,0.2024635374723964,0.2019093484644556,0.1515317490767952,0.7812783434966227,0.2663890465053718,0.25120513616945,0.2173133487105876,1,0,1,1,0,0,1,0,1,0,0,0,0,2381.38102958873,397.094828801842,14.4572621121906
340,bedroom_3380.png,61.124,0.186,0.2941,0.5036,0.1402,0.2946,0.1694,0.341,0.2681,-2.988,0.005776,1.195,3.9,bedroom,0.4912503231549346,0.292690866736535,0.2449016296362142,0.2862675370382868,0.2760536227063521,0.2517173426245053,0.2819801616030895,0.2032795659131099,0.8003356696374153,0.2693024099598123,0.2448135926900029,0.2446615965913655,1,0,1,1,1,0,1,0,1,0,0,0,0,3112.57327157079,1356.69970142191,11.9078263852099
341,bedroom_3381.png,86.218,0.08899,0.2062,0.729,0.1074,0.1654,0.1792,0.3396,0.335,-2.518,0.01961,1.364,3.627,bedroom,0.4031517202684557,0.2549720818978951,0.2423818680827345,0.2730732050661472,0.2818383023578938,0.2672889382050933,0.225405965515246,0.2021667330019529,0.696830452727249,0.275443648005404,0.3065406649261132,0.2364324587522342,1,1,1,1,0,0,1,0,1,1,0,0,0,2857.67030014681,2826.0739343198,14.832535201594
342,bedroom_3383.png,47.493,0.07145,0.2056,0.6143,0.1657,0.1818,0.2032,0.2695,0.2148,-2.8,0.006047,1.099,4.241,bedroom,0.4800587253758662,0.2797928003834016,0.2431730491123486,0.2820680702580531,0.2996404874140548,0.2653650699706834,0.2083177461250195,0.1919675812116166,0.7485582134641626,0.2781181037299126,0.2896777061598043,0.2550041116267049,1,1,0,1,0,0,0,0,1,1,0,0,0,2129.51412353066,1122.57131732769,20.9310138276247
343,bedroom_3390.png,56.482,0.08826,0.3808,0.5444,0.1076,0.1816,0.1841,0.2986,0.2989,-2.797,0.04211,1.395,4.132,bedroom,0.5241751084174173,0.2727494580810174,0.2220358501969906,0.2778530087116947,0.2759161927368585,0.2362776223170393,0.2027266054109664,0.1822430872440517,0.7380931325260465,0.2966642379300115,0.3037505505574936,0.245772779712274,1,1,0,1,0,0,0,0,1,1,0,0,0,2756.73456787512,1033.64916501755,20.4398431944012
344,bedroom_3392.png,99.965,0.1732,0.2098,0.4634,0.1986,0.1748,0.2183,0.3601,0.3807,-2.782,0.002771,1.364,4.056,bedroom,0.5059168480229489,0.2625763954716578,0.2864447277569131,0.2410319281962122,0.2746526564871072,0.2362176092582295,0.2216320274598606,0.1757923135183114,0.7141392634207748,0.2235696764632782,0.2589072663981724,0.2768509052945773,1,1,0,1,0,1,1,0,1,1,0,0,0,2710.9544496308,0.0,5.7313082839619
345,bedroom_3398.png,87.037,0.0195,0.1823,0.5818,0.1879,0.1744,0.2862,0.3925,0.4034,-3.097,0.01506,1.236,3.566,bedroom,0.4801288954289235,0.2920001119639068,0.2900710585805165,0.2893959001820604,0.2898119935235846,0.3035098614544698,0.2311518319713199,0.191779096774215,0.7646740245839754,0.263591886093917,0.2682278172676689,0.2609416813173094,1,1,0,0,0,1,1,0,1,0,0,0,0,4291.18377635356,0.0,23.4570326751367
346,bedroom_3408.png,64.828,0.128,0.2063,0.6731,0.1652,0.221,0.1748,0.3097,0.3109,-2.851,0.01089,1.317,4.025,bedroom,0.4570547360097722,0.2894532065815166,0.2802689434119462,0.2784935452068033,0.2455933500104707,0.237098676477266,0.2567738924202027,0.2474454687479044,0.7809550853948881,0.3001622171995292,0.2757647278242012,0.2401934170732848,1,1,0,1,0,1,1,0,1,1,0,0,1,3283.52973345091,586.654682826402,34.6136956348738
347,bedroom_3414.png,104.882,0.1121,0.2409,0.6097,0.1121,0.1993,0.2252,0.4262,0.3777,-2.652,0.01673,1.437,3.953,bedroom,0.4101791193733871,0.2587817327688258,0.2303943212947884,0.26509703940322,0.2284556446617331,0.2090118776210059,0.331726234719966,0.2285703527427924,0.7545711789930099,0.2401404735763584,0.2402811040258717,0.2300312747282618,1,1,1,1,1,0,1,0,1,1,0,1,0,3918.12930198154,290.910880475137,36.6312214517274
348,bedroom_3417.png,87.634,0.07898,0.1935,0.6792,0.1292,0.2062,0.218,0.3432,0.3372,-2.728,0.007646,1.205,4.149,bedroom,0.4458377125369944,0.2694212582485388,0.2651894754670154,0.2745476335047629,0.2648212617500827,0.2214771707252475,0.2309250156849456,0.2228653224348736,0.7895055338840313,0.2453013038479236,0.2558704202321631,0.2395861222261097,1,1,1,0,0,0,1,0,1,0,0,0,0,3294.93951894604,1004.14243848502,37.4676906819321
349,bedroom_3421.png,108.517,0.1035,0.4079,0.5952,0.1796,0.2796,0.2237,0.4172,0.3467,-2.762,0.02288,1.362,4.045,bedroom,0.4451977049242497,0.2635005749428233,0.2055130433444967,0.2600536721336633,0.2372180238027426,0.2591776161842946,0.2379305411650732,0.1841362200265578,0.7811735954907147,0.2825536895394278,0.2557316712298633,0.2208293169068404,1,1,0,1,1,0,0,0,1,1,0,0,0,3407.38828326769,548.986599047704,12.2741684946292
350,bedroom_3424.png,82.016,0.1842,0.2005,0.4705,0.2737,0.2161,0.2729,0.4053,0.3651,-2.909,0.01627,1.185,3.514,bedroom,0.3955141393482957,0.2859318765458075,0.2650671370948389,0.2867440162942001,0.2636628111697522,0.2532560790867018,0.2638407192115325,0.2162912669661603,0.7098319900737119,0.2445100418377713,0.2646594785912528,0.2759448353771903,1,1,0,0,0,0,0,0,0,0,0,0,1,4637.34907724823,1276.20390644793,21.5736862049378
351,bedroom_3426.png,45.301,0.07829,0.4996,0.3824,0.1102,0.3084,0.1856,0.3245,0.315,-2.457,0.1362,1.224,3.867,bedroom,0.4172788661293776,0.2751598131631712,0.2268456223626807,0.2988687745513959,0.27484699097104,0.2732734123513199,0.2296429510706818,0.1840915532217856,0.7198956272507148,0.2788907359134367,0.3017124278370717,0.2551348890951602,1,1,1,0,0,0,0,0,0,0,0,0,0,1751.91678184794,371.047888292187,15.6471254641512
352,bedroom_3427.png,74.531,0.9294,0.3667,0.4616,0.1062,0.1864,0.1983,0.4081,0.3621,-2.859,0.007742,1.335,3.877,bedroom,0.4421082292596461,0.2928672815922566,0.3165130249514969,0.2518337175339389,0.2693055086458103,0.2489606822354938,0.2477386599966566,0.1796981461146204,0.758958145010001,0.2672573088224177,0.3023577445492494,0.2508630847128735,1,0,0,1,0,1,1,0,1,0,0,0,1,2103.09688631184,1780.06044309492,7.33538933906477
353,bedroom_3428.png,49.717,0.1014,0.2099,0.6491,0.05258,0.1923,0.2025,0.3425,0.1974,-3.052,0.006908,1.15,3.908,bedroom,0.43564191692849,0.2683781429140817,0.2683665076193318,0.3113758635757487,0.2632417259600081,0.2476284419516295,0.236752676977227,0.186362955561499,0.6997077187173165,0.3173949836959472,0.3682632988966711,0.2512622299595016,1,1,0,1,0,0,0,0,1,0,0,0,0,4995.67086241794,1527.75414190972,9.16659350502834
354,bedroom_3448.png,86.921,0.4743,0.2379,0.4749,0.3563,0.2152,0.2213,0.2983,0.402,-2.963,0.009373,1.259,3.628,bedroom,0.5212233471663634,0.2770644506970084,0.3074792143097914,0.2769511409248907,0.2713752365758681,0.2565221905678706,0.2383519375303536,0.1651697971635571,0.7412543581397047,0.3071419471369384,0.2781324910907813,0.2656086823810297,1,1,1,1,0,0,0,0,1,1,0,0,0,4266.01958312446,1779.76646109439,16.1597124131073
355,bedroom_3449.png,66.075,0.04396,0.6928,0.3308,0.08359,0.2552,0.2372,0.3499,0.4048,-2.778,0.01535,1.278,3.781,bedroom,0.3655473564633562,0.2671757192781739,0.2713777676275249,0.2608139343531316,0.2357852738016515,0.2298178698378426,0.19238253487098,0.1612452374905668,0.7540337871354692,0.1997936531303393,0.2193669075059015,0.2631691095790507,1,1,1,1,1,1,1,0,1,0,0,0,0,2945.70633987356,646.481524881519,18.7426000026146
356,bedroom_3458.png,66.393,0.05687,0.1612,0.4325,0.1737,0.1457,0.2866,0.2994,0.3265,-2.974,0.005579,1.215,4.096,bedroom,0.3979467718428862,0.2402075189276373,0.1882354598064196,0.2345714255723478,0.2265189290911779,0.2081816250441371,0.2174600386546933,0.1658785047311649,0.7076304019655647,0.2472269167484503,0.2458664492638188,0.2740768937524273,1,1,1,1,0,0,0,0,1,1,0,0,0,3596.22419705024,1566.27764744104,7.89320452312182
357,bedroom_3461.png,73.348,0.06988,0.3029,0.6321,0.07851,0.2357,0.2267,0.379,0.3721,-2.836,0.006686,1.319,4.255,bedroom,0.5265200467333251,0.2724269597786072,0.2790269362037679,0.2822576141209422,0.2767845296234242,0.2669032926949761,0.2437909237652042,0.1822524039373974,0.8017363603258099,0.2301321562156888,0.2307333269918427,0.2418388289088093,1,1,1,1,0,0,1,0,1,0,1,0,0,3681.03620122672,904.156933330081,19.5018207996622
358,bedroom_3468.png,107.467,0.06298,0.2358,0.4429,0.1292,0.2021,0.2452,0.3702,0.355,-2.695,0.02308,1.431,4.007,bedroom,0.483903614541584,0.2691521768808201,0.2938968984026515,0.2540320231065943,0.2710809039799832,0.2353470218600344,0.2820265727900743,0.2080062014030577,0.7996270302453337,0.2183472092343341,0.1989824591026978,0.2476090457540912,1,0,0,1,0,1,1,0,1,0,0,0,0,2976.60163461129,924.819901648687,21.2950094715299
359,bedroom_3478.png,30.933,0.07784,0.1838,0.4951,0.1103,0.1153,0.18,0.2828,0.2862,-2.96,0.006663,1.124,4.058,bedroom,0.4132258683271659,0.2847733647853723,0.2337233934141476,0.2928341439823129,0.2823214518945405,0.2836884239276077,0.2420788009254004,0.2050006541933385,0.7762398193005359,0.2914500509193753,0.2644381593066394,0.2536123462715011,1,1,1,0,0,0,0,0,0,0,0,0,1,2433.45143793019,760.602634949553,0.0
360,bedroom_3479.png,86.801,0.06989,0.3238,0.4514,0.1246,0.1806,0.2454,0.3742,0.3567,-2.891,0.00858,1.236,3.727,bedroom,0.4947215690996696,0.2530995597016172,0.2863487521889407,0.2540576324232877,0.2235818587503499,0.2174055238464049,0.2375877360054945,0.1783303441251708,0.8421787113863571,0.2180484740825404,0.1877606653735064,0.2327653033503905,1,1,1,1,0,1,1,0,1,0,0,0,0,3654.23847044384,467.591256352447,11.6271630285287
361,bedroom_3483.png,80.859,0.006057,0.3174,0.4574,0.2393,0.303,0.1897,0.3639,0.3695,-2.51,0.008576,1.382,4.286,bedroom,0.4699416162257817,0.2544357982501481,0.2312570218676208,0.2789729491056307,0.2837659770977493,0.2343968695697073,0.1931821837702045,0.2602269904182038,0.7543119483700456,0.2085326156617266,0.208301768836944,0.2722229051449286,1,1,1,1,0,0,1,0,1,0,0,1,0,1794.05593040555,702.762474095146,12.2407403527978
362,bedroom_3488.png,96.77,0.0871,0.3883,0.5142,0.05361,0.257,0.325,0.3109,0.2519,-2.857,0.01663,1.366,4.171,bedroom,0.4321444376633311,0.2647882721434149,0.2386014551450633,0.2894675327394826,0.2509075052238894,0.244648180631562,0.2469744768882525,0.1800310945738243,0.7627360992163825,0.2941766746020409,0.2712970450794901,0.2522864436817777,1,0,0,1,0,0,0,0,1,0,0,0,1,3646.00646296521,914.706622651306,5.60042442835856
363,bedroom_3492.png,64.064,0.07762,0.4567,0.5142,0.1198,0.2485,0.2342,0.2981,0.2589,-2.881,0.005151,1.244,4.001,bedroom,0.4333143360874678,0.2896046366054746,0.2567719088789861,0.2742301008950071,0.2759980636069912,0.2686621445356061,0.2369000037095153,0.1937978804740809,0.7428002626108411,0.2594430511070017,0.3032902903753464,0.2507428131310109,1,0,1,1,0,0,1,0,1,1,0,0,0,3174.83529060909,689.126634280342,13.9901407002477
364,bedroom_3494.png,96.057,0.08951,0.1699,0.516,0.2114,0.1864,0.2049,0.3915,0.3519,-2.757,0.01796,1.542,3.923,bedroom,0.4497877485628589,0.2555221206978745,0.2726743950524558,0.2356930673639096,0.2565774810911769,0.2185700685413528,0.3374038045928171,0.2287531235175675,0.7850587510615753,0.2477586430647314,0.238272984098678,0.2302072985018947,1,1,0,1,0,1,1,0,1,0,0,0,0,2119.14662897812,351.805959887642,18.9803526618017
365,bedroom_3499.png,65.557,0.08959,0.37,0.6751,0.0306,0.1989,0.2296,0.3463,0.3137,-2.974,0.005497,1.224,3.862,bedroom,0.3914775332343128,0.2605811580575364,0.229771279791678,0.2831266571799291,0.2681625116975492,0.2505209640240174,0.2523136727996307,0.2751844333113934,0.7593456387144236,0.2809627655345316,0.2647941692439811,0.2469989649181402,1,1,0,1,0,0,1,0,1,1,0,0,0,3515.97509441623,702.496341509473,2.39603843561701
366,bedroom_3500.png,96.418,0.1018,0.3475,0.6062,0.05025,0.2037,0.2493,0.3504,0.2806,-2.713,0.01569,1.43,4.128,bedroom,0.4790737232040663,0.2826735787139154,0.2578379109910614,0.2611860833466973,0.2768348883878682,0.2469804967000397,0.2392506033111119,0.2032353167126138,0.7433677483935688,0.2775220274208373,0.2943149549937324,0.2385728288239079,1,1,0,1,1,1,1,0,1,1,1,0,0,3014.11859821522,999.534164140643,39.8391697904118
367,bedroom_3503.png,72.345,0.05791,0.192,0.5407,0.2086,0.3229,0.2058,0.4091,0.2794,-2.549,0.008724,1.297,4.225,bedroom,0.4113249486622549,0.2543184458025699,0.2041624525621184,0.3019815712574517,0.2556377667273118,0.2610521840120825,0.2146652036712665,0.1823645385608697,0.7860166883161689,0.2604993825460772,0.2340950297793041,0.2479124121771731,1,0,1,1,0,0,0,0,1,0,0,0,1,3883.89807173916,1092.9846653958,13.9661077796471
368,bedroom_3504.png,62.657,0.1234,0.5027,0.522,0.08036,0.2767,0.1753,0.378,0.319,-2.975,0.008642,1.268,4.065,bedroom,0.4599850473371651,0.2737010981206392,0.2594239316600638,0.2745991018618794,0.2593012648940714,0.2444793404786208,0.2785302884973868,0.1882266287574115,0.7413296814499567,0.2940548381334537,0.3193431408221211,0.2453995645072254,1,1,1,1,0,0,0,0,0,0,0,0,0,3662.29227059768,0.0,3.78656360428704
369,bedroom_3506.png,81.391,0.07141,0.573,0.5192,0.06418,0.2646,0.2328,0.3687,0.3611,-2.86,0.007084,1.287,3.741,bedroom,0.4533084245541641,0.2802183543699007,0.2743562444685901,0.2794943260606393,0.2586414669058934,0.2452526279945781,0.2402663127748604,0.2140857184111532,0.7356344238095793,0.2758339626668379,0.2994563369323124,0.2515651856651821,1,1,1,1,0,0,1,0,1,1,0,1,0,3893.05932045948,273.539004235204,12.1781603573331
370,bedroom_3507.png,56.578,0.07944,0.3524,0.4552,0.05815,0.2684,0.3178,0.1863,0.2724,-3.032,0.007127,1.263,3.56,bedroom,0.4924764759162101,0.2871238374270984,0.2735462441777894,0.2751737851427425,0.2587453097245167,0.2276357483636417,0.2791478958784942,0.1971381959517501,0.8133318279351506,0.2604655818244183,0.2090829696403643,0.2288666767757642,1,0,0,1,0,1,1,0,1,0,0,0,0,4180.02078840224,1852.73303930201,13.0832843737483
371,bedroom_3508.png,66.125,0.5674,0.1872,0.3767,0.2683,0.1313,0.2597,0.3986,0.3908,-2.787,0.01845,1.307,4.179,bedroom,0.4507769920083492,0.2498557401356427,0.2295986957267858,0.2673367528450794,0.2508432243991163,0.2069198428419346,0.2254597393404655,0.1620128937168546,0.7218082280191609,0.2716700190634301,0.2465430063684637,0.242284725767139,1,0,1,0,0,0,0,0,1,0,0,0,0,3044.23532258314,436.608165718094,13.49101111084
372,bedroom_3516.png,86.044,0.1003,0.2966,0.3939,0.16,0.229,0.1861,0.4902,0.4504,-2.769,0.01695,1.403,4.242,bedroom,0.5318059144412984,0.288682181893212,0.3230482242583828,0.2640712294093199,0.3016050248978303,0.2332145505095972,0.2485083917784458,0.2468237690109961,0.8220027795659565,0.2303866167357259,0.2021645569142884,0.2390788995616008,1,1,0,0,0,0,1,0,1,1,0,1,0,1543.16868100752,0.0,5.39083689235487
373,bedroom_3517.png,63.899,0.07269,0.1934,0.5037,0.1387,0.142,0.2675,0.2985,0.2802,-2.961,0.01527,1.181,3.477,bedroom,0.4852510480785597,0.2666147448127011,0.2602695933070671,0.2603027371375773,0.2482468824650655,0.2357408436567917,0.2247308576397492,0.1570135559883385,0.7674849264521486,0.2410660614328379,0.2460854892799495,0.2708449873635187,1,0,0,1,0,0,1,0,1,1,0,0,0,4884.35220610594,592.889675438719,13.9362077885988
374,bedroom_3526.png,80.962,0.1478,0.3713,0.4722,0.0814,0.1858,0.3265,0.3854,0.3143,-2.835,0.008059,1.378,4.384,bedroom,0.4289473872759816,0.2452837199304132,0.1843228553142022,0.2428062231882692,0.2319957620201235,0.1901441057271573,0.2792370147832357,0.1810293702764877,0.7328604512001412,0.3126769970229363,0.3004055831198212,0.2096674357856922,1,0,1,1,0,0,0,0,1,1,0,1,0,1503.2809405385,1597.45314061718,20.5474403374245
375,bedroom_3535.png,63.761,0.1021,0.4212,0.4391,0.0864,0.2221,0.2527,0.33,0.35,-2.815,0.005464,1.282,4.216,bedroom,0.4536986256694389,0.2758328413340134,0.2934225679375922,0.2825402991835739,0.2407608538605274,0.2272537068148127,0.2737726776061402,0.1853288267685675,0.8062011004141953,0.2595941514952926,0.2163721020598332,0.2388540287020311,1,0,0,0,1,0,1,0,1,1,1,0,1,2878.21024877332,0.0,5.32785638025175
376,bedroom_3539.png,85.174,0.141,0.2881,0.5943,0.08015,0.1791,0.2622,0.3696,0.2804,-2.854,0.005908,1.279,4.308,bedroom,0.5162872113355663,0.2885228131871298,0.2779560030666699,0.2747365464952392,0.2724293522335617,0.2485926641959127,0.2879407670749293,0.1875677700571223,0.8112764348795283,0.2305192146976728,0.2522018521900786,0.2240382129498273,1,1,0,1,0,1,1,0,1,1,0,1,0,3580.37108614179,335.914206383904,15.8368796603468
377,bedroom_3547.png,88.649,0.1005,0.4962,0.6536,0.0516,0.3006,0.2649,0.3688,0.331,-2.605,0.02127,1.335,3.742,bedroom,0.4827873094116621,0.2730274075877399,0.2563321399144207,0.2752587683177347,0.2653014718065116,0.2329667149166147,0.2518538325552271,0.210284360736481,0.7612137532952021,0.2426282313668621,0.26117012262591,0.2261461799058205,1,1,0,1,0,0,1,0,0,0,1,0,0,3508.89001062539,997.562544546884,14.9558342065624
378,bedroom_3557.png,64.608,0.07743,0.4263,0.4629,0.1011,0.245,0.231,0.3769,0.3519,-2.839,0.01326,1.299,4.203,bedroom,0.5500265245115981,0.2612472688674396,0.230357722121389,0.2498226614487795,0.2611163109204077,0.2006843617078169,0.1673786765902996,0.157531075264712,0.7649265780426151,0.3175217857607864,0.2819437272508323,0.2345225566012758,1,1,0,1,0,0,0,0,1,1,1,0,0,2487.32734396877,1162.38744471212,14.1499561821226
379,bedroom_3558.png,58.447,0.3475,0.2546,0.541,0.237,0.2113,0.2271,0.3534,0.3299,-2.7,0.0063,1.265,4.177,bedroom,0.4026253265022195,0.2351286511953643,0.1998319262529687,0.257428712926693,0.2505755699108673,0.227015033176731,0.2259523926475846,0.1852987334166003,0.6945583174184973,0.2754846834366598,0.2996320022935841,0.2106740127425853,1,0,0,1,0,1,1,0,1,0,1,0,0,3424.02970351876,486.896589610668,13.0474813821853
380,bedroom_3562.png,43.949,0.1325,0.3044,0.5543,0.06705,0.1546,0.1921,0.3146,0.279,-2.979,0.006736,1.298,4.033,bedroom,0.4467605308800182,0.2719298753141869,0.2128472452369109,0.2897313863313061,0.2813393977533718,0.2498679589419774,0.2470802822224417,0.2086683902861493,0.6909022838026802,0.2582661392958569,0.3276501273807231,0.2531881909823396,1,1,0,1,0,0,1,0,1,1,0,0,0,2438.0668187704,1396.77400287508,4.63035994622635
381,bedroom_3563.png,109.573,0.0639,0.5572,0.7843,0.01981,0.3681,0.2121,0.4985,0.3251,-2.9,0.01256,1.211,3.575,bedroom,0.5284833931200459,0.2536302646327179,0.2586199680885002,0.2363658956710985,0.2497129478585981,0.2229490849665158,0.2196378784735084,0.1977642867645597,0.7732025183248704,0.2531367719339654,0.2735523636161151,0.238093200667305,1,1,0,1,0,0,1,0,1,0,0,1,0,3023.07155029395,1300.9915286856,19.0364755042302
382,bedroom_3564.png,54.018,0.9883,0.08727,0.694,0.3353,0.1361,0.1793,0.3315,0.23,-2.851,0.01391,1.249,3.792,bedroom,0.4666010840492215,0.2590996299129944,0.2678363435617021,0.2849958136867858,0.253627187473155,0.2372255836244474,0.2458196112098495,0.1810940931266036,0.7590058815433076,0.2815931144372897,0.2793982157606718,0.220792956007524,1,0,0,1,0,0,1,0,1,0,0,0,0,3418.91564855427,1384.39350750372,17.5924814694958
383,bedroom_3565.png,57.999,0.08049,0.2431,0.5716,0.0496,0.1686,0.1519,0.3484,0.3674,-2.824,0.01152,1.18,4.003,bedroom,0.4508667014305959,0.2587382285206933,0.2479891242541264,0.2705049222610302,0.241145001513639,0.2139416691780913,0.2671219793422124,0.2025695895399634,0.7426379635271148,0.2833105770814428,0.3103700577968217,0.2539960220930727,1,1,0,1,0,0,1,0,0,0,0,1,0,3513.87640466414,959.188071019625,27.6049605844001
384,bedroom_3568.png,92.727,0.07098,0.2483,0.6282,0.1667,0.2324,0.2143,0.3937,0.3083,-2.376,0.01182,1.484,3.868,bedroom,0.461816651021748,0.2480413183280115,0.2130640112750729,0.2750745626425174,0.2640273746672228,0.2390053226124291,0.2205858137569156,0.1993980385360413,0.7325403109041938,0.2396168993615531,0.2672463091440495,0.250623190003946,1,1,1,1,0,1,0,0,1,1,0,0,0,3507.71829650235,273.571594028677,23.1063953313005
385,bedroom_3570.png,68.19,0.07553,0.2421,0.7113,0.2778,0.1624,0.2458,0.3253,0.3199,-3.098,0.01978,1.165,3.899,bedroom,0.4663987954955793,0.2939238822827572,0.2584211539980475,0.2767799802384099,0.2830298395067094,0.2543300350261834,0.2683574373952079,0.1817504880729804,0.7066469013626225,0.2541095346265598,0.3078049544389133,0.2956911373268012,1,1,1,0,0,0,1,0,1,0,0,0,1,3351.84986127125,701.871484362678,13.1952210077416
386,bedroom_3571.png,49.607,0.9732,0.03845,0.6838,0.2462,0.06424,0.1981,0.3196,0.351,-2.843,0.004431,1.129,3.903,bedroom,0.4649435021038946,0.2670783807199397,0.2262610385665112,0.2904706936562211,0.276936992121773,0.2604064996036161,0.2093462720903051,0.1517010957217078,0.7080376920533926,0.2794219506344203,0.3148179301218534,0.2761312493891133,1,1,0,0,0,1,0,0,0,0,0,0,1,3408.89106323713,1825.98074901007,20.4450238914512
387,bedroom_3573.png,87.424,0.01312,0.2828,0.4649,0.1836,0.2109,0.3188,0.34,0.3733,-2.524,0.01288,1.414,4.075,bedroom,0.4098192133316409,0.2704771833642211,0.270000827575493,0.2448525062915369,0.2523115146619027,0.2283811333680775,0.2983568815469808,0.2196125334303707,0.7435128907879768,0.2571875614652303,0.2525191406989574,0.2272892229205783,1,0,1,1,0,0,1,0,1,0,0,1,0,3194.00159165035,1080.33260917583,30.3675791294037
388,bedroom_3577.png,68.428,0.08024,0.4069,0.6234,0.03421,0.2152,0.254,0.3576,0.3524,-2.859,0.008702,1.289,3.907,bedroom,0.4337107728721435,0.270339153633875,0.2714301273077583,0.2794540447333655,0.2663062444395722,0.2606358869633415,0.2387320879203069,0.2126955182882199,0.7353144471050904,0.3009311891991698,0.2829617567403785,0.2756947695933439,1,1,0,0,0,0,0,0,1,0,0,0,1,3933.41322927404,298.554816539735,7.75454773001963
389,bedroom_3586.png,92.331,0.05613,0.4378,0.5105,0.144,0.417,0.242,0.6219,0.3562,-2.838,0.01677,1.212,3.573,bedroom,0.3842617565757765,0.283101467898453,0.2421039918319773,0.2681631599770961,0.2506089470208101,0.2447296203708526,0.2892859289829881,0.1923202384239349,0.7195118765071136,0.2103842843626263,0.2601228436841042,0.2650007336575521,1,1,0,1,0,0,1,0,1,0,0,0,0,3714.77779069737,624.408302591713,20.1092875271204
390,bedroom_3603.png,75.171,0.07732,0.4233,0.5813,0.02809,0.2261,0.1782,0.3742,0.2422,-2.541,0.003868,1.471,4.182,bedroom,0.4276298050069173,0.2707665150685759,0.2375759116912729,0.26682877874625,0.2465124317345335,0.2171225735570761,0.2323553842786939,0.2444353999365231,0.7473831910298804,0.2650765173795797,0.2800825711962122,0.2415834234599316,1,0,1,0,0,0,1,0,1,1,0,1,1,2560.51422413292,654.830405945901,19.6681915543676
391,bedroom_3611.png,74.082,0.08114,0.1771,0.5834,0.2056,0.2179,0.2206,0.397,0.3493,-2.747,0.01635,1.329,3.818,bedroom,0.4739725109409419,0.2659529838919119,0.2800530016049793,0.2512932943081447,0.2605241229867904,0.260287129339876,0.2250570311712837,0.1824060414367072,0.7245639885808671,0.2526540096219871,0.2806298112959252,0.2379802769426001,1,0,0,1,0,0,1,0,0,1,0,0,0,3686.03970729738,1715.21803913845,7.98602147966484
392,bedroom_3612.png,46.455,0.1377,0.1222,0.5828,0.3114,0.1365,0.2214,0.372,0.23,-2.942,0.004187,1.263,3.991,bedroom,0.4755553999753171,0.2802957775995129,0.2469589480493683,0.3096778793735784,0.291080962846116,0.2723012986070718,0.2671398555486804,0.2086851244140042,0.7935400088464183,0.2851342328904541,0.260832396275531,0.2467542771347097,1,1,1,1,0,0,0,0,1,0,0,0,0,3559.8664504916,2408.78594757178,3.15836838673614
393,bedroom_3619.png,79.053,0.1077,0.1548,0.5261,0.2347,0.1668,0.225,0.4329,0.3857,-2.845,0.02025,1.343,4.016,bedroom,0.4479833272834418,0.2561037383222723,0.2474863343449228,0.2592846934921442,0.2676703338045942,0.2049233745383954,0.2437665496341846,0.2291680777787597,0.6907886433576569,0.2275596869403057,0.2845672756570962,0.2705882559965176,1,1,1,1,0,0,0,0,1,1,1,1,0,2640.69579980754,1732.99666306103,17.601506215634
394,bedroom_3620.png,75.931,0.9449,0.3253,0.606,0.2084,0.2118,0.2749,0.3299,0.3434,-2.854,0.01342,1.328,4.209,bedroom,0.5160807183371025,0.2664696213858486,0.2698594155543231,0.2650316207122074,0.2901621905918935,0.2310131307207869,0.2275632181601063,0.2038384805155157,0.7242666051531992,0.2626313683829496,0.2438334923263135,0.2794909666337451,1,1,1,0,0,0,0,0,0,0,0,0,0,3266.72865635224,729.530818247882,13.9320766689867
395,bedroom_3623.png,85.162,0.6107,0.2171,0.3936,0.329,0.2032,0.2645,0.4411,0.3814,-2.787,0.01602,1.304,3.566,bedroom,0.4513594986092572,0.2767139877527524,0.283616628056982,0.2745745766905256,0.2680725086633641,0.2456768979526731,0.2509063845339323,0.1806192325617388,0.7230068525948328,0.2328155885413017,0.2528177249801516,0.2816718760263302,1,1,1,1,0,1,1,0,1,0,0,0,0,4979.41435757036,259.897031127696,11.7468558845608
396,bedroom_3631.png,60.501,0.09768,0.1779,0.4207,0.1663,0.1343,0.283,0.3584,0.3637,-2.792,0.004771,1.284,4.022,bedroom,0.4430105834245113,0.2586003521231892,0.2344502537504615,0.253455321544922,0.2755503502244344,0.2513552053938674,0.2666391910943534,0.1842445844126273,0.7676644011233652,0.192500425866398,0.216604061407962,0.2553862191046862,1,1,0,1,0,0,0,0,1,0,0,0,0,3401.01331705312,1161.7047940768,3.76092576188209
397,bedroom_3632.png,105.606,0.1312,0.3016,0.4774,0.1325,0.268,0.2292,0.3804,0.4067,-2.551,0.01453,1.503,3.657,bedroom,0.5047532771622064,0.2508871885279635,0.2568275156089421,0.2421028569926666,0.3014007967605519,0.3028195247458562,0.169790698346438,0.1718102035750175,0.7751389197521499,0.229273717414054,0.2024116395498816,0.2521600030883857,1,1,0,0,0,0,0,0,0,0,0,0,0,3884.24962164156,991.295166198779,6.28571981407887
398,bedroom_3633.png,43.712,0.09485,0.431,0.5081,0.08401,0.2161,0.1916,0.2688,0.2323,-2.581,0.006204,1.259,4.318,bedroom,0.4130619990229591,0.2426288345180992,0.2148333807197113,0.2490823796628928,0.2547118536288182,0.2406660509589805,0.1871356312412407,0.1663878713585542,0.696812557325178,0.2531953849110208,0.2994656514220419,0.2303658294930322,1,0,0,1,0,0,1,0,1,0,0,1,0,3235.96000765486,1202.21321928594,4.89754068008985
399,bedroom_3646.png,79.709,0.07702,0.3399,0.7648,0.02868,0.2561,0.1651,0.3792,0.2335,-2.697,0.006766,1.395,4.187,bedroom,0.4492736294492426,0.268249506981896,0.2695352327291323,0.283428470544207,0.2858556001187267,0.2989537577319784,0.2023564604805704,0.2047709743460584,0.8046965364067016,0.2558753919398936,0.2405282648037502,0.2383707422345901,1,1,0,1,0,0,1,0,1,1,0,0,1,3717.61058113722,1294.35525321646,4.82938681813404
400,bedroom_3653.png,58.37,0.951,0.14,0.5784,0.1916,0.1631,0.1998,0.3754,0.3275,-2.897,0.006114,1.293,4.233,bedroom,0.4583720846450299,0.2725311348657446,0.2500972785667024,0.268934188964321,0.2709194752647555,0.2405948585518364,0.3202438788834754,0.2224310719319638,0.7905371090084131,0.2635743007583336,0.2537573695169504,0.243003755267923,1,1,1,1,0,0,1,0,1,1,0,0,1,2401.63735887508,0.0,19.7612552107316
401,bedroom_3656.png,88.054,0.05256,0.3631,0.6009,0.1321,0.2066,0.2293,0.3763,0.3105,-2.845,0.008741,1.173,3.812,bedroom,0.4237086363076485,0.2698262338928598,0.2588889691791566,0.2612056901577158,0.2685336452312869,0.26082989557196,0.318977242157446,0.2013171875417181,0.7035197553687654,0.248178588440936,0.334048433516261,0.2398031524204518,1,0,0,0,0,0,1,0,0,0,0,0,0,3393.04015971055,1845.40520249866,8.09499750927135
402,bedroom_3659.png,74.364,0.9982,0.216,0.5623,0.1858,0.1944,0.2703,0.3942,0.3107,-2.904,0.02629,1.212,4.296,bedroom,0.5276735373388411,0.2854033014099767,0.2730172504890034,0.2818025503204287,0.2780623311907901,0.2443588195412462,0.2908565616278284,0.2291392666616657,0.74498293033879,0.2795807419285973,0.2622715423500701,0.2637872606067254,1,1,1,1,0,1,1,0,1,1,0,1,0,2556.01923738356,966.294365583549,8.54358291366036
403,bedroom_3661.png,72.197,0.09152,0.1322,0.6227,0.1525,0.1065,0.2135,0.325,0.3796,-2.761,0.006419,1.47,3.996,bedroom,0.4621478056869131,0.2851419205272303,0.2666370989359244,0.2914069317202594,0.2798213194256809,0.2421371493246315,0.2689295191945728,0.233000916280856,0.6775518386793776,0.2658129834475944,0.2889357520483534,0.288544278856493,1,1,1,1,0,1,1,0,1,1,1,1,0,3198.73270891543,444.532323995712,30.8819309117909
404,bedroom_3672.png,72.959,0.123,0.2164,0.6426,0.1497,0.2112,0.1975,0.3712,0.414,-2.934,0.01332,1.279,4.054,bedroom,0.5771833223820739,0.2711115407472358,0.2796220779236197,0.2453257265640687,0.3137396768889403,0.2328595630517876,0.2025914867204614,0.1870706763658436,0.7401025305959837,0.2021841481929782,0.2669435507465978,0.2725849935107324,1,1,0,1,1,0,0,0,1,1,0,1,0,3384.81058467509,503.63752437502,9.44397791877209
405,bedroom_3675.png,71.614,0.5372,0.1609,0.594,0.3355,0.2355,0.288,0.306,0.3196,-2.677,0.005598,1.364,4.322,bedroom,0.4511193023774675,0.2711382042168983,0.2420137856999736,0.264165510726729,0.261943718355892,0.2378126400449464,0.3456537503934644,0.2311121161194473,0.7645288996001965,0.2532835678711043,0.2594200463635294,0.2345099786647085,1,0,0,1,0,0,1,0,1,0,0,1,0,2268.78543283211,696.151970520887,10.214279740382
406,bedroom_3677.png,97.207,0.08686,0.3899,0.5287,0.09087,0.2339,0.2609,0.3506,0.3873,-2.963,0.008754,1.311,3.538,bedroom,0.4318461034934306,0.2613319627905535,0.2412379604071019,0.2749276255278117,0.2534249681836122,0.2503396870651956,0.2426503700488749,0.1970538259196,0.7686288561689008,0.2851443882864686,0.2480686409401055,0.2834707916611143,1,0,0,1,0,0,0,0,1,1,0,1,1,4706.89200711147,1671.52164828157,8.34022477492433
407,bedroom_3686.png,62.07,0.1002,0.5808,0.6192,0.06563,0.1939,0.2638,0.4166,0.1978,-2.8,0.01049,1.128,4.264,bedroom,0.4691338646267468,0.2893533958899386,0.259800421542158,0.26714089129313,0.2949932123205971,0.2739807322016444,0.3056681359860578,0.2249533792615628,0.804713654568536,0.2441435142127554,0.2633647801882524,0.2164923515584243,1,0,1,1,0,0,0,0,0,0,0,1,0,1971.9509110388,0.0,3.39325917915161
408,bedroom_3694.png,54.116,0.07163,0.1879,0.5697,0.213,0.1323,0.1951,0.2711,0.3256,-2.908,0.01291,1.286,3.766,bedroom,0.3651965489386092,0.2521036848069215,0.22833723048121,0.256791049962053,0.2538051122159887,0.2694961991757177,0.2567921910700095,0.1973601194295251,0.6763762487802042,0.2726921100237464,0.3106176382545291,0.2653950062593237,1,1,1,1,0,0,0,0,0,0,0,1,1,3695.42084142877,0.0,21.6020473058996
409,bedroom_3718.png,55.161,0.1146,0.164,0.4576,0.1436,0.1456,0.1979,0.3415,0.3253,-2.606,0.0063,1.429,4.146,bedroom,0.3994479776619959,0.2615458001173618,0.2233025244560721,0.2816922447009636,0.2733336459929892,0.2422276758118888,0.1995061519058118,0.2033105563462387,0.7379633005778479,0.2485544285520491,0.2648513520006467,0.235217636981441,1,1,0,1,0,0,0,0,1,0,1,0,0,3902.39326134139,1973.77839577524,20.1204703572739
410,bedroom_3730.png,43.3,0.111,0.07227,0.6915,0.2008,0.06107,0.1193,0.4738,0.2852,-2.348,0.00478,1.47,4.385,bedroom,0.4412181225585453,0.230187225099844,0.1898613401532104,0.2426357688262585,0.2699231196093725,0.2280064871343086,0.1700097386439493,0.1804343766632488,0.7189422812330029,0.2390201800544542,0.2908089492893262,0.2205635173555229,1,0,0,1,0,1,1,0,1,0,0,0,0,2515.17291506854,1438.44762053206,22.3617769340869
411,bedroom_3731.png,74.966,0.6139,0.1295,0.5849,0.2787,0.1073,0.1698,0.5046,0.2837,-2.317,0.02089,1.573,4.145,bedroom,0.4305730709111789,0.2537386646203011,0.2291075884281245,0.267170709688127,0.2731060175990403,0.228826564770676,0.2375815388228333,0.217435348822389,0.5971588581760908,0.2646350633452677,0.3573009692556636,0.2524954748830224,1,1,0,1,0,0,1,0,1,0,0,1,0,2875.00440543056,391.497561355469,0.0
412,bedroom_3732.png,46.518,0.08359,0.1311,0.4961,0.1257,0.1446,0.1929,0.3389,0.3041,-2.739,0.009729,1.021,3.979,bedroom,0.5410051005775969,0.3038903981481466,0.2575787478430398,0.2631477693397543,0.2795478470342634,0.2333824076373443,0.1955614584071316,0.1839688702391041,0.7907891988595636,0.2592841469807047,0.253358390038796,0.2396881289605794,1,1,0,1,0,0,1,0,1,0,0,0,0,3023.93526251555,451.624875208696,11.1669719111453
413,bedroom_3742.png,59.258,0.1067,0.1379,0.5326,0.1411,0.106,0.259,0.2634,0.2819,-2.793,0.004902,1.198,4.131,bedroom,0.463830831934032,0.2567548573281336,0.2231590134019785,0.2807170618916428,0.2374636427326136,0.2055031474226305,0.2388922805396872,0.1584597043589803,0.786876746281998,0.2674140766276979,0.2546319972315573,0.2220366495985353,1,0,1,1,0,1,1,0,0,1,0,1,0,2950.3327358476,690.767946298959,25.1357222133392
414,bedroom_3750.png,51.264,0.2741,0.2336,0.6429,0.1791,0.2653,0.1493,0.3275,0.2638,-2.74,0.009691,1.34,3.869,bedroom,0.4816231613827713,0.2840329505106759,0.2717870582561489,0.296539396717256,0.2834550062930036,0.283589543788496,0.2051049794385361,0.1837490730951277,0.7741331607878118,0.3131084559902506,0.2961922604598435,0.2463293193290431,1,1,1,1,0,1,1,0,1,0,0,0,1,4862.43527352329,1429.91528950918,30.6487118311136
415,bedroom_3757.png,68.957,0.08999,0.2352,0.583,0.1725,0.2284,0.172,0.3749,0.3112,-2.945,0.004913,1.181,4.029,bedroom,0.5049653801684076,0.2549709802070836,0.2410204896340449,0.256934187394343,0.2715763758017617,0.2669852939478741,0.186897735808023,0.1661147433926078,0.7830887027872029,0.2758945621416412,0.252842029359379,0.2370579478926744,1,1,0,1,0,0,0,0,1,0,1,1,0,3292.41565084128,1180.3795708238,10.8162457651335
416,bedroom_3761.png,61.928,0.08126,0.4683,0.4578,0.03719,0.2451,0.1667,0.4281,0.3787,-2.657,0.01089,1.248,3.853,bedroom,0.4110404191582925,0.2803794602508671,0.3026978379146703,0.2658397433976516,0.2355621482369871,0.2294741453655116,0.2520559260308556,0.2874090816551508,0.8296476782397928,0.2747363921547879,0.2137258290760845,0.2241766627382742,1,1,0,1,0,0,1,0,0,1,0,1,1,3906.16265629874,296.219031300874,22.1764221203556
417,bedroom_3762.png,63.349,0.3441,0.2754,0.4837,0.2467,0.2977,0.2273,0.3047,0.3132,-2.848,0.01532,1.283,3.604,bedroom,0.4241624754392346,0.2586432535554508,0.2233825761437973,0.261475335479346,0.2584806086246064,0.2526395453201792,0.2216668790401972,0.1585143506005689,0.7311932731035291,0.2726600516735193,0.2856256050450377,0.2368861258352496,1,0,0,1,0,0,1,0,1,0,0,0,0,4351.4485590998,2848.82973225319,3.32042482631324
418,bedroom_3767.png,55.193,0.06453,0.2331,0.8357,0.04204,0.2706,0.1525,0.2734,0.2595,-2.706,0.005409,1.227,4.251,bedroom,0.5514840779292285,0.276840208275827,0.2550017959684124,0.2882329410352049,0.2988913538583553,0.2719587600141059,0.2623332642993071,0.1915442493751247,0.7258199139036562,0.3058089976347752,0.3041243204447927,0.2572983910523549,1,1,0,1,1,1,1,0,0,1,0,1,0,2712.37119639948,0.0,36.9637166261356
419,bedroom_3773.png,70.823,0.08519,0.2425,0.4749,0.1443,0.1957,0.1797,0.4071,0.3738,-2.625,0.01484,1.35,4.026,bedroom,0.4744526817605848,0.2787153783441047,0.2681697172950535,0.2650466246494803,0.2638293810659133,0.2196528663899472,0.260088133533949,0.2199979052996855,0.8097001143481342,0.2232972550698246,0.2060571008231754,0.2495750311269,1,0,0,1,0,0,1,1,1,1,0,1,0,3702.87935785816,1103.67520242502,16.8515797426252
420,bedroom_3779.png,51.37,0.08327,0.4662,0.4878,0.0592,0.1849,0.2172,0.3359,0.3039,-2.826,0.0081,1.138,4.042,bedroom,0.5033256799489471,0.3024284640754844,0.3065789046092499,0.2882672482745586,0.2861392268306317,0.2376064428260345,0.243008219806641,0.1899466115062969,0.7815657091408129,0.278884322226149,0.2796401651724493,0.2330576439004303,1,1,1,1,0,0,1,0,1,0,0,1,0,2831.11249441917,638.840917698559,2.89559443044084
421,bedroom_3780.png,82.84,0.09239,0.1973,0.647,0.05966,0.1132,0.2381,0.3552,0.3456,-2.895,0.007598,1.33,3.987,bedroom,0.5391455457979125,0.261571475203379,0.220801629212291,0.2675190284849016,0.2540506739657971,0.2254874659172018,0.2009120755902431,0.1548945381373603,0.702574562109028,0.2482505500635113,0.2855179296986515,0.2776709369345237,1,1,0,1,1,0,1,0,1,1,0,0,1,4373.82435249592,1168.23161269727,12.1351566437808
422,bedroom_3782.png,100.908,0.1023,0.3177,0.4668,0.1529,0.2261,0.3047,0.3165,0.2532,-2.741,0.01176,1.338,3.582,bedroom,0.4908395657865185,0.2673758099483512,0.2606407261466071,0.2569427775979646,0.2649518315962442,0.2219461889533155,0.3519253628491365,0.2053361834834535,0.8226773755255873,0.1922628753447783,0.19901454080438,0.2159537391920038,1,1,1,1,0,0,0,0,1,0,0,1,0,2840.07269914224,238.822603456762,18.0584507835752
423,bedroom_3783.png,85.539,0.1074,0.5171,0.5346,0.0418,0.2292,0.2126,0.3739,0.374,-2.699,0.01783,1.325,3.581,bedroom,0.4518202593739106,0.2809063909599379,0.254417951768648,0.2833489039149917,0.2554384786643741,0.2462004806007871,0.2602628911182553,0.2079445264080637,0.7796368534507937,0.2500262756582512,0.2492741684645603,0.2230040617549332,1,1,1,1,0,0,1,0,0,0,0,1,0,4043.91500863977,290.212118761886,22.2236035950623
424,bedroom_3787.png,66.669,0.07833,0.1581,0.5648,0.1493,0.1392,0.1971,0.3268,0.3043,-3.009,0.01129,1.27,3.664,bedroom,0.4153275466257656,0.2640531800198747,0.2519271371473863,0.2885936597603155,0.2721947553711661,0.265100326929118,0.2130888188552828,0.1944045783740825,0.7426419495342798,0.2716775780742386,0.2703310046792154,0.2742411576859652,1,0,0,1,0,1,1,0,1,0,0,0,0,3948.45800404663,948.972499541426,7.68836281623647
425,bedroom_3793.png,68.973,0.07882,0.3091,0.6884,0.1446,0.2464,0.1848,0.4352,0.266,-2.712,0.007979,1.22,4.051,bedroom,0.508141497334206,0.2768693946437133,0.2824880752190106,0.2979098396892555,0.2835330756791631,0.2563668351374693,0.2235760550361532,0.1900124474397709,0.764521345964875,0.2881651729775972,0.2877926713817162,0.2593779563814634,1,1,0,1,1,1,1,0,1,1,0,1,0,2790.58213877544,551.279497004104,2.61168973221812
426,bedroom_3794.png,77.261,0.1071,0.2504,0.7223,0.1752,0.2179,0.1998,0.3777,0.2737,-2.561,0.007814,1.397,4.198,bedroom,0.4761956732860096,0.2581067974091324,0.2334636430544425,0.2656764017563906,0.2669511207639333,0.2316244374650253,0.2304339060429663,0.1923267651767207,0.7122539131969914,0.2743311937143139,0.3129700528812933,0.2506505149133725,1,1,1,1,0,0,1,0,1,1,0,1,0,2954.20208431439,575.361660329254,17.3894481269912
427,bedroom_3795.png,68.059,0.1459,0.3456,0.4376,0.1417,0.2718,0.198,0.4782,0.2808,-2.916,0.008621,1.273,3.444,bedroom,0.4113166639276815,0.2643544412457066,0.2606432963498865,0.2633226231969193,0.2444600836421571,0.2284410801756251,0.213625796020148,0.2329546216216382,0.8069578530111915,0.2178090163193532,0.2000183975477348,0.228088029266291,1,1,0,0,0,0,0,0,0,0,0,0,1,2400.32643321072,2598.17247479942,20.5859847688284
428,bedroom_3797.png,65.698,0.1878,0.2052,0.5939,0.3301,0.1326,0.2551,0.4174,0.2357,-2.619,0.01525,1.321,3.901,bedroom,0.3921029579599964,0.2545703228893204,0.2193846023379052,0.2725956056998697,0.2535406692687595,0.2339390592773138,0.2091173527330794,0.1713996533418133,0.6573703074353702,0.2358562810690559,0.3030038976568108,0.2666426993237805,1,0,1,0,0,0,0,0,0,0,0,0,1,4329.58513686888,1193.33727580589,18.0039262721612
429,bedroom_3800.png,81.621,0.08889,0.633,0.6079,0.09026,0.2156,0.2466,0.3541,0.3078,-3.159,0.01803,1.23,3.556,bedroom,0.5191517732800013,0.2756101193788433,0.2484898963722253,0.2756726631348123,0.2691364819760479,0.2173762902218517,0.2500850387703892,0.1946385024731347,0.7370836187560542,0.3103945339356012,0.2933075633883227,0.243474536816048,1,1,0,1,0,0,0,0,1,0,0,1,0,3221.54674417156,561.302722730641,0.0
430,bedroom_3801.png,58.324,0.06924,0.2201,0.5535,0.06214,0.2043,0.147,0.3726,0.2969,-2.584,0.004302,1.423,4.205,bedroom,0.5399254864688335,0.2456724647655782,0.2451051635113307,0.239836100284089,0.269352539331003,0.2201004841797781,0.1626240088261729,0.1595286362032737,0.7586095063441919,0.3003646587906725,0.2761100658265065,0.2563785219367832,1,1,1,1,0,1,0,0,1,1,0,0,0,2615.20563709086,891.064205066752,2.96484062717563
431,bedroom_3803.png,106.862,0.0736,0.2194,0.63,0.0877,0.1211,0.245,0.4139,0.2607,-2.392,0.0213,1.386,4.408,bedroom,0.4513265869641809,0.2560232533262762,0.2592581421913047,0.2960907962325955,0.2313311380817612,0.1889727001350357,0.2228770932271903,0.2055679886752038,0.7467780785611223,0.31005343096036,0.2989648323759002,0.2340567694088541,1,0,0,1,0,0,1,0,1,1,0,1,1,2523.06332755666,382.738327630079,7.73369272445222
432,bedroom_3805.png,80.765,0.08235,0.6738,0.6575,0.03908,0.2333,0.2239,0.3575,0.3007,-2.415,0.01289,1.437,4.315,bedroom,0.5499339633181123,0.2817232927978151,0.2842252968697172,0.275374211407306,0.290360447075499,0.2528263095229092,0.1981019482344685,0.17212144319387,0.7438762636067381,0.2672533526296098,0.292325094565395,0.2578756492371259,1,1,0,1,0,0,1,0,1,1,0,0,1,3090.15326850899,558.938838786646,6.79437231572297
433,bedroom_3809.png,79.67,0.07158,0.342,0.4561,0.2071,0.2464,0.2961,0.2967,0.3796,-2.852,0.03248,1.337,4.314,bedroom,0.4060320991023626,0.2381531757809096,0.2042760994690947,0.2407319239298209,0.2344489772769597,0.2114552516829181,0.2216889750828146,0.1681261008592474,0.764254200447787,0.2451911921820116,0.2285278155720924,0.2190353933620416,1,1,1,1,1,0,0,0,0,0,1,1,0,3127.81460503381,249.626363276887,11.7656138324905
434,bedroom_3811.png,59.256,0.08091,0.3244,0.6488,0.1069,0.1895,0.1496,0.2769,0.2517,-2.633,0.003941,1.344,4.245,bedroom,0.4370855502985272,0.2677456821840092,0.2664312177810062,0.2935497124012919,0.2731856581476208,0.2498512418248945,0.2517657481516885,0.2076519565923583,0.7582264930953513,0.2809150351771132,0.2934012807891651,0.2499641254351023,1,0,0,1,0,0,1,0,1,1,0,0,0,2542.34650048016,795.642871698063,19.5654919808737
435,bedroom_3818.png,58.775,0.1066,0.3513,0.4178,0.07725,0.2881,0.2763,0.2892,0.2497,-3.069,0.01471,1.107,3.731,bedroom,0.4566509108099595,0.2946183412333553,0.2317702983352239,0.2868197375349083,0.28272894654204,0.2819056423097096,0.2405813732039803,0.1746024504134918,0.8068812001322077,0.2625109262026296,0.2325869556002543,0.2546753374892561,1,1,0,1,0,0,0,0,1,0,0,0,0,3369.25794034296,1100.84494612832,4.61622772017975
436,bedroom_3830.png,71.266,0.1352,0.1144,0.7425,0.08545,0.1326,0.1673,0.2867,0.3112,-2.491,0.01061,1.382,4.122,bedroom,0.5069830128142033,0.28141955603184,0.2447141473548885,0.2906693103973228,0.3041635690609824,0.2822044289427822,0.2060648128651038,0.213917397224938,0.7084937202588009,0.2690216927818164,0.312517835269898,0.2685769647953648,1,1,0,1,0,0,1,0,1,1,0,0,0,3684.16256564107,462.704665224668,16.146004389581
437,bedroom_3835.png,82.678,0.06401,0.605,0.5655,0.07255,0.2733,0.1963,0.3879,0.3843,-3.039,0.00558,1.275,4.243,bedroom,0.4187539321830618,0.2778978846079126,0.2743902145305308,0.2620168331026515,0.2681120793698168,0.2493670745691704,0.2813977057217237,0.2015395285826419,0.8220498092795419,0.2046836355699925,0.1940081417691059,0.2454644650410774,1,1,0,1,0,0,0,0,1,0,0,0,0,2078.00371723481,173.72772290686,26.2417185321036
438,bedroom_3840.png,68.386,0.4838,0.2955,0.4981,0.3543,0.277,0.1787,0.3136,0.3326,-2.942,0.007357,1.261,4.045,bedroom,0.3865693709829833,0.2649097323271279,0.2648118534267523,0.2498584499323147,0.2642163359853549,0.2858776665473241,0.2530284568585385,0.1669590488867593,0.7067427683208507,0.208373658388334,0.2626041830821895,0.2638413501720104,1,1,1,0,0,1,1,0,0,0,0,0,0,3030.94275862049,0.0,25.1811606809708
439,bedroom_3844.png,89.77,0.1215,0.213,0.4731,0.2428,0.1983,0.2299,0.4231,0.2993,-3.011,0.01412,1.351,3.99,bedroom,0.4460713895049611,0.2606968911599777,0.2459568244372222,0.268213596400227,0.2844129229889293,0.2635703040531716,0.3176026101233825,0.2173591927871613,0.7899594893968267,0.2231347891285851,0.1893599381099972,0.2463670113723843,1,1,0,1,0,0,0,0,1,0,0,0,0,2350.00116986668,888.79252119162,24.6550895729484
440,bedroom_3848.png,64.615,0.1355,0.4991,0.5666,0.04018,0.2229,0.2465,0.2992,0.328,-2.792,0.009611,1.24,3.837,bedroom,0.4191411241486709,0.2523643313387677,0.1910222278283253,0.2476837255530934,0.261063513752543,0.2260611821338655,0.2442564079386767,0.2133011670982258,0.751635328410871,0.2410230880571671,0.2647820209703208,0.1999120413065339,1,0,0,1,0,1,1,0,0,0,0,1,0,4128.10122122506,953.551380549962,14.2055331495076
441,bedroom_3850.png,55.014,0.05684,0.154,0.4487,0.2172,0.113,0.2269,0.3608,0.226,-2.899,0.006612,1.264,4.273,bedroom,0.4749990014002831,0.2659461243637356,0.2233795539783248,0.2731622865314763,0.2634343878356848,0.2276111384673725,0.2162649247811084,0.179656984430032,0.6958423198938818,0.2814124678720607,0.3316615447296134,0.256632052956341,1,1,0,1,1,0,0,0,1,1,0,0,0,2705.86029896938,407.042771417868,15.1218066968418
442,bedroom_3853.png,74.73,0.05584,0.3208,0.4705,0.1352,0.2189,0.2062,0.416,0.4064,-2.564,0.004512,1.451,4.221,bedroom,0.5557121615359372,0.2841798200622372,0.3267078001535088,0.2693401468207065,0.294352825134041,0.2322914041135726,0.1873831076295386,0.2207086150367902,0.7153582128090119,0.2419814963366056,0.2791352640927191,0.2790531411124566,1,1,1,0,1,0,1,1,1,1,0,0,0,2734.71516701766,748.766904311849,20.1617045172118
443,bedroom_3858.png,89.8,0.1708,0.4065,0.3896,0.2561,0.3619,0.2794,0.3725,0.3741,-2.819,0.007667,1.256,3.637,bedroom,0.4643873323929542,0.2715535902992051,0.2381695648690376,0.2758330660899243,0.2877748656119539,0.2624893983795082,0.1986779026517492,0.1768164439532823,0.7664383116935696,0.2230646579388411,0.2026037793596359,0.2590754825899765,1,1,0,1,0,0,1,0,0,0,0,0,0,3289.18310365761,1534.4545151489,22.4496738649696
444,bedroom_3861.png,65.026,0.5633,0.3268,0.3465,0.2011,0.2455,0.2584,0.2558,0.3303,-2.763,0.02029,1.198,3.292,bedroom,0.4034707317606295,0.2527597218082213,0.2141112744884456,0.2719350773558403,0.2367567348600143,0.2238973987446771,0.2299091920345059,0.1580492117428124,0.7962720947149746,0.2638875548073036,0.2384738985516375,0.2111683078808041,1,1,0,0,0,0,0,0,1,0,0,0,0,4937.70091941089,1776.63185421232,41.9741156585521
445,bedroom_3863.png,96.218,0.0999,0.495,0.5055,0.07013,0.2441,0.2447,0.3803,0.4372,-2.743,0.00559,1.32,3.942,bedroom,0.4743902864902491,0.2798306227712199,0.2369630569136654,0.2797204212889444,0.2703213747157308,0.2274166990126825,0.2183043381844366,0.2278801015688151,0.7428213595340818,0.2876900518621224,0.262672159520612,0.2712490731595817,1,1,1,1,1,0,1,1,1,0,1,0,0,4021.28077383863,937.990834859862,17.0468190728678
446,bedroom_3864.png,80.929,0.6469,0.128,0.5472,0.2257,0.1524,0.2791,0.3433,0.2962,-2.987,0.009664,1.237,4.026,bedroom,0.3643195690413472,0.2618703959216563,0.2497450499372524,0.2717901490216866,0.2349210707918484,0.2667517032619869,0.3159485563938149,0.2015152396892204,0.7159443408161023,0.2807356179461721,0.2771574753952606,0.236551581224474,1,1,1,0,0,1,1,0,0,0,0,1,0,4064.10631132352,312.323669394735,15.5085271919711
447,bedroom_3865.png,79.186,0.06376,0.3352,0.5386,0.1249,0.1711,0.2514,0.3623,0.2997,-2.829,0.01103,1.297,3.94,bedroom,0.4601960489548233,0.2438758628074164,0.2797420664851088,0.259546417044859,0.2611298086286107,0.2199219172086685,0.2605656917617504,0.1962558551171363,0.7974726540209639,0.2053521326940652,0.2206592512001396,0.2301258153403389,1,1,1,1,0,1,1,0,0,1,0,1,1,3249.96879948251,653.480068461071,18.4457972599119
448,bedroom_3869.png,72.366,0.06956,0.3735,0.5777,0.09346,0.1985,0.1705,0.3388,0.2948,-2.634,0.006722,1.454,4.431,bedroom,0.4538426277330691,0.2622086626107449,0.2937196276738594,0.2584475103402607,0.2904303261416801,0.2384478167198105,0.1680390264466919,0.2320063433570052,0.6560917691984125,0.2309403913414104,0.3306946464220767,0.2680429345830551,1,0,0,1,1,1,1,0,1,0,1,0,0,2642.23986229961,0.0,26.0348462271594
449,bedroom_3877.png,102.475,0.09176,0.3029,0.5472,0.07023,0.2005,0.2266,0.3748,0.3972,-2.778,0.003083,1.49,4.149,bedroom,0.4523197566199944,0.240908550646156,0.2461121207627223,0.2465239900602507,0.2350985137402969,0.2178396933249089,0.221122744685224,0.1691620024515144,0.748008842588097,0.2410084114051472,0.2487090080667441,0.2634409998208402,1,1,1,1,0,0,0,0,1,1,0,0,0,3016.1376975109,1303.97344571248,10.5638319333479
450,bedroom_3879.png,70.2,0.8672,0.1038,0.5521,0.191,0.09486,0.1714,0.4992,0.466,-2.583,0.006242,1.551,3.889,bedroom,0.4132293233207836,0.2553159090011885,0.2616556309745568,0.2590178991430769,0.2655994815428645,0.2470410958088165,0.2362258126263436,0.1761580537433128,0.7153034758550191,0.2113412003856173,0.240925080023878,0.2827606133140539,1,1,1,1,0,1,1,0,1,0,0,1,0,2625.39864277282,628.035060809316,17.4029274157436
451,bedroom_3882.png,59.058,0.09431,0.1192,0.7956,0.1559,0.1304,0.1292,0.3023,0.3461,-2.44,0.008816,1.385,4.221,bedroom,0.4450020613542398,0.2558269243831358,0.2418124005371584,0.2982367321825748,0.2914332859985084,0.2496176187942778,0.268004586174928,0.2223499678392411,0.753286479968125,0.2175533185714748,0.2473170723988564,0.269819223304549,1,0,1,1,0,0,1,0,1,1,0,1,0,3112.51005069882,0.0,36.8261046343462
452,bedroom_3903.png,69.678,0.1032,0.4951,0.6344,0.03374,0.2167,0.2094,0.3588,0.3659,-3.002,0.005197,1.224,3.998,bedroom,0.4035141538141198,0.2598365947831595,0.2114232008105712,0.2550793343845535,0.256131741494334,0.2289859576512597,0.2235342434413593,0.191839650050778,0.7298705413458877,0.288049325037284,0.3101437018929234,0.2383123475437368,1,0,0,1,0,0,1,0,0,1,0,1,0,3038.97776841571,0.0,16.2369701924035
453,bedroom_3969.png,70.637,0.1109,0.689,0.5476,0.06196,0.2524,0.1934,0.3572,0.3259,-2.622,0.007868,1.361,4.237,bedroom,0.4474562726797036,0.2511261253096384,0.231823759242045,0.2706772393218033,0.2475135375503672,0.2128529125270973,0.2250393373406471,0.1801404992010099,0.7578324563791821,0.2291575604022338,0.2569247430157114,0.2449637643002811,1,1,0,0,0,0,0,0,1,0,0,0,0,3327.77915338096,0.0,19.9398422682509
454,bedroom_3970.png,69.574,0.1188,0.1474,0.6374,0.07632,0.1406,0.2226,0.3388,0.3046,-2.65,0.006534,1.368,4.213,bedroom,0.5054187553017594,0.2423351256964367,0.186715097751027,0.2700918850270583,0.263075498882831,0.2349138106261339,0.2156521248562444,0.1753260098576816,0.7266642578633423,0.2689765285598626,0.2649604932889107,0.2659219652426349,1,0,1,1,0,0,0,0,1,1,0,0,0,2845.57280833284,1110.2593847573,11.1418070504054
455,bedroom_3988.png,37.734,0.09293,0.2302,0.3631,0.1853,0.1578,0.1814,0.227,0.2829,-2.718,0.01235,1.32,3.744,bedroom,0.415481420136631,0.2347036424861361,0.189494104128728,0.2342051867549963,0.2422245852633782,0.2278228366705582,0.1980016434006757,0.1622670354623116,0.7113847081936057,0.2338156441892121,0.2535321177641264,0.2675197330089769,1,1,0,1,0,0,0,0,0,0,0,1,0,3893.93962047656,2168.29980928157,3.03254504712867
456,bedroom_4038.png,97.748,0.0474,0.433,0.5897,0.1013,0.2855,0.2776,0.4254,0.377,-2.435,0.008413,1.47,4.214,bedroom,0.4442121439493165,0.264977183278768,0.2676800821643098,0.2476681199675268,0.2486142793953492,0.231524997064369,0.2386084426426275,0.1963363805309953,0.6952255453925053,0.2360149190045744,0.2713173609637245,0.2448158962758614,1,1,0,1,0,1,1,0,1,0,0,1,0,3130.07205228662,0.0,19.4361787423262
457,bedroom_4039.png,47.507,0.1521,0.2366,0.4672,0.3035,0.1796,0.2102,0.26,0.3131,-2.977,0.02962,1.261,4.02,bedroom,0.3999198311687429,0.259423519905916,0.2368946804622785,0.2922772694520715,0.2746438727707941,0.2299996242067713,0.2534829312483918,0.1868994412665737,0.6749035674468805,0.3004273439520789,0.3376063097630996,0.255220900606639,1,0,0,1,0,1,1,0,1,0,0,1,0,3371.86307446746,1052.10901767662,9.24368964369011
458,bedroom_4043.png,71.331,0.0956,0.4293,0.5403,0.07133,0.2363,0.202,0.2813,0.3013,-2.832,0.006864,1.352,4.258,bedroom,0.4214177725588266,0.2595762730346457,0.2502558821691108,0.2629029040600398,0.2459705193298412,0.2246097391273344,0.2601488073454661,0.2254147418853229,0.7921251530926016,0.2416520492297025,0.2388218639235532,0.2325748313287695,1,1,1,1,0,1,0,0,0,0,0,0,0,2609.95854730292,572.841701869491,29.5688530175791
459,bedroom_4052.png,47.912,0.1985,0.1684,0.5408,0.135,0.1608,0.2067,0.2877,0.2307,-2.927,0.006186,1.162,4.123,bedroom,0.4291692185546913,0.2641177453215603,0.201382760338844,0.2847562233653706,0.2901385740964389,0.2651383593438,0.2006806152520076,0.1798434317003183,0.782951728312981,0.3073089778762054,0.2648323794264489,0.2245131079905608,1,0,1,1,0,0,0,0,0,1,0,0,1,3592.31948532675,552.367205167881,0.0
460,bedroom_4056.png,75.641,0.1573,0.1675,0.5694,0.1895,0.2325,0.2303,0.3282,0.2829,-3.14,0.01512,1.183,4.021,bedroom,0.4719153202526615,0.2539876149758909,0.2782037419963203,0.261725945315461,0.2385023637268705,0.2354304813487165,0.2056794848796669,0.1642248040299652,0.8113986012145233,0.246935940091895,0.2365192714101136,0.2086071712640397,1,0,0,1,0,0,1,0,1,1,0,0,0,3127.22931706501,1422.64237827451,5.28718451181976
461,bedroom_4070.png,49.941,0.1353,0.3521,0.3611,0.1359,0.2675,0.2573,0.2548,0.3353,-3.054,0.01297,1.175,3.682,bedroom,0.4562399816669279,0.2696812718652435,0.2204036591997788,0.2659387520602685,0.2714682301766855,0.2367944017809115,0.2125450471853193,0.1662916925244258,0.6977314156163936,0.2752817804336015,0.298299574737502,0.2531918756150215,1,0,0,0,0,0,0,0,1,1,0,1,0,3952.17375865337,1936.4606931067,3.77752881132246
462,bedroom_4074.png,84.017,0.602,0.3431,0.528,0.1227,0.2542,0.2364,0.3224,0.3487,-2.786,0.01209,1.245,3.704,bedroom,0.471469127468683,0.2697375711062285,0.246900642843626,0.2574540144875111,0.2364813582951948,0.2408712204714636,0.2592518507099345,0.177940601039562,0.7317397502987611,0.2793890925743036,0.3094697791895121,0.2138624347399594,1,0,0,1,0,0,1,0,1,0,0,0,0,3197.66106976353,1832.21590197978,22.2265595812098
463,bedroom_4077.png,76.357,0.0893,0.4809,0.7172,0.04868,0.2457,0.1879,0.3091,0.3669,-2.868,0.006183,1.309,4.101,bedroom,0.4273149310727454,0.2670507886132103,0.2570403140361587,0.277738659193185,0.2618311916906546,0.2551645080091874,0.2868502686877114,0.1951948982251134,0.7728905804762751,0.2636069580049418,0.2514786346904076,0.2517911770612245,1,1,1,1,0,0,0,0,1,1,0,1,0,3466.83594284034,716.611380852227,22.3003002186218
464,bedroom_4078.png,72.11,0.05393,0.5099,0.4972,0.04944,0.3086,0.2359,0.3151,0.2918,-2.873,0.02604,1.298,4.205,bedroom,0.4503881231380833,0.2809767652068378,0.3042777075642773,0.257189238226141,0.2793756926830201,0.2933022687464195,0.2989644560919642,0.1976345538353102,0.7746741950680891,0.2067569186621845,0.2397057315788378,0.2361668340177157,1,1,1,1,0,0,0,0,1,0,0,1,0,2833.35623948845,765.697100243237,7.10163667466791
465,bedroom_4083.png,98.118,0.08977,0.4378,0.4921,0.2257,0.2747,0.2575,0.4149,0.406,-2.586,0.02,1.493,3.205,bedroom,0.3939605575092206,0.2451521338499704,0.2337169623331707,0.237747608055562,0.2828659927800925,0.2246550399453248,0.2357133245824014,0.1929746853928928,0.7147408015666589,0.2001199129217885,0.2192817411174402,0.2479491713435742,1,1,0,1,0,1,1,0,0,0,0,0,0,3495.22318942884,795.707033308594,20.1574775654495
466,bedroom_4086.png,32.85,0.006806,0.1627,0.5022,0.07668,0.1665,0.1681,0.281,0.2425,-2.874,0.008981,1.18,4.025,bedroom,0.4508819299246562,0.2816214799520587,0.2375727226847643,0.2868396858157812,0.3158234639824817,0.2814899486423476,0.2260412990625737,0.2227507526556595,0.8041900134128553,0.2914395262557534,0.2352335576430813,0.2409886148504445,1,1,0,1,0,0,0,0,1,0,0,0,0,2586.5996910504,781.374556780467,29.0949323438468
467,bedroom_4094.png,71.576,0.3398,0.2496,0.4859,0.321,0.2297,0.233,0.4059,0.3486,-2.741,0.006878,1.351,3.659,bedroom,0.4895639686290025,0.2591079115211621,0.2539108732080753,0.2589104208320137,0.2723460766945405,0.2369006719188317,0.1989126092117768,0.1659531644483612,0.7078694141517256,0.2574541719510398,0.2638912726182547,0.2732059311587199,1,1,0,0,1,0,1,0,0,0,0,0,0,3976.7836777907,1614.27891956844,0.0
468,bedroom_4095.png,75.787,0.09701,0.1864,0.6865,0.1451,0.2429,0.2537,0.4364,0.2374,-2.683,0.00442,1.167,4.128,bedroom,0.4629267411077561,0.2655929757149831,0.2563189660005558,0.267976738926655,0.2661530764161006,0.2562931071548828,0.1966201866636868,0.19723889381556,0.7656774553085234,0.2462792662624507,0.2684747432785169,0.2431566828104669,1,1,1,1,0,0,1,0,1,1,0,0,1,3058.02960980121,814.67520438875,23.9335592595926
469,bedroom_4096.png,55.14,0.04386,0.1359,0.4944,0.1984,0.1959,0.1962,0.3266,0.2755,-2.92,0.004561,1.21,3.956,bedroom,0.4576783352473136,0.2701483982875925,0.2306753198055244,0.271450129685322,0.2387993077030802,0.2677219007901409,0.3181222849950946,0.1820222936182896,0.8297989617675624,0.2377292465607214,0.1657580592847294,0.2514974534106828,1,0,0,1,0,0,0,0,1,0,0,0,0,3637.00039081668,553.440992418916,0.0
470,bedroom_4098.png,73.931,0.09756,0.412,0.4797,0.1681,0.2669,0.2118,0.3576,0.3998,-2.596,0.0147,1.382,4.174,bedroom,0.4946187347837323,0.306830878075603,0.287071285264614,0.2732226630605155,0.2920854601261408,0.2383388024649425,0.2315272007323748,0.2460175476873177,0.7507249332274349,0.2632346916660104,0.2681011626571583,0.2670451452428548,1,1,1,1,1,0,1,0,1,1,1,0,1,3023.48761005017,231.54442139511,14.4625690389237
471,bedroom_4100.png,74.873,0.1352,0.3083,0.5047,0.1752,0.1991,0.2137,0.3437,0.3274,-2.877,0.01991,1.318,4.034,bedroom,0.4704876946132479,0.2827230836100145,0.2816584876409517,0.2672270406895053,0.2607417274731135,0.23954744464057,0.212434231731137,0.1997408836280887,0.687746126284528,0.2562003066230454,0.3196053608324918,0.2882451532839933,1,0,0,1,1,0,1,0,1,1,0,0,1,3089.05252080535,317.792124420408,2.17250940052713
472,bedroom_4105.png,88.196,0.133,0.4681,0.5717,0.04535,0.2283,0.2398,0.3372,0.2863,-2.993,0.006229,1.304,3.765,bedroom,0.4461038330000856,0.2800868873053619,0.236477349225302,0.2766609253536766,0.2746689281719705,0.2503558544937743,0.3578620251985375,0.2126674204848351,0.7737784225488024,0.2537881340865339,0.2460640867441408,0.2421265427560847,1,0,1,1,0,0,1,0,0,0,0,1,0,4447.83935016317,1527.51261971124,11.7403396437538
473,bedroom_4112.png,91.463,0.1027,0.5746,0.4789,0.1034,0.26,0.2123,0.4012,0.3877,-2.72,0.00672,1.407,4.216,bedroom,0.5502901786017196,0.2704585554965656,0.252349549503882,0.2591853220036087,0.2717714627673757,0.2139753896051995,0.1919821245042638,0.1925216560737414,0.7577157527590329,0.2809252638288902,0.2673264533327857,0.2420056784598358,1,1,0,1,1,0,1,0,1,1,0,0,1,2372.74398321817,433.497758002628,17.7367782063601
474,bedroom_4115.png,109.451,0.04232,0.5575,0.4656,0.1026,0.3306,0.2328,0.3615,0.3799,-2.622,0.005593,1.32,3.721,bedroom,0.5268321350734819,0.2617147063597108,0.2808122361266185,0.266052753661201,0.2823042595407649,0.23897913491241,0.202827708096833,0.1893789399746252,0.692424125204668,0.2461716196839399,0.279524309500712,0.2677676483044203,1,1,0,1,0,0,1,0,1,0,0,1,0,3959.62354626022,264.223366982818,13.3226110759412
475,bedroom_4116.png,64.333,0.04903,0.4887,0.4733,0.07335,0.2389,0.2819,0.3437,0.3407,-2.737,0.004375,1.31,4.197,bedroom,0.4990245987560762,0.2782027098482281,0.26631434209035,0.2653498489174822,0.2776243684750903,0.2155729851600248,0.2703846291422672,0.2310244430735661,0.7804304709529885,0.2590347099507734,0.2386853164412563,0.2455576420918251,1,1,0,1,0,0,1,0,1,1,0,1,0,2217.08516384179,939.732656959488,14.7123510752421
476,bedroom_4121.png,75.129,0.03981,0.3284,0.4988,0.1766,0.2722,0.3068,0.3307,0.3002,-2.971,0.01009,1.231,3.934,bedroom,0.4485063907154905,0.2532358699738449,0.2904403006998898,0.2469096449454302,0.2354451587050614,0.2189341523844216,0.2179760036118576,0.2120004637310384,0.8072754405808219,0.2160158117468675,0.2001901873227357,0.2224227624233247,1,0,1,1,1,0,1,0,1,1,1,0,0,3080.38183373326,1893.39027357974,3.61026778044514
477,bedroom_4124.png,53.624,0.001969,0.2944,0.5003,0.1632,0.2488,0.2235,0.2526,0.2135,-3.125,0.009266,1.242,3.749,bedroom,0.4736815921248092,0.2743808041795428,0.2649644228067883,0.2780122449163018,0.2805797445239917,0.2706127066953803,0.242287668544382,0.1739928269544954,0.742173197669886,0.2888117759879716,0.3034564203441827,0.2622791393142678,1,1,0,1,0,0,1,0,1,0,0,0,0,3122.79399193958,418.728033640653,9.93022353803858
478,bedroom_4133.png,60.399,0.9961,0.361,0.5232,0.1941,0.2494,0.2202,0.2739,0.3094,-3.059,0.01224,1.171,3.519,bedroom,0.4012264006045651,0.2531513386755958,0.2281089298890666,0.2870226228305759,0.2526859534887908,0.2317292440081176,0.2402540567727982,0.180913898932669,0.7519397266483387,0.2577547670528511,0.2953298372636507,0.2469233145287309,1,1,0,0,0,1,1,0,0,0,0,0,0,4753.78799302398,372.361067810701,17.976078710004
479,bedroom_4147.png,71.333,0.08138,0.4126,0.4251,0.05008,0.2202,0.1814,0.5017,0.3657,-2.709,0.01011,1.441,4.008,bedroom,0.3884199962907644,0.2440123444955176,0.2603226718960759,0.2409511216602832,0.2515558062960285,0.1935983846569501,0.2088793294351196,0.2202657441810164,0.7758580763554015,0.1958550769937235,0.2017594316913476,0.2563387428106323,1,1,0,0,0,0,1,1,1,1,1,1,1,2689.59463799967,1133.3611973448,19.3846522431962
480,bedroom_4148.png,79.459,0.06011,0.2676,0.3751,0.296,0.1932,0.2487,0.3805,0.3803,-2.653,0.01589,1.263,3.884,bedroom,0.466668366472819,0.2591787834912651,0.2292001021928308,0.2688173266480892,0.2548350055666719,0.2144950146038248,0.230877543164743,0.1920253225268494,0.6879076977704554,0.2211784013125749,0.2815191432195972,0.2575634215285532,1,1,1,1,0,1,0,0,1,1,1,1,0,4072.65523822102,1041.64416755659,18.3720441731813
481,bedroom_4153.png,77.935,0.08561,0.3293,0.4961,0.02644,0.2067,0.2652,0.2972,0.2508,-2.944,0.03797,1.29,3.721,bedroom,0.4646293525774433,0.2664254893205413,0.2171778462287494,0.2462391525704014,0.2457154826287183,0.2262431543552915,0.2149911770995479,0.1578884099371967,0.7297365509267156,0.2729469043685538,0.2610428506976298,0.2585582540462714,1,0,0,1,1,0,1,0,1,1,0,0,0,3572.23842286742,1380.58964435869,3.59231232698052
482,bedroom_4159.png,74.376,0.09455,0.4608,0.5931,0.05262,0.2322,0.3015,0.3437,0.3072,-2.719,0.01115,1.205,4.107,bedroom,0.5192713976134901,0.2473485469611218,0.1913456200013213,0.2464539723084101,0.2775687555088141,0.203123073591341,0.2149741960857606,0.1670317725642461,0.7892047647792532,0.2190640942515865,0.2302239246588099,0.2376571723064311,1,1,0,1,0,0,0,0,1,1,0,1,0,2974.88847750378,282.851869591678,23.8047710116265
483,bedroom_4164.png,98.456,0.08937,0.6287,0.5911,0.07356,0.2448,0.241,0.3696,0.3885,-2.815,0.01376,1.399,4.101,bedroom,0.4874820675976803,0.2741643153052826,0.2805549304644089,0.274382231464284,0.2639739320314332,0.2258891617761496,0.2455352533057944,0.1850202390970454,0.749306487645183,0.2624768959234566,0.266923358609261,0.2617065071212364,1,1,0,1,0,0,1,1,1,1,1,0,0,3258.49880480909,0.0,24.9115796884911
484,bedroom_4177.png,85.384,0.04591,0.2126,0.4937,0.1987,0.1996,0.2395,0.3705,0.3738,-2.85,0.009315,1.325,3.725,bedroom,0.464541362128426,0.2969068644149221,0.268118280356294,0.2912881913487897,0.3073725349030806,0.2622451016561633,0.2409957452834175,0.2253392305432779,0.7887342675385287,0.2290662121648264,0.2205038652488727,0.2418122442531044,1,1,0,1,0,0,1,1,1,0,0,0,0,3307.80791550927,873.871824452173,5.69889332522169
485,bedroom_4178.png,47.557,0.07464,0.2097,0.6887,0.1487,0.281,0.1912,0.3264,0.2835,-2.814,0.009847,1.137,4.206,bedroom,0.4750702772077859,0.262048177888024,0.2440955037590734,0.2885451761656427,0.2660832574520737,0.2311634697870057,0.2673836731158576,0.2030782748013571,0.7018601628373303,0.2652960511416241,0.2780011321860591,0.286294083910268,1,1,0,1,0,0,1,0,1,0,0,0,0,3512.78009319609,579.455198233513,12.9474844883424
486,bedroom_4186.png,70.601,0.4981,0.4932,0.5276,0.2356,0.3498,0.2337,0.3431,0.3497,-3.062,0.006228,1.126,3.679,bedroom,0.4538748710990208,0.2422387743874804,0.2113181122830562,0.2534251859040324,0.2461880317668336,0.2093543318271372,0.2478401585079756,0.1555932831762301,0.7577589307155719,0.2491313158508311,0.2404715538129588,0.2225623538332565,1,1,0,1,0,0,0,0,1,1,0,1,0,3377.74443423209,983.584347538863,7.66215541500568
487,bedroom_4195.png,70.103,0.09955,0.1668,0.4893,0.2326,0.1715,0.2035,0.3328,0.3007,-2.76,0.007947,1.306,4.168,bedroom,0.5103900210823856,0.2496328425567113,0.2419247813425946,0.260721889123051,0.2398897312093182,0.1968749889870351,0.2202862995481523,0.1867239301288978,0.7012042344169691,0.2265240326099055,0.2595172508780473,0.2564254527950651,1,1,0,1,1,1,1,0,1,0,0,1,0,2287.72262958119,660.225646527361,42.6208872231933
488,bedroom_4204.png,82.944,0.2463,0.1055,0.6234,0.1308,0.1114,0.2246,0.4119,0.3303,-2.512,0.01167,1.382,4.141,bedroom,0.4781433482270309,0.2381549148698196,0.1835745766461247,0.2443176265779728,0.2470342218356971,0.2290832022327445,0.2177230343445236,0.1686455977647409,0.7690616938032215,0.2066469384897352,0.2451224815389983,0.2396998155855528,1,1,1,1,0,0,1,0,1,1,0,0,1,2955.69298785263,614.312931027647,7.2418672954739
489,bedroom_4205.png,74.902,0.07602,0.4853,0.4586,0.07777,0.2727,0.2801,0.3081,0.3519,-3.062,0.005137,1.185,4.132,bedroom,0.5123235860225464,0.3047833621672484,0.2815915657549372,0.275897610101355,0.2644924547856682,0.2523701812525598,0.2427349277971255,0.1731620631225085,0.8061476886865023,0.2778029726956156,0.2396852185334097,0.2520753278825467,1,1,1,1,0,1,1,0,1,1,0,1,1,2333.79634087368,238.726910763034,20.9155161695151
490,bedroom_4208.png,58.134,0.9788,0.1463,0.4126,0.1614,0.08899,0.2889,0.2252,0.3619,-3.026,0.01184,1.145,3.387,bedroom,0.4162107939303616,0.2546974931124833,0.1931220011259607,0.2668186708315459,0.2597943477395003,0.2207735738453558,0.2355867914004339,0.1639977737190315,0.6687124432130204,0.2740015448793462,0.3019422077332905,0.2459319464042378,1,1,0,0,0,0,0,0,1,0,0,0,0,3093.97944575352,1056.20554896624,31.7071763743374
491,bedroom_4210.png,69.639,0.09604,0.3965,0.5076,0.1276,0.2646,0.1687,0.3302,0.3346,-2.764,0.01174,1.29,4.23,bedroom,0.4431550329984489,0.2756328778906818,0.2234373539940349,0.2499224394136192,0.2892501990929439,0.2642913872928819,0.2545156368959071,0.1917441783842856,0.8168970249164027,0.237585298854673,0.2406380779715002,0.2013848143808187,1,0,0,1,0,0,1,0,1,0,0,0,0,2592.8974794017,0.0,18.4974506591264
492,bedroom_4214.png,66.218,0.1426,0.4338,0.3034,0.1213,0.2846,0.2157,0.2159,0.3034,-2.723,0.02533,1.243,3.826,bedroom,0.4628125853236066,0.25180784833158,0.227955686069309,0.2527054708481399,0.2417283594855987,0.1976763719483083,0.2716195613588791,0.2018114643667984,0.7131013602049282,0.2514043971802694,0.2540102365245009,0.2503911738188676,1,1,0,1,0,0,0,0,1,0,0,0,0,1925.14271946033,743.790394496086,11.7722137813076
493,bedroom_4215.png,48.031,0.08192,0.1199,0.679,0.1554,0.1718,0.2056,0.284,0.3258,-2.695,0.02616,1.272,4.371,bedroom,0.4970702120855801,0.2647123431811022,0.2433310539138372,0.289760659950256,0.2791982717045731,0.2495466168993163,0.290879594099296,0.2046161984561599,0.7092561019364687,0.2709995493348281,0.2842330883319851,0.2776285886302601,1,1,0,1,0,0,0,0,1,0,0,0,0,2500.9186995143,0.0,14.9691599406208
494,bedroom_4218.png,68.487,0.0001481,0.1904,0.5462,0.125,0.1393,0.2609,0.2917,0.2988,-2.976,0.006912,1.189,3.811,bedroom,0.465956078740212,0.2556315090067739,0.234945093253756,0.2532199120329271,0.2499566976909208,0.214864310833246,0.1996622307719691,0.1610195056453726,0.7988280222936123,0.2632849272078558,0.2186595943734406,0.2258279190014727,1,1,0,0,0,0,0,0,1,1,0,0,0,4166.82895808445,2580.48538855555,13.7887366136708
495,bedroom_4222.png,57.415,0.07905,0.588,0.416,0.1049,0.2445,0.2273,0.3355,0.3124,-3.13,0.01087,1.225,4.135,bedroom,0.4879185832080589,0.2598744136253274,0.2759066256441389,0.2545032926111615,0.2358283610612155,0.2188329425771268,0.1919481391856928,0.1569821583571707,0.8149553446659666,0.2629924073561934,0.2059625720000655,0.2229982573262633,1,0,1,1,0,0,0,0,0,1,0,1,0,2823.79820667502,3086.2101721011,16.3783149004643
496,bedroom_4227.png,66.673,0.6051,0.07144,0.6473,0.1756,0.07818,0.1546,0.3505,0.2876,-2.626,0.01102,1.423,4.164,bedroom,0.4442228876604099,0.2458428531495371,0.2155621689302791,0.2839759054353339,0.2463710867970593,0.2423674066996403,0.2407630937906804,0.2033869010354007,0.708503663249192,0.2888903866988025,0.2808211143636147,0.2748275636022612,1,1,0,1,0,0,0,0,1,1,0,0,0,3215.34994057754,0.0,13.0912992317855
497,bedroom_4231.png,76.15,0.07176,0.5382,0.374,0.0947,0.2545,0.2756,0.4256,0.4183,-2.538,0.01775,1.436,4.292,bedroom,0.4104639430043239,0.2798582091609412,0.3072946497393002,0.285652752407304,0.2606393845606531,0.2264086174572012,0.2715485390013602,0.2442692930974206,0.738056014861123,0.2652449490745026,0.2935606572368552,0.2245175340473386,1,1,0,0,0,0,1,0,0,1,0,0,0,2495.27064617406,449.167793031429,12.3894248990681
498,bedroom_4233.png,61.081,0.08044,0.7058,0.4162,0.03663,0.2341,0.2949,0.2933,0.3318,-2.953,0.00549,1.169,4.049,bedroom,0.505628591021469,0.2836143595464893,0.3217829720090133,0.2588894079450542,0.2546456689028719,0.2346138456087838,0.2386903530992606,0.1697829961324828,0.7679960605031799,0.2564328700106313,0.2293711732276171,0.2601404834674832,1,1,1,1,0,0,1,0,1,1,0,1,0,3740.00239611121,1118.77878653555,8.40986918882048
499,bedroom_4246.png,42.207,0.0399,0.3232,0.4264,0.1392,0.2832,0.2288,0.3621,0.227,-2.884,0.004102,1.193,4.341,bedroom,0.4345364594798071,0.2676025160685075,0.2172865415520056,0.300165250829871,0.254860193004804,0.2207866382418408,0.2834600162407068,0.2664520821181881,0.777909633772211,0.2399578828760855,0.2352164146053395,0.2322337135569828,1,0,0,1,0,0,0,0,0,0,0,0,0,3150.52912884248,1681.66870854633,2.96766802977115
500,bedroom_4251.png,46.825,0.09192,0.3087,0.5627,0.1361,0.2925,0.2499,0.2946,0.2416,-2.918,0.003244,1.272,4.188,bedroom,0.4601106287506065,0.2658296599818309,0.2425247021122315,0.2633165526365351,0.3007290056830646,0.267857693984154,0.2833486843983567,0.2109502128470098,0.7335897845057467,0.2502381923860843,0.2420780628309118,0.2609473558654611,1,1,0,1,1,1,1,0,1,0,0,1,0,2024.5272195012,388.135535045788,8.61062317232691
501,bedroom_4252.png,69.636,0.1851,0.1066,0.6992,0.2597,0.1056,0.1699,0.3494,0.3562,-2.756,0.004154,1.312,4.196,bedroom,0.5153940401059302,0.2605522204856895,0.2312312812013552,0.2756174493090797,0.2648660912494061,0.2456801241320196,0.2658718873682099,0.1745050393484244,0.7262655277803804,0.2730216342905508,0.285677338273128,0.2827549255949276,1,1,0,1,0,0,1,0,0,1,0,1,1,3431.62229007075,895.935685299955,20.8452032869443
502,bedroom_4254.png,89.149,0.06541,0.1541,0.7166,0.1034,0.1576,0.2231,0.3112,0.3507,-2.906,0.01266,1.226,4.089,bedroom,0.5333226814514388,0.2693705320571699,0.2336369818464209,0.2800631467541873,0.291286022009163,0.2443588378985663,0.2329371664337156,0.1872296548600076,0.6789814008516422,0.2906966380596557,0.3475638966227404,0.2807537602837029,1,1,0,1,0,0,1,0,1,1,0,0,1,2683.27280227149,402.32659859297,20.2826252164785
503,bedroom_4260.png,113.695,0.00414,0.3864,0.4239,0.1425,0.2931,0.2676,0.4575,0.3318,-2.817,0.005977,1.276,3.634,bedroom,0.4556571364352604,0.2730500922221456,0.2457346589803624,0.2636634399213898,0.2851925707558839,0.2709657057039608,0.1923865455757212,0.1820855316893427,0.6312342724866942,0.2463939792452514,0.2794913315225325,0.3271707200915473,1,1,0,0,0,0,0,0,0,0,0,0,0,4491.27586448698,598.811839342227,7.39739104411488
504,bedroom_4268.png,79.969,0.4752,0.1487,0.5651,0.2732,0.1645,0.1954,0.3838,0.292,-2.821,0.004439,1.305,3.945,bedroom,0.503028045707209,0.2397445776614203,0.2491467168582051,0.2351858900174828,0.2506644410006814,0.2139486836870707,0.2250407286296818,0.1470178228912751,0.6340764720145864,0.2941838536106075,0.3325542109054113,0.2921583799888722,1,1,0,1,0,1,1,0,0,1,0,0,1,1705.81946882054,1711.73373308039,16.6108939247498
505,bedroom_4271.png,76.632,0.1441,0.2141,0.4663,0.1935,0.1898,0.193,0.3582,0.4121,-2.815,0.01887,1.272,3.531,bedroom,0.5451720147117769,0.2801334891474857,0.2907192781954721,0.2768521400322153,0.2664350851388041,0.2477683750393561,0.1960306456704677,0.1654279208946005,0.7242323522572883,0.2982171931463432,0.2762610942710721,0.2981620843153531,1,1,0,1,0,1,1,0,1,1,1,1,0,5092.42940463808,922.261928421632,2.33519267524614
506,bedroom_4273.png,61.256,0.2381,0.1062,0.6076,0.1804,0.119,0.1707,0.3412,0.3472,-2.714,0.02359,1.198,3.897,bedroom,0.5058493963996259,0.2729609186557961,0.2426356402621539,0.2785846655818845,0.2767675226251018,0.2531911926114503,0.2379524620366393,0.1919773256690483,0.7159309302770844,0.3237589610867646,0.3221893178424629,0.2749599291305015,1,1,0,1,1,1,1,0,1,1,0,1,1,3163.96811462855,541.71937092185,25.7900790944174
507,bedroom_4276.png,79.02,0.1271,0.3169,0.5635,0.1725,0.2229,0.173,0.3871,0.4074,-2.469,0.005982,1.451,4.307,bedroom,0.3971902311450001,0.2419618029853178,0.2239150835611495,0.2500234047417833,0.2314048000012578,0.2145334423354759,0.2215610174464092,0.2031486698524254,0.6935319880769522,0.1873516304749209,0.2463700219557788,0.2359020910337015,1,1,0,1,1,0,0,0,1,1,0,1,0,2976.29715797693,511.7039583808,28.5796435282137
508,bedroom_4277.png,49.451,0.07885,0.3712,0.66,0.02145,0.1348,0.1242,0.3768,0.2885,-2.761,0.004725,1.46,3.958,bedroom,0.4585216798200309,0.2332959267255521,0.2297675751218341,0.2214760532115903,0.2435536738087987,0.2151404200648551,0.2205592627434282,0.212608265643633,0.7299906375044041,0.2472400626635894,0.2798868426218361,0.2094789029578899,1,0,0,1,1,0,1,0,0,0,1,1,0,2986.63128211004,1399.03581935388,28.3256361851331
509,bedroom_4281.png,73.662,0.01553,0.3353,0.5564,0.1775,0.3159,0.1877,0.3468,0.3033,-3.036,0.01368,1.191,3.942,bedroom,0.4538757774087104,0.2763425715121936,0.2558869738253773,0.2614893962936921,0.2919497449253124,0.2931361706636683,0.1784457748461858,0.1878954455175785,0.7339372880999371,0.2565294726624256,0.2803273829720112,0.2388738651074828,1,1,0,1,0,1,1,0,1,0,0,1,0,4035.20916593373,1560.06244124477,20.749029051571
510,bedroom_4287.png,69.832,0.1625,0.3524,0.5804,0.3114,0.2594,0.2396,0.3873,0.3763,-2.738,0.01533,1.359,3.604,bedroom,0.3897124172704008,0.2371826578962722,0.2039129252184356,0.2570263967797598,0.2292248376297298,0.2091536964086073,0.2110172165295855,0.1987796166836583,0.7198550434558774,0.2220388142581771,0.2600018435208018,0.2132414046053886,1,0,0,1,0,0,1,0,1,1,0,0,0,2855.24227291945,1535.71170862313,0.0
511,bedroom_4294.png,38.159,0.231,0.1802,0.4846,0.1257,0.157,0.1638,0.2837,0.2894,-2.882,0.009087,1.171,3.876,bedroom,0.4506197579708291,0.2752762336213129,0.2310892475765543,0.2712579534962119,0.2933400357187389,0.2724085789950102,0.2085873078435824,0.1969018705156504,0.7046324151647952,0.2784378132798291,0.3171457105783834,0.2624750142238706,1,1,0,1,0,0,1,0,1,0,0,0,0,3570.85692703218,574.495126253436,12.4436615469992
512,bedroom_4306.png,98.384,0.07425,0.3725,0.5442,0.09419,0.2646,0.2697,0.4156,0.3616,-2.426,0.005821,1.46,4.106,bedroom,0.5377172558415906,0.2715208479800759,0.2311161688395639,0.2656302760981644,0.2594147803892353,0.2362491575561998,0.2267754684745394,0.2345811170404668,0.7842816269095226,0.2608501573245361,0.2587325201342217,0.2339437547460078,1,1,1,1,0,0,1,0,1,1,0,0,0,3070.32866720131,629.776494763314,16.8266395562759
513,bedroom_4311.png,64.657,0.03053,0.09024,0.6694,0.1286,0.1323,0.2561,0.3391,0.2828,-3.054,0.007234,1.148,3.98,bedroom,0.5290725615205555,0.2746128938260582,0.2645329551739034,0.2713404346714899,0.3016769447970572,0.2584746091855883,0.2417823050491079,0.172021387625275,0.7081249824924095,0.3310905667279401,0.3044785941500303,0.308006596662959,1,1,0,1,0,0,1,0,1,1,0,0,1,3029.2891829259,317.265877883302,3.61396936672702
514,bedroom_4312.png,101.455,0.1657,0.1615,0.4938,0.2432,0.1958,0.2585,0.3405,0.3714,-2.786,0.01161,1.312,3.798,bedroom,0.4608108210539695,0.2581013173577853,0.2464240533332591,0.2772663375849659,0.2667274684695911,0.2518089828652164,0.2225040812789885,0.1968280065732112,0.7186294146832785,0.2324626182267156,0.2874851047048706,0.2549032035999372,1,1,0,0,0,1,1,0,1,0,0,0,0,4350.13010153493,1200.38589420043,11.043612397538
515,bedroom_4313.png,80.11,0.06314,0.1491,0.5743,0.2043,0.1273,0.2557,0.484,0.3061,-3.074,0.01082,1.228,3.854,bedroom,0.4486733493648874,0.244965966074917,0.2292331701772885,0.268727335929076,0.2924654285341079,0.2530974995079362,0.2028898467817939,0.2153859483470913,0.746045191054548,0.2165286744569521,0.253151939854332,0.2473945593371367,1,1,1,1,0,0,1,0,1,1,0,1,0,2909.85148464568,456.552237640828,20.7593303772394
516,bedroom_4322.png,96.354,0.118,0.3798,0.5345,0.11,0.2327,0.2247,0.458,0.2673,-2.495,0.0147,1.429,4.2,bedroom,0.4193155984971595,0.2640731459685176,0.2226246180626606,0.2717386536490619,0.2651936373857562,0.2229629169498937,0.2807847332055891,0.2307306824078659,0.7506082643471282,0.2779176081282081,0.3071555999872372,0.2311887672634487,1,0,0,1,0,0,1,0,1,0,0,1,0,3268.71549360192,1680.31266895383,11.0968092284732
517,bedroom_4324.png,81.091,0.1675,0.3438,0.4112,0.158,0.2051,0.2094,0.4447,0.264,-2.8,0.006547,1.269,4.341,bedroom,0.4009771968465621,0.252006365851366,0.2572071417576115,0.2369709624111784,0.2561624694938661,0.2080271778649367,0.243923639672116,0.2354004571706403,0.7537210919387942,0.2309417957734228,0.2708328660409738,0.2304137849323735,1,0,0,1,1,0,1,0,0,0,0,1,0,1629.80522808526,409.998647977309,11.6429310602944
518,bedroom_4326.png,69.674,0.1157,0.4057,0.5807,0.08024,0.2204,0.2246,0.3684,0.3518,-2.918,0.02073,1.23,4.126,bedroom,0.4516332769551843,0.2688572210167327,0.2629737494685092,0.2841684660608808,0.2770674081575453,0.250341330757367,0.1973620271734457,0.2002294237767085,0.7431073711698191,0.2651686736345273,0.2712000169289724,0.2594689925982767,1,1,0,0,0,0,1,0,0,0,0,0,0,3396.57774608077,582.273867268537,20.9375486709859
519,bedroom_4327.png,56.128,0.1703,0.4238,0.4609,0.1302,0.1879,0.2129,0.3134,0.2567,-2.963,0.01533,1.278,4.146,bedroom,0.4530781025346785,0.2901939114374673,0.2904899598586781,0.2590830512541955,0.2537135340392371,0.2568538829532475,0.2843251266177036,0.191439484658589,0.8431931143104691,0.2888268812495695,0.2157982221272067,0.2029161978087197,1,1,0,1,0,1,1,0,1,0,0,1,0,2136.06902718556,437.278823830855,3.54875959060642
520,bedroom_4329.png,73.753,0.1036,0.2625,0.4383,0.1207,0.146,0.2009,0.2713,0.2908,-2.745,0.01266,1.393,4.282,bedroom,0.5397806641328076,0.2849737985250771,0.2994728554356402,0.2924155411005634,0.2879843239810259,0.2402686028366731,0.2292291980636108,0.2164746103918012,0.7416373763310304,0.3087382418944981,0.2842307674132467,0.2635118271932876,1,1,0,1,0,1,1,0,1,1,0,0,1,3468.80512875493,331.352071345819,30.0735732534669
521,bedroom_4333.png,75.926,0.08131,0.1852,0.5695,0.3119,0.1938,0.2367,0.4234,0.3433,-2.791,0.007998,1.321,3.974,bedroom,0.443065055979636,0.2690005748267279,0.2848815895708246,0.2803926062278506,0.2935828300645463,0.2616316645214444,0.2098450537466192,0.2418334406842821,0.7422349120726544,0.2277776218711461,0.2296462045813607,0.2643820263184419,1,1,0,1,0,0,1,0,1,1,0,0,1,3374.55325641867,1338.92141044141,19.2641285032387
522,bedroom_4334.png,96.424,0.08523,0.1975,0.6571,0.1131,0.199,0.1873,0.4367,0.3244,-2.376,0.01478,1.508,4.265,bedroom,0.547366472726167,0.2613976103118481,0.2425229447963363,0.2747128437279936,0.2816579490689817,0.2481978651055759,0.2275028992669708,0.1928934790091699,0.7549027198816524,0.2522857981578124,0.2364007666165266,0.2742449631160251,1,1,0,1,1,0,1,0,1,1,0,1,1,3415.91310889924,784.254827024934,21.3055967882424
523,bedroom_4335.png,48.744,0.02087,0.2962,0.6272,0.2068,0.2595,0.2209,0.3031,0.2508,-2.631,0.0166,1.261,4.212,bedroom,0.4875078126336643,0.2499284269415533,0.2198901599161507,0.2770757954449755,0.2643538900590481,0.2283685909662852,0.2439675377459725,0.1876077049778094,0.6740172395773983,0.3000956534129485,0.2957856340972971,0.2701948326188666,1,1,0,0,0,1,0,1,1,0,0,0,0,3360.52282949955,1911.63621184485,6.08376783325777
524,bedroom_4341.png,78.77,0.6026,0.1335,0.5469,0.2909,0.1203,0.245,0.3246,0.3079,-3.005,0.01064,1.234,3.86,bedroom,0.4698564183280433,0.28392441029073,0.2725956896869533,0.2985882787587082,0.2887489351639167,0.2901999125558981,0.2469050430337885,0.1839350980008866,0.7237926453063501,0.3049700674648068,0.2933933508770771,0.2846498872515917,1,1,1,1,1,0,1,0,0,0,0,0,1,2572.73011765181,775.856440854665,1.94931838306844
525,bedroom_4351.png,92.207,0.1143,0.3652,0.6428,0.1149,0.2659,0.2633,0.3686,0.3804,-2.763,0.008228,1.289,4.206,bedroom,0.5054365962332341,0.2684314868628081,0.2540323587843495,0.2821082937173671,0.2656913941885831,0.2232795244303116,0.2327085638073276,0.1836917402062993,0.7613423995374827,0.2661246624538321,0.2633196134229667,0.2698757097427686,1,1,0,1,0,0,1,0,1,1,0,1,1,3562.19039302451,621.957142674144,16.7795071577481
526,bedroom_4357.png,62.884,0.1005,0.3552,0.6867,0.05619,0.2403,0.1928,0.3844,0.2996,-2.547,0.007302,1.386,4.377,bedroom,0.4588681194248415,0.2660916516918629,0.2295020239899703,0.2847302834256765,0.3005619227408528,0.2654714649556522,0.2144139938519991,0.2248522955282327,0.7032406452773557,0.2492423442813261,0.3203748799075309,0.2428893979809322,1,1,0,1,0,0,1,0,1,1,0,1,0,1970.84853343056,0.0,14.8541889671507
527,bedroom_4358.png,83.261,0.1026,0.3263,0.5794,0.02925,0.1856,0.253,0.3347,0.3795,-2.849,0.0134,1.187,4.161,bedroom,0.4836439662859242,0.2590590907545004,0.2094409442590652,0.281815504454217,0.2696264199468735,0.2399051127331356,0.2459624810818351,0.1884011972185346,0.7831482471679754,0.2190254501785068,0.2469053144035192,0.2544747770819639,1,1,0,1,0,0,1,0,1,1,0,0,0,2897.01045536287,1617.20403172871,14.45256410019
528,bedroom_4359.png,106.166,0.9924,0.156,0.4945,0.274,0.182,0.2466,0.3837,0.3981,-2.629,0.01828,1.35,3.871,bedroom,0.4540538317169921,0.2421948995472822,0.2148216250688357,0.2587350303695769,0.2513170168612467,0.2479456664315567,0.2155366599966497,0.2515232494134074,0.7334578021076652,0.208107519649506,0.2764776006191417,0.2296714577878453,1,1,0,0,0,0,1,0,1,1,0,1,0,4230.68722441857,454.498634087352,7.39779788922499
529,bedroom_4363.png,52.301,0.1018,0.2174,0.641,0.1738,0.2036,0.2366,0.3675,0.2599,-2.738,0.009009,1.208,3.869,bedroom,0.4220751315465478,0.2640721587238228,0.2394092789367089,0.2711711045381943,0.2721777029767189,0.2320155517713349,0.2413280998374026,0.2044121984667291,0.6625869354486079,0.3179531094287947,0.3421651655932742,0.2258461354625931,1,1,0,0,0,0,1,0,1,1,0,0,0,2864.18453099134,545.537136575529,19.0716083950891
530,bedroom_4378.png,67.65,0.2233,0.1032,0.5129,0.2218,0.1003,0.2245,0.3069,0.3084,-2.917,0.01492,1.329,3.714,bedroom,0.3847990370113296,0.2399601236615884,0.2045391213597834,0.2486177874728553,0.229104705761211,0.2109927524133276,0.2479580123219629,0.1910630111019988,0.6502732944575474,0.2710606071331361,0.3138298326072499,0.2396477463220347,1,1,0,1,0,0,1,0,1,0,1,0,0,3613.30481888789,1222.47479437556,18.5202970415584
531,bedroom_4381.png,78.518,0.09676,0.6879,0.5871,0.02289,0.2123,0.1904,0.3204,0.3659,-2.813,0.02395,1.308,3.59,bedroom,0.3726595793085643,0.2718052063306528,0.2606840489860199,0.2685445221387743,0.2471689730966338,0.2465234327260624,0.2633241954676324,0.2101581305610819,0.7601070778419289,0.2776832782772994,0.2681119180509883,0.2444161967211985,1,1,0,0,1,0,1,0,0,1,0,1,0,3751.82399615249,1110.34887834552,0.0
532,bedroom_4390.png,111.834,0.0562,0.312,0.4883,0.1495,0.221,0.2332,0.406,0.3693,-2.78,0.008643,1.43,3.881,bedroom,0.4911198558766545,0.2637433126602288,0.253897386226159,0.245604927752786,0.2824305686507545,0.2593684157710769,0.2284006352706183,0.2566822504699569,0.7343192245941819,0.1994998532952512,0.2604398789667078,0.2608209311179187,1,1,1,0,0,1,0,0,0,0,0,1,0,3048.12169195996,664.709384482926,26.3966665751823
533,bedroom_4396.png,45.523,0.4298,0.1787,0.5562,0.2687,0.125,0.2908,0.3022,0.2845,-2.759,0.009195,1.176,4.172,bedroom,0.3897837056445048,0.2664985346576778,0.2383232257852045,0.2721882960517121,0.2776506900814108,0.276099018627111,0.2356439654371262,0.190022991441559,0.7692849351151504,0.2431240959003179,0.2541349224338344,0.2222145422636367,1,0,0,0,0,0,1,0,0,0,0,0,0,3377.1355024024,1946.64616452407,9.11525139674418
534,bedroom_4397.png,79.643,0.03629,0.1907,0.4526,0.157,0.1899,0.1677,0.4161,0.372,-2.599,0.02204,1.421,3.921,bedroom,0.4504365260561302,0.2530817403052079,0.2878839646750597,0.2553628737207464,0.2658621085667147,0.2399019882450185,0.2327925739039424,0.221310871600762,0.7557468397410213,0.2005651897303255,0.2318755338851266,0.2658483634400249,1,1,1,1,0,1,1,0,1,0,0,0,0,2744.84888586016,1358.5222693577,29.7530818255371
535,bedroom_4398.png,77.14,0.0902,0.2173,0.4435,0.1932,0.2057,0.2625,0.3237,0.4034,-2.897,0.01728,1.313,3.699,bedroom,0.3909615293367851,0.2542578849053933,0.2361707528495706,0.2654256804417188,0.2441785678613603,0.2503817049718207,0.1882464493952854,0.1980318160496465,0.7302086290323025,0.2128702888762564,0.2258895757104566,0.2476976949453848,1,1,0,1,0,0,1,0,0,0,0,0,0,3793.5977619706,1829.60322499086,21.3505041255049
536,bedroom_4400.png,73.733,0.9269,0.2783,0.6525,0.1464,0.1806,0.1808,0.2956,0.3586,-2.686,0.007345,1.38,4.113,bedroom,0.3626135454026422,0.2646107855081437,0.2502680037819442,0.2724347672339587,0.2448817895058185,0.2459783001121473,0.2436067403169064,0.2101268869998162,0.779879904995351,0.2555476387707555,0.1870109271367547,0.2538759048380468,1,0,0,1,0,0,1,0,1,1,0,0,0,2019.23804014075,682.672545444553,11.1051527703793
537,bedroom_4401.png,92.006,0.1082,0.2244,0.737,0.1825,0.2004,0.1651,0.3607,0.3456,-2.699,0.008824,1.332,4.069,bedroom,0.433814946287303,0.2473846897980079,0.2378802362536112,0.2447211793463244,0.2721579829133825,0.2259795045671151,0.2088931596557766,0.1968747983538165,0.755283721913979,0.1878270520480307,0.2332538130346262,0.236648382919958,1,0,0,0,0,0,0,0,1,0,0,0,0,2978.82979264252,494.760738741107,12.8633246675791
538,bedroom_4408.png,67.408,0.8384,0.1504,0.6513,0.3179,0.2407,0.2119,0.1713,0.2243,-2.699,0.006723,1.322,3.85,bedroom,0.4244877569295863,0.2698508031325731,0.2491366456171404,0.2675534790401102,0.2622198537198131,0.2686977957793404,0.2923611447803685,0.209895277280526,0.6609715970308565,0.263958396718558,0.3123547529061316,0.233703169824362,1,1,0,1,0,0,1,0,1,0,1,0,0,3153.64274154356,873.646840123277,24.7825435109747
539,bedroom_4410.png,52.443,0.07708,0.4229,0.3646,0.1009,0.2576,0.216,0.3092,0.2727,-2.802,0.02922,1.119,3.726,bedroom,0.4041371144438675,0.2628797343063889,0.2155632558589142,0.2570018306363799,0.2267405483120985,0.2131218207081603,0.2561700378253816,0.1805474573371108,0.7911004597826167,0.2111214086198715,0.2204606202457439,0.2248693374037254,1,1,0,1,0,0,0,0,1,0,0,0,0,3533.08787416269,458.135417761057,4.39123674467361
540,bedroom_4413.png,49.995,0.1269,0.1318,0.523,0.1994,0.1356,0.1802,0.2851,0.3801,-2.624,0.006467,1.335,3.917,bedroom,0.4072759247733877,0.2654672036801135,0.224787770869521,0.2865668276075406,0.2754357183666706,0.2596249555009066,0.2025417058790357,0.2011178132399291,0.6945994230694055,0.2804901716694317,0.2829748969183925,0.2822240544362561,1,1,0,1,0,0,0,0,1,0,0,0,0,4087.33985415343,1402.61645844701,21.8960254646104
541,bedroom_4414.png,76.125,0.1419,0.2836,0.6521,0.08803,0.1811,0.2442,0.447,0.3666,-2.7,0.003832,1.354,4.042,bedroom,0.4690066562593326,0.2805249587209888,0.2434023614054778,0.2939345113765043,0.3323846434819118,0.2945227141442567,0.2073647902040257,0.2105818665738604,0.6942520524273452,0.2295435344857997,0.2750454232403032,0.2935290909492873,1,1,0,1,0,0,0,0,1,0,0,1,0,3216.64918304958,0.0,9.41293983609411
542,bedroom_4416.png,74.126,0.09291,0.6154,0.5024,0.08349,0.2382,0.2097,0.3143,0.3513,-2.757,0.02216,1.339,3.849,bedroom,0.462905083156275,0.2577932706070031,0.225345582689908,0.2545737483160515,0.2547771500395662,0.2135365148870807,0.2308435562546189,0.1840503319278187,0.7880791374319142,0.251237853843794,0.2482991016766384,0.2342045327312302,1,0,1,1,0,0,0,0,1,1,0,1,0,3609.97437704509,0.0,13.1931297542388
543,bedroom_4419.png,88.644,0.07347,0.4723,0.6547,0.1465,0.2977,0.2087,0.4054,0.314,-2.782,0.01186,1.337,4.234,bedroom,0.4208075681741558,0.2751466353617062,0.2364387927701038,0.2603530746612678,0.2822274474221344,0.2659121255234273,0.3156809107963028,0.2440980645441952,0.7835275383022817,0.2273106276171296,0.2463220081135634,0.2077759865214337,1,1,0,1,0,0,1,0,1,1,0,1,0,2524.79733714942,0.0,5.10972026460042
544,bedroom_4427.png,86.386,0.1362,0.2555,0.5618,0.2149,0.2605,0.2485,0.356,0.4008,-2.914,0.01358,1.205,3.476,bedroom,0.3642351898665926,0.2501383512038446,0.2106145822470588,0.3214464430199515,0.2523228441508274,0.2397294180259863,0.2897116847724293,0.2359186583795033,0.7704838892662006,0.2435327389137238,0.2858709566454886,0.2573782677392139,1,0,0,0,0,0,0,0,0,0,0,0,0,4710.68437981058,863.77104680855,3.13789786693947
545,bedroom_4428.png,82.455,0.05571,0.4037,0.4911,0.1153,0.2429,0.1838,0.4065,0.3576,-2.677,0.008966,1.496,3.891,bedroom,0.4752674762036691,0.2720603429497401,0.2697031283039712,0.2739451845324483,0.2505420986981185,0.212540294582493,0.2103205331468046,0.2103438220914489,0.7348329102217522,0.2446733827146495,0.275634260652967,0.2598635981636688,1,0,0,0,0,1,1,0,0,0,0,0,0,3636.17628027051,2118.72227474794,29.8152155188966
546,bedroom_4441.png,86.375,0.05233,0.117,0.674,0.2313,0.1504,0.2384,0.3797,0.3308,-2.494,0.005327,1.416,4.237,bedroom,0.4943781780554579,0.2460606253904464,0.2460563984695836,0.277947919253514,0.2909978249407694,0.2371013295905888,0.2929112207513136,0.2409722103392591,0.6648830789230039,0.2111553517822869,0.2932008514556816,0.2806901008186412,1,1,0,1,0,1,1,0,1,0,0,1,0,3206.31858082105,193.683572783722,19.4120983538094
547,bedroom_4450.png,65.037,0.09974,0.2583,0.5352,0.2007,0.2414,0.2956,0.282,0.2857,-2.902,0.01154,1.158,4.017,bedroom,0.4172499040196895,0.2681391461106231,0.2671738349966731,0.272433719243533,0.2588532167914586,0.2272790266430948,0.279700630188491,0.1975361678076291,0.7641624123359938,0.2434062133241971,0.2247369332557338,0.2850395778545339,1,1,1,1,0,0,0,0,1,0,0,1,0,3680.50294224475,337.235921687105,0.0
548,bedroom_4453.png,80.22,0.03229,0.3392,0.4887,0.1213,0.237,0.2881,0.3566,0.3255,-2.91,0.00801,1.215,4.013,bedroom,0.4647315639251361,0.255796298547793,0.2579473967232264,0.2430252758383435,0.2533005335195311,0.2166968972109147,0.1963803168060748,0.1695894748199796,0.7457074856886018,0.1959352172957171,0.2199819183056622,0.2449703444549957,1,1,1,1,0,0,1,0,1,0,0,0,0,3396.58737526978,1073.66860600246,24.2114959614262
549,bedroom_4461.png,95.905,0.09299,0.3498,0.6853,0.07584,0.2624,0.193,0.3671,0.4042,-2.807,0.01712,1.318,3.676,bedroom,0.5415572432873871,0.2707119637899668,0.269166864276134,0.2869061583289576,0.2891963743113705,0.2625387919638181,0.1966378532164276,0.1797213920660548,0.6867101137241953,0.2390048529050391,0.3008807254310113,0.2934140297772106,1,1,1,0,1,0,1,0,1,1,0,0,0,3566.46367693917,1211.35196040189,8.0343727985083
550,bedroom_4466.png,62.116,0.0974,0.2519,0.5249,0.05653,0.1517,0.2192,0.2871,0.2818,-2.922,0.01722,1.182,4.102,bedroom,0.5029745731334149,0.2763924635989649,0.2398969203563364,0.2611282485631117,0.2772448382462194,0.2492604188774922,0.305581745997561,0.202924304533261,0.8046486196101111,0.238958332113502,0.2448380217010048,0.2298967180227994,1,1,0,1,0,0,0,0,1,0,0,1,0,3538.18360180668,409.933683940616,4.99325052641436
551,bedroom_4479.png,88.281,0.2209,0.3047,0.3314,0.2513,0.216,0.2608,0.3308,0.3467,-2.998,0.008594,1.38,3.077,bedroom,0.4759121226107423,0.2637875637978741,0.255782396528192,0.2468708301377849,0.2575267339048023,0.2120663787990837,0.2358910272264636,0.1854617468703108,0.7549916939908964,0.2427074153769451,0.2286971961102947,0.2556596632079841,1,1,1,1,0,0,1,0,1,0,0,1,0,4928.8680365642,1144.35357243908,14.3522340807592
552,bedroom_4480.png,59.901,0.06456,0.3377,0.6939,0.1194,0.2008,0.1628,0.342,0.2897,-2.794,0.01584,1.345,4.104,bedroom,0.4828698643626383,0.2627646737233421,0.2415658023485445,0.2743050588925662,0.2696450348242122,0.2465109211801618,0.2391947691163309,0.1663204281171048,0.7578867651791069,0.2590635725058763,0.2958744374015516,0.2356421648187723,1,0,0,1,0,0,0,0,1,1,0,0,0,2817.95597544223,1801.07213214241,15.1714769423248
553,bedroom_4484.png,64.72,0.1046,0.2764,0.4903,0.04542,0.144,0.2062,0.3867,0.2913,-2.82,0.007706,1.217,3.964,bedroom,0.4005714300283101,0.25715075827043,0.2481293250449535,0.2765905284640576,0.2384337961090137,0.2591137126283523,0.2297727803540303,0.1915852873098525,0.7458035060083683,0.2595455731589759,0.2559796718824311,0.2526681571338843,1,0,0,1,0,0,1,0,1,0,0,1,1,2348.89455029609,911.544202070375,9.60517367059355
554,bedroom_4486.png,48.711,0.1184,0.4491,0.3988,0.1143,0.2463,0.2257,0.3498,0.247,-2.945,0.007869,1.142,4.25,bedroom,0.3956094171783095,0.2330872598296993,0.2228293988985382,0.236911527614649,0.2337698643183349,0.1949824123190938,0.2392736223956134,0.1719440572916977,0.7306316484852159,0.1898851459509371,0.2574815844678244,0.1948713032256274,1,0,0,1,0,0,1,0,1,0,0,1,0,2011.78677319605,420.902406398759,12.66975334439
555,bedroom_4492.png,84.13,0.09529,0.4818,0.5453,0.03681,0.2415,0.2889,0.3545,0.2542,-3.133,0.008701,1.242,3.778,bedroom,0.4347061259522233,0.2541237292010042,0.2513802172353473,0.2577772970361709,0.2610586596652108,0.2306432349290249,0.2261363518347957,0.1886215202027044,0.680093248795062,0.2502828767260882,0.3115020647596012,0.2807747842005732,1,1,0,1,1,0,0,0,1,0,0,0,0,2563.7741922121,796.384364267557,24.3016818333947
556,bedroom_4493.png,71.763,0.8318,0.1543,0.3819,0.2243,0.1979,0.2426,0.4362,0.4094,-2.695,0.004223,1.307,4.012,bedroom,0.4784857715030288,0.2771960882710543,0.2876258050722075,0.2826486391352667,0.2529562513587481,0.2236090537562443,0.264958390065227,0.205439603692293,0.743048538056272,0.2435286496116437,0.2344477680671207,0.2848118194288614,1,1,1,1,0,1,1,0,1,1,0,1,0,3799.43194937972,938.404937779993,25.3909532606835
557,bedroom_4506.png,73.602,0.3517,0.2543,0.5317,0.3357,0.1827,0.2331,0.3541,0.327,-2.59,0.02481,1.455,3.827,bedroom,0.5109608037364373,0.2520753243185841,0.2710158263249021,0.2620178725328095,0.2918727430431878,0.2669126944616095,0.2047986308180961,0.1914416432976657,0.7684196963269734,0.2356476345209867,0.2291393563387274,0.2523514158666434,1,1,0,1,0,0,1,0,1,0,1,1,0,3705.13631680432,1126.91740355048,0.0
558,bedroom_4512.png,37.582,0.9581,0.167,0.5242,0.141,0.1628,0.1477,0.2953,0.1729,-3.101,0.006676,1.143,4.128,bedroom,0.4961592518099253,0.2679868824045371,0.2248347965290017,0.2619229314077038,0.2790458890887368,0.241385053038943,0.233062186255061,0.1719657998491018,0.7211331330316628,0.2760192948381777,0.3122401864101922,0.2430681234963912,1,0,0,1,0,0,0,0,1,0,0,1,0,3134.34308460182,668.655532009,8.97928057230136
559,bedroom_4522.png,53.137,0.07094,0.3394,0.613,0.07629,0.3208,0.2245,0.3965,0.2139,-2.879,0.03633,1.172,3.767,bedroom,0.4664690195823201,0.2944541467686363,0.291164087464332,0.2866677960213582,0.283868116192095,0.2907763960985807,0.2129192877680112,0.1709600641381386,0.7805704736482753,0.2818048308788959,0.2988841770469098,0.2610898400310785,1,0,1,1,0,0,0,0,1,0,0,0,0,2799.05019619745,343.587736510585,14.5705083875898
560,bedroom_4523.png,69.533,0.09045,0.4395,0.4703,0.07496,0.2446,0.2411,0.3687,0.3346,-2.988,0.006504,1.224,3.86,bedroom,0.4373881356732461,0.268817636229201,0.2212091655626808,0.2951079042815827,0.2709284705408183,0.226151477822048,0.2902720898312131,0.1922846043762413,0.7617831445008191,0.28431982478768,0.3010299289003407,0.2299745082666682,1,1,1,0,0,0,1,0,0,0,0,1,1,3603.76084037645,255.170649528657,25.469823627587
561,bedroom_4524.png,54.366,0.903,0.08033,0.4476,0.1894,0.1267,0.2984,0.352,0.3704,-3.0,0.02721,1.141,3.808,bedroom,0.4714418025654737,0.2741609829419749,0.25103849293411,0.2961775550009306,0.2760649557851081,0.2696974684963114,0.2588243682180657,0.1778501990565627,0.7232533905258532,0.3017375313059582,0.2625485356693634,0.2780523707808328,1,1,0,1,0,1,0,0,0,1,0,0,0,3145.24883680893,1590.57063953262,9.37195496312488
562,bedroom_4526.png,63.964,0.02642,0.1895,0.5035,0.2074,0.1986,0.2281,0.3569,0.3293,-3.023,0.008176,1.189,3.751,bedroom,0.4889321366575556,0.2790154269536467,0.2422597882928222,0.2690863945182897,0.3059048353077355,0.285607488886669,0.2102970187628377,0.1937473678054107,0.7641552310852155,0.2376974468310749,0.246303275990677,0.2635148048432683,1,1,0,1,0,0,1,0,1,1,0,0,0,4233.10042889696,3341.29373746864,6.88732530014906
563,bedroom_4529.png,69.027,0.1362,0.4686,0.3401,0.08667,0.2477,0.1765,0.3949,0.3179,-2.615,0.02158,1.424,3.943,bedroom,0.4351299999402898,0.2582206503255662,0.2226464078825856,0.2629541357562636,0.2784992975720761,0.2215344240765228,0.2257096820798245,0.200679058575975,0.7792281487189977,0.1952154753674155,0.1983765473973997,0.2422826634731256,1,1,1,1,0,0,1,0,1,0,0,0,0,3002.76385526128,844.552922281011,21.9559813185541
564,bedroom_4542.png,41.718,0.1123,0.2554,0.456,0.1671,0.2111,0.1861,0.3576,0.2685,-3.091,0.006111,1.064,4.109,bedroom,0.4385662456397155,0.2615729089727368,0.2179572919904256,0.2732568271938754,0.2655134273830626,0.2672386175603982,0.2208604993209974,0.1872887944799692,0.7370583848420103,0.2629500016336384,0.3001176274106353,0.2480664503908938,1,0,0,1,0,0,0,0,1,0,0,0,0,2386.7944748329,1248.83763401345,8.7396380485591
565,bedroom_4543.png,71.51,0.07065,0.3882,0.5241,0.1748,0.2241,0.2014,0.3008,0.3076,-2.733,0.008047,1.265,4.039,bedroom,0.4660722886724306,0.2609228107329472,0.2919396016737302,0.2488919195079842,0.274204539340731,0.2308397178977115,0.262286882114697,0.1966188369480909,0.7763061869569169,0.1897863138615671,0.2370204122549601,0.2393411431801039,1,0,1,1,0,0,1,0,1,0,1,0,0,3495.44094990296,1000.51599321798,18.0125206179987
566,bedroom_4567.png,103.869,0.06639,0.4689,0.3885,0.1422,0.2884,0.2558,0.3962,0.3255,-2.841,0.006522,1.328,3.736,bedroom,0.4171349203904793,0.2571678170914159,0.2781628333197833,0.2467634755646743,0.2528230200542593,0.2420462873774265,0.2483718391381488,0.2011147122683761,0.6821238965271844,0.2097097941146885,0.2587308031340357,0.3462857096151651,1,1,1,1,0,0,1,0,0,1,0,1,0,3360.23007133208,1538.61841401668,3.3663978531229
567,bedroom_4570.png,44.286,0.1094,0.3023,0.4848,0.09389,0.2072,0.1683,0.3301,0.2714,-2.824,0.004746,1.31,4.049,bedroom,0.3967045511594949,0.2493534614253531,0.2329850427895246,0.2930671138492359,0.2598863574346977,0.2615944652293688,0.1975917151582402,0.1807885338550132,0.7762248626188742,0.2473538232652974,0.2508336460861518,0.2404098666029173,1,1,0,1,0,0,1,0,1,0,0,0,0,3487.26810596053,1681.47689506264,28.942296465608
568,bedroom_4573.png,69.163,0.08828,0.354,0.3601,0.1267,0.2932,0.2068,0.4131,0.2374,-2.584,0.005791,1.471,4.354,bedroom,0.4398767412788257,0.2662873732229739,0.2736866840728513,0.2798486950794639,0.255831160213313,0.2341427685525645,0.2236578217301218,0.2214716399601216,0.7915172793906927,0.2316759743981598,0.2306133972517431,0.2469270802367114,1,0,0,1,0,0,1,0,1,0,1,0,0,3014.13767070491,811.807455748487,21.8712114611275
569,bedroom_4578.png,63.514,0.1639,0.271,0.5618,0.2575,0.2128,0.1826,0.2673,0.3695,-3.059,0.005887,1.23,4.039,bedroom,0.412148238290923,0.2723040069474429,0.2548243416589931,0.3004107376468495,0.2654737741371225,0.2707356096556264,0.2512849202981432,0.2131252341686506,0.6851632699182253,0.3159605198408853,0.3069161496112085,0.282008563547466,1,1,0,1,0,0,1,0,0,0,0,1,0,4934.39834103898,1950.89366093064,19.8147159555681
570,bedroom_4589.png,57.833,0.09556,0.4456,0.5696,0.02861,0.2335,0.2323,0.3659,0.3155,-2.929,0.0064,1.235,4.003,bedroom,0.3819718067830084,0.2490534734943178,0.2276192053013624,0.245283006699533,0.2367985683017108,0.2397346248513109,0.2087697924694201,0.1518057629004447,0.7233472301129008,0.2441880129748879,0.3064774131559731,0.2348473727012606,1,0,1,1,1,0,0,0,0,0,0,0,0,3619.44060916812,0.0,5.12015395073874
571,home architecture_8897.png,93.405,0.1034,0.1481,0.5972,0.1282,0.1704,0.1682,0.391,0.3566,-2.506,0.005435,1.521,4.045,bedroom,0.4166542289620359,0.2547798906642972,0.2627948711872563,0.2502683113431,0.2441728224091769,0.2137672985788214,0.1937006435395328,0.2207339791581138,0.6619179307636658,0.216953706455865,0.3196554727085738,0.2390515631006831,1,1,1,1,0,0,1,0,1,1,1,0,0,2742.66762656066,669.588072665746,29.176060833249
572,home architecture_8898.png,97.127,0.04684,0.5545,0.65,0.03199,0.2608,0.213,0.4363,0.4293,-2.692,0.005847,1.46,4.154,bedroom,0.4960446040716962,0.2730902689325745,0.2824689450599565,0.2549231671628435,0.250570243891867,0.232995777415591,0.2419173570425203,0.1876873093754571,0.8237958184079677,0.2403832716088777,0.2150021735835123,0.2490297591415231,1,0,1,1,0,0,1,1,1,1,0,0,0,2858.40279708352,602.215681537498,23.8593418703768
573,home architecture_8998.png,74.418,0.1283,0.2317,0.6456,0.2292,0.2047,0.1658,0.3751,0.3637,-2.947,0.006435,1.267,4.177,bedroom,0.5367486100537864,0.2930649384166353,0.297822317759586,0.2770560414849056,0.305568316754196,0.2858801246178915,0.2146440564668462,0.1855296192688784,0.7589930340768943,0.2420719796920634,0.2870297291959249,0.2672780324411661,1,1,0,1,0,0,1,0,1,1,1,0,1,2835.63052893163,526.070369751597,24.4275950479668
574,home architecture_9054.png,98.637,0.1068,0.2414,0.4309,0.1121,0.1738,0.2785,0.4322,0.3598,-2.958,0.01313,1.25,3.773,bedroom,0.4965523085767411,0.2642153909355195,0.3035586816225774,0.2527831728217155,0.2736634474455106,0.2459917995645031,0.2147827723393998,0.2010428451429922,0.7302975558824552,0.217727195556873,0.2237132860357845,0.2743525786488399,1,1,0,0,1,1,1,0,1,1,0,1,0,3070.54271512128,471.279574176951,14.5445368822491
575,home architecture_9061.png,87.756,0.1274,0.5553,0.5734,0.06226,0.2476,0.2158,0.3958,0.3375,-2.642,0.01052,1.341,3.975,bedroom,0.4593908162723907,0.2592963786681695,0.2033083246211958,0.2910266622982188,0.3150572139736561,0.2431778537359602,0.2348360242584213,0.211902403528124,0.7809371329953897,0.2324616674452731,0.246171452092418,0.2419503268113791,1,1,0,0,0,0,1,0,1,1,0,0,0,3114.83692935964,450.321321550173,16.0648307539314
576,home architecture_9135.png,75.397,0.09558,0.378,0.4971,0.1235,0.2392,0.2262,0.3407,0.3201,-2.992,0.01462,1.305,4.066,bedroom,0.4817687375919363,0.2915309446009645,0.272485663050141,0.2799052185594247,0.3274701001543745,0.2702083676650515,0.2287468986968584,0.2363746279922089,0.7922099487887584,0.2380559769715955,0.2465764106765133,0.2331068312183217,1,1,0,1,0,0,1,0,1,1,0,0,0,2894.93328233126,878.270062090084,8.27011597992891
577,home architecture_9195.png,83.685,0.09042,0.48,0.6398,0.1198,0.2962,0.1571,0.3803,0.3342,-2.503,0.003251,1.492,4.074,bedroom,0.4120160424812744,0.2609237380130741,0.2363982476262709,0.255646826328534,0.2419150517264695,0.2195684939021855,0.2019339515987269,0.2036435781553359,0.6973570046912148,0.2787230565950908,0.3078774036101447,0.2317317085104616,1,1,0,1,0,0,1,0,1,1,0,0,1,2927.57706747532,701.766290758618,11.2137849288336
578,home_8116.png,64.904,0.05695,0.2338,0.6019,0.1374,0.2461,0.2157,0.3202,0.2504,-2.818,0.009946,1.359,3.972,bedroom,0.4674072450080669,0.2761989911651381,0.220292854752511,0.2581324859087101,0.2729569630421326,0.2504374038699882,0.2208874969757021,0.1819324556805849,0.7720897718183365,0.2933596534304475,0.3023174043008838,0.2401831963614851,1,1,0,1,0,0,0,0,1,1,0,0,1,2513.53241699706,709.995405572897,0.0
579,home_8119.png,76.104,0.07584,0.232,0.6901,0.2278,0.1718,0.1794,0.3465,0.3576,-2.834,0.005298,1.3,4.243,bedroom,0.4291134252928384,0.308589457875138,0.2821828062847106,0.2915538359736621,0.2921267032052293,0.2781300159162739,0.2632810105409285,0.2826894543474933,0.7647127348204843,0.2817153114329092,0.2618000197481472,0.2816486089233125,1,0,1,1,0,0,1,1,1,1,0,0,1,3322.45423978436,1963.22682919213,21.0909357481438
580,home_8137.png,89.695,0.8587,0.2923,0.5968,0.1889,0.2817,0.2037,0.3404,0.3842,-2.845,0.004654,1.324,3.758,bedroom,0.417940090741658,0.269946598736426,0.2520122451721271,0.2533166719606837,0.2917799700417772,0.2843859981977242,0.1854804398508228,0.1967920966106621,0.7628949802509768,0.2078792340954427,0.2576597984524921,0.2480650484620824,1,1,0,0,0,0,1,0,1,0,0,0,0,2379.14167578385,587.730322522623,13.5424104028118
581,home_8145.png,67.14,0.01393,0.2772,0.6561,0.139,0.2871,0.1671,0.3641,0.3293,-2.338,0.01625,1.354,4.118,bedroom,0.4576907572815584,0.274694704987266,0.2374573230900068,0.2654004468376379,0.2881398557782689,0.2978118476297267,0.1758061969599589,0.1655365011730212,0.7678772328703336,0.2507623019426692,0.2571526575303177,0.2337675709068274,1,1,0,1,0,0,0,0,1,0,0,0,0,3278.63194061455,739.920748064054,17.2073890034819
582,home_8159.png,57.758,0.9874,0.1817,0.7256,0.1568,0.1508,0.1533,0.3488,0.3179,-2.801,0.01367,1.272,3.66,bedroom,0.4166920637864163,0.2882909035009794,0.2294617282024638,0.2780496510638893,0.2903946660601947,0.3113022633862478,0.2111415986334646,0.1754688609709933,0.7492945985306834,0.3023757519036092,0.315459237737735,0.2551172635020017,1,0,0,1,0,0,1,0,1,0,0,0,1,3997.90962810348,915.834159452979,12.2889771721694
583,home_8164.png,74.272,0.03416,0.2098,0.5757,0.1467,0.182,0.1838,0.4397,0.2773,-2.811,0.005273,1.212,4.184,bedroom,0.4870373147166329,0.2788118336025786,0.2903718941133354,0.2775003291826366,0.2790237762726387,0.2489777913121412,0.2226211994796568,0.2047174775068829,0.7928367990208737,0.2400065703203081,0.2322041228964507,0.2296988807063497,1,1,0,1,0,0,1,0,1,1,0,0,0,1958.83998892604,1029.28224858896,21.7324408731811
584,home_8168.png,67.595,0.1141,0.1492,0.6821,0.1466,0.1749,0.1292,0.389,0.3515,-2.564,0.007623,1.392,4.332,bedroom,0.4770710619790066,0.2687169122403323,0.2491427795957421,0.2800999397475326,0.2858796550537734,0.2607503688036128,0.2216497572722223,0.2336089241521326,0.7892000987440186,0.2624227194491705,0.2500417344495182,0.2371550196851857,1,1,0,1,0,0,1,0,1,1,0,1,0,3395.66358152997,0.0,7.89666494060746
585,home_8171.png,66.167,0.066,0.2281,0.5706,0.06531,0.2091,0.1716,0.3757,0.2202,-2.645,0.009862,1.314,4.18,bedroom,0.5528172561864179,0.273751686838012,0.2702711392874285,0.2587025001114195,0.256441137950783,0.217231060203565,0.2207743031578769,0.1680442517907512,0.8218707459620151,0.2904228408933005,0.2648175608944199,0.2196156168213276,1,1,0,1,0,1,0,0,1,1,0,0,0,3169.57371103588,0.0,12.1666913548547
586,home_8177.png,97.574,0.1567,0.3031,0.5715,0.1898,0.2161,0.2021,0.4313,0.336,-2.549,0.006096,1.441,3.89,bedroom,0.5043083833479581,0.2720357500580747,0.2759260984012803,0.2700750068121377,0.2774490254087657,0.2489463127101907,0.1937916514886865,0.1914062239572821,0.7250224709044314,0.2420816072763338,0.3016520715274609,0.2594484924025057,1,1,0,0,0,1,0,0,1,0,0,0,0,3427.3311269636,516.034350196259,3.93069414238708
587,home_8204.png,60.563,0.07689,0.3544,0.623,0.06751,0.2532,0.1861,0.3423,0.3387,-2.669,0.005812,1.37,4.067,bedroom,0.5048166910648308,0.2725214134618689,0.2328448428987561,0.2723750016938471,0.2715168758834391,0.2468472792772608,0.1980504982879262,0.1730339485885688,0.725018941976992,0.2878240908864635,0.3126713164512292,0.2557334100839085,1,1,0,1,0,0,0,0,1,1,0,0,0,2968.69942118045,869.652450590083,7.55665479387681
588,home_8414.png,67.531,0.07571,0.1957,0.6576,0.1399,0.1819,0.1918,0.3669,0.2168,-2.829,0.009907,1.256,4.4,bedroom,0.5192367118704263,0.2834804805434829,0.2918202592345689,0.2718743881570355,0.297749495829899,0.2491245729706648,0.2584438994403719,0.1903110763812486,0.7833921091982958,0.2782340864637559,0.2693073982706915,0.2307392504730857,1,0,1,1,0,1,0,0,1,0,0,1,1,2029.20353545572,392.492375615087,20.8094455137131
589,home_8499.png,95.545,0.05077,0.4464,0.3809,0.1451,0.3253,0.2246,0.3857,0.3749,-2.887,0.01291,1.293,4.003,bedroom,0.3980083989321782,0.2871133154363274,0.2700740184526165,0.2598470038399607,0.25586346317812,0.2741463390846086,0.266907241771377,0.1722243883433629,0.7704151089745799,0.2522070048638762,0.2268129496661666,0.2907059611285358,1,1,1,1,0,1,0,0,1,0,0,0,0,2554.84769105929,227.433308103675,17.5365393787243
590,home_8571.png,97.331,0.0674,0.3611,0.4675,0.1607,0.2331,0.2589,0.3759,0.3802,-2.975,0.0127,1.237,3.859,bedroom,0.5531951655630459,0.2770679892140307,0.2922529616167393,0.2571207803329465,0.2678200029197408,0.2338801358898281,0.1844870070324295,0.1774121406069007,0.7800998228209672,0.2275263075581527,0.2341275871800536,0.2568972720846472,1,1,0,1,0,0,1,1,1,1,1,1,0,3744.26344456429,859.033538045019,8.13832716005275
591,home_8586.png,69.645,0.09019,0.3817,0.5462,0.1446,0.2472,0.1786,0.3572,0.3011,-2.827,0.01083,1.383,4.381,bedroom,0.527403445087688,0.2799522458580896,0.2782295103634523,0.2808257151490642,0.2882693920626996,0.2454490773213907,0.20892444465735,0.1965236528903476,0.7807919874148312,0.2618954335055604,0.2420073273523151,0.2396902854001952,1,1,1,1,1,0,1,0,1,1,0,0,1,2829.16878973896,291.212517805866,9.46332053289424
592,home_8591.png,65.75,0.08243,0.2051,0.4954,0.1664,0.1722,0.311,0.2604,0.2848,-3.052,0.007351,1.137,3.848,bedroom,0.5276434123441162,0.2880680655287893,0.2466082850755822,0.2817966463496884,0.2771316201977231,0.2575052356835604,0.2328653534198301,0.1673691712923045,0.7565395670028827,0.2929502969917387,0.2686664644872547,0.2496078066084815,1,1,0,1,0,0,1,0,1,1,0,0,0,3448.40388890849,798.524056891918,0.0
593,home_8682.png,89.74,0.06752,0.7846,0.3879,0.06721,0.2843,0.2679,0.4843,0.4285,-2.565,0.009722,1.472,4.049,bedroom,0.4091905213429849,0.2627603325203628,0.2844586716727752,0.2312362284528421,0.2522207119862956,0.1937988045006343,0.2502746056183145,0.3025400842630354,0.7884509170318467,0.2052507903876542,0.2139522602511884,0.2034326484086074,1,0,0,1,0,1,1,0,1,0,0,1,0,3134.87523528315,296.628225422566,6.26065259586944
594,home_8702.png,68.75,0.126,0.2874,0.5947,0.1995,0.1904,0.1771,0.3562,0.3554,-2.68,0.01568,1.41,4.094,bedroom,0.4460211172958521,0.265555807112645,0.2126220478907003,0.2886697498065344,0.2520682820539374,0.2222580021804836,0.2588383107131152,0.2002356592385343,0.7447188341562595,0.2813950703426753,0.2828495823277495,0.2446349442746572,1,1,0,1,1,0,1,0,1,0,0,1,0,3708.68026978403,428.467493406676,33.6016747190193
595,home_8721.png,60.712,0.0873,0.4379,0.6766,0.09747,0.296,0.186,0.4082,0.3134,-2.579,0.005159,1.493,4.365,bedroom,0.4399663674203924,0.2564957971783674,0.2459318464721973,0.2701820845959358,0.2657952995041535,0.2098378283335552,0.2309999601594391,0.2531276427644717,0.7638078856938261,0.2655750722772046,0.2659791327305755,0.2532758586777531,1,1,1,1,1,0,1,0,1,1,1,1,1,3074.98370148955,0.0,17.1086465692617
596,home_8808.png,57.202,0.1627,0.1663,0.4676,0.1369,0.1237,0.2585,0.3714,0.3026,-2.964,0.01294,1.131,3.83,bedroom,0.4486572660551982,0.284204418862003,0.2542540247451788,0.2898109896240307,0.2926689635334849,0.2561177319785525,0.2413181523521078,0.197859352574615,0.7608111706240864,0.2442975616020749,0.2594269195429427,0.2591458593786489,1,1,1,0,0,1,1,0,1,0,0,0,0,2896.81958624518,353.152898895225,7.83469700517163
597,home_8819.png,81.404,0.09378,0.1866,0.4168,0.1945,0.1329,0.2566,0.4062,0.4019,-2.714,0.00365,1.311,4.053,bedroom,0.4792238615682658,0.2607776202799911,0.2836931135212002,0.2636156107899786,0.256348459809825,0.2223077655570013,0.2690940612992934,0.2149330204521736,0.7650863589567097,0.223523948330451,0.2612168231932273,0.22908075257356,1,1,0,0,1,1,1,0,1,0,1,1,0,2607.11583631724,207.897117484901,19.2858474854927
598,home_8824.png,63.734,0.1077,0.2428,0.6775,0.07129,0.1247,0.1464,0.3992,0.3272,-2.658,0.02122,1.424,4.184,bedroom,0.4698900258700726,0.2540208344902777,0.225784601446162,0.2653017171980562,0.2541973568450305,0.2410673945770877,0.1961468955838763,0.1792749962343321,0.7723418072460776,0.2431370963757366,0.2587079789272417,0.2332799539126145,1,0,0,1,0,1,1,0,1,1,0,1,0,3134.85558323477,441.884697557166,22.5080577395119
599,living room architecture_9657.png,90.313,0.09686,0.2723,0.6864,0.1476,0.2335,0.2254,0.3916,0.3568,-2.874,0.01037,1.245,4.101,bedroom,0.5043540151548918,0.2932290925189038,0.2564079320182867,0.2870276068498724,0.300789867593106,0.2918680318528971,0.3413839542985851,0.2353655223236163,0.8312910839926888,0.2225833713025486,0.2004035216682053,0.2509394099170385,1,1,0,0,0,0,1,0,0,0,0,0,0,3597.46405608935,200.155991508681,12.5888429146519
600,dining room home_12452.png,116.962,0.09553,0.3793,0.4513,0.1426,0.1981,0.3005,0.3845,0.4092,-2.745,0.01041,1.345,4.345,kitchen,0.3822397466396673,0.2908556870622686,0.36241806170934,0.3085102568745952,0.2135955404930145,0.1976393924866306,0.3393312440450685,0.2964186817397691,0.7701631045379409,0.2448057744755142,0.2059980268065444,0.254240027040633,0,1,1,1,1,1,1,1,0,1,1,0,1,3143.09093411267,0.0,36.6676246351284
601,dining room home_12560.png,76.928,0.07383,0.2656,0.546,0.09242,0.2082,0.2023,0.3273,0.3166,-2.858,0.01018,1.271,4.076,kitchen,0.4065757408044708,0.2679252435840147,0.3459375046260666,0.3089175839646388,0.2286718864991296,0.2336320177853596,0.3077482513730153,0.2338419559171801,0.7355761090359159,0.2647093450302435,0.2850721648153329,0.2373853329901916,0,0,1,1,1,1,1,0,1,0,1,0,1,4065.91776356267,314.964049858745,10.6735864942834
602,home architecture_8840.png,79.707,0.06364,0.56,0.4645,0.1251,0.2131,0.2878,0.3395,0.3808,-2.851,0.00912,1.279,4.313,kitchen,0.4312427733263761,0.3194143118749761,0.3385650023036988,0.3440399547037382,0.2374538984018099,0.2522177431713477,0.3595779390040494,0.2807466360927128,0.8653817206233594,0.2734496926978781,0.1700865478601916,0.2505886382723352,0,1,1,1,0,1,1,0,1,0,1,0,1,3402.56096419623,300.780297767443,20.8225775709135
603,home architecture_9147.png,125.947,0.1419,0.1528,0.66,0.1919,0.1397,0.1883,0.4467,0.3463,-2.552,0.01838,1.525,4.122,kitchen,0.4247401714083924,0.2466585397335357,0.2955269932133437,0.3006063894184093,0.2370298511805716,0.2238797300509837,0.331727083404067,0.2612315479929394,0.6954664036839246,0.2566503788522907,0.2690755555989295,0.2763737997417945,0,1,1,1,0,1,0,0,1,0,1,0,1,3084.27227122102,205.807869725409,9.81203846952605
604,home_8374.png,98.134,0.1145,0.4291,0.4234,0.1151,0.2742,0.292,0.3232,0.3747,-2.648,0.01375,1.267,3.619,kitchen,0.3700188671355899,0.2733892594841974,0.3007524764900169,0.3311161770875878,0.2442938503096373,0.216541503186139,0.3707213247055745,0.2501942247857464,0.7885889956916152,0.2271255366691341,0.1966767457542231,0.2607391684915266,0,1,1,1,0,1,0,0,0,0,0,0,1,3592.30188495444,183.178977102591,17.9935029099828
605,kitchen_1011.png,94.485,0.07191,0.2549,0.6446,0.09875,0.1967,0.183,0.4289,0.4228,-2.458,0.005686,1.56,4.254,kitchen,0.3733216567532446,0.2551070635150297,0.2723245903490536,0.3310034621689766,0.2272409242940495,0.2171573239668189,0.2881361090915485,0.2427154173954831,0.7476400261356088,0.2808990913904026,0.2768414805880643,0.2367885789660823,0,1,1,1,1,1,1,0,1,0,1,0,1,2761.44546355866,0.0,46.8094142117718
606,kitchen_1012.png,72.846,0.0411,0.2684,0.5774,0.1612,0.1911,0.1449,0.3875,0.431,-2.564,0.009027,1.444,3.837,kitchen,0.3771455365592367,0.26809372101183,0.2548737635483802,0.3440542188181341,0.2228887168322086,0.2395886753735236,0.2796590639258168,0.228268685024923,0.7203889305742405,0.2778575046921639,0.295285334433513,0.2765076953466043,0,1,1,0,0,0,0,0,0,0,0,0,1,3846.4198549064,293.600858849099,13.9444516501042
607,kitchen_1015.png,127.712,0.002284,0.3311,0.633,0.1906,0.3112,0.2172,0.4157,0.4123,-2.675,0.00735,1.379,3.965,kitchen,0.3146657390468997,0.2498310087053372,0.2314027460849605,0.354379495040392,0.2000764808909686,0.2013711584540661,0.2989731861076782,0.2217004372949254,0.6067668302051066,0.302471476169018,0.41364565714161,0.2305380086275631,0,1,1,1,1,1,1,0,1,0,1,1,0,3478.18846158685,177.143015499079,19.8981139637674
608,kitchen_1019.png,120.564,0.3987,0.2488,0.5214,0.3412,0.2121,0.306,0.3781,0.4036,-2.696,0.02184,1.321,3.795,kitchen,0.4258320536183422,0.2452505969005778,0.2800827259969646,0.2977004574085172,0.2052369978429794,0.2026898381273557,0.3760005706370154,0.2151209229532704,0.7386109490387422,0.2236089530607632,0.2418102804013996,0.2249059773299452,0,1,1,1,1,1,0,0,0,0,0,0,1,3610.04484936875,234.672009894795,15.5980197723631
609,kitchen_1022.png,90.902,0.1085,0.271,0.6806,0.121,0.2798,0.2337,0.4622,0.4227,-2.496,0.008501,1.303,3.888,kitchen,0.2916882345703316,0.2557072895369001,0.2375925992189564,0.3682216729790518,0.2208098824207424,0.2456959407173437,0.3093074472052864,0.2402925820283613,0.8059411942315204,0.2341616784419641,0.2374577011392269,0.2118185960266193,0,1,1,0,1,0,0,0,0,0,0,0,1,2356.82494389743,253.286649614982,17.113603869928
610,kitchen_1032.png,92.583,0.9055,0.263,0.6229,0.2759,0.247,0.2126,0.3434,0.3723,-2.723,0.01258,1.488,4.032,kitchen,0.337916557786165,0.2574572244028215,0.2179323425141587,0.4017308064882747,0.2116645282522627,0.2016196024000169,0.3552071788133334,0.2391639791292098,0.7222930220261062,0.3216829383114195,0.3466048249626219,0.2201138835487631,0,0,1,0,0,0,1,0,0,0,0,0,1,3431.75975033829,212.879656387926,23.0590365941589
611,kitchen_1033.png,73.675,0.06254,0.2115,0.6127,0.1165,0.2143,0.149,0.3247,0.3829,-2.703,0.01003,1.353,3.891,kitchen,0.348705624854759,0.2566359741844212,0.2467354965148194,0.3298174638205919,0.2345766290364921,0.2325488735457473,0.2865806679580958,0.2603026366466376,0.6842235439791489,0.2907081546462493,0.3102923160704053,0.2694165787808381,0,1,1,1,0,1,1,0,0,0,0,1,0,4049.70610671403,832.008808054215,22.9707435979715
612,kitchen_1048.png,96.257,0.01483,0.416,0.6496,0.2364,0.3119,0.205,0.4183,0.4117,-2.596,0.01002,1.474,3.993,kitchen,0.326658161164221,0.2425439633916039,0.2154496313046286,0.3762000990818205,0.2037866779133686,0.2446268249096171,0.2813572738260431,0.1949514343930126,0.7861464494749917,0.2849217360530297,0.258850325320625,0.2106908240498689,0,0,1,0,1,0,0,0,0,0,0,0,1,3662.63045849048,197.319388783325,18.1114492763016
613,kitchen_1058.png,88.277,0.0447,0.1982,0.5952,0.1366,0.1867,0.2721,0.3887,0.3645,-2.788,0.005582,1.192,3.96,kitchen,0.3193119636680459,0.2654599068557597,0.2168410366372946,0.3402694641773469,0.2178039027848222,0.2125766547986052,0.3202665665690477,0.2254513767644738,0.7357717139927146,0.2494622839882846,0.2933284613088963,0.2361649079673724,0,1,1,1,0,1,0,0,1,0,1,0,1,3854.2881623138,986.671238905046,19.2336162142549
614,kitchen_1081.png,111.185,0.1106,0.1668,0.7104,0.1596,0.1995,0.1722,0.4336,0.4464,-2.357,0.008354,1.527,4.028,kitchen,0.3057025283250354,0.2563638810530801,0.2403177723065522,0.3718481203165046,0.2366641933232154,0.2243088712558374,0.3802129450454673,0.2931031327165386,0.7313773930242085,0.2247166713741406,0.2692032471239317,0.2393649564607839,0,1,1,0,1,0,0,0,1,0,0,0,1,2960.81893189024,350.175255864711,22.5252370666764
615,kitchen_1099.png,78.939,0.02732,0.2007,0.6104,0.1605,0.1609,0.1816,0.3846,0.3852,-2.677,0.01264,1.451,3.746,kitchen,0.3764236587746817,0.3082542328635375,0.2495385404875931,0.3625953533616104,0.2517073801292517,0.2430982601380795,0.2796439702369038,0.2185451009472935,0.7608750655198078,0.2854351491086208,0.2854561663537497,0.2431050704256119,0,1,1,1,0,1,0,0,1,0,0,0,1,4150.64393035327,0.0,24.581757747671
616,kitchen_1108.png,83.842,0.07608,0.2677,0.4773,0.09762,0.1916,0.2224,0.3454,0.3555,-2.78,0.02206,1.317,4.012,kitchen,0.3356663471337142,0.2807462841454435,0.2220143902834886,0.4149539088458481,0.2220328815699531,0.2285400547825151,0.3699873896165914,0.2160879235593575,0.8237325028609485,0.269832445744559,0.2406396631590879,0.1958477653028824,0,0,1,0,0,0,0,0,0,0,0,0,1,3402.37719604686,0.0,12.7485126788082
617,kitchen_1115.png,81.42,0.1263,0.4653,0.5826,0.1838,0.393,0.1765,0.3441,0.3622,-2.688,0.004305,1.363,3.741,kitchen,0.3459064378588869,0.2624744427097189,0.1950455255770034,0.405047111093757,0.2207079231426025,0.2260449773564069,0.2594158717993767,0.1862409233068837,0.7604197397941708,0.2794678828427698,0.2870750411241574,0.2033874888662642,0,1,1,0,0,0,0,0,0,0,0,0,0,2449.16532257814,639.101038026474,14.9203974620757
618,kitchen_1134.png,127.277,0.08427,0.3656,0.5972,0.1191,0.2504,0.2188,0.4508,0.4703,-2.574,0.0065,1.469,3.954,kitchen,0.3399116937224678,0.2684399918627664,0.2724702525876056,0.3507016351412558,0.2270286061662808,0.246698607511369,0.3415988679485534,0.2492699648173922,0.7806022096868841,0.2439670803270623,0.2454937178314209,0.2289221110582147,0,1,1,0,1,0,1,0,1,0,0,0,1,1836.51407628468,555.630699722823,20.913362905499
619,kitchen_1136.png,98.809,0.03048,0.3033,0.5514,0.2592,0.2915,0.2239,0.4249,0.4361,-2.532,0.00742,1.394,3.888,kitchen,0.3284285725041534,0.2327792545111128,0.2232904968320646,0.3655065836480586,0.1906786511253454,0.1900545170216235,0.3500148176653076,0.2406557529346188,0.7433693114975547,0.2296074055867963,0.2699027576116118,0.2255457728723982,0,1,1,0,0,0,0,0,1,0,0,1,0,3908.45429348725,0.0,22.6316409061066
620,kitchen_1146.png,67.634,0.09411,0.485,0.4839,0.1112,0.3064,0.1561,0.4272,0.348,-2.764,0.01295,1.302,3.639,kitchen,0.3318800318948295,0.253116071577666,0.2050883684041923,0.3631512601650435,0.2209477477515518,0.2407026179862137,0.202167407927127,0.1905868384445983,0.782133439427724,0.2825556293982566,0.2601298477951997,0.2088455294198845,0,1,1,0,0,0,0,0,0,0,0,0,1,4457.08708329052,1225.94722963541,10.1489347152446
621,kitchen_1150.png,79.956,0.04193,0.3373,0.6167,0.1783,0.3088,0.1781,0.3285,0.335,-2.534,0.007803,1.355,3.986,kitchen,0.3396430837861307,0.264534873095792,0.2350479571284501,0.3939967780816742,0.2153153876288078,0.2045791123346721,0.3509344678474286,0.2359558737787578,0.7496580216924535,0.283563069904984,0.3208267673316022,0.2186870620827015,0,0,1,0,0,0,0,0,0,0,0,0,1,4371.52919100379,530.101262860919,18.1229034375866
622,kitchen_1151.png,65.771,0.07843,0.2664,0.6997,0.1542,0.3159,0.09498,0.3131,0.3847,-2.612,0.01219,1.271,3.537,kitchen,0.3559617685589039,0.2653203219275987,0.2139102431298934,0.4500358014254417,0.2423261819467828,0.2465786862589148,0.3018424215403237,0.2170783074496517,0.722625342399298,0.3484180964846889,0.3679142216827083,0.2328609098441044,0,1,1,0,0,0,0,0,0,0,0,0,1,2789.82973152351,500.920378046118,13.2795084167542
623,kitchen_1161.png,89.33,0.02509,0.2589,0.5642,0.2463,0.272,0.2108,0.3377,0.3492,-2.582,0.00854,1.345,3.654,kitchen,0.3347329954574293,0.2557087124683625,0.2370035370996841,0.3818974099568113,0.2166287068456814,0.2281090291063298,0.3166045155797552,0.2055309005757895,0.757720669693131,0.2840952558018235,0.2885531172844552,0.220549347477949,0,1,1,0,0,0,0,0,0,0,0,0,1,4009.16038103031,652.7806932378,18.1308966427005
624,kitchen_1170.png,76.699,0.06381,0.3722,0.4866,0.07255,0.1296,0.2452,0.3724,0.334,-2.76,0.006152,1.192,3.911,kitchen,0.3033073784075278,0.259010118736461,0.2669647143729162,0.3569292974131636,0.2445967991694452,0.2302345693919283,0.4227511292353101,0.267111734732865,0.792190676578816,0.2416754966053698,0.2427943376828357,0.2301188265222786,0,1,1,0,0,0,0,0,0,0,1,1,0,2769.16618244929,1014.30899082347,5.89983749231456
625,kitchen_1179.png,73.612,0.01425,0.3496,0.6078,0.1051,0.2864,0.1637,0.3859,0.3389,-2.516,0.009476,1.311,3.61,kitchen,0.2950769647360029,0.2386934340871309,0.1972732003721496,0.3881290363899235,0.2108752832235791,0.2190121899720344,0.2731505830540133,0.2148595214382855,0.7348563990098143,0.2996574836252545,0.3183790465885796,0.2206582564311231,0,0,1,0,1,0,0,0,0,0,0,0,1,3386.13469650569,234.805354273619,22.0690959759038
626,kitchen_1183.png,77.125,0.06238,0.2984,0.7314,0.1313,0.3237,0.1485,0.3725,0.3799,-2.453,0.008152,1.312,3.986,kitchen,0.3077186307439335,0.2530514367720037,0.2759747015799243,0.3494360664050852,0.2220895682938189,0.2237346148518511,0.3033906651435315,0.2737576138000994,0.6936361630625295,0.3399719056554771,0.3401688612926029,0.2137176958054042,0,1,1,1,0,1,1,0,1,0,1,0,1,3399.79486392108,0.0,23.2335363256063
627,kitchen_1193.png,86.185,0.07223,0.1397,0.7153,0.01486,0.09716,0.1547,0.4175,0.3949,-2.516,0.008846,1.441,3.626,kitchen,0.2998835331699916,0.2518969012615518,0.2026355968064113,0.3953907286248084,0.2066018719806998,0.2280874958471359,0.331180884587518,0.2207980048915205,0.7722219200541037,0.2741707214972302,0.2697892887677152,0.2180711400031371,0,1,1,0,0,0,0,0,0,0,0,0,1,3325.11145387994,349.709682745844,16.2459284139221
628,kitchen_1210.png,103.234,0.0605,0.1463,0.5411,0.1607,0.1386,0.2371,0.3418,0.3738,-2.771,0.009173,1.318,3.544,kitchen,0.3336046136109059,0.2603507853821282,0.2337467463801309,0.362466677347285,0.2066622476917754,0.2138395692163475,0.3183944103345481,0.2276496865513934,0.7826005470978505,0.2677767541006337,0.2565431229684863,0.2242308134934959,0,1,1,0,0,0,1,0,1,0,0,0,1,3713.69921568414,190.726666900585,21.2917057382687
629,kitchen_1219.png,98.754,0.03951,0.2646,0.6354,0.1237,0.2584,0.1543,0.3851,0.4099,-2.368,0.01158,1.454,3.84,kitchen,0.3454325437472679,0.2620736080866538,0.224486736455028,0.3457861127430779,0.2519757181181308,0.2673868376450941,0.2917744701205644,0.2309249911453588,0.688640158959002,0.2419275609725256,0.3046734929892163,0.2315263454341813,0,1,1,1,1,1,0,0,0,0,0,0,1,3693.50216210503,279.806396632554,31.0921589005524
630,kitchen_1240.png,130.273,0.06399,0.2762,0.6915,0.1905,0.2499,0.248,0.3417,0.4524,-2.628,0.006846,1.463,4.001,kitchen,0.3210321640772188,0.2572363844916284,0.2064393063921258,0.3823822409963859,0.1922951306499509,0.1880657026207494,0.3407849337212937,0.2208552832860226,0.7446508011800607,0.2682236275880305,0.2985396479735289,0.2217413009591479,0,1,1,0,0,0,0,0,0,0,1,1,1,3854.98746371813,205.345780530899,16.0813961121335
631,kitchen_1245.png,87.006,0.1258,0.2163,0.6097,0.146,0.1752,0.194,0.3447,0.3948,-2.666,0.009145,1.261,3.818,kitchen,0.2928521366362661,0.2509576456376722,0.2298070287322777,0.3779447501154225,0.2161144309109226,0.2270868669838134,0.3385554550083423,0.2482755033429275,0.7544863906596697,0.2331951971188787,0.266310684798397,0.1981502910364292,0,0,1,0,0,0,0,0,1,0,0,0,1,3757.2449453541,215.161421333438,5.26644470173493
632,kitchen_1247.png,109.408,0.003842,0.3418,0.5145,0.1674,0.2424,0.2037,0.445,0.467,-2.534,0.01967,1.376,3.983,kitchen,0.26955907961106,0.2380000771720947,0.1991826941324195,0.4121729414279628,0.1913317199550993,0.2056744154953495,0.3039815398046568,0.2260117887441313,0.7082858348319797,0.2619607396956734,0.3121599205953975,0.2170100704403865,0,1,1,0,0,0,0,0,0,0,0,0,0,3837.81490198234,180.922598775175,16.1252198608013
633,kitchen_1248.png,123.954,0.1306,0.215,0.7302,0.1257,0.2185,0.2067,0.3986,0.3979,-2.331,0.01307,1.61,3.801,kitchen,0.2643225636232914,0.2651622107454892,0.2196386389299569,0.3831859399582649,0.2220446964491624,0.2184511205454976,0.3380934982728902,0.2585027055527841,0.7108075576912363,0.2286204069548068,0.2686658264684801,0.2415325301808605,0,1,1,0,0,0,0,0,0,0,0,0,0,2706.50930198941,321.391087834313,26.5967978623255
634,kitchen_1250.png,71.354,0.07742,0.3942,0.6333,0.06232,0.3226,0.1493,0.3642,0.4205,-2.559,0.006116,1.311,3.906,kitchen,0.363568931417701,0.2723300771421187,0.2469671854269755,0.4013074563108227,0.2105750783320861,0.2307374777405081,0.357583670188462,0.2338818804332385,0.8385470875182015,0.285543250191387,0.2609228862530588,0.2138470184273178,0,1,1,0,1,0,0,0,1,0,0,0,1,3974.89407848995,407.316692970365,26.5144065226183
635,kitchen_1262.png,86.392,0.01992,0.1808,0.5517,0.1704,0.1714,0.2285,0.4041,0.4016,-2.803,0.009259,1.215,3.566,kitchen,0.3262358545633494,0.2482377879311567,0.2403560079036707,0.3741410198819381,0.2265556056035116,0.2415146849654311,0.3259513792030641,0.2682909175736554,0.7618102320349812,0.2742261382421498,0.2813387425863719,0.2165156263556386,0,0,1,0,0,0,1,0,0,0,0,0,0,2886.59932776518,743.155370475161,33.0917768673129
636,kitchen_1275.png,95.798,0.08024,0.3664,0.5253,0.03655,0.2748,0.2428,0.3798,0.4027,-2.706,0.008342,1.317,4.232,kitchen,0.3895408828983979,0.2744947537827346,0.3048646844020176,0.3439772869318985,0.2185485388413522,0.2146841572287222,0.2579201614114825,0.2386702290591406,0.7771039815326592,0.2637998469439918,0.2412992165330799,0.2486395616438307,0,1,1,1,0,1,1,0,0,0,0,0,0,2899.09065369317,0.0,11.7727675049445
637,kitchen_1283.png,89.848,0.01096,0.4446,0.6121,0.1867,0.3786,0.1757,0.3565,0.3499,-2.469,0.01144,1.389,3.659,kitchen,0.3117642384155603,0.2536497804993466,0.2146916099181391,0.3969445708716875,0.1994564188119917,0.2270339665156591,0.2909933917172337,0.2049706264689898,0.7719828828964831,0.3197273707033619,0.2967995354793086,0.1991339575525608,0,1,1,0,0,0,0,0,0,0,0,0,1,3400.5727875601,198.881260726603,14.7027194483525
638,kitchen_1288.png,126.855,0.1608,0.4365,0.5683,0.2193,0.3527,0.1962,0.4031,0.4071,-2.631,0.005574,1.402,3.831,kitchen,0.2931494568442636,0.2457885001695219,0.1997378075648883,0.3932555214601378,0.1893213799561639,0.2017125004519407,0.2976423844256544,0.219010289912976,0.7134758590034828,0.3049415508431827,0.3297856097563126,0.2097518868269729,0,1,1,0,0,0,0,0,0,0,0,0,1,3668.19011972232,358.842698457894,18.5208555831844
639,kitchen_1290.png,102.912,0.03631,0.4829,0.6576,0.2158,0.3485,0.1854,0.4649,0.4132,-2.523,0.01057,1.478,3.769,kitchen,0.2767656052794596,0.2591080361042071,0.2397546319373176,0.3581406596237639,0.2213520974407117,0.2471146600266965,0.3446508886831598,0.2620740689370153,0.7160098744618119,0.2730359647632811,0.2957858698927877,0.2363006658516556,0,1,1,0,0,1,1,1,0,0,0,0,1,3364.62532830036,0.0,17.1384259430418
640,kitchen_1304.png,70.009,0.04625,0.1157,0.766,0.1093,0.148,0.1608,0.4452,0.3987,-2.653,0.005337,1.434,3.876,kitchen,0.366793000418932,0.2778419144484498,0.2283105770714811,0.391408390291368,0.2580562192766412,0.2384441418348417,0.261906003602938,0.224530803471933,0.688604374940601,0.3289462374638021,0.3511997270559796,0.2644379354048475,0,1,1,0,1,0,0,0,0,0,0,0,1,3225.73538705976,275.892159714796,43.861174063507
641,kitchen_1305.png,89.408,0.04159,0.3833,0.5108,0.1178,0.3121,0.2038,0.3634,0.3868,-2.777,0.00959,1.257,3.763,kitchen,0.3718459376569076,0.2551180935891112,0.2807821256812099,0.3615935597407523,0.2101457266795853,0.2167848734896177,0.2759171592688001,0.2293910698468567,0.7270003982448227,0.2791318635530287,0.3108756258602878,0.2065334878451221,0,1,1,1,1,1,1,0,1,0,1,0,1,4074.09751744549,1085.50995235626,27.9626691508296
642,kitchen_1315.png,71.011,0.07389,0.3156,0.6711,0.0665,0.2848,0.178,0.3336,0.3436,-2.597,0.01505,1.25,3.929,kitchen,0.3490523973827573,0.2717470244102543,0.2465579792143876,0.4097351716216176,0.219113096136636,0.2378996287557762,0.3631991856575249,0.2473428600823835,0.785516671767217,0.2885981251033147,0.285221142580737,0.2280247152995919,0,0,1,0,0,0,0,0,1,0,0,0,1,3926.37826330603,277.153104621742,15.9010406653687
643,kitchen_1319.png,81.299,0.05834,0.136,0.6488,0.09131,0.1405,0.2047,0.3298,0.3394,-2.684,0.009554,1.246,3.784,kitchen,0.3580552946745702,0.2562872379488598,0.2171421346666839,0.3973562569275442,0.2236900243166794,0.2257182174106075,0.3196203788498032,0.2337297840929288,0.7554635113667055,0.2861780917758005,0.295777278640089,0.2061279543370658,0,1,1,0,0,0,0,0,0,0,1,0,1,3666.99985327279,552.022601347346,6.14142988703662
644,kitchen_1320.png,99.721,0.0666,0.09423,0.668,0.05048,0.1229,0.2313,0.3352,0.3238,-2.681,0.005502,1.319,4.267,kitchen,0.3305750094575521,0.2472211390365715,0.2519211161361565,0.3735418016710718,0.2160154483275042,0.2156717623942328,0.3822360738053975,0.2553083522714715,0.7896556287865374,0.2482585084751803,0.2360977571219837,0.2408917245594636,0,1,1,0,0,0,0,0,0,0,0,0,0,3156.27880217944,198.318801544847,21.1113739123224
645,kitchen_1331.png,96.842,0.01298,0.3314,0.6391,0.1999,0.3357,0.1839,0.3465,0.3748,-2.572,0.01037,1.405,4.099,kitchen,0.3089860373889384,0.2473063553894467,0.2400017520323938,0.3398485558106959,0.200918309038632,0.2115171382079337,0.3028391750303721,0.2712020565277828,0.7327464104896392,0.2559402302882557,0.2876576054336519,0.2391929601594338,0,1,1,0,0,0,0,0,1,0,0,0,1,4270.18066780883,0.0,11.5645622393191
646,kitchen_1339.png,81.789,0.0499,0.3682,0.6224,0.1855,0.34,0.1661,0.3568,0.3679,-2.687,0.004729,1.413,4.255,kitchen,0.4530131731983599,0.2910263987803485,0.3575047858501801,0.3721878390441587,0.2615527089558266,0.2621842039930586,0.3043051720070765,0.239822530443626,0.7957440327289179,0.2765293520550134,0.2617773381448111,0.2492441738363715,0,1,1,1,1,1,1,0,1,0,0,0,1,3222.76058107914,181.812072101069,23.7046703491158
647,kitchen_1357.png,80.188,0.09303,0.3539,0.4113,0.1083,0.2464,0.1846,0.3952,0.4327,-2.708,0.007924,1.338,3.783,kitchen,0.2914255636777528,0.26584533753117,0.2373767625975388,0.3487611386854375,0.2231438653776374,0.2190350539009024,0.3542406066832234,0.2810304223993742,0.8059186701770531,0.2364835539701939,0.231761544494034,0.2177791456939873,0,1,1,0,0,0,0,0,1,0,1,0,1,3429.32554803115,480.137369386489,7.32581895992575
648,kitchen_1361.png,80.367,0.967,0.2746,0.5834,0.1944,0.1863,0.218,0.3989,0.4088,-2.737,0.006189,1.527,3.715,kitchen,0.3016352607310036,0.2640797353481846,0.2319011749676027,0.3844765506725225,0.2207122788931229,0.2391001363935202,0.2987058647458327,0.2277612675220136,0.6792513622780547,0.3067299444583752,0.3628312589750725,0.2164893361752681,0,1,1,0,1,0,0,0,1,0,0,0,1,2826.1887910257,0.0,16.9991866294376
649,kitchen_1364.png,58.1,0.06102,0.252,0.7331,0.1078,0.2378,0.194,0.3504,0.3421,-2.971,0.009081,1.168,3.374,kitchen,0.3160378167837888,0.2487453712332663,0.1921806681192952,0.3317108512704775,0.2126012383124553,0.2305006654363053,0.2893249785189251,0.2323220841981884,0.766298082626213,0.2659789108433341,0.254227270823454,0.2311384652335532,0,0,1,0,1,0,0,0,0,0,0,0,1,2913.16091065488,404.539258327157,7.60842505026941
650,kitchen_1369.png,79.635,0.06148,0.2961,0.7372,0.03747,0.2686,0.1049,0.4463,0.4228,-2.526,0.0133,1.464,4.289,kitchen,0.4936317933244527,0.2647343483471492,0.3802467453992805,0.3058760654156423,0.2395447519313411,0.2650515739019553,0.2787305779365151,0.2133709223373563,0.8180454702841438,0.2816287794579682,0.205271606290773,0.2368109432894702,0,1,1,1,1,1,0,0,1,0,0,0,1,3096.89617161387,489.352683864314,26.7743334474221
651,kitchen_1372.png,102.315,0.02523,0.2214,0.6658,0.2311,0.1459,0.217,0.3559,0.4354,-2.595,0.01199,1.434,3.709,kitchen,0.3131603801059051,0.2536978280799508,0.2114402959670036,0.3775720309721992,0.2077043550060845,0.2108927935124661,0.3304990719934304,0.2332744911827081,0.7067783028404774,0.2591141484703652,0.2989157211832428,0.2544974685629979,0,1,1,0,0,0,0,0,0,0,0,0,1,3794.94086728664,213.697737822439,8.34370249399077
652,kitchen_1373.png,80.446,0.08863,0.06868,0.8053,0.1519,0.1258,0.1454,0.3881,0.3904,-2.576,0.01507,1.392,4.076,kitchen,0.3977324583719442,0.2746310207789454,0.3025130690988811,0.3445666382166683,0.2911957310090731,0.2833712862265762,0.3547529761870061,0.2925060081959035,0.6205356941743795,0.244997089740923,0.310603167729767,0.310280289199827,0,1,1,1,1,1,1,0,1,0,1,0,1,3004.52841919783,618.270229176125,24.8052235814103
653,kitchen_1377.png,108.321,0.03308,0.1676,0.6721,0.1235,0.2079,0.1814,0.4156,0.4137,-2.492,0.01078,1.416,4.096,kitchen,0.3302063926420778,0.2542199599024626,0.2431811961498009,0.3495430021945714,0.2283191305779225,0.2354620735132236,0.3517031626134744,0.2695832979080449,0.704477159064675,0.240055137090783,0.2975205684340116,0.2425959375609689,0,1,1,0,0,0,1,0,1,0,1,1,1,3199.36260645668,737.783231303324,30.8625550024814
654,kitchen_1378.png,74.396,0.9418,0.3371,0.6503,0.2209,0.2912,0.2045,0.3806,0.3385,-2.741,0.007635,1.321,4.032,kitchen,0.3693879736364862,0.2795596342569276,0.2323475840459393,0.4021401266975238,0.243071974875119,0.2587456613206393,0.3025871463786955,0.1937436341080357,0.7696153791036728,0.3231761106238738,0.3256567019175186,0.2112823971290165,0,1,1,0,1,1,1,0,0,0,0,0,1,3679.55705896722,411.874679551394,16.7535805850999
655,kitchen_1379.png,90.673,0.8288,0.2903,0.7518,0.3118,0.2302,0.1848,0.4198,0.4312,-2.642,0.009453,1.36,4.044,kitchen,0.3403252031368003,0.2594737324715626,0.2494601525065949,0.335687772526363,0.2235079221651736,0.2614835908275957,0.3053478329496962,0.2485990004560639,0.6963653035955366,0.3170042765734328,0.3062583946921939,0.2594563318326491,0,1,1,1,1,1,0,1,0,1,0,0,1,3728.83110447957,531.855425199509,16.2103561066381
656,kitchen_1380.png,70.025,0.1211,0.1687,0.4364,0.1658,0.1384,0.2331,0.3738,0.3769,-2.702,0.00823,1.235,3.988,kitchen,0.4293854934619805,0.2745731508821386,0.3114806032625081,0.3552763454565614,0.2307487311347444,0.2365565949043722,0.3486769154560081,0.2447458777181895,0.7790562382051434,0.2711534066282513,0.2276621134357458,0.2574860877450491,0,0,1,1,0,1,0,0,1,0,1,0,1,4626.33905153368,961.589290177242,28.5343745462795
657,kitchen_1392.png,81.383,0.06942,0.3703,0.7196,0.05236,0.2825,0.1285,0.4595,0.4132,-2.468,0.006985,1.469,4.016,kitchen,0.3849921006868797,0.2947104099796035,0.2848515641760732,0.3601205824044846,0.2613040041152149,0.2497016083872607,0.3287913117977489,0.2780086295877073,0.7428857906986949,0.2810058709406097,0.3000486484787078,0.2426077526395635,0,1,1,0,0,1,1,0,1,0,0,0,1,2802.78781424635,0.0,13.6113355076883
658,kitchen_1401.png,96.531,0.8524,0.2485,0.6108,0.2312,0.2456,0.1722,0.3921,0.3746,-2.692,0.02059,1.377,3.925,kitchen,0.2986739612032863,0.24967792042838,0.1859946797865002,0.4459882403642165,0.1954737677645931,0.2049807402968999,0.3062985605116476,0.2130070462791108,0.7524340872237909,0.2681463843104659,0.2838554069564048,0.2199934021953843,0,0,1,0,0,0,0,0,0,0,0,0,1,3211.8936250549,630.012310815237,8.2318887508828
659,kitchen_1402.png,117.692,0.1028,0.31,0.5905,0.1774,0.2577,0.1917,0.4207,0.4269,-2.451,0.00853,1.504,4.016,kitchen,0.4071446509592445,0.269450393654839,0.3219649687097767,0.3414135957054878,0.2154566189014793,0.219171303128984,0.2914847038783475,0.2278822979037416,0.7318755306950507,0.2541181759012718,0.2636167363812525,0.2425412873533038,0,1,1,1,0,1,1,1,1,0,0,0,1,3154.31854554826,161.302326104885,25.1923571940253
660,kitchen_1405.png,82.913,0.0809,0.1153,0.6683,0.1119,0.09403,0.2063,0.3693,0.4568,-2.478,0.0116,1.384,3.812,kitchen,0.3127810906333773,0.2528402552190156,0.2231595727903772,0.3640844756464623,0.206646993881841,0.2102979722546777,0.2938531743528184,0.2462512280243817,0.8024091893337232,0.2435517390125012,0.2204655484039891,0.2399379889356125,0,1,1,0,0,0,0,0,0,0,0,0,1,4003.5182052571,337.580676298719,27.5210625968832
661,kitchen_1406.png,91.708,0.9531,0.1235,0.7633,0.1893,0.1268,0.2081,0.4475,0.4859,-2.391,0.01799,1.551,3.596,kitchen,0.3450992208345655,0.2529524328791094,0.2121092273862425,0.3461650294163026,0.2347792431828288,0.2303221648060167,0.2603343410454381,0.2491219112725547,0.6568514178686654,0.2594407413616316,0.3265475698184081,0.2675426617740988,0,1,1,0,0,0,0,0,0,0,0,0,1,2631.32015334188,580.245428835483,20.945066129128
662,kitchen_1410.png,88.179,0.09819,0.369,0.671,0.03321,0.2982,0.1849,0.3874,0.4331,-2.649,0.003053,1.345,3.934,kitchen,0.3219857692223019,0.2560470018547214,0.2526741482961295,0.368682643617318,0.2162890318197291,0.2109086367938399,0.3102952078767843,0.2774142659252398,0.7464420169054763,0.2748671492852806,0.3015065201953187,0.2366245074466937,0,1,1,1,0,1,0,1,1,0,0,0,1,3346.441327067,312.2907713606,24.4508822864112
663,kitchen_1412.png,119.636,0.06971,0.1732,0.6642,0.08527,0.19,0.1765,0.4439,0.4461,-2.51,0.01775,1.494,3.782,kitchen,0.3797321625898453,0.2604992884379381,0.2440616421393393,0.3427702367455078,0.2308094177802751,0.2431681949108754,0.3356624454968133,0.2477009616262223,0.7478648457879503,0.2589241437542279,0.2650439420225852,0.2296802597018796,0,1,1,0,1,0,1,0,1,0,1,0,1,4463.09295242005,417.124739887448,10.5041700873276
664,kitchen_1421.png,119.849,0.1098,0.2202,0.6763,0.1277,0.262,0.1378,0.4601,0.4194,-2.571,0.006629,1.504,4.166,kitchen,0.3936570415183218,0.2615259255824907,0.3112523711153387,0.3265962860392888,0.2455723157565496,0.2490825381576744,0.3490174858597594,0.284284817814308,0.7294499756653634,0.2838675109369192,0.2482750122826216,0.2716489047422811,0,0,1,1,0,1,0,0,0,0,0,0,1,2154.43563266023,1395.51085308405,10.6629523092944
665,kitchen_1434.png,115.38,0.07602,0.2403,0.7573,0.0423,0.2512,0.1926,0.3623,0.4156,-2.623,0.01254,1.375,3.799,kitchen,0.3984148924372114,0.2667841656688638,0.2731096263935281,0.3552569588062187,0.2506808232804197,0.2860419386151278,0.2628797670837325,0.2319969922253981,0.7506882511118956,0.2962778498257765,0.2712652593338975,0.2509477704666372,0,1,1,1,1,0,1,0,1,0,0,0,1,3533.2154731052,0.0,3.60538466805161
666,kitchen_1441.png,67.015,0.1069,0.1206,0.6185,0.04466,0.1352,0.1877,0.2912,0.3284,-2.69,0.01628,1.342,3.94,kitchen,0.3097883699002672,0.2489358822387757,0.2179255357995004,0.3536614574034931,0.2052783230567464,0.2220326617338538,0.3884784367030902,0.2268985396859371,0.7858821931410075,0.2762639106529839,0.2466743452514237,0.225113676615268,0,0,1,1,1,1,0,0,1,0,0,1,1,3167.14946356074,680.795969004498,12.7163077774825
667,kitchen_1450.png,73.023,0.02766,0.2964,0.6494,0.1775,0.2894,0.1542,0.3653,0.3348,-2.667,0.006726,1.461,4.146,kitchen,0.3662580146820718,0.2619017557878977,0.2580170748919087,0.3768642464423484,0.235383768030376,0.2288923829880455,0.2980908248599158,0.2541578952084575,0.743685250720603,0.3095200276977606,0.3246260200327201,0.2261533001038871,0,1,1,1,1,1,0,0,0,0,0,0,1,2698.77226031865,685.581478389948,18.7883424970474
668,kitchen_1455.png,72.136,0.05545,0.169,0.5981,0.05289,0.2279,0.121,0.3861,0.3765,-2.348,0.005291,1.588,4.194,kitchen,0.339759487238517,0.2560371667861313,0.2097878904576455,0.3237514580691261,0.2148550018965191,0.225723708819687,0.2436311702805573,0.1989998717883119,0.7121720915935519,0.3198457842579001,0.3192702506813185,0.2316917872867078,0,0,1,0,0,0,0,0,1,0,0,0,1,4046.06911084835,1048.0331224408,14.8116255948206
669,kitchen_1457.png,62.188,0.03728,0.2482,0.5745,0.1784,0.1831,0.1774,0.3362,0.3414,-2.822,0.01232,1.293,3.566,kitchen,0.3883067414197529,0.2842800489792811,0.267108706676631,0.4052120342463887,0.2494504865412466,0.2427570591255346,0.3327864091685397,0.2435246235396935,0.8075677830700692,0.2835728901343128,0.2543501520754677,0.2390451107483149,0,0,1,0,0,0,0,0,0,0,0,0,1,5090.72678184731,391.602741710292,19.835579215833
670,kitchen_1472.png,116.443,0.127,0.139,0.6045,0.09617,0.1164,0.2275,0.4325,0.3896,-2.869,0.005446,1.343,3.45,kitchen,0.2931754326983846,0.2666758516538108,0.2214383572975061,0.4129329849987037,0.2303633005222193,0.2382614843269128,0.3214448380383743,0.2504009694794256,0.7130279777552945,0.2637033779501235,0.3004896416051906,0.2331450968261709,0,0,1,0,0,0,0,0,0,0,1,0,1,3153.57002156021,462.839032076261,9.85957897957285
671,kitchen_1484.png,97.71,0.08599,0.2851,0.6195,0.03928,0.1989,0.1774,0.3746,0.385,-2.664,0.009976,1.369,3.981,kitchen,0.3046720568440694,0.2560286103914553,0.2480057948596622,0.3930500076176143,0.2204905282830958,0.223709293204133,0.3450290535933165,0.2671131034552863,0.7453569188184449,0.2815524639130488,0.2949152442933648,0.2360234962738656,0,0,1,0,1,0,1,0,0,0,0,0,1,3515.78988210454,301.020748424466,28.6519772853835
672,kitchen_1491.png,107.06,0.07128,0.7057,0.6788,0.04758,0.2616,0.2028,0.4217,0.3804,-2.718,0.0132,1.402,3.723,kitchen,0.3748748006269568,0.2483546629542733,0.246636039525039,0.3972674896077421,0.2050862070548522,0.1918081139492179,0.2980686517780212,0.18823772975555,0.8219814938080793,0.2496609823491664,0.2397451043626173,0.1933693365626576,0,1,1,1,0,1,0,0,1,0,0,0,0,3442.02408204272,758.413294100968,4.43013916025977
673,kitchen_1495.png,93.914,0.07726,0.2534,0.5144,0.05809,0.1511,0.2669,0.3482,0.34,-2.97,0.009354,1.25,3.783,kitchen,0.4014737116511693,0.2716972402970271,0.2808935102695279,0.3369981071448667,0.2461771849548817,0.2242765111040026,0.4614404093893374,0.3037600441284444,0.820783618354438,0.2193085518753623,0.2024168321786451,0.2200497836220829,0,0,1,0,1,0,0,0,0,0,0,0,0,2951.46169199273,727.369321875288,12.8867640676963
674,kitchen_1497.png,65.982,0.1278,0.1738,0.5392,0.1976,0.1555,0.1871,0.2914,0.2696,-2.805,0.01035,1.261,3.58,kitchen,0.3592231170404106,0.2583314092061359,0.2327058991527046,0.4082662848244253,0.2582275246562151,0.250865982586561,0.3891798812743092,0.2778768387297181,0.7462562745116388,0.2539675110981419,0.2700533898470734,0.2449166317432353,0,1,1,0,0,0,0,0,0,0,0,0,0,2938.91287101192,321.837548487412,19.0163081849386
675,kitchen_1501.png,72.071,0.1234,0.5611,0.4427,0.1165,0.3002,0.1922,0.3694,0.3776,-2.715,0.01698,1.288,3.51,kitchen,0.3522776186170457,0.2520247338063554,0.1876757703818816,0.3967755801262707,0.2250854183789137,0.2237461870645175,0.3299235919509688,0.2253276984743228,0.8069879865877719,0.2366431964104543,0.2312145407095703,0.2053284302595177,0,1,1,0,0,0,0,0,0,0,0,0,0,4552.98999578354,485.882026091809,8.58233832624168
676,kitchen_1502.png,93.819,0.1144,0.2592,0.4998,0.08839,0.1543,0.2376,0.386,0.3575,-2.761,0.006494,1.306,3.945,kitchen,0.2945215670602817,0.2675080125132918,0.2546481754188379,0.3270202219234884,0.2490078640428505,0.2393541883082875,0.3883172882156455,0.3153418156289326,0.7285434322913494,0.281764429921601,0.2987234426802053,0.2056707016661102,0,1,1,0,0,0,0,0,0,0,0,0,0,3147.16428826669,286.469034871254,20.4450060847828
677,kitchen_1531.png,97.917,0.1531,0.2903,0.707,0.1691,0.2579,0.2336,0.3589,0.3732,-2.835,0.02167,1.274,3.669,kitchen,0.3656909082611979,0.2483895263966147,0.252096577068651,0.3242871939124657,0.2146203250284846,0.2185597059398499,0.2704469533668615,0.2348535243718629,0.7592063874245546,0.2574037758365228,0.2264497893203577,0.23037446360989,0,1,1,0,0,0,1,0,0,0,1,0,1,3814.68597994628,964.485263126251,5.34627348206677
678,kitchen_1538.png,105.585,0.07078,0.3874,0.6197,0.0592,0.1942,0.2594,0.3816,0.3416,-2.818,0.01039,1.289,4.005,kitchen,0.3747238675607968,0.2579556085720161,0.2666832248440001,0.3248521797811449,0.2359907020050688,0.2293472448599228,0.2970385248535838,0.2294082949300994,0.7468921030375604,0.2243738675493741,0.2716173050832121,0.2457321724577388,0,0,1,1,0,0,1,0,0,0,1,0,1,3183.6772625245,653.997453270939,17.6317661692499
679,kitchen_1545.png,72.08,0.07975,0.2296,0.5554,0.1927,0.1824,0.1506,0.3788,0.3493,-2.601,0.01542,1.34,3.865,kitchen,0.3154066291599939,0.2557904463713964,0.2489197614720934,0.3558286220369163,0.2239317396233023,0.2258606397824868,0.2980405731338619,0.2453085286588974,0.7315572523636019,0.2683198363100902,0.2718061518641165,0.2488739045807247,0,0,1,0,0,0,1,0,0,0,0,0,1,4466.59244910606,312.814289793087,23.4863455203508
680,kitchen_1551.png,60.864,0.09071,0.3778,0.2754,0.1461,0.2911,0.2044,0.2479,0.3129,-2.821,0.02519,1.041,3.702,kitchen,0.3519039362798878,0.2639917530190672,0.2449106880565505,0.3253894753876623,0.2293605045991933,0.228914701064983,0.3514021919445276,0.1885752545051393,0.849213405427783,0.2197325071168997,0.1790753559465628,0.2102438669812715,0,1,1,0,0,0,0,0,0,0,0,0,0,4437.25123705106,271.361967760328,10.0285548433392
681,kitchen_1559.png,75.547,0.1438,0.06193,0.4698,0.1215,0.05855,0.2733,0.3498,0.3351,-2.76,0.005842,1.255,3.646,kitchen,0.303007788308159,0.2676869478049932,0.2242780383624934,0.4252405019954068,0.2357444791399246,0.236668230079061,0.3695322538055698,0.2274437362127806,0.7618145196159484,0.2840049054815398,0.2929085335054345,0.232442185496563,0,1,1,0,0,0,0,0,0,0,0,0,0,3703.91180026231,0.0,2.72904298485255
682,kitchen_1569.png,75.013,0.09644,0.1975,0.5207,0.1893,0.1545,0.2408,0.356,0.3031,-2.765,0.008304,1.232,3.967,kitchen,0.3852499852431254,0.2597623322110431,0.2654125884082417,0.361133077684345,0.219176354278821,0.2044485687195733,0.3610025199234845,0.225837735199893,0.7877785667313771,0.2504189326439491,0.2376822682379805,0.2212442413356326,0,1,1,1,0,1,0,0,0,0,0,0,0,3573.26856100536,241.432199584751,9.09794377603156
683,kitchen_1579.png,84.767,0.06087,0.6214,0.6145,0.07497,0.2265,0.2077,0.3456,0.3868,-2.805,0.01453,1.332,3.782,kitchen,0.4212881236314751,0.299814818083053,0.3558748014463622,0.3446494993612137,0.2475056898320945,0.2482319045356995,0.3057400167049554,0.2567835461216732,0.7966569090235809,0.3387427686617303,0.2770086499349374,0.2234135840455525,0,1,1,0,0,1,1,0,1,0,1,1,1,3504.99905550109,427.363688527483,17.7958594306691
684,kitchen_1585.png,81.772,0.1263,0.2528,0.5569,0.2391,0.2031,0.2091,0.3723,0.3787,-2.763,0.01245,1.365,4.143,kitchen,0.3247709309816913,0.2624666423116155,0.22887477955326,0.3842772665504074,0.2304458298021443,0.2281567367525862,0.3455399868609066,0.2641914698162562,0.7660527452630338,0.2822805829092654,0.271120740821039,0.219240533130916,0,1,1,0,0,0,0,0,1,0,1,0,1,2888.21711957896,191.239015973296,21.7380109282456
685,kitchen_1591.png,59.542,0.04867,0.2108,0.3079,0.2027,0.1734,0.2156,0.33,0.2914,-3.014,0.006418,1.206,3.593,kitchen,0.4508966213514286,0.2991866037004335,0.4042208678083082,0.3307275078498646,0.2623140970048654,0.2436880992854078,0.335104886860266,0.2310002533932879,0.7815820345888729,0.3185634560060038,0.2579802056043153,0.2402691028418085,0,1,0,0,0,1,0,0,1,0,0,0,0,3030.73452337368,524.31947653952,27.1061346543267
686,kitchen_1592.png,77.936,0.09685,0.2152,0.566,0.1141,0.2198,0.2258,0.3723,0.399,-2.679,0.02087,1.39,3.674,kitchen,0.3370460545896203,0.2457681345811166,0.2160545243409949,0.336895703521647,0.2009460140654843,0.2004893679657159,0.3076821481643453,0.2144941474386656,0.7877463560008136,0.2448116023424609,0.22868468184449,0.2125819528864996,0,1,1,0,0,0,0,0,0,0,0,0,1,3960.39547600199,307.031055953472,25.1356134762342
687,kitchen_1607.png,92.617,0.06812,0.3152,0.6556,0.1039,0.3387,0.2177,0.4445,0.3753,-2.705,0.01051,1.279,4.132,kitchen,0.3845815390702498,0.2831581615424069,0.3309369149801998,0.3216168634121734,0.2507820407540552,0.2534770726740898,0.3319531101046635,0.2707249328358918,0.7714469725316986,0.2776896382288324,0.2528199999039097,0.2448528987160273,0,1,1,0,1,1,1,0,0,0,1,1,1,2399.25472948918,679.130441578269,24.3554835235194
688,kitchen_1610.png,63.418,0.06084,0.3732,0.5585,0.1092,0.2005,0.1961,0.3752,0.3755,-2.818,0.0132,1.29,3.965,kitchen,0.3619608346030963,0.2695009671426296,0.2510147860239963,0.3453608441911648,0.2286599507081713,0.2188016492348927,0.3703166811397858,0.2331565223871724,0.8032561902259786,0.2674331018987369,0.2236842030698455,0.2288537545112299,0,1,1,0,1,0,0,0,0,0,0,1,0,4422.54396848288,1088.85519065588,5.69681288175903
689,kitchen_1612.png,72.285,0.1067,0.4635,0.4556,0.0336,0.137,0.1932,0.3316,0.327,-2.749,0.01948,1.39,4.226,kitchen,0.3039551618586602,0.2457918026689502,0.2259395735502047,0.3420289063622223,0.227960309202218,0.215353008246798,0.3736436695258734,0.2315675195865141,0.8153866786096902,0.2114999421079344,0.2166439390795466,0.2138131528967619,0,0,1,0,0,1,0,0,1,0,0,1,0,3402.00452262376,556.492202051595,16.0309795840244
690,kitchen_1613.png,71.445,0.07213,0.2966,0.5684,0.1924,0.2704,0.1595,0.3194,0.2373,-2.818,0.02125,1.337,3.468,kitchen,0.3207612328118652,0.2730033019717915,0.2369217892378492,0.349303424165526,0.2618286591436349,0.2706211802296404,0.3821176964485366,0.291307740485769,0.7712822728738957,0.2422998576130657,0.2354516283488305,0.2129273918475035,0,1,1,0,0,0,0,0,0,0,0,0,0,3193.4049684911,0.0,12.8632993390225
691,kitchen_1617.png,79.142,0.09413,0.3368,0.5526,0.1185,0.2903,0.254,0.3158,0.3118,-2.91,0.004339,1.193,3.762,kitchen,0.3797143516682127,0.2659434799023109,0.1982050984151616,0.3724244439811205,0.2272526093439546,0.2107176352202367,0.3336180863334244,0.1946470981515061,0.726740446453903,0.2656079479487247,0.3184685700695256,0.2414217976769369,0,1,1,0,0,0,0,0,0,0,0,0,1,2528.2267778164,455.008688044583,19.5378216232257
692,kitchen_1624.png,68.709,0.08348,0.2201,0.7442,0.08848,0.1964,0.2133,0.3021,0.3826,-2.704,0.006056,1.35,3.771,kitchen,0.2989761511631771,0.2376442449856862,0.1812640285402592,0.333939402148358,0.2136909577040627,0.2321309025205035,0.2780643049506476,0.214672119328514,0.7085324590589541,0.2783791812756968,0.2816909566933561,0.2510101530265632,0,1,1,0,0,0,0,0,0,0,0,0,1,3650.49100862689,0.0,42.9951764396067
693,kitchen_1625.png,73.01,0.09291,0.319,0.5401,0.1134,0.2325,0.1857,0.4049,0.3758,-2.71,0.008758,1.294,4.154,kitchen,0.3700795956964951,0.2640538743971181,0.2755237287691623,0.3716323468919525,0.2267243986610786,0.2367321718342689,0.3280197549459457,0.2383863355484024,0.7886365911116326,0.2428859364641112,0.215877188271679,0.2301995876750308,0,1,1,1,1,1,0,0,0,0,0,0,1,3527.96459489403,184.351742298153,13.194009323585
694,kitchen_1627.png,96.008,0.06737,0.5799,0.5077,0.05409,0.3347,0.2506,0.3746,0.3855,-2.746,0.01515,1.294,3.631,kitchen,0.4616016853485593,0.2620956868155044,0.3075547598405623,0.3488121077629857,0.2059596121685439,0.200240033710244,0.2602562014991132,0.1691361011007064,0.8231734101073482,0.2464973649445725,0.2352792733909962,0.197840880444589,0,1,1,1,0,1,0,0,1,0,0,0,1,3124.52500805446,590.152268146686,17.8397918160346
695,kitchen_1651.png,107.241,0.105,0.4461,0.3406,0.1219,0.249,0.2467,0.3464,0.5223,-2.719,0.006388,1.356,4.243,kitchen,0.3005056713111844,0.2735813408721411,0.3001302772843159,0.3209049164602614,0.2407929044173077,0.2356282096310283,0.4154783854539056,0.3349671775380284,0.7690902623960167,0.2113877016738408,0.2107221643050444,0.2619167299646754,0,1,1,0,1,1,0,0,0,0,1,1,0,3733.3130873227,512.068708951674,12.6264332727662
696,kitchen_1692.png,72.362,0.09144,0.4737,0.5011,0.04112,0.2679,0.2118,0.3129,0.3055,-2.867,0.01831,1.195,3.397,kitchen,0.4379123530036422,0.2811076365039872,0.2587356593685047,0.3862118644129978,0.2491450936405742,0.2337931309556391,0.3523892382417278,0.2078812479995249,0.8322095238902473,0.2641336953516818,0.2416735462721304,0.2031421413352978,0,0,1,1,0,0,0,0,0,0,0,0,0,3103.61795574041,302.927153794332,23.4869041647707
697,kitchen_1707.png,80.828,0.0612,0.03238,0.6811,0.09937,0.04614,0.2557,0.3589,0.4142,-2.885,0.01457,1.176,3.36,kitchen,0.5034449366575812,0.2662330461421887,0.3639453626464887,0.3058892249638447,0.2366794665116837,0.2243090609389679,0.3027337143929809,0.2137974396820859,0.7545790443592,0.2799015243675458,0.2556269886200436,0.2753244391103251,0,1,1,1,0,1,0,0,1,0,0,0,0,5426.88485824571,1342.50922117293,18.7110776282855
698,kitchen_1711.png,84.365,0.08351,0.4638,0.7023,0.1089,0.2791,0.2158,0.3841,0.4295,-2.93,0.01634,1.222,3.335,kitchen,0.4998741719200473,0.3197823557115881,0.3524158991326054,0.3242868291728941,0.2654953295792117,0.2638807140895726,0.2720736321612714,0.2209912695821141,0.8020244831879011,0.3204583130960068,0.2636388864940082,0.2575682699909097,0,0,1,1,0,1,1,0,0,0,0,0,1,4411.01882478814,232.614605407939,20.60683123224
699,kitchen_1724.png,74.409,0.0491,0.2716,0.5129,0.0954,0.2091,0.2204,0.3507,0.3748,-2.797,0.004972,1.254,3.865,kitchen,0.390560967838282,0.2961535838924611,0.279887713627068,0.3683604368587668,0.2827119855492614,0.2851640529345277,0.3276625569491696,0.2725407277932102,0.760773109748244,0.289448359131659,0.278061653714026,0.2668725692783151,0,1,1,0,1,0,0,0,0,0,1,0,1,3630.01444827014,762.407817571847,14.4400042819154
700,kitchen_1730.png,85.934,0.1967,0.2201,0.3997,0.2535,0.1312,0.2348,0.3729,0.4132,-2.638,0.008692,1.384,3.991,kitchen,0.3502972701286001,0.2647612070794737,0.2550867147508901,0.3095704044447916,0.2593998255741794,0.260647666125456,0.3699506312951265,0.2423784459516505,0.6734316266211839,0.2704289028686237,0.2698594681713279,0.3108166882719834,0,1,1,0,0,0,0,0,0,0,1,0,1,3901.40519092138,234.661904663459,22.3344708326346
701,kitchen_1733.png,112.377,0.03152,0.2051,0.7548,0.1991,0.1952,0.2489,0.4256,0.3991,-2.686,0.007614,1.411,3.856,kitchen,0.383887269014861,0.2760642912411902,0.2869843704809384,0.3489095163801279,0.2266831749322499,0.2520580371736642,0.3290667746122548,0.2733564834193273,0.7461719043551749,0.346974623967946,0.2933046856964245,0.2358540000457349,0,1,1,0,0,0,0,0,0,0,0,0,1,3987.75657984985,0.0,15.038106989571
702,kitchen_1748.png,100.801,0.0514,0.2458,0.693,0.2123,0.275,0.2344,0.3818,0.3432,-2.888,0.01176,1.28,3.408,kitchen,0.3474776496413533,0.262944921366001,0.2088030367760373,0.4113820843565485,0.2199586809153381,0.2164487232567083,0.3527480683848326,0.2291061188848992,0.7666370882624239,0.2938539371235907,0.2883728839202428,0.2211195209979628,0,1,1,0,0,0,0,0,0,0,0,0,0,3526.28237223461,465.289251669623,19.4110528552066
703,kitchen_1749.png,110.12,0.1008,0.1759,0.493,0.09263,0.1644,0.2038,0.3332,0.4244,-2.905,0.02393,1.317,3.466,kitchen,0.4214993130278427,0.2576181461515559,0.2956124223526548,0.3118184069268123,0.2205909281479419,0.2347705639440124,0.3586539844971499,0.2456741233520696,0.7621846915524976,0.2383759405795069,0.2248113896791858,0.2653957980905537,0,1,1,1,0,1,0,0,0,0,0,1,1,2660.51131563465,606.550516072356,9.55332903291126
704,kitchen_1752.png,76.636,0.08817,0.2534,0.4616,0.2147,0.1808,0.2129,0.2887,0.3963,-2.804,0.01007,1.311,3.976,kitchen,0.4196086686680801,0.2755738095378563,0.3721166075151381,0.3465120248017435,0.2112456052413225,0.1954970809309261,0.3057392333205255,0.2399081331168398,0.8027564244970037,0.2818098568878637,0.2283160023632831,0.2464522040736713,0,1,1,1,0,1,0,0,1,0,1,1,1,3685.05287490646,522.234388779204,25.3388812238635
705,kitchen_1785.png,90.376,0.1046,0.4196,0.509,0.0799,0.1642,0.2042,0.3179,0.2507,-2.662,0.01796,1.375,3.656,kitchen,0.3553888812235192,0.2828937905703775,0.230798285609187,0.3881005084446047,0.269146677545573,0.2513988303704138,0.4204745586055217,0.2679706936231127,0.8242343001819878,0.243577495568539,0.2114294017105146,0.2156761920847884,0,1,1,0,0,0,0,0,0,0,0,0,0,3734.88519493402,217.748402192454,23.3092773307299
706,kitchen_1801.png,77.179,0.04746,0.1714,0.5005,0.2168,0.1392,0.2512,0.4388,0.4045,-2.736,0.006907,1.414,4.044,kitchen,0.3343565343650805,0.2545281693093602,0.226685689041203,0.358174602599654,0.2371573771466959,0.227935858206518,0.3854356627608591,0.251545348928952,0.6906871298389171,0.2890608195677376,0.3150876849570473,0.2350596011929936,0,1,1,0,0,0,0,0,0,0,0,0,0,3323.16346718345,693.666497802279,18.8444327084828
707,kitchen_1802.png,106.302,0.02708,0.4483,0.5487,0.1772,0.3348,0.2168,0.4088,0.4022,-2.695,0.01036,1.368,3.936,kitchen,0.3622646766715167,0.2670535432952752,0.2903767195205052,0.3224290795165061,0.2167934627911111,0.233935579258968,0.4139170871719529,0.2443259803599992,0.7802722054389777,0.227873027137973,0.2259853164175467,0.2178067424279206,0,0,1,0,0,0,0,0,0,0,0,1,1,4281.71374467762,144.796729001964,21.4592916630743
708,kitchen_1804.png,89.102,0.1935,0.1255,0.6112,0.2095,0.1664,0.2461,0.3464,0.3785,-2.88,0.006126,1.251,3.609,kitchen,0.3179389338862087,0.2535815151486523,0.2424616301750823,0.3814147480257769,0.2314633846482996,0.2283021530278484,0.4202337783778674,0.2862139345220871,0.7177802056936181,0.245594622901217,0.2905837889572648,0.2295941298681163,0,1,1,0,0,0,0,0,0,0,0,0,1,3238.92397998101,512.955512734332,23.4383149611222
709,kitchen_1810.png,81.733,0.08231,0.6287,0.5907,0.05587,0.2522,0.2001,0.4153,0.4274,-2.731,0.007368,1.347,3.906,kitchen,0.2906156530884601,0.2484869690397532,0.2254953706898164,0.4169975183100627,0.2016473628538418,0.2098371454577116,0.2692965964177601,0.2275952703402251,0.753652197882977,0.2580512525809403,0.2779433630605243,0.2097218488457025,0,1,1,0,1,0,0,0,0,0,0,0,1,3703.38562086177,187.642475916195,18.9980160438405
710,kitchen_1820.png,80.757,0.08375,0.5431,0.4973,0.06997,0.2666,0.2375,0.3952,0.3555,-2.779,0.01481,1.313,3.757,kitchen,0.3800845218758948,0.2894767281454254,0.2573059880491915,0.3458675605548184,0.2210699727179708,0.2205429902708887,0.3643219403995207,0.222832422227337,0.7911518814288975,0.2681466202225016,0.2551085035977415,0.2247347880848047,0,1,1,1,0,1,0,0,0,0,0,0,1,4049.62450224357,252.523655767202,23.3611446321871
711,kitchen_1821.png,88.316,0.0009172,0.3061,0.5657,0.1221,0.2787,0.2114,0.4034,0.3691,-2.831,0.008578,1.269,3.814,kitchen,0.3628589796252743,0.2573761663542515,0.2535842544287071,0.3206533523239401,0.2277045048865357,0.2018889488488729,0.3057166637949942,0.2601010358757008,0.7908683729252479,0.2324778612666743,0.2284735068241637,0.2161722052732002,0,1,1,1,1,1,0,0,1,0,0,0,0,2768.48039994234,346.896886078157,13.1967461929423
712,kitchen_1832.png,98.157,0.09072,0.4415,0.5742,0.08467,0.2844,0.1879,0.4848,0.421,-2.63,0.01144,1.397,4.164,kitchen,0.389537068766342,0.2743425263910182,0.309050397543819,0.3415874456849358,0.2250641199238316,0.2238835112543634,0.3144400964405006,0.2822265500123966,0.785674207969884,0.2844324952758246,0.2555813064848362,0.2379116572530559,0,1,1,0,1,1,1,1,1,0,0,0,1,3622.52708849555,0.0,39.9956986386692
713,kitchen_1835.png,89.937,0.5246,0.197,0.5896,0.3723,0.1829,0.1849,0.4348,0.4223,-2.583,0.005154,1.41,4.149,kitchen,0.3480671929752184,0.2656329701438376,0.2408309782574504,0.3430046226790958,0.2845004579849602,0.2181500330485701,0.3819331594698262,0.3309516693231887,0.7681978634717311,0.2497553601668818,0.2400482977741582,0.228622759847218,0,0,1,1,0,1,0,0,0,0,0,1,0,3585.41334534759,885.895770571245,12.5821428763656
714,kitchen_1837.png,102.674,0.05048,0.3628,0.5634,0.1126,0.2804,0.2641,0.3847,0.4129,-2.825,0.02231,1.288,3.906,kitchen,0.3083782245532173,0.2474292810426524,0.2518360883342255,0.3459428132706472,0.208883677504466,0.2003259036053153,0.4052729905603608,0.2685553500020672,0.762620551248446,0.2337513729991166,0.2709955308817464,0.189214955420857,0,0,1,0,0,0,0,0,0,0,0,0,0,3961.2423978489,203.027998283604,21.8338565218394
715,kitchen_1840.png,93.999,0.07494,0.3634,0.6579,0.1492,0.2881,0.2427,0.3821,0.4097,-2.842,0.01045,1.294,3.837,kitchen,0.3719318594472026,0.2873189009559325,0.2780591614343926,0.3616005221694039,0.2529246207888285,0.2663086821302804,0.3177552118235177,0.2485613872069028,0.8119436440252773,0.2774965940683841,0.2448932891303127,0.2350372227315901,0,1,1,0,0,0,0,0,1,0,0,0,1,4637.20992897528,446.560183900845,12.4523424038763
716,kitchen_1851.png,93.318,0.08686,0.3571,0.5152,0.0504,0.1925,0.2369,0.3769,0.312,-2.761,0.01838,1.3,3.653,kitchen,0.2996393719158305,0.2575067410874191,0.2451404225226172,0.3471110595499817,0.2106710310922601,0.2167374208324654,0.4394057219817371,0.2800712690653656,0.7959285926309627,0.2510073674874438,0.2155313267810043,0.2440691255772397,0,0,1,0,0,1,0,0,0,0,0,0,1,3199.56617964323,770.595535262708,17.0589718427292
717,kitchen_1863.png,92.582,0.08538,0.3118,0.5628,0.1047,0.2269,0.2786,0.4354,0.3935,-2.69,0.006598,1.444,3.865,kitchen,0.3225391131904028,0.2582271082504609,0.2441340291520918,0.3615829816293371,0.178658200649861,0.1899253626160137,0.3437081399266362,0.2502317120098121,0.8258041472033097,0.2699250356243367,0.2136304086099845,0.1994072486616582,0,1,1,0,0,1,0,1,0,0,0,0,1,3648.38075674539,641.516116531332,18.9280666816849
718,kitchen_1875.png,85.908,0.07364,0.7444,0.6365,0.022,0.2595,0.1891,0.4218,0.4554,-2.441,0.0157,1.589,3.876,kitchen,0.3045942238810347,0.2655153715337482,0.2448046844694944,0.3886031810885131,0.218525816715288,0.2275688050641344,0.2912196246272782,0.2618836209564207,0.8073557252758823,0.2935624699895914,0.2464625961751896,0.2161745748178358,0,0,1,1,0,1,0,0,0,0,1,0,0,3883.56683553104,207.298229365427,16.7736576291738
719,kitchen_1878.png,61.382,0.09832,0.1023,0.5156,0.2521,0.1181,0.1844,0.2913,0.3276,-3.002,0.005714,1.21,4.128,kitchen,0.3847645463297883,0.2667186136250116,0.3324521215939021,0.3500745174773892,0.2389383326819412,0.227207522693621,0.3632627273944305,0.2586737487906271,0.7784497168834454,0.2445036523885098,0.2312510880213578,0.2512163804400696,0,0,1,1,1,1,0,1,1,0,0,0,1,2410.76103114145,325.829282913987,5.39869897069767
720,kitchen_1881.png,81.263,0.1678,0.1281,0.5835,0.213,0.164,0.1781,0.398,0.2384,-2.803,0.02559,1.352,3.858,kitchen,0.3900323380003478,0.2533400122229473,0.2782077130803155,0.3174914952071065,0.2254572833869007,0.2168638985169708,0.2962171410776001,0.2302244310460837,0.7835241290603879,0.260751567150743,0.2417946698732306,0.239782682543765,0,0,1,1,0,1,1,0,1,0,0,1,0,3646.9132571819,256.773362310653,18.6506537473618
721,kitchen_1895.png,111.244,0.04539,0.1659,0.6749,0.2173,0.1785,0.2084,0.3432,0.4014,-2.884,0.01294,1.401,3.68,kitchen,0.336228428794636,0.2482940818696039,0.2110844013324366,0.3924630328811838,0.2346867922653604,0.2431370967585275,0.2941585353342934,0.2714438405461866,0.713885747430175,0.2444032929609942,0.2977281357542084,0.2210283085693647,0,0,1,0,1,0,0,0,0,0,0,1,0,3924.59066829821,394.351474483981,15.7338179926374
722,kitchen_1897.png,97.495,0.056,0.6828,0.5143,0.03209,0.1654,0.264,0.4442,0.3483,-2.833,0.011,1.312,3.642,kitchen,0.3551164226794422,0.2835705884086048,0.3081837551731405,0.3475601280516048,0.206222143820431,0.1917164651382226,0.2725744549467048,0.202195704042336,0.8225851984340719,0.2688144469748472,0.2337498106878653,0.2101957533231359,0,1,1,0,1,1,0,0,0,0,1,0,1,3932.83388124316,1016.14978305131,7.87614119799558
723,kitchen_1898.png,76.991,0.07665,0.4012,0.6315,0.06562,0.197,0.1719,0.3819,0.3885,-2.775,0.007868,1.318,4.282,kitchen,0.3845742685794527,0.2723314205747738,0.260781104365042,0.3543815426296632,0.2475140674041464,0.2635187994762747,0.3659475077695551,0.2482697141047342,0.8088604330012492,0.2259782654771006,0.2242895870571409,0.2290889737941076,0,1,1,1,1,1,1,0,0,0,1,0,1,2546.63194417514,493.665693864811,28.344002428817
724,kitchen_1904.png,101.526,0.07733,0.4121,0.574,0.09676,0.2849,0.2311,0.4299,0.4224,-2.817,0.01786,1.339,3.431,kitchen,0.3597718697946793,0.2624575621299319,0.2588946024949659,0.3882771387192291,0.2211546769952949,0.2330010570037253,0.3544018880704154,0.2542286013359183,0.8342804023506941,0.2839892753531336,0.2320413526317438,0.2083055493139239,0,1,1,0,1,0,0,0,1,0,0,0,1,4640.82636012238,692.535033379677,4.96585492796056
725,kitchen_1908.png,93.185,0.05418,0.1033,0.6064,0.1298,0.1237,0.2265,0.3963,0.4035,-2.748,0.0077,1.297,4.074,kitchen,0.3508769889682284,0.2702378804777457,0.2575454222662229,0.3448406385884457,0.2230543701705024,0.2045461961356269,0.3438123802676445,0.2687255883758661,0.7565891954973355,0.2409972455123342,0.2570776722982728,0.26208180741651,0,0,1,0,1,1,1,0,1,0,0,0,1,3271.46795484177,545.076276974679,17.7875651521561
726,kitchen_1911.png,80.387,0.2343,0.15,0.6335,0.228,0.1201,0.1961,0.3631,0.3677,-2.725,0.01688,1.328,3.594,kitchen,0.3148648652277468,0.2373523892571851,0.2015687031408643,0.4308924461583953,0.2080817091194925,0.2119881771797566,0.3768347713650209,0.2562724458979952,0.7842089179746354,0.2425492692410539,0.2620077118607435,0.1964985536634323,0,1,1,0,0,0,0,0,0,0,0,1,0,3776.42833778323,593.05475717704,22.6638793816914
727,kitchen_1912.png,79.593,0.07629,0.699,0.4842,0.03212,0.1769,0.1666,0.4621,0.3208,-2.625,0.006642,1.391,4.066,kitchen,0.292893911347412,0.2454515171996557,0.2384636023802009,0.3593666432243893,0.1827010145206951,0.1821792255412051,0.3821465801251058,0.2443224242673724,0.8176993403654174,0.2290672073099769,0.2358151129577416,0.1779705975433859,0,0,1,1,0,1,0,0,1,0,0,0,1,2615.69022946083,767.756266070394,21.8054111380802
728,kitchen_1933.png,74.023,0.1146,0.3531,0.6536,0.04133,0.182,0.1951,0.3868,0.3371,-2.588,0.00644,1.392,4.138,kitchen,0.3855310324849763,0.2563320028844012,0.2847416359037565,0.3514886640031348,0.2431325369696614,0.2263200783729768,0.2560233639979278,0.2215393437875458,0.6822113187382728,0.2839775252114743,0.3055579851266896,0.2633495480536972,0,0,1,1,0,1,0,0,0,0,0,0,1,3606.44958936946,0.0,29.0827707743779
729,kitchen_1934.png,98.408,0.09441,0.4967,0.6702,0.05198,0.3079,0.1898,0.406,0.3426,-2.707,0.006549,1.445,3.975,kitchen,0.3450236440007651,0.2528703320098156,0.2096535738640798,0.38013118524603,0.2379474980515703,0.2356357410798682,0.2915216413009969,0.213125810605053,0.8144143228967207,0.2804327751993131,0.2547149302597759,0.2172857356794398,0,1,1,0,1,0,0,0,0,0,0,0,1,2900.2340606246,688.254612050918,15.307911507104
730,kitchen_1936.png,62.248,0.9734,0.06887,0.6647,0.2521,0.09366,0.1595,0.3503,0.3577,-2.702,0.005411,1.322,4.084,kitchen,0.3038852242558054,0.2585283786130297,0.231010019787392,0.3508251310622216,0.218775012782775,0.2259163976908796,0.32740699544917,0.2137399417059648,0.7526733311349335,0.2717334539306856,0.276840466325446,0.2331134745449558,0,0,1,0,0,0,0,0,1,0,0,0,1,3282.0271652372,703.393032173026,16.20637535398
731,kitchen_1942.png,93.532,0.065,0.5816,0.4761,0.1042,0.3028,0.2506,0.3761,0.3759,-2.624,0.006928,1.251,3.78,kitchen,0.2978259737424997,0.2675276467179143,0.2342231094899894,0.3829314134032809,0.2124733515507711,0.2291460716741622,0.3249577763735753,0.2257842947451553,0.7808782834139059,0.2347936061591122,0.2327054550916599,0.2281459535136883,0,1,1,0,0,0,0,0,0,0,0,0,0,3734.98656493596,188.647652124005,33.2380588757043
732,kitchen_1943.png,94.758,0.09826,0.2535,0.5128,0.2214,0.1875,0.2137,0.3096,0.4139,-2.677,0.01092,1.381,3.864,kitchen,0.3976507927697655,0.2627892151117659,0.2485642755052413,0.3582943588855823,0.2295895741769659,0.2339398875231932,0.3817082138245674,0.2995506108190022,0.8048706665213805,0.2303834045563162,0.2143618290213182,0.2238447901880755,0,0,1,1,0,0,0,0,1,0,1,1,0,3075.70075873797,0.0,9.94000551192038
733,kitchen_1944.png,99.579,0.06411,0.3506,0.629,0.1561,0.2507,0.2413,0.3932,0.3472,-2.826,0.01429,1.275,4.04,kitchen,0.4257464257597159,0.2973370490643368,0.2747176321290363,0.398624906442953,0.2360357588211772,0.2485399860783153,0.3582934076262961,0.2605837795325986,0.8126113579855633,0.2864205650939027,0.2482828867189728,0.229815474599622,0,0,1,0,0,1,0,0,0,0,0,0,1,3757.72839657488,0.0,6.82678966211781
734,kitchen_1950.png,94.894,0.1057,0.4081,0.5917,0.1226,0.246,0.1919,0.3626,0.3496,-2.649,0.01442,1.484,4.022,kitchen,0.3455641169312612,0.2720604436079953,0.2396611771449524,0.3760685140793438,0.2179708782815098,0.2289886385780807,0.2954226353929848,0.2146415696237391,0.739932793393411,0.2892507360614345,0.3054349298945605,0.2369294340145659,0,0,1,0,0,1,0,0,0,0,0,0,1,3863.06702382693,318.352609318966,8.45023041591803
735,kitchen_1953.png,85.913,0.1316,0.2103,0.4758,0.1708,0.1723,0.234,0.3443,0.3488,-2.772,0.009278,1.349,3.975,kitchen,0.3741604457801475,0.2641399956507949,0.2792673523149111,0.3386548007119908,0.2140889548045605,0.213546641009667,0.5367131105199019,0.2600893725348827,0.8406926455649428,0.2036915719229787,0.1792864839070277,0.2026458193543717,0,1,1,1,1,0,1,0,1,0,0,0,0,2783.16832097978,286.090662845975,23.4632870764038
736,kitchen_1960.png,78.767,0.1971,0.1307,0.5084,0.2263,0.1381,0.2306,0.3081,0.3268,-2.904,0.0123,1.258,3.519,kitchen,0.3898761089974537,0.2674266962771058,0.2320740924107001,0.3473979254592954,0.2290756362409659,0.2287563139164536,0.2991334783256419,0.2064276657970797,0.760178342228873,0.2838186508780639,0.2415145903062044,0.2490233808880852,0,1,1,1,0,1,0,0,1,0,0,0,0,4970.24847444707,876.381085349175,7.3661870764215
737,kitchen_1968.png,99.789,0.0514,0.4681,0.6905,0.0503,0.2393,0.2135,0.43,0.4816,-2.561,0.00568,1.445,3.853,kitchen,0.3795003802849762,0.2731279993947194,0.3514560223666795,0.341795731319913,0.1913356358663685,0.1912159951041474,0.3613127145194811,0.2495391791879026,0.7815613230561951,0.3105800305489221,0.2749651557077493,0.2282975721174701,0,1,1,1,0,1,0,0,1,0,1,0,1,3231.90860815881,684.15481963436,30.953517677845
738,kitchen_1970.png,74.127,0.08025,0.1798,0.6229,0.2022,0.2524,0.2183,0.3801,0.3871,-2.801,0.0051,1.293,3.865,kitchen,0.3451335480990888,0.2590481137935914,0.2560924945371999,0.3724148800710552,0.229060275425546,0.2445906636430121,0.3186594397565704,0.2325231617332727,0.7396029569966677,0.2647378564077252,0.2876114248941304,0.2375701511578745,0,1,1,0,0,0,1,0,0,0,1,1,1,3179.24333234895,373.872322725502,16.9598407586561
739,kitchen_1973.png,116.739,0.07654,0.4212,0.5129,0.06269,0.1443,0.2652,0.4157,0.4137,-2.807,0.005051,1.353,3.329,kitchen,0.2760718091055036,0.2734761548145604,0.2585701044475208,0.3340033299913539,0.2273207658222458,0.2097137407526248,0.34664946909431,0.3203038857964533,0.8391826529771137,0.2381419567130491,0.1964519008307341,0.1859920508977939,0,0,1,1,0,1,0,0,0,0,0,0,1,2877.62110731752,443.613282938139,52.4659168316152
740,kitchen_1978.png,64.626,0.04497,0.2187,0.5619,0.2012,0.2358,0.1774,0.3812,0.3265,-2.925,0.01239,1.214,3.918,kitchen,0.3489684685787067,0.2498539073846959,0.236152870530233,0.3994903469234431,0.2223712782458136,0.2312104349170708,0.3976342195135467,0.2251674202643678,0.8146675187853369,0.2681917297581949,0.2624914972171311,0.1840044374778462,0,0,1,1,0,1,0,0,0,0,0,0,0,2986.07513310727,699.472523226901,15.97645475468
741,kitchen_1980.png,95.798,0.07265,0.2725,0.6086,0.05915,0.182,0.2645,0.3563,0.3296,-2.888,0.006541,1.268,3.722,kitchen,0.3403772099256529,0.2760605639074658,0.2496636870194344,0.3385212188776761,0.2167681567342413,0.223874265926467,0.4368165059821297,0.2089737604029085,0.8336634208917313,0.2046920148979618,0.2083370875959165,0.2139463530029925,0,1,1,1,0,0,0,0,1,0,0,0,1,3147.33027798506,0.0,8.09005915651232
742,kitchen_1982.png,80.468,0.04989,0.4652,0.6522,0.0871,0.2357,0.1702,0.387,0.4037,-2.863,0.008211,1.317,3.947,kitchen,0.3696959244567183,0.2635869158607196,0.2181702551568975,0.4302415118302039,0.2306202267174126,0.226478252280027,0.3197693436215438,0.2404261173163807,0.8490955348534848,0.2529092283418,0.2161199905485021,0.2078705610263416,0,1,1,0,0,0,0,0,0,0,0,1,1,2651.77808675062,206.606273309166,9.78227362868035
743,kitchen_1985.png,81.358,0.1279,0.1657,0.3825,0.2265,0.1505,0.2314,0.3845,0.3812,-2.633,0.007209,1.368,3.992,kitchen,0.3511130508306794,0.2556277508273483,0.312402801056202,0.3821270082161482,0.2070801498796194,0.2054318680023393,0.3744335850414719,0.2174319005213034,0.846668374494527,0.2101894747562802,0.1845018905695368,0.2176869724409153,0,1,1,1,0,1,0,0,0,0,0,0,1,3430.1755132392,0.0,10.8425047060887
744,kitchen_2002.png,74.324,0.08524,0.6708,0.5787,0.04063,0.2284,0.1961,0.3608,0.4216,-2.726,0.01063,1.38,3.421,kitchen,0.3337311678222978,0.2608110140800138,0.2332051252736686,0.3420088001066674,0.2757108511175598,0.2656854272692089,0.3063244337142232,0.2253403279191764,0.8108428393608714,0.2539138892256127,0.2431085822859884,0.2210897575811644,0,0,1,0,0,1,0,0,1,0,0,0,1,4127.85736806512,692.831853933254,26.1104855617474
745,kitchen_2014.png,101.768,0.06666,0.3051,0.5264,0.0836,0.1959,0.2596,0.3503,0.4612,-2.723,0.006334,1.31,3.623,kitchen,0.322053858993883,0.2616321543896732,0.2077445792264532,0.3388848392535455,0.2055130604086066,0.2027039713494494,0.3252284134596874,0.2459186041188454,0.7908822616870517,0.2643822068372459,0.2300300072840499,0.2423443191815284,0,0,1,0,1,0,0,0,0,0,0,0,1,3758.33941305817,232.930320362934,10.8118603211602
746,kitchen_2017.png,75.292,0.0333,0.2995,0.661,0.06995,0.2198,0.1953,0.3696,0.3928,-2.81,0.007465,1.264,4.007,kitchen,0.3965905876881352,0.3221977624806592,0.3180987835589806,0.343418943224608,0.3066235855612666,0.2712439446425334,0.3322054747235741,0.2713368817888263,0.7652633087672384,0.2931192153332028,0.2718196963772432,0.2694398801528687,0,1,1,1,0,1,1,1,1,0,0,0,1,4016.91362968746,617.014425280211,12.9668200421452
747,kitchen_2038.png,67.83,0.06899,0.2746,0.593,0.05908,0.2113,0.2172,0.3578,0.402,-2.81,0.01415,1.227,3.585,kitchen,0.3173518643102496,0.2520352446643539,0.2260865756403799,0.3666377377803405,0.1955759121979882,0.2058093415342239,0.3034764546234529,0.2321087604813786,0.7699743586518905,0.2815648501586469,0.2629338388264627,0.2295734991828648,0,1,1,0,0,0,0,0,0,0,0,0,1,3950.14014240675,0.0,17.1209259249709
748,kitchen_2068.png,77.628,0.08503,0.2676,0.6754,0.06845,0.1817,0.1804,0.3975,0.4009,-2.625,0.00467,1.44,3.889,kitchen,0.3313153674171817,0.2492137706015189,0.2520847546449313,0.4294573968747616,0.2386799076562249,0.2282170518857035,0.3013771038968298,0.2337813599810856,0.7322962304757454,0.2340548544028412,0.2797451195366205,0.2573750578725251,0,0,1,0,1,0,1,0,1,0,0,0,0,3615.15617263814,519.542227258715,24.7594214850365
749,kitchen_2069.png,69.217,0.07031,0.3056,0.5956,0.1133,0.2676,0.2204,0.3526,0.3549,-2.909,0.008473,1.342,3.256,kitchen,0.310800792968682,0.2603986227697381,0.1974453440401632,0.3501327460855676,0.2085845875035391,0.2240189153284353,0.3292853571988586,0.2127315908264623,0.7411100647557767,0.3170839110011965,0.3029205556213653,0.2135986928829912,0,0,1,0,0,0,0,0,1,0,0,0,1,3970.47907954665,1140.13986173438,13.4113923394065
750,kitchen_2071.png,112.15,0.08644,0.3688,0.448,0.1123,0.2082,0.1817,0.4377,0.4452,-2.244,0.006017,1.624,4.13,kitchen,0.2845192911835916,0.2583143624366588,0.2634211654594806,0.327555359843125,0.1822406798077208,0.2065190747070782,0.342580730804516,0.2927165297416811,0.7744414579713178,0.2547184009695664,0.2417340784348657,0.2358427948805484,0,1,1,1,0,1,0,0,1,0,0,0,1,3383.65395255188,0.0,11.6156684520064
751,kitchen_2073.png,95.172,0.08249,0.2791,0.513,0.1509,0.1763,0.2383,0.4178,0.4439,-2.727,0.01417,1.463,3.714,kitchen,0.3350888728991483,0.2572142837540811,0.2376851768818849,0.3057507951229498,0.1993029933337514,0.2006635150854312,0.387045976691176,0.2561036015560862,0.7774727154626123,0.2455121685977402,0.2258748795057452,0.2224994839193212,0,1,1,1,0,1,0,0,1,0,0,0,0,4556.57593218672,780.493550165509,12.2031964566112
752,kitchen_2078.png,101.567,0.1307,0.1835,0.527,0.1103,0.1595,0.196,0.3973,0.4064,-2.757,0.009755,1.418,3.777,kitchen,0.3387270794294849,0.2759263414156341,0.2589092764770519,0.332965283735683,0.2326131548162922,0.2385439770789361,0.3358689719859779,0.2779500927888053,0.7206374275078445,0.2327907909791471,0.2530705137118333,0.2809071748075235,0,1,1,0,1,0,1,0,1,0,1,0,1,4100.55174924784,394.40077143866,10.1041253735852
753,kitchen_2079.png,74.825,0.3332,0.09023,0.5754,0.2075,0.1584,0.2004,0.3664,0.3347,-2.997,0.008695,1.288,4.126,kitchen,0.3798307439495608,0.2452744131707112,0.20433368028478,0.4095429771875339,0.2492552528603974,0.2192466782759305,0.3890998390525744,0.2090991633589109,0.7914984177549386,0.2034295933204657,0.2123802905776113,0.2194160355751228,0,1,1,0,0,1,0,0,0,0,0,1,0,3112.01891822221,274.325093950986,31.3661625429044
754,kitchen_2084.png,112.096,0.09684,0.5573,0.6643,0.06524,0.2599,0.2399,0.3992,0.4978,-2.818,0.01393,1.23,3.686,kitchen,0.2802432129653989,0.2472138073425168,0.2040740028785507,0.3448855937006985,0.1913919437116145,0.2446430951557371,0.2538633751797734,0.1871456473381291,0.8069799263815219,0.2761846996430808,0.2488276013609101,0.2111873916181013,0,1,1,0,0,0,0,0,0,0,0,0,1,4881.53634717819,683.477397602842,27.5869523217542
755,kitchen_2095.png,72.945,0.07716,0.6637,0.5505,0.06596,0.2413,0.2188,0.4362,0.3917,-3.028,0.0114,1.153,3.66,kitchen,0.3420789644366386,0.2592153751712848,0.2005144121221041,0.3955177841868248,0.2315996548692218,0.2030960018908609,0.3798753746138021,0.240454947191202,0.8311901524803444,0.2955532650486523,0.2521693962583418,0.1887217419004876,0,1,1,0,0,0,0,0,0,0,0,0,1,3069.56985260622,347.266147131495,32.1077950717004
756,kitchen_2110.png,87.057,0.1823,0.226,0.4199,0.1883,0.1941,0.2741,0.4091,0.3938,-2.868,0.008377,1.324,3.589,kitchen,0.3838586106510484,0.2667561649450799,0.3629813159559412,0.3619058693200246,0.2169950172266315,0.2182395009360141,0.2870772249014983,0.2399276815956643,0.7881670056328742,0.2424457920516,0.2146278690844666,0.231875592875105,0,1,1,0,0,1,0,0,1,0,1,1,0,5085.02927250936,558.754037083621,17.9280628503304
757,kitchen_2120.png,67.293,0.07898,0.525,0.3284,0.09178,0.3,0.2558,0.4458,0.2826,-2.83,0.01243,1.166,3.645,kitchen,0.2990062329030707,0.2548022239800587,0.2822937190098914,0.359039332230699,0.2244003264328503,0.2328196601868733,0.3791864170918303,0.2676556855857985,0.7683180002885965,0.2565381121736816,0.2492893065010907,0.2153169136002276,0,1,1,0,0,0,0,0,1,0,0,1,0,3723.75056696189,0.0,15.276752160966
758,kitchen_2123.png,115.742,0.09173,0.2881,0.6237,0.1357,0.2225,0.2049,0.4994,0.4336,-2.44,0.005231,1.461,4.122,kitchen,0.3017837425819105,0.2516816987300299,0.2175926364524241,0.3390457692917577,0.2267765174371425,0.1930730408480727,0.2988111816228851,0.2486354628321443,0.6826855576253843,0.209406205971718,0.2821217328951798,0.2406604994190298,0,0,1,0,1,0,0,0,1,0,1,0,1,3314.14939914486,140.178404868664,27.8868184609576
759,kitchen_2131.png,110.183,0.1235,0.19,0.654,0.169,0.2158,0.2075,0.4096,0.4179,-2.581,0.005322,1.456,3.864,kitchen,0.2869342554394345,0.2466582181572991,0.2419905442484518,0.3413583084826993,0.1948673498646569,0.2139028752789222,0.4757582070508204,0.2923024382776905,0.7931341877207762,0.2670919550363414,0.2417917687537007,0.2293821376200935,0,0,1,0,1,0,1,0,1,0,0,0,1,2842.62272926741,993.531068158482,4.59563987938678
760,kitchen_2134.png,78.483,0.0807,0.3467,0.4288,0.06665,0.2121,0.1799,0.3241,0.3537,-2.734,0.0209,1.264,4.106,kitchen,0.3854639781454753,0.255175812267544,0.3519698444187247,0.297328857544175,0.1912849648597868,0.2176204130495388,0.3210221226409454,0.2555943845509662,0.8479460510473511,0.2486704581938297,0.199239217165677,0.187283325332486,0,0,1,1,0,1,1,0,0,0,0,0,1,3768.68568649238,0.0,22.8508867955061
761,kitchen_2153.png,104.049,0.07725,0.5635,0.4837,0.08583,0.2779,0.236,0.4612,0.4082,-2.637,0.01071,1.408,4.287,kitchen,0.4120735412260216,0.3262538080222273,0.3875611065943004,0.3590654206549207,0.2645554130371261,0.2634877727074588,0.3425070098106415,0.3180271562179411,0.7828596088612572,0.2951922748820471,0.2440567538215182,0.2671723280564393,0,1,1,1,1,1,1,0,1,0,0,0,1,3437.98255265521,579.463764002194,22.9611750080798
762,kitchen_2154.png,103.966,0.08427,0.5394,0.5266,0.1007,0.2127,0.1964,0.4676,0.4996,-2.501,0.0147,1.533,3.71,kitchen,0.4093752272462544,0.2800793140994677,0.3235126464144828,0.3242833847931813,0.2148110831437101,0.2415102901880842,0.253322882793008,0.2314940392201742,0.7472473001222921,0.2826373618973575,0.2390048636068324,0.277890450817474,0,1,1,0,1,1,0,0,1,0,0,0,1,4194.41546642642,154.613575618614,18.5275669072053
763,kitchen_2172.png,119.939,0.0927,0.4618,0.5815,0.06422,0.2481,0.2681,0.4256,0.4381,-2.712,0.00841,1.354,4.108,kitchen,0.42482359828241,0.2816160106957932,0.3409342091554824,0.343086106175916,0.2567857787267274,0.2284681866673314,0.3444090727271103,0.3109844198630403,0.7903490173417513,0.2285171344765457,0.2456939530195392,0.2450546543421813,0,1,1,1,0,1,1,0,1,0,0,0,0,3681.60079770768,383.827327065835,5.16608746819188
764,kitchen_2179.png,63.021,0.07519,0.2395,0.6495,0.1391,0.2563,0.1875,0.2878,0.3568,-2.837,0.01555,1.179,3.792,kitchen,0.3246556180620395,0.2524549012047181,0.1910619972200318,0.3397848822844194,0.2314069840496976,0.2381218907110627,0.3053568132791328,0.210928599414295,0.6453425267924088,0.302348609339042,0.3702935295498799,0.2504091375093299,0,1,1,0,1,0,1,0,0,0,0,0,0,3893.48742323919,852.514221400842,3.10751334837421
765,kitchen_2185.png,69.631,0.08429,0.4026,0.5255,0.03703,0.2773,0.1737,0.4236,0.356,-2.666,0.01003,1.291,3.867,kitchen,0.3173875796992433,0.2508013880116341,0.2316452708239099,0.3652641015763175,0.2099324220389614,0.2145928415329002,0.321990454912308,0.2498931295185459,0.8012698911891938,0.257503012136853,0.2274363896632129,0.2217479146970357,0,1,1,0,1,1,1,0,1,0,0,1,1,3300.18017915706,698.083684436501,20.1744860828744
766,kitchen_2195.png,120.053,0.9802,0.3036,0.4397,0.2021,0.2645,0.2421,0.3873,0.3986,-2.732,0.008862,1.361,3.6,kitchen,0.3978639113510524,0.2858812884266092,0.3055295650357595,0.3505599648479183,0.2131453805860475,0.2140458338287456,0.3120496472701231,0.2288755387343655,0.742147658200603,0.3359222835852111,0.3003181098862558,0.2506193796103509,0,0,1,1,0,0,0,0,1,0,1,0,1,4922.85073627434,408.64183150637,11.9681910477642
767,kitchen_2205.png,92.251,0.06383,0.3956,0.5482,0.1389,0.2269,0.1999,0.3943,0.4247,-2.765,0.02241,1.417,3.75,kitchen,0.3515534380637698,0.2569432953477781,0.2867869699061764,0.3231150356893794,0.2164927898685495,0.2252920644057482,0.2603062058197011,0.2414185246175313,0.7865750080420697,0.2904127878820755,0.2073642503821146,0.2930194214766962,0,1,1,1,0,0,0,0,0,0,0,0,1,3805.29244271618,353.736638607025,11.4979153400937
768,kitchen_2214.png,79.944,0.09864,0.3895,0.5062,0.1563,0.3067,0.2219,0.36,0.314,-2.762,0.007141,1.263,4.061,kitchen,0.2880158574671172,0.2400021901914927,0.2189535275169379,0.3685791051308122,0.2039637677904237,0.2033123483091043,0.3713509760910842,0.2492709810024844,0.7983527663994839,0.2511159215382395,0.233934364940802,0.1961214664514239,0,0,1,0,0,0,1,0,1,0,0,0,0,3357.75896359437,0.0,14.7752371862477
769,kitchen_2240.png,93.828,0.0374,0.1448,0.6491,0.1441,0.1507,0.1981,0.3763,0.4442,-2.591,0.00615,1.372,3.797,kitchen,0.2970118395528603,0.2537183869414691,0.1998499163301751,0.3598103953293236,0.209259532523624,0.2055295495526208,0.308432273996699,0.2132214390512137,0.667922597853184,0.2973253647190653,0.3301807082913425,0.2637737505206184,0,0,1,0,1,0,0,0,0,0,0,0,1,2995.01544063805,709.52109124546,32.8505246969265
770,kitchen_2245.png,84.047,0.09484,0.3472,0.2107,0.2056,0.235,0.2204,0.3681,0.4586,-2.48,0.007288,1.424,4.236,kitchen,0.3129886356111109,0.2570856092032341,0.3575351298785672,0.2792031252723115,0.2070702809885382,0.1848163614832554,0.4287607604728303,0.2898574150751042,0.7048372587100049,0.1954288319347079,0.2056227633254662,0.2686165626809982,0,1,1,1,1,1,1,0,0,0,0,0,1,3618.05491516253,364.084372360626,26.0574920863949
771,kitchen_2247.png,99.653,0.132,0.2988,0.5646,0.1907,0.2394,0.2158,0.4004,0.3845,-2.817,0.01567,1.32,3.628,kitchen,0.4089614684081825,0.2971876691302793,0.3033515820409199,0.3445019062031649,0.2375108505088434,0.2393979015357199,0.4174422003877832,0.2581056641851935,0.7946825585336078,0.3024160790838784,0.271325777007182,0.2433391961916141,0,0,1,1,0,1,1,1,0,0,0,0,1,3176.44407983062,829.682573301879,18.6788888747885
772,kitchen_2267.png,102.502,0.052,0.1655,0.7481,0.1118,0.1719,0.181,0.4306,0.39,-2.466,0.007952,1.382,3.885,kitchen,0.312548868728258,0.2458315027439729,0.2636150285737509,0.3618627597009094,0.219900891545393,0.2221500624413912,0.3620317888786803,0.3170863709793423,0.6992514649922694,0.3043529017541032,0.3017596424939406,0.2441195754292291,0,1,1,1,0,1,1,0,1,0,0,0,1,4544.76798268445,535.627005586793,24.9515636250862
773,kitchen_2273.png,88.75,0.07435,0.3205,0.6559,0.1041,0.2354,0.2088,0.3814,0.4052,-2.729,0.005825,1.226,4.034,kitchen,0.3715262605270585,0.2659488174305435,0.2528610804034406,0.3791863717141617,0.2226611645982603,0.2324941266136219,0.3566709281832552,0.2432783608586321,0.8059518863431434,0.269140993750744,0.2570922062757733,0.2390439243864326,0,1,1,1,0,1,0,0,1,0,0,0,1,3642.85766297259,212.99380948407,21.2301973135144
774,kitchen_2274.png,77.737,0.09302,0.1514,0.6574,0.1596,0.1691,0.2113,0.325,0.3273,-2.49,0.01168,1.342,3.75,kitchen,0.3415555788251445,0.2634463363351798,0.2358568276808245,0.3433978696475942,0.2368330900856657,0.2590330340320593,0.3032930680821629,0.2081541654012044,0.7138614209026876,0.2568856649765785,0.2894998015799082,0.2454445470574646,0,1,1,0,0,0,0,0,0,0,0,0,1,4141.29983407136,918.40594989044,7.89451607828728
775,kitchen_2281.png,86.417,0.9922,0.2886,0.5622,0.1674,0.2198,0.2056,0.393,0.3566,-2.668,0.005737,1.3,3.586,kitchen,0.3547517874785089,0.2720549974001099,0.2478890121826871,0.3731342927598158,0.2086494509509564,0.2223150776584936,0.3521510735190621,0.237518819827694,0.7489336937621741,0.292265140649817,0.3018564223452165,0.2062957297578823,0,1,0,1,0,1,1,0,0,0,0,0,1,3870.03295254934,737.8496071824,11.8723239679933
776,kitchen_2294.png,40.714,0.05094,0.1917,0.493,0.2331,0.1793,0.15,0.3126,0.397,-2.784,0.00722,1.215,3.837,kitchen,0.3535371983473452,0.2662855897699128,0.201611151091663,0.334503855505316,0.2225073629814858,0.2180226590404783,0.2464859945816465,0.1961538432348626,0.7245751443535076,0.2827100263872659,0.2923352286326557,0.2711883834074707,0,1,1,0,0,0,0,0,0,0,0,0,0,3517.68937111364,814.492717473569,36.2345974042307
777,kitchen_2298.png,92.452,0.1055,0.1768,0.6426,0.08032,0.1168,0.2612,0.3714,0.311,-2.694,0.005506,1.268,3.99,kitchen,0.3240426095955039,0.2584896643507864,0.2427747382687955,0.3276918546262604,0.211807399386634,0.2119089801360121,0.3485290026269332,0.2262208776205619,0.8141798261788206,0.2103093611933409,0.2263802157899256,0.2134844851843881,0,0,1,0,0,0,1,0,0,0,0,0,1,3560.27083506483,1137.30667952246,14.7341783162366
778,kitchen_2305.png,95.489,0.03443,0.2565,0.6712,0.1565,0.2471,0.2097,0.3609,0.4029,-2.54,0.002761,1.321,4.072,kitchen,0.3438224288426589,0.2634507677442989,0.2565581986211583,0.3664913241832533,0.2235902031051478,0.2195141737575065,0.2949751583599608,0.2658000494119243,0.7328737018722321,0.3120503524539585,0.312623123495313,0.2387593490331805,0,1,1,0,1,0,1,0,0,0,0,1,1,2963.20395745094,195.189186998019,14.8064366928747
779,kitchen_2312.png,99.146,0.1699,0.2567,0.7299,0.1822,0.2429,0.2088,0.3733,0.4378,-2.661,0.01388,1.315,3.841,kitchen,0.3840815014715004,0.2728764076522458,0.2639531851145148,0.3821942171196658,0.222752646434175,0.2305510108183262,0.337836095067211,0.2182158793688965,0.7941328969769659,0.2897184896231921,0.2620091637683512,0.2527965055854692,0,1,1,1,0,1,0,0,1,0,0,0,1,3709.57221979075,322.58824670463,4.66432454611756
780,kitchen_2317.png,67.944,0.08135,0.05157,0.6892,0.2757,0.05309,0.1339,0.4264,0.4763,-2.58,0.008156,1.418,3.91,kitchen,0.2938991635849134,0.2381111100172796,0.19316148165531,0.3706519925549979,0.2261733071027067,0.220265870610491,0.3373965139671209,0.2331688539557745,0.7344274253039464,0.2612551873067953,0.2570141135525139,0.2511754678256554,0,1,1,0,1,0,0,0,0,0,1,0,1,3855.35912901828,739.822162524321,30.1218854386263
781,kitchen_2318.png,109.571,0.09533,0.3664,0.5621,0.1189,0.2081,0.2167,0.4304,0.4586,-2.465,0.006463,1.528,3.659,kitchen,0.3478768645523692,0.2632224569726749,0.256369867558703,0.321673960584539,0.1989987195123116,0.2270450909421846,0.3573387405275772,0.2482213829653316,0.792661831058756,0.2860818387019184,0.2453833132520621,0.2180518705753472,0,0,1,1,0,1,1,0,1,0,0,0,1,3906.93184283776,159.824425912286,6.03595746711575
782,kitchen_2324.png,52.972,0.07068,0.1576,0.7356,0.1668,0.2208,0.1987,0.2358,0.3837,-2.613,0.007416,1.227,3.939,kitchen,0.3550148678164299,0.2679314047415418,0.2342004371627623,0.3328888932418204,0.2344143735213999,0.2690312035024483,0.2657484251552525,0.2214291277178646,0.7471222795247818,0.3185041699534318,0.2747360285966391,0.2496089188864009,0,0,1,0,1,0,1,0,1,0,0,0,1,4440.78812677341,314.553591057312,14.3968523054711
783,kitchen_2325.png,78.652,0.04387,0.219,0.5844,0.09184,0.1675,0.1852,0.4462,0.425,-2.377,0.01045,1.47,3.92,kitchen,0.3229539495167872,0.2603006145068912,0.2272994974873415,0.3295307240295213,0.2317410093180412,0.2350718678467125,0.2496946112613761,0.2357490453225481,0.7439772925886993,0.2898333765965782,0.2735247766219596,0.2487248803277113,0,0,1,0,0,0,0,0,0,0,0,0,1,3654.74928675698,238.275973187175,10.8312986452386
784,kitchen_2330.png,121.918,0.07621,0.4291,0.5413,0.05663,0.2109,0.287,0.4394,0.4393,-2.882,0.01593,1.379,3.646,kitchen,0.3295544387126868,0.2451158764752326,0.2396854121946727,0.3782276348357394,0.2128972969156382,0.2061570826428404,0.4404160852307868,0.295117202583647,0.7667746153186001,0.267651961463538,0.279751724173027,0.2107181252995358,0,0,1,0,0,0,0,0,0,0,0,0,1,3489.5840875516,679.520327111727,8.55782299803823
785,kitchen_2331.png,89.069,0.0651,0.3019,0.3853,0.103,0.1614,0.229,0.4088,0.431,-2.751,0.01585,1.381,4.0,kitchen,0.3103076045881207,0.2677098247878758,0.242283257002223,0.4210496149258855,0.2382781141483409,0.2065850738726245,0.378002718396728,0.2619787831395157,0.7368976335094027,0.2790555311360843,0.2836172242555569,0.2300892301664946,0,1,1,1,0,0,0,0,1,0,0,0,1,3836.49685067563,0.0,29.1047125520985
786,kitchen_2332.png,67.602,0.09072,0.3679,0.62,0.03796,0.1869,0.2314,0.3759,0.4097,-2.917,0.01134,1.166,3.557,kitchen,0.3489681041759189,0.2837883210010221,0.2440381102061829,0.3755490399827803,0.2261852251419071,0.2173843680100438,0.255555702139504,0.2288102952007376,0.8168241908885165,0.2678846060415692,0.2300568232903586,0.2313091121168046,0,1,1,0,0,0,0,0,0,0,0,0,1,4333.6156132748,1518.86047350528,17.6168008727365
787,kitchen_2335.png,66.561,0.06353,0.2402,0.5316,0.11,0.2212,0.1862,0.319,0.3209,-2.609,0.00918,1.276,3.456,kitchen,0.3098371841655055,0.2569266304536357,0.2388349441017686,0.3442828280537996,0.2241060782861992,0.2392140491187808,0.4167865944824324,0.2275343928132188,0.7700170064593185,0.2621779448658324,0.271200074468929,0.2069884337744203,0,0,1,0,1,0,1,0,0,0,0,1,1,2657.72493293035,1597.64546073026,17.3395318690098
788,kitchen_2340.png,63.798,0.08563,0.3586,0.5876,0.03214,0.2401,0.2399,0.2834,0.2938,-2.932,0.005713,1.323,4.002,kitchen,0.4167433223409464,0.284331855272359,0.2689629959366856,0.3447272352322627,0.2543004222415098,0.2555947790999933,0.3157381705020386,0.252849306556459,0.7993779481014551,0.2661236889577997,0.2567539294139301,0.2422974136141171,0,0,1,0,0,1,0,0,0,0,0,0,1,3021.69799214342,676.589971320505,17.6090499901255
789,kitchen_2345.png,49.475,0.1395,0.1255,0.5742,0.1737,0.2299,0.124,0.321,0.3092,-2.725,0.01016,1.251,3.803,kitchen,0.3656065695054682,0.2651040151081812,0.2196684498276702,0.3775673702172887,0.2298111941793985,0.2486556558513273,0.3074161917793669,0.2411937982728164,0.7827556420522821,0.3036489458580387,0.2542511383992551,0.2380059697544657,0,1,1,0,0,0,0,0,0,0,0,0,1,3363.52816718899,341.354292817357,20.4103977451687
790,kitchen_2362.png,99.259,0.2007,0.1336,0.7353,0.2249,0.1517,0.2528,0.3626,0.3462,-2.702,0.01098,1.236,3.65,kitchen,0.3041245891523951,0.2417746627768227,0.2612084642712587,0.3620060370152088,0.2090330247094053,0.2238711576528531,0.3746105105562748,0.2762266368907368,0.7277481776906652,0.2812590850403743,0.2799177538570951,0.2245275549826597,0,1,1,0,1,0,1,0,1,0,0,0,0,3275.2922520898,0.0,17.8703737732217
791,kitchen_2363.png,72.3,0.1185,0.4819,0.54,0.02844,0.1394,0.2063,0.4195,0.3983,-2.722,0.0104,1.315,3.706,kitchen,0.2795020032219195,0.2519530456943734,0.2348261158701367,0.339548453474373,0.1802692106990704,0.1988735173848566,0.3812220118448955,0.1945330449547454,0.7812609882030018,0.2562509460862106,0.2482848480707081,0.2097901820388194,0,0,1,0,0,1,0,0,0,0,0,1,1,3185.38121525333,508.432316350923,14.2127919983201
792,kitchen_2368.png,89.92,0.1938,0.2959,0.3834,0.1707,0.2278,0.2271,0.3436,0.3665,-2.829,0.008372,1.397,4.029,kitchen,0.4244584377122498,0.2954917729824037,0.3995892041195154,0.3400129667385788,0.2384092035028417,0.2428206778889361,0.3498302368679121,0.245329667909564,0.8058938111094257,0.2890888952181101,0.2233849617120798,0.2441051735451151,0,1,1,1,0,1,1,1,1,0,1,0,1,4327.11480060049,0.0,20.1963008103626
793,kitchen_2376.png,130.498,0.07178,0.5395,0.5157,0.1114,0.3232,0.2741,0.3667,0.4042,-2.713,0.01266,1.488,4.268,kitchen,0.3106826585351083,0.2689871965252638,0.2799988195007846,0.3204477315943483,0.200837000407031,0.2053271287854638,0.438332667358105,0.2893898025459241,0.8032624994356724,0.2151103989512591,0.1990696327545072,0.2406488447960532,0,1,1,1,0,1,1,0,1,0,1,0,1,3062.02795208203,0.0,19.8883534068887
794,kitchen_2378.png,72.81,0.07592,0.3928,0.5061,0.09855,0.2606,0.2188,0.3343,0.4136,-2.966,0.006401,1.303,3.84,kitchen,0.3847694902311428,0.2804607717663625,0.2629234013007834,0.3467661614235092,0.2166750137237493,0.2216247880125044,0.2922287557493586,0.2097630506490525,0.8118736708502595,0.2896708288626155,0.2367252205556684,0.240703830573207,0,1,1,0,0,1,0,0,0,0,0,0,0,3993.31383235648,907.759042199856,5.78770041274256
795,kitchen_2395.png,74.412,0.1178,0.0978,0.5381,0.1615,0.09119,0.2146,0.2608,0.3228,-2.779,0.011,1.322,3.669,kitchen,0.3576397306047977,0.2533168436495323,0.2468888172266754,0.3545108437935987,0.2101337027366769,0.2143386614684091,0.3234461198602019,0.1899727120265993,0.7906871328279764,0.2363500504525808,0.2479921503259781,0.2177691915096815,0,1,1,0,1,0,0,0,1,0,0,0,1,4525.65235211579,1025.45646219216,2.05131605361166
796,kitchen_2404.png,103.493,0.1581,0.2569,0.4798,0.1339,0.2218,0.1974,0.3217,0.2974,-2.811,0.01042,1.376,3.865,kitchen,0.3652466023840465,0.2591223967836815,0.273278993287764,0.3343350190261271,0.2232771238803982,0.2309085345723013,0.4353612309265572,0.28124720851294,0.8063608754141434,0.214641048204289,0.2232718682944096,0.2230902212930601,0,0,1,1,0,0,1,0,0,0,1,1,0,3817.88612890731,165.595571174799,27.6566705403422
797,kitchen_2414.png,65.646,0.1026,0.4384,0.4489,0.08898,0.2364,0.1888,0.4267,0.3148,-2.741,0.01143,1.286,4.123,kitchen,0.3836859996007646,0.2821389706378607,0.3202779687180435,0.3232015354729805,0.2444188190947057,0.2504355364791259,0.375259115645626,0.2661477024841585,0.8377455458906724,0.2457160575759923,0.2055112729883319,0.22740880915311,0,1,1,1,0,1,1,0,1,0,0,0,1,3218.94317295749,620.734636394136,17.9821014984307
798,kitchen_2415.png,77.478,0.5375,0.2959,0.4844,0.258,0.2131,0.2565,0.3521,0.416,-2.711,0.005583,1.303,3.825,kitchen,0.3561823411642651,0.2591830159236994,0.2452794559330026,0.3679811057039255,0.2153519149490957,0.2162815157352039,0.3372708778091522,0.2508402422316791,0.772448418775142,0.2612731018451669,0.2450600261757446,0.2512293454750297,0,1,1,0,0,0,1,0,0,0,0,0,1,4347.64664516974,193.434895332767,31.155538401282
799,kitchen_2425.png,97.336,0.07436,0.2567,0.6313,0.1678,0.1553,0.2511,0.2934,0.3692,-2.819,0.009159,1.315,3.561,kitchen,0.3020078957819304,0.2559393389961304,0.2377110078857032,0.3364653452797185,0.204073497469897,0.2235124127532052,0.30531822790842,0.230044682649835,0.8112870225156322,0.3054896873325735,0.2483579436775153,0.1903862890576707,0,1,1,0,0,0,0,0,0,0,0,0,0,4493.21213887806,213.193924352349,17.2306592734514
800,kitchen_2432.png,86.711,0.05626,0.789,0.4317,0.05367,0.2698,0.1981,0.4121,0.4134,-2.631,0.00642,1.439,3.956,kitchen,0.3458670570529707,0.2857347681241262,0.314967672364135,0.3361194679381341,0.230714243457287,0.2082723177620627,0.2797498831074902,0.2479336198128338,0.8013931820751927,0.2769696007650047,0.2488532281341103,0.2127147038284298,0,0,1,0,1,0,0,0,0,0,1,0,1,3778.02613681467,470.831250958308,18.2490476232644
801,kitchen_2445.png,109.577,0.0888,0.3906,0.5773,0.06758,0.3062,0.2761,0.3055,0.3483,-2.854,0.006683,1.345,3.774,kitchen,0.3043843561761221,0.2591334907976824,0.2087844485951,0.403210472354833,0.2190915080617289,0.2140872825524841,0.3115061883239308,0.2262951361809393,0.7495792778594168,0.2590669372496688,0.266909367848446,0.2112046863849098,0,1,1,0,0,0,0,0,0,0,0,0,0,3428.35199861632,520.750443983036,17.8202716422005
802,kitchen_2456.png,67.673,0.1431,0.2724,0.5944,0.2151,0.182,0.2621,0.413,0.3608,-2.78,0.01063,1.253,3.839,kitchen,0.3677250825161821,0.271040700781646,0.2569368774906035,0.3578867668496392,0.2202564728498748,0.224561114056916,0.3002550808569779,0.223662202069706,0.7990235614686534,0.2847052979761895,0.2257557372321827,0.2320132674636691,0,0,1,1,0,0,0,0,0,0,0,1,0,4285.93776903148,638.946113897731,20.1179848291292
803,kitchen_2460.png,126.333,0.1302,0.4355,0.5881,0.09366,0.2629,0.2516,0.4216,0.4053,-2.853,0.006119,1.403,3.945,kitchen,0.4409102831421131,0.2857427597056784,0.3365607957608885,0.3312312117852604,0.2384148056867118,0.2529471029157311,0.3582778709448687,0.221376795580733,0.7906972610930276,0.2505995448648145,0.2398999901578072,0.2449298902129888,0,1,1,0,0,1,0,0,1,0,0,0,1,2664.74655564912,0.0,21.4068533107199
804,kitchen_2473.png,101.134,0.1233,0.4015,0.6754,0.06697,0.2165,0.2861,0.3141,0.426,-2.823,0.01485,1.254,3.732,kitchen,0.3241212759079957,0.2609824308886267,0.1985430286163322,0.4127037975141542,0.2131565859072958,0.2058732449835357,0.346517648043493,0.2290479675304451,0.7851421209683429,0.2629546155681649,0.2759773742420419,0.2017455170176932,0,1,1,0,0,0,0,0,0,0,0,0,0,4017.42452308819,227.079241154096,19.6226211907606
805,kitchen_2486.png,82.926,0.08538,0.1776,0.519,0.07717,0.1467,0.2161,0.351,0.3831,-2.872,0.01081,1.273,3.997,kitchen,0.3180189185968231,0.2508332686250745,0.2147895732691612,0.3719582985257179,0.2407536581884627,0.2278668020736642,0.4115871625302623,0.2870154250726698,0.831555341277268,0.2388957641572775,0.1732124637489603,0.2402996370716301,0,1,1,0,1,0,0,0,0,0,0,1,0,3552.35072881006,819.343317439777,8.19283626541752
806,kitchen_2496.png,111.839,0.1037,0.324,0.4733,0.1309,0.2027,0.2297,0.4111,0.3647,-2.758,0.01175,1.378,4.052,kitchen,0.3609976637109259,0.2800995576567714,0.2583433458821593,0.3214139735854048,0.2442838959603743,0.2460433324599896,0.4389374695249003,0.2857897232156672,0.7576413803916487,0.2332711092060843,0.2552029641894078,0.2481326668547815,0,0,1,1,1,0,1,0,0,0,0,0,1,3654.8368258275,0.0,26.7855833465741
807,kitchen_2499.png,97.121,0.06929,0.4222,0.4954,0.1135,0.2516,0.2608,0.354,0.3514,-2.819,0.01151,1.331,3.909,kitchen,0.3507628701005204,0.2490496387408188,0.2635444006456796,0.3531353756509119,0.1931036090533739,0.2043897143330989,0.3248278680538483,0.2141781280058756,0.8255771951543129,0.232254890682738,0.2251346659106372,0.1876254495521129,0,1,1,0,0,1,0,0,0,0,0,0,0,4187.37685634888,174.677200987777,15.3053386906337
808,kitchen_2523.png,60.069,0.02357,0.2515,0.6153,0.1401,0.2714,0.2053,0.3505,0.3255,-2.886,0.008538,1.201,3.757,kitchen,0.4734555343399294,0.2506912017585535,0.3048974400385078,0.3185584016241732,0.2356303280361063,0.2218776252571039,0.2607336495971603,0.1974039048866451,0.780109968249059,0.2771675442602734,0.2539032278382309,0.2393825542818738,0,1,1,1,0,1,1,0,0,0,0,0,1,3725.92262848458,716.840724932037,18.8393573983455
809,kitchen_2534.png,140.222,0.04611,0.4842,0.5641,0.07019,0.3743,0.2299,0.4044,0.4033,-2.48,0.009878,1.485,3.952,kitchen,0.3915883454071641,0.2704657696330094,0.2887306013014566,0.3349869949347473,0.2115985771650078,0.225614634255333,0.3254593220375721,0.2012773309250147,0.7639374602369726,0.2540396721066856,0.288126849932765,0.2370013010145208,0,1,1,1,0,1,0,0,1,0,0,1,1,3809.76575426202,0.0,17.1109728004381
810,kitchen_2535.png,123.866,0.3062,0.1486,0.6962,0.2517,0.1453,0.2167,0.4307,0.414,-2.712,0.02082,1.426,3.72,kitchen,0.4394926853020703,0.2635366343476279,0.3082050903287187,0.3257994291399896,0.2495880111143695,0.2453485869677183,0.3189635210904364,0.2822683157521352,0.766371692995307,0.2359620896352353,0.2483935991125985,0.2310538769908416,0,1,1,1,1,1,1,0,1,0,1,1,1,4622.2847285869,581.888249531914,17.3095021207899
811,kitchen_2538.png,73.661,0.07626,0.2609,0.5093,0.06385,0.1927,0.2426,0.3731,0.3238,-2.508,0.01054,1.377,4.064,kitchen,0.3310399656201946,0.2604848857558917,0.2430602505764725,0.3293776629288888,0.19963052718891,0.2189405541653628,0.3487686903255493,0.2209406400819102,0.7841957594833929,0.2474605487097411,0.2375391449297032,0.2236749168732122,0,0,1,0,0,0,1,0,1,0,0,0,0,3461.52312441232,0.0,9.60899051636985
812,kitchen_2541.png,74.555,0.8159,0.1805,0.4288,0.3315,0.1868,0.2664,0.3326,0.3547,-2.896,0.007081,1.219,3.787,kitchen,0.2799713249364145,0.266997908686849,0.2219336991687613,0.4017625083005216,0.2286137012026909,0.2459244112783064,0.4036288831743598,0.2279781112579747,0.6969201123727088,0.2904281984989159,0.3250382435674943,0.2227448702187436,0,1,1,1,0,1,0,0,0,0,0,0,0,3996.64410645747,879.562129631329,18.1256199450853
813,kitchen_2544.png,92.335,0.1467,0.1935,0.6568,0.1047,0.2029,0.2407,0.3685,0.3425,-2.768,0.01073,1.307,3.757,kitchen,0.3393649953654316,0.2537677366531461,0.2323974652703783,0.3384192913460842,0.2223930329811189,0.2425021941925143,0.3352522236675723,0.2249236587796021,0.7550838473957996,0.2586746665672435,0.2617974019217163,0.2327425886202086,0,1,1,0,1,0,1,0,0,0,0,0,1,2435.09237898438,0.0,16.2683010161673
814,kitchen_2546.png,122.802,0.4961,0.1544,0.6673,0.2117,0.1496,0.2142,0.4562,0.4319,-2.757,0.01534,1.411,3.461,kitchen,0.340063528501565,0.2308082250722795,0.2182305211759653,0.321383913982268,0.2161534166532162,0.2182354787022702,0.3808175837962553,0.2817146254345583,0.757578593154902,0.2015466649996196,0.2371347569782058,0.1972273698338878,0,0,1,0,1,0,1,0,0,1,0,1,0,3872.13010977495,0.0,19.5746618945467
815,kitchen_2551.png,85.934,0.1187,0.5025,0.4671,0.07677,0.2595,0.2474,0.2791,0.3467,-2.893,0.00591,1.268,3.81,kitchen,0.4120061990669025,0.2660422347462181,0.2754790932397555,0.3440327668361492,0.2198762716571357,0.2164166117667903,0.4397234271889624,0.2244992997008058,0.843055326297591,0.233609850549564,0.20910604836223,0.2034133229168028,0,0,1,1,0,1,1,0,1,0,1,1,1,2854.47925259088,677.566962670628,4.99945390969097
816,kitchen_2563.png,64.688,0.9684,0.2574,0.7332,0.1975,0.1509,0.1578,0.3565,0.4051,-2.747,0.009594,1.393,3.829,kitchen,0.2980707685156918,0.2618261439133312,0.2136907204097222,0.4023670399689143,0.2589376018218066,0.2465119916166868,0.3222689760618739,0.2593703559523908,0.7718091595444511,0.284686297515695,0.2544583040344448,0.2396873246037612,0,1,1,0,0,0,0,0,0,0,0,0,1,4757.88508060463,1462.1585273161,26.3872816683254
817,kitchen_2570.png,97.39,0.08516,0.5895,0.6692,0.03038,0.2816,0.1871,0.4404,0.4738,-2.613,0.01145,1.44,4.131,kitchen,0.2903888336823401,0.2647646348253566,0.2583625884008716,0.3594393842568562,0.2190454520543714,0.2199141658200984,0.3376738277585573,0.2579813086930327,0.7756435955982127,0.2451821745074771,0.269459607828057,0.2094912229598567,0,1,1,1,0,1,1,0,1,0,0,1,0,3374.34583456164,164.527298190113,12.2611154804872
818,kitchen_2578.png,126.732,0.08183,0.331,0.516,0.1408,0.2613,0.2769,0.3792,0.3899,-2.879,0.01354,1.313,3.969,kitchen,0.3900136915925279,0.2542933216404658,0.3095641940320167,0.3560452867918957,0.2197122819124159,0.1998896181442118,0.3308629756464342,0.2608786218588049,0.7942719352078422,0.2059366479788526,0.2235640244498849,0.2198936762417807,0,1,1,1,1,1,0,0,0,0,0,0,0,3517.53657769886,179.608865807727,20.9163938006794
819,kitchen_2597.png,65.366,0.08473,0.2753,0.6664,0.07381,0.2407,0.1762,0.3504,0.3893,-2.76,0.007219,1.305,4.073,kitchen,0.3119785004871982,0.2768372303322825,0.2812391820767695,0.3117547696552551,0.2405066128112663,0.2672864305238597,0.3335890625695865,0.2901308718105185,0.7601668479517737,0.3160637685112382,0.252220398756788,0.2552346948457428,0,1,1,0,0,0,0,0,0,0,0,0,1,3109.04386515926,356.169291178986,20.2419810104133
820,kitchen_2602.png,107.624,0.09912,0.327,0.5694,0.06125,0.1728,0.2126,0.4055,0.4174,-2.626,0.01022,1.384,4.03,kitchen,0.3320979796844104,0.2557941137509658,0.2311582559713379,0.3161738948965162,0.2309052432800344,0.2262708600902762,0.3702457277553381,0.2827476261470046,0.6909423516078377,0.2663508832083597,0.2748030117240663,0.272114760805251,0,1,1,0,1,0,0,0,0,0,0,0,1,2977.06882090881,701.701152237494,27.1763501654361
821,kitchen_2619.png,92.063,0.07708,0.4103,0.5835,0.05346,0.2721,0.205,0.3905,0.3896,-2.752,0.005321,1.358,4.018,kitchen,0.3526342691151368,0.2648454852960977,0.2631126137185456,0.3653986656897693,0.2141499492779517,0.2164745831321699,0.3382802797998374,0.2592956534313764,0.7300698657904251,0.2558183705271658,0.301390947623068,0.2310301630330287,0,1,1,1,1,0,0,0,1,1,0,0,1,3341.61005605841,675.371232326074,9.41073976257409
822,kitchen_2636.png,78.891,0.1027,0.1371,0.4468,0.0889,0.09275,0.2118,0.3635,0.338,-2.845,0.01488,1.354,3.767,kitchen,0.3199478489400998,0.2572737915715402,0.2302527622906115,0.3260988262741842,0.2169693587637751,0.211524146155283,0.419970817637322,0.2393151467079405,0.6606784308862286,0.2218691388141342,0.330817859066816,0.2594741876521776,0,1,1,0,1,0,0,0,0,0,0,1,0,3418.05884288668,961.692393441644,0.0
823,kitchen_2656.png,130.583,0.08515,0.4129,0.5775,0.139,0.2853,0.2055,0.484,0.4953,-2.452,0.007965,1.576,4.091,kitchen,0.2843829649225113,0.2924618310894705,0.2935041077572344,0.3245231785752218,0.2273075424719082,0.2507534829449676,0.3573932753559431,0.3503979463454596,0.703202098824327,0.247705173475603,0.2865768647752769,0.2480520730570033,0,0,1,1,1,1,0,1,1,1,0,1,1,3056.26857796481,154.650974269679,15.2784428876473
824,kitchen_2660.png,100.53,0.08031,0.5349,0.5456,0.03629,0.1927,0.2081,0.4287,0.407,-2.707,0.01333,1.448,4.039,kitchen,0.3368484808238804,0.2718483205216401,0.2692231063611483,0.31199301642859,0.2292389713033845,0.2391880619781559,0.4586306462203911,0.2877096136656191,0.798802769773557,0.2960949055353546,0.256350959751521,0.2199181260774043,0,1,1,1,0,0,1,0,0,0,0,1,0,2901.69668179911,0.0,30.4578354966047
825,kitchen_2662.png,92.907,0.08339,0.5524,0.537,0.06801,0.2878,0.2393,0.3502,0.4119,-2.966,0.01403,1.251,3.415,kitchen,0.3622950688011707,0.2801054114030548,0.266740385543589,0.3555303063438972,0.2165076579676173,0.2276339173836386,0.413137916322677,0.2725264737904375,0.8238124966502536,0.2866870531667007,0.2326036068548522,0.2192813569554642,0,1,1,1,1,1,1,0,0,0,0,0,1,4782.32771234545,1561.21214757942,7.465844476356
826,kitchen_2665.png,107.336,0.06478,0.4477,0.4691,0.04729,0.2878,0.2926,0.3138,0.295,-2.748,0.01135,1.315,3.691,kitchen,0.3499224966885823,0.2535725452395705,0.2575561561149466,0.3626800060141191,0.199341715655159,0.1914739521771644,0.3516969286011975,0.2529497170978888,0.7696311575193048,0.253850876499553,0.262188904267229,0.223418611869889,0,1,1,1,0,0,1,0,0,0,1,0,1,2767.08928795032,1180.61363562852,20.849865199446
827,kitchen_2671.png,54.901,0.07441,0.3981,0.3124,0.131,0.2552,0.1725,0.3141,0.3986,-2.983,0.01382,1.312,3.67,kitchen,0.3448483482932555,0.266994640443929,0.2272067321178897,0.3235917658310089,0.1993161030995167,0.201330778338192,0.2966609160437065,0.1884024699514315,0.792425470182215,0.2643736402907154,0.231566450076211,0.2264213540013197,0,1,1,0,0,0,0,0,0,0,0,0,1,4105.04009833047,615.645982563605,14.4079668659978
828,kitchen_2789.png,140.752,0.06975,0.5081,0.6425,0.06606,0.2598,0.2162,0.4573,0.4613,-2.762,0.01303,1.476,3.773,kitchen,0.3955676720367422,0.2717687979237936,0.330920836207531,0.3094084750736395,0.2180225054810233,0.213754171661611,0.3560952501832979,0.2422761661382588,0.7669714887459963,0.2460784534909769,0.2063206825830584,0.2661809783951652,0,1,1,0,1,1,0,0,0,0,0,0,0,3722.89190129014,287.046827169472,16.0552634827892
829,kitchen_2796.png,88.697,0.06693,0.1979,0.6542,0.1351,0.1824,0.1935,0.3554,0.3829,-2.875,0.01014,1.307,3.876,kitchen,0.3497315921621515,0.2634060065590559,0.2382324980850315,0.3620204164636006,0.2259478810918397,0.226688963054803,0.3800821358812067,0.2417041077641454,0.7956473738034392,0.278690484600173,0.2602435450103397,0.2088132150567319,0,0,1,0,0,0,1,0,0,0,1,1,0,3623.90498219718,387.509616189651,18.2285701914669
830,kitchen_2798.png,97.841,0.05511,0.3158,0.6991,0.1195,0.2408,0.1831,0.3443,0.4264,-2.777,0.01207,1.338,3.8,kitchen,0.4049179263223001,0.2758619898899596,0.2382711039092795,0.3811872050054617,0.2541370972028379,0.2449788273620477,0.2972897316303897,0.226827431574405,0.7571406076942961,0.2559165095832555,0.2841503367506067,0.2522477730924123,0,1,1,0,0,0,0,0,0,0,1,0,0,3752.77564448875,520.844893461469,11.0372852360054
831,kitchen_2809.png,92.245,0.08001,0.3601,0.6349,0.1434,0.2823,0.189,0.3712,0.4058,-2.762,0.00502,1.355,4.094,kitchen,0.3836087545134238,0.2639920024033993,0.2864076819731742,0.3403089575006567,0.2079713867331956,0.2249094533625525,0.3835395770188354,0.2508774757453377,0.8058378035799506,0.3051215685486516,0.2450338093309813,0.2213586336364012,0,0,1,1,0,0,1,0,0,0,0,0,1,3372.55012145186,761.072400233582,14.0357169724124
832,kitchen_2814.png,127.844,0.04997,0.3761,0.6356,0.09987,0.2309,0.191,0.411,0.4532,-2.635,0.00844,1.483,3.95,kitchen,0.3701611856057096,0.2608990496953686,0.2895964570984079,0.3510490973202901,0.2079010523570483,0.1952401242897598,0.3296873197291434,0.2543811396307896,0.7771788348458029,0.228336070359778,0.2493454706695191,0.2108542550920683,0,1,1,1,1,0,1,0,1,1,0,0,1,3732.40907458004,165.204045963314,5.65394492927284
833,kitchen_2815.png,131.104,0.07417,0.3557,0.6118,0.1227,0.2375,0.2308,0.3765,0.3979,-2.744,0.007508,1.462,4.196,kitchen,0.3377487615078112,0.2610093373123994,0.2569071922494861,0.3472509120082403,0.2427625609310343,0.2380409767185601,0.4015012849607919,0.2810953314767725,0.7513648185657641,0.2377202564352949,0.2462253666928161,0.2452208490885075,0,1,1,0,0,0,1,0,0,0,0,0,1,2556.39597846665,0.0,17.8644189348351
834,kitchen_2824.png,137.852,0.04076,0.3745,0.598,0.08303,0.2438,0.2373,0.4766,0.4806,-2.888,0.01304,1.441,3.489,kitchen,0.3252735831737069,0.271939810049805,0.2637969363276273,0.345080451213511,0.2126722372443467,0.2168161975337235,0.3340719517550661,0.2742983665984486,0.8132529621344085,0.239157786198214,0.1808813122037672,0.2657374238515041,0,1,1,0,0,0,1,0,0,0,0,0,1,3674.75430175451,585.989157883216,14.088558669022
835,kitchen_2828.png,94.126,0.07137,0.2933,0.6673,0.1365,0.2085,0.1733,0.3937,0.3763,-2.775,0.009973,1.393,3.817,kitchen,0.2885144172729083,0.2531557228058788,0.1981647610584426,0.4269976549806095,0.2313883304355811,0.2334832333532532,0.2707122083786721,0.1955979130799925,0.7638285098097832,0.3023677574405671,0.2915470306778391,0.2156185496577808,0,1,1,0,0,0,1,0,0,0,0,0,0,2462.80100141947,718.807080673539,12.8945414085896
836,kitchen_2841.png,93.246,0.08912,0.2629,0.6093,0.1621,0.179,0.1605,0.3598,0.3925,-2.668,0.01311,1.434,3.571,kitchen,0.3197273017413171,0.2515162659989919,0.2426172532584291,0.3258106310122489,0.213566873731064,0.2336411296042028,0.3127550125485037,0.1986028000994487,0.7143616712246544,0.3176461610362731,0.273271304337043,0.2584895095037273,0,1,1,0,0,0,0,0,1,0,0,0,1,4132.53512875603,514.824052094453,12.9717273365322
837,kitchen_2846.png,116.153,0.006889,0.3284,0.5875,0.1628,0.2502,0.2528,0.3662,0.3965,-2.71,0.008957,1.414,4.061,kitchen,0.3249259123595409,0.2698390503369479,0.2611190024831886,0.3738869804672204,0.1917790277927385,0.2051900712819439,0.4037802550125942,0.2325976014030607,0.8327775970041076,0.2438127127664359,0.2009270071863036,0.2191268908388832,0,1,1,0,0,0,0,0,0,0,0,0,0,3680.4563814944,0.0,10.9541724383353
838,kitchen_2850.png,122.568,0.08729,0.3416,0.6783,0.08353,0.242,0.1948,0.4674,0.4187,-2.704,0.009982,1.391,3.786,kitchen,0.3571698197375625,0.2797160469619489,0.3006785337012204,0.3897357872612819,0.2228900558577817,0.2256040852905907,0.3013858583286335,0.2387463873268405,0.7529810238056975,0.2729746974744425,0.2772070555252127,0.2567165915913516,0,1,1,1,0,1,0,0,0,0,0,1,1,4614.8404242432,533.948458222109,19.4808255438064
839,kitchen_2851.png,93.899,0.0873,0.3979,0.6714,0.05743,0.1842,0.2077,0.3403,0.362,-2.86,0.005071,1.466,3.903,kitchen,0.3725600432836382,0.2650034443688017,0.2525262277923097,0.3605822800947794,0.2232932495801329,0.2329205235557055,0.3611451421532921,0.295288550096667,0.8064248776093073,0.2667232783619791,0.247210631071388,0.2191880117701301,0,1,1,1,0,0,0,0,1,0,0,0,1,3793.16186355314,212.555130847191,21.3219187791367
840,kitchen_2861.png,115.692,0.04564,0.2864,0.6341,0.1282,0.2324,0.2235,0.4289,0.4158,-2.717,0.01799,1.312,3.254,kitchen,0.2691978730802036,0.2456628420439708,0.1916007517971233,0.3744759154245484,0.176347191291344,0.1990086911273573,0.272631754915454,0.173610617280157,0.7926674557655785,0.2635746997083624,0.2182792005056857,0.2144415434995848,0,1,1,0,0,0,0,0,0,0,0,0,0,4059.68132640244,598.283806949194,10.6877747658507
841,kitchen_2865.png,87.638,0.09426,0.356,0.6707,0.07392,0.2044,0.2136,0.3919,0.3602,-2.64,0.006826,1.475,3.67,kitchen,0.3059993411522271,0.2654321870432886,0.2562522410355508,0.3412451363973675,0.2069715537868783,0.2251570099346238,0.3345792863076706,0.2531855593201372,0.7715449568402497,0.3046469056210006,0.2759072525149836,0.2146571950432309,0,1,1,0,0,0,0,0,0,0,0,0,1,2773.44160539837,0.0,29.7162460881152
842,kitchen_2870.png,128.972,0.05513,0.2742,0.6167,0.1425,0.2289,0.2515,0.4592,0.4277,-2.772,0.007644,1.333,3.943,kitchen,0.3205680370699717,0.2488376690326991,0.2306044222975705,0.3484616967554236,0.1961886865979084,0.2068439053283797,0.2958307165770398,0.2253816254689906,0.7403357776376563,0.2700211050126263,0.2609525173092055,0.2540878576717365,0,1,1,0,1,1,0,0,0,0,0,0,1,3489.61814191176,482.410343213858,14.2719797899308
843,kitchen_2871.png,103.818,0.9505,0.2369,0.667,0.1236,0.2415,0.1842,0.3831,0.3568,-2.667,0.01055,1.326,3.49,kitchen,0.3271988759145603,0.2576305081140443,0.2240089248909649,0.3959865489585929,0.2098630570803501,0.232282813024033,0.3206449198328424,0.2166108949417931,0.7637583317913539,0.2657170559511622,0.2676980389806888,0.2370412689367675,0,1,1,0,0,0,0,0,0,0,0,0,1,5187.57201378768,200.776380845827,21.4584642171909
844,kitchen_2873.png,113.605,0.08175,0.398,0.685,0.05381,0.2061,0.167,0.4186,0.424,-2.45,0.004324,1.535,3.868,kitchen,0.33812237328676,0.2841557569240681,0.2772319197677077,0.3684383422533358,0.2443874464425351,0.2515148365842115,0.3347120368480845,0.2643196269080494,0.7934098820392002,0.2521132281409806,0.2658809436419739,0.2164243150427065,0,0,1,1,0,1,1,0,1,0,1,0,1,2893.41390119734,240.027196438357,32.1454570727183
845,kitchen_2874.png,117.613,0.08191,0.4321,0.7199,0.06978,0.1995,0.1782,0.4553,0.3906,-2.497,0.01993,1.536,3.762,kitchen,0.3071251871290583,0.2569122487023905,0.2661493423366978,0.3286084285696788,0.1863581228717553,0.1897217238861552,0.3854890615551355,0.2740858239767447,0.7644544812680072,0.268849066490869,0.2537969310371137,0.2011067986989518,0,0,1,0,0,1,1,0,1,0,0,1,1,4052.94012622998,162.643123291661,39.1122273752197
846,kitchen_2875.png,110.767,0.0717,0.3172,0.5984,0.08406,0.2134,0.215,0.3733,0.3632,-2.629,0.006458,1.478,3.84,kitchen,0.3434490792817127,0.2625800223311859,0.2460594347885544,0.3065431074707888,0.2141564769254789,0.226137396719674,0.298057569261723,0.2247542781490288,0.7819901033767984,0.236561077172535,0.2204415369339772,0.243188701960258,0,1,1,0,1,1,1,0,0,0,0,0,1,3606.13475190669,216.47957812917,19.0941331967034
847,kitchen_2880.png,116.333,0.1014,0.3752,0.6728,0.07881,0.234,0.1891,0.416,0.4391,-2.666,0.009253,1.546,3.763,kitchen,0.3462767414909987,0.2594473177515015,0.2450932582088107,0.3254427862850877,0.2442344922813631,0.2652739580184307,0.3187610694082419,0.2363970969574611,0.7887633981598299,0.2589842276531038,0.2555273982987732,0.2373844687650898,0,0,1,1,0,1,0,0,1,0,0,0,1,2935.36094876546,296.41667843187,16.8073894586063
848,kitchen_2885.png,120.398,0.04028,0.4897,0.6677,0.05037,0.1931,0.1744,0.4591,0.4864,-2.578,0.008101,1.547,4.09,kitchen,0.3486586186190126,0.2718442142467526,0.2994754979931157,0.3429523233978766,0.2181942795917378,0.2341944841545493,0.2763324624942619,0.2061221973706999,0.8057710897401866,0.2503442085232239,0.2122082970329671,0.2501035498973472,0,0,1,0,0,0,0,0,0,0,1,0,1,4210.18011987685,158.287431274871,18.8155270839507
849,kitchen_2887.png,109.239,0.1084,0.3454,0.6169,0.1315,0.2596,0.2139,0.4175,0.3925,-2.782,0.007233,1.409,3.627,kitchen,0.4113132263194764,0.2842930512636414,0.3226386007801274,0.334627893296987,0.2426387498641535,0.2501033535668352,0.3468117543566513,0.2343815308172351,0.7591476205725988,0.2655372987533476,0.2304076127660934,0.2948353636985913,0,1,1,1,0,1,0,0,0,0,0,0,0,3442.6676451591,492.491932691855,21.1729898650041
850,kitchen_2888.png,103.788,0.07268,0.3792,0.6323,0.04448,0.174,0.2427,0.3539,0.3364,-2.625,0.01236,1.36,4.038,kitchen,0.4084329503048363,0.2800280958514027,0.3066589797087935,0.3252432721239989,0.2208061985063595,0.227383422561298,0.3432432059336542,0.2725870767687874,0.7997181078896838,0.2629045359131894,0.2432230057936747,0.238733595469365,0,0,1,1,0,1,1,0,0,0,0,0,1,3297.99409284528,220.470166677505,16.7213416505903
851,kitchen_2890.png,143.205,0.07244,0.4487,0.5919,0.05282,0.2341,0.2769,0.4935,0.4668,-2.735,0.01236,1.403,3.516,kitchen,0.3625176856514957,0.2943788490334423,0.3371441489594511,0.3648286765490249,0.1940991975870025,0.1968532559005358,0.3165644067725465,0.2548784029063444,0.7981072531160827,0.2440542082165335,0.2352242446262872,0.2135892158698944,0,1,1,1,0,0,0,0,1,0,1,0,1,3514.25727448569,346.870084564508,13.2579026701904
852,kitchen_2891.png,130.633,0.975,0.2224,0.6157,0.1924,0.1749,0.2085,0.4356,0.4063,-2.622,0.007981,1.48,4.111,kitchen,0.4478455079872607,0.2947260915062613,0.4029421261363907,0.28094183204238,0.2505272929191894,0.2518300994388482,0.3150791466998343,0.2793514644666696,0.7362121401727989,0.26587702448197,0.2741461324990594,0.2627069430222403,0,1,1,1,0,1,1,1,1,0,0,0,1,2686.7760732468,0.0,11.9242060671492
853,kitchen_2895.png,124.42,0.07678,0.3431,0.5877,0.1034,0.1664,0.2239,0.4235,0.3954,-2.612,0.01785,1.422,3.93,kitchen,0.476575936688037,0.2666440140430948,0.3915720588508417,0.2969820240900959,0.2136626700035659,0.2176845555272301,0.3628604193063492,0.2466782694921885,0.7554212130664463,0.2788966689903862,0.2298217854630654,0.2629627870782752,0,1,1,1,0,1,1,0,1,0,0,1,0,3496.98313752667,592.822703730688,9.3913675535433
854,kitchen_2896.png,117.679,0.05753,0.487,0.6796,0.04429,0.2376,0.1917,0.4452,0.417,-2.714,0.01036,1.386,3.722,kitchen,0.2960370134912176,0.2824990466939534,0.25084249314411,0.3570632783205263,0.2224061289484136,0.2152711912122842,0.3471086819656741,0.2370048279002644,0.8144423695329224,0.2397321688621697,0.2474665742084713,0.2020599938419098,0,1,1,0,0,0,0,0,0,0,0,0,1,4019.78465233367,439.983334385689,12.3418301993139
855,kitchen_2900.png,99.616,0.09808,0.4389,0.672,0.1035,0.2305,0.1624,0.3961,0.443,-2.558,0.01119,1.525,3.955,kitchen,0.3504206263398943,0.2518810850076937,0.2315879945951928,0.3576725669786122,0.2272399571657601,0.2589216502080042,0.2652756633853689,0.2213914025630429,0.7165905087375033,0.2743069910515796,0.2755333078694824,0.2666484408751483,0,1,1,0,0,0,0,0,1,0,0,0,1,3598.97129115729,0.0,10.2204685951335
856,kitchen_2901.png,96.374,0.1046,0.3294,0.6922,0.06956,0.2369,0.1708,0.3659,0.3804,-2.745,0.008814,1.39,3.802,kitchen,0.2980816887675699,0.2535864065735625,0.1941596020391593,0.3885593481443589,0.2187960643242432,0.2310913654933723,0.2824751161816354,0.2111933297368487,0.7298727497208706,0.2772216424408605,0.292888123472544,0.2373770842354208,0,1,1,0,0,0,1,0,0,0,0,1,0,2866.02011562432,0.0,21.1692103864565
857,kitchen_2903.png,111.243,0.09032,0.4204,0.6885,0.05638,0.2071,0.1668,0.5152,0.4739,-2.575,0.006786,1.526,4.155,kitchen,0.3204651243015972,0.2544425900646719,0.2546061117205457,0.322748462266525,0.2029652476704012,0.201075797931601,0.3466175490104885,0.2726419734910233,0.7546038055221337,0.2659354894198599,0.2958403338583758,0.1959291497102673,0,1,1,1,1,1,1,0,0,0,0,0,1,3471.56543446607,0.0,17.5291592380783
858,kitchen_2905.png,119.885,0.08293,0.4778,0.6718,0.1551,0.3033,0.2111,0.4624,0.3816,-2.678,0.005019,1.449,4.052,kitchen,0.3102188369808731,0.255453568781837,0.2402158176429038,0.3837266904747481,0.2113784162364733,0.2245031618357921,0.3960696586376928,0.2465756503159036,0.7865744845670721,0.2270928944127207,0.2332254821636753,0.2209761889990968,0,1,1,0,0,0,0,0,0,0,0,0,0,2693.39651407441,504.459295801513,24.2815704051937
859,kitchen_2907.png,77.017,0.07984,0.249,0.7075,0.03546,0.1712,0.1306,0.3518,0.3232,-2.636,0.01217,1.468,3.971,kitchen,0.3093465568206573,0.251243103625033,0.2207310842181269,0.3716330869368281,0.2156075370504957,0.2348127597542639,0.3372820296206548,0.2406150351716781,0.7407134517446644,0.2995727071743176,0.3013446823603831,0.2225682976714565,0,1,1,0,0,0,1,1,1,1,0,0,1,2759.65772207481,749.357332449856,24.2802742526743
860,kitchen_2914.png,68.741,0.09167,0.2432,0.589,0.1394,0.1588,0.2022,0.3065,0.3016,-2.764,0.0137,1.317,3.83,kitchen,0.2864726135786888,0.2254901880735973,0.2064565585423093,0.3519076668387793,0.1863034054758538,0.1891436119610129,0.4327549938030636,0.292603261113332,0.7795001480666391,0.2568364364863123,0.2454770648129621,0.1844813619426899,0,1,1,0,1,0,0,0,0,0,1,1,0,3005.5877164909,300.550568811685,22.6119549495687
861,kitchen_2940.png,132.83,0.06961,0.2518,0.5878,0.1407,0.236,0.2386,0.3906,0.4389,-2.898,0.01285,1.398,4.04,kitchen,0.3067748167724299,0.2511240960389095,0.2531219292738827,0.3460332531059615,0.2265297119559294,0.2021674560550289,0.4684923329223655,0.2845860416550662,0.7350349584702258,0.2258404307390224,0.2791119716292436,0.2159322205430719,0,1,1,0,0,1,0,0,1,0,0,0,0,2915.8648948671,0.0,15.5752708525179
862,kitchen_2941.png,56.299,0.1627,0.1442,0.3876,0.2858,0.1405,0.1936,0.3286,0.3244,-2.855,0.01529,1.275,3.567,kitchen,0.2922386676012393,0.2583768615554893,0.2309079681443531,0.3893204035250813,0.2302758306004248,0.2264259427601222,0.3491495831801642,0.2244637161971128,0.7657800346445645,0.248447801804005,0.2282922312158576,0.2347593872532004,0,0,1,0,0,0,0,0,0,0,0,1,0,4723.40975768169,936.178534543228,10.6032690687778
863,kitchen_2949.png,73.584,0.08285,0.6351,0.5416,0.05174,0.3068,0.2042,0.3839,0.4102,-2.769,0.008563,1.281,3.921,kitchen,0.3376100924238263,0.2555068401984436,0.2646333426597454,0.373623339920157,0.2401673498500032,0.2183284540375934,0.3290940606619475,0.2718448282500846,0.7714375165932066,0.2310397231380838,0.2681818860127984,0.2082094655981322,0,1,1,0,1,0,0,0,0,0,0,0,1,3433.19653709526,0.0,40.382198793795
864,kitchen_2952.png,97.904,0.1046,0.473,0.603,0.03421,0.1826,0.21,0.4095,0.398,-2.822,0.01539,1.404,3.986,kitchen,0.2918632661224662,0.2627585816668309,0.261460296206875,0.3915869135543604,0.2251350799595248,0.2390674409958987,0.5090643023352479,0.3069222415392494,0.8476256273376289,0.2739420306337878,0.2269313955317488,0.2013787630813272,0,0,1,1,1,0,0,0,1,0,0,0,1,2787.0968632742,374.800276354709,13.4558163804461
865,kitchen_2963.png,119.025,0.1009,0.2906,0.7392,0.1181,0.2382,0.2241,0.4046,0.4002,-2.695,0.009013,1.393,3.766,kitchen,0.423093667461499,0.267369302375663,0.2931977237872321,0.3522616230140349,0.2369939961717842,0.245314606673963,0.371116489957595,0.2702609290876984,0.7794106207689331,0.2508454068871231,0.2362001525792721,0.2479506224049104,0,1,1,1,0,1,0,0,1,0,0,0,1,3650.75285802425,454.279988487369,17.6632408387388
866,kitchen_2968.png,67.476,0.06632,0.1962,0.5582,0.1459,0.1337,0.1873,0.3332,0.3251,-2.724,0.00711,1.299,4.157,kitchen,0.3787008472557898,0.249136137792904,0.2312126493103161,0.3379659500002362,0.2258128792438308,0.2192738205101511,0.3241771105628293,0.2557755841826153,0.7176709528191927,0.3103549308683193,0.2649968957822914,0.2367899491799157,0,1,1,0,1,0,1,0,0,0,1,0,1,3174.94281064512,522.779911271243,16.8634301036273
867,kitchen_2987.png,95.634,0.04576,0.2363,0.6001,0.0742,0.1507,0.2734,0.3408,0.4241,-2.579,0.007286,1.315,4.083,kitchen,0.3363541255423863,0.2542497202872026,0.2367312047780993,0.3583976812929011,0.2139524598655028,0.2262949821754492,0.3240412937121026,0.2268832828891606,0.784305269231605,0.2536383367673911,0.2429805792664749,0.2143527964055951,0,1,1,1,0,1,1,0,1,0,0,0,1,3765.51306571864,810.075161538447,21.8849543415033
868,kitchen_2992.png,77.203,0.1297,0.3315,0.6206,0.1342,0.2694,0.1415,0.3906,0.3067,-2.697,0.0102,1.336,4.336,kitchen,0.3793741985106839,0.2602458131179968,0.2303809575235643,0.3806822876993186,0.2581894009807008,0.218265608811972,0.3075062047997938,0.308453660053016,0.815576889362321,0.2818743157509885,0.2528204366959835,0.2127470401142504,0,1,1,1,0,0,0,0,0,0,1,0,1,3036.07477549628,459.005969330357,13.4683669330889
869,kitchen_2999.png,80.87,0.03649,0.1927,0.6325,0.1563,0.1787,0.2611,0.2872,0.2717,-2.685,0.01633,1.307,3.941,kitchen,0.3758454823330556,0.2597102738279335,0.2454556382903838,0.3479619714532014,0.2174951180610045,0.2291235029501162,0.3111086028586067,0.2349961024253928,0.7691998781516112,0.2985810230914565,0.2579689677172828,0.2352430587913999,0,1,1,0,0,0,0,0,1,0,0,0,0,3108.58688698195,778.911477251886,12.6343653904807
870,kitchen_3008.png,86.73,0.06141,0.3758,0.5122,0.08361,0.2377,0.2742,0.4121,0.4003,-2.821,0.01035,1.205,3.461,kitchen,0.3778930822301951,0.2782566499407044,0.2773503665806958,0.375928574113739,0.2280327113834843,0.2218087249583795,0.3123550906605327,0.2501860835708229,0.8187808195382539,0.2812881806000816,0.252094342759847,0.2199806733460102,0,1,1,0,0,1,0,0,1,0,0,0,0,4769.95289220117,1819.89041915472,15.8372054679621
871,kitchen_3016.png,51.216,0.131,0.2541,0.4312,0.07432,0.1522,0.1729,0.3689,0.3315,-2.849,0.01413,1.158,3.508,kitchen,0.3708990489567419,0.2736695760857261,0.2418479570359496,0.3256552906965226,0.277138760718518,0.3102671141141362,0.2296706535640088,0.2312141054271063,0.7348038947161749,0.2947782973764793,0.2916724511818068,0.2691719151392942,0,1,1,0,0,0,0,0,0,0,0,0,1,3515.46974144265,0.0,6.76690925979999
872,kitchen_3029.png,96.568,0.07096,0.1303,0.3843,0.2453,0.1558,0.2648,0.3856,0.4302,-2.721,0.0169,1.347,3.447,kitchen,0.3086866107441151,0.2618758933723724,0.2593398899041013,0.3229410938447203,0.2298197561386231,0.2266190390857326,0.4623896226366408,0.2619628391627276,0.7725716906880034,0.2088649407535057,0.2114885348332903,0.2416693470896107,0,1,1,1,0,1,0,0,0,0,0,1,0,3641.24401813913,376.27793819747,8.75353575497476
873,kitchen_3037.png,87.649,0.09192,0.3544,0.5798,0.1172,0.237,0.1988,0.371,0.3854,-2.813,0.006868,1.353,3.803,kitchen,0.3081821716551418,0.2661266309023726,0.2224411825192739,0.4282267437094025,0.2286061561185711,0.2219157678136273,0.3688505191908897,0.2631881109082912,0.8071322468724988,0.2650627585777267,0.2394313595046776,0.2142536424555989,0,0,1,0,0,0,0,0,0,0,0,1,0,3735.17194030728,1025.97829742991,13.4932740004949
874,kitchen_3040.png,47.899,0.1337,0.1327,0.5769,0.2182,0.1706,0.1625,0.3257,0.2964,-2.998,0.006354,1.168,3.776,kitchen,0.3405567109715816,0.2768339480734001,0.224373076938854,0.3708881144360373,0.2559442914140872,0.2817249273064993,0.2245373904577347,0.2295192998009992,0.7404439968302399,0.3385214543666003,0.3052826840374844,0.2519428793115963,0,0,1,0,0,0,0,0,0,0,0,0,1,2951.85695848056,1325.50694979288,13.6037170068192
875,kitchen_3059.png,112.04,0.1363,0.3463,0.548,0.1587,0.233,0.2377,0.3786,0.4273,-2.696,0.01166,1.403,3.975,kitchen,0.3896867227032819,0.2712564420417618,0.3054515613614286,0.3129971701618843,0.2225398185352289,0.2163914051629561,0.4265355750066738,0.2959710192535772,0.8158332743195129,0.2402540530153869,0.2006083247474254,0.2255256155130874,0,1,1,1,0,1,0,0,0,0,0,0,1,3390.17783549017,0.0,8.37398740659463
876,kitchen_3061.png,91.435,0.1096,0.3801,0.6969,0.03998,0.2297,0.2154,0.4276,0.2835,-2.746,0.02155,1.283,3.785,kitchen,0.3934173959209679,0.2892322443804601,0.3461984963331228,0.337484352133592,0.2385225761754415,0.2412340117325194,0.3635442339259455,0.2420061936676232,0.7992634590616182,0.3002677244188549,0.2598846369651335,0.2206037189403373,0,0,1,1,0,1,1,1,1,0,0,0,1,3798.87376664225,823.131531170695,19.1998524554675
877,kitchen_3067.png,83.253,0.04212,0.4152,0.5528,0.1507,0.291,0.2631,0.3864,0.3647,-2.919,0.006635,1.141,3.69,kitchen,0.3252429523239551,0.2428225016314704,0.2063406707917994,0.3855043807951916,0.2088998127329862,0.2006973576872693,0.2632518834024843,0.2217691056086331,0.7660249112395471,0.2547642324582516,0.2627218345995685,0.1946438964046997,0,1,1,0,1,0,0,0,1,0,0,0,1,3345.28076178545,742.254222914083,5.52385609487098
878,kitchen_3093.png,117.608,0.07393,0.2272,0.6406,0.2332,0.2178,0.2733,0.406,0.3726,-2.764,0.01339,1.285,3.761,kitchen,0.362220434660854,0.2380451523756218,0.2126609576522507,0.33271909820598,0.2114257321375117,0.2023474445770315,0.3300166518639335,0.251706739787562,0.742042578913871,0.253657363748799,0.2801297733668182,0.1918630015159706,0,1,1,0,1,1,1,0,1,0,1,0,0,3418.53432675437,188.887128756919,27.4013620690406
879,kitchen_3101.png,54.431,0.6056,0.08899,0.5567,0.4431,0.1396,0.1784,0.3183,0.3762,-2.888,0.005286,1.342,3.894,kitchen,0.3777709298526922,0.2723763400404358,0.2435888297622025,0.3582316885246633,0.2547467970619504,0.2459996413567114,0.2958785199330813,0.2378980774095561,0.7229252001897182,0.2678327380296426,0.3081886716448713,0.2435247672273495,0,1,1,1,0,0,1,0,0,0,0,0,0,2879.14107225279,730.600385817891,11.5952569094454
880,kitchen_3102.png,110.965,0.09175,0.6455,0.7133,0.03068,0.2383,0.2384,0.3975,0.4495,-2.735,0.0145,1.277,3.704,kitchen,0.3054237780804965,0.2545458782650959,0.2319082455870108,0.3876209927061658,0.1913133073670811,0.2166156222309985,0.3380234256945575,0.2195394703386405,0.8471815153245509,0.2499251821433672,0.2088383076488639,0.1915815474979297,0,1,1,0,0,0,0,0,1,0,0,0,1,3326.1381927186,570.592008096092,11.1520523242571
881,kitchen_3118.png,140.299,0.09891,0.1719,0.4519,0.1967,0.1907,0.2505,0.4023,0.4107,-3.077,0.008658,1.398,3.95,kitchen,0.3914270636691981,0.2648276848382969,0.2893276039972651,0.328165318630878,0.2290737781759214,0.2202240298451809,0.4170540815904093,0.283698692876641,0.8060394494051114,0.216552820306771,0.2050694235594007,0.2253561281018882,0,1,1,1,1,1,0,0,1,0,0,1,0,2953.20951690898,390.018844457039,24.2989485642096
882,kitchen_3120.png,82.129,0.07625,0.4781,0.6409,0.0581,0.263,0.1205,0.3949,0.4068,-2.563,0.01907,1.478,3.917,kitchen,0.3347984845072225,0.2629099726703927,0.2451217781982517,0.3704098665592224,0.225995602166284,0.2356854780285341,0.3043433264796784,0.2438798377931815,0.8083282145274491,0.2508273071046377,0.271337630266353,0.2024223446988581,0,1,1,1,1,0,0,0,0,0,0,0,1,4056.3888952996,328.938373220571,9.5028651501219
883,kitchen_3127.png,110.262,0.08453,0.4121,0.5408,0.1098,0.2657,0.2241,0.3965,0.4395,-2.811,0.01879,1.332,3.869,kitchen,0.3547961870575501,0.2573855937060507,0.288544331883547,0.3237091462052324,0.2240619980935125,0.2146836154468936,0.3570221446344934,0.3190455231326109,0.7982972480251456,0.2524711976162168,0.2077318601607329,0.243397086351781,0,1,1,0,0,1,1,0,1,0,0,0,1,4117.81884300687,229.358668262087,22.6809548479939
884,kitchen_3143.png,63.548,0.07708,0.2967,0.5376,0.1173,0.2075,0.1919,0.3564,0.3254,-2.674,0.01832,1.283,3.455,kitchen,0.3931341036065718,0.2796539239228024,0.3036128989040925,0.3429163704051994,0.2348074276800416,0.24975036515621,0.3459346252098342,0.2554519562115152,0.8394222893529074,0.2740533760287106,0.2301569680569694,0.2190025751127055,0,0,1,0,0,0,1,0,0,0,0,0,1,3561.06251370426,1201.26771957768,26.1265749918459
885,kitchen_3203.png,82.15,0.05688,0.239,0.3551,0.1781,0.1783,0.2242,0.3701,0.3709,-2.753,0.006435,1.39,4.012,kitchen,0.4003266536044114,0.276908975125386,0.322828928474429,0.3709249195116291,0.2153710837413328,0.2167632042646079,0.3505137895662737,0.2103394547744629,0.8182036408562695,0.247066982617646,0.2262223463869614,0.2194288115986223,0,1,1,0,0,1,0,0,0,0,1,0,1,3901.71720094339,183.828810469293,21.6931842402401
886,kitchen_865.png,109.521,0.09522,0.1532,0.6832,0.1483,0.1895,0.2118,0.3837,0.339,-2.853,0.01132,1.343,4.035,kitchen,0.3958885980770605,0.2636420417490626,0.3008018093215797,0.3652972254838083,0.2480757115890478,0.2418952237767165,0.3546741094822346,0.2380887988217847,0.7722976380888606,0.262191901471393,0.2445994821855295,0.2548871137728856,0,1,1,1,1,1,0,0,1,0,0,0,0,2964.72487930766,776.627072883625,15.6424752413086
887,kitchen_866.png,85.809,0.09599,0.1994,0.5723,0.3574,0.1995,0.2418,0.3933,0.4359,-2.934,0.01433,1.235,3.134,kitchen,0.317343436945218,0.2569305788551257,0.2078203306375087,0.4293303315539882,0.2085615500172348,0.2095345167199893,0.333459682450043,0.2263364308087627,0.7773883396590348,0.3084322957482664,0.2531009888250488,0.2257883461866203,0,0,1,0,0,0,0,0,0,0,0,0,0,4436.29416512287,2260.69522758527,13.8916508715451
888,kitchen_874.png,62.836,0.08515,0.2238,0.6416,0.04633,0.163,0.139,0.3733,0.3658,-2.67,0.01314,1.353,3.563,kitchen,0.3183991651668364,0.2581803958444,0.2490122870636696,0.3700112435150081,0.2197677647064078,0.232676363579304,0.3601763298670019,0.2453997476616297,0.7722089834569131,0.264302837908905,0.2629248009131988,0.2299590985836549,0,0,1,0,0,0,0,0,0,0,0,0,0,5334.71340051481,1056.419077029,23.8314050676848
889,kitchen_882.png,85.11,0.1357,0.2289,0.6422,0.05671,0.2096,0.1848,0.4117,0.3617,-2.752,0.01344,1.424,3.811,kitchen,0.3205784097189033,0.2630092813795787,0.2322434204726416,0.3913567763437969,0.2262027190133114,0.2481347255842369,0.3613464813526882,0.2659922946358731,0.7736072508195129,0.2902528438323234,0.2698329929532975,0.2235700785728978,0,0,1,0,0,0,0,0,0,0,0,0,0,2623.10879403376,427.468960587103,18.8585335858378
890,kitchen_892.png,87.853,0.1138,0.3849,0.6308,0.05492,0.2323,0.1937,0.4347,0.416,-2.568,0.01121,1.566,3.748,kitchen,0.3573430951413415,0.2589555161298081,0.2293985147501856,0.3619983001804555,0.2070869450852906,0.2166923572026007,0.3116319428408762,0.2071104794812311,0.7959731564128468,0.3001322742113632,0.2601195250472108,0.2092440022030224,0,1,1,0,0,0,0,0,1,0,0,0,1,3232.38056583904,0.0,17.5723685493824
891,kitchen_911.png,92.693,0.1611,0.1536,0.5257,0.1591,0.1975,0.237,0.3968,0.3532,-2.792,0.0105,1.322,4.086,kitchen,0.3800440542255487,0.2597937465943201,0.2508605962295117,0.3613209674515657,0.2574644243813574,0.253716557457354,0.3310385891899429,0.2209535093759567,0.8044270291257429,0.194368287733305,0.2042062971660493,0.2389254489784426,0,1,1,1,1,1,0,0,0,0,0,1,0,2906.0359031433,348.002097498222,4.09483258504996
892,kitchen_912.png,83.305,0.1776,0.1378,0.5608,0.1539,0.1778,0.1855,0.3844,0.3566,-2.819,0.02002,1.262,3.865,kitchen,0.383247831220591,0.2559911312835883,0.2430079908239382,0.3269075951987385,0.2198831009790779,0.2195119614087044,0.3903193954071171,0.2545459931168525,0.8424966151877314,0.2582916653300377,0.2043663445780534,0.2246779546166461,0,0,1,1,0,1,0,0,0,0,0,1,0,2758.10706018184,629.640729665579,18.6197627990379
893,kitchen_925.png,83.814,0.08765,0.5005,0.6093,0.04195,0.2418,0.2709,0.3224,0.3466,-3.097,0.008811,1.141,3.697,kitchen,0.3480934844500112,0.2628654037542767,0.2308278166683349,0.3856503219684106,0.2212842722476279,0.2183266217311425,0.3418188642069127,0.2460829187496893,0.7955535434162294,0.2618316721634287,0.2466299066547967,0.221363855519375,0,1,1,0,0,1,0,0,0,0,0,1,1,3717.75434738096,692.273329460969,6.01213987744522
894,kitchen_928.png,93.34,0.07254,0.2032,0.5463,0.08266,0.1548,0.2176,0.3468,0.3743,-2.803,0.01852,1.354,3.602,kitchen,0.361659716282086,0.2583822158870227,0.2701992867646711,0.3333506383996978,0.2231509831553477,0.228302634153501,0.3514024617271002,0.2734588937379114,0.7689573226294597,0.2578775311337845,0.2420621869449679,0.2553428071955247,0,1,1,0,1,1,1,0,0,0,0,0,1,4548.94740606522,527.893889228144,8.64646770728061
895,kitchen_929.png,110.14,0.1046,0.4627,0.535,0.1004,0.2672,0.2394,0.3945,0.4443,-2.763,0.00592,1.406,3.931,kitchen,0.3270157134977334,0.258774178517394,0.2181551248286446,0.3559973901889349,0.2145501759716109,0.2330710367977629,0.2997771110190034,0.2229924603044616,0.7241421109327671,0.3369113993602239,0.2723312533476402,0.2702310178524049,0,1,1,0,0,0,0,0,0,0,0,0,1,2999.50970076513,361.601285071713,31.33411389714
896,kitchen_933.png,64.701,0.0881,0.4434,0.6912,0.04796,0.2084,0.1499,0.3011,0.352,-2.742,0.007141,1.346,3.802,kitchen,0.3362259014625266,0.2399916135332117,0.2075108739078774,0.3984620015472381,0.2136009592500246,0.2214733893014975,0.334193320622056,0.2353006603730491,0.7916756787168874,0.2650184967996911,0.2643703345212705,0.1965057868405587,0,1,1,0,0,0,0,0,0,0,0,0,1,3637.12921283327,216.024739014004,34.1736168534119
897,kitchen_936.png,77.086,0.9547,0.1984,0.6807,0.1897,0.166,0.2102,0.2845,0.2648,-2.614,0.0171,1.295,3.956,kitchen,0.3581257429070592,0.269194292394913,0.3053712967097896,0.329658556486356,0.2180188487780716,0.2390625870042441,0.3704189254303057,0.2341849329818837,0.7834113563318238,0.2479534232802754,0.2366067350518033,0.2854353202800866,0,0,1,1,0,1,1,0,1,0,0,0,1,2811.19248511638,360.982146891516,55.1843508110559
898,kitchen_957.png,88.949,0.06143,0.2202,0.5399,0.1769,0.1854,0.1555,0.437,0.3342,-2.58,0.01579,1.422,4.152,kitchen,0.4182764889700765,0.2556225602491805,0.3068106371170528,0.2979407008475771,0.2359277868944937,0.234867279936954,0.3473281170339459,0.2444753750185269,0.7271603148377422,0.2427563006583812,0.2565322590528408,0.2629179942678256,0,1,1,1,1,1,1,1,1,0,0,1,1,2547.39366663274,204.990904978902,12.2455750466389
899,kitchen_993.png,86.532,0.09382,0.4474,0.5247,0.02554,0.2072,0.1861,0.3685,0.3297,-2.727,0.01233,1.39,3.615,kitchen,0.3098189798138179,0.2598061657684871,0.2453419539460482,0.3479028859282351,0.2049451525733034,0.2174530118611015,0.3322933184933239,0.2364515624115847,0.786591205881066,0.2543948429146978,0.2416267949792257,0.219697794207785,0,0,1,1,0,0,1,0,0,0,0,1,0,3561.45356016361,490.301466435516,0.0
900,dining room home_12283.png,80.609,0.05944,0.3051,0.5243,0.1029,0.2323,0.233,0.3943,0.3419,-2.845,0.005294,1.178,4.028,living room,0.527302222352798,0.28791844863129,0.3020342300085922,0.2806258586196613,0.2781304170658245,0.2378891255665196,0.2451593770655976,0.2395800705628372,0.6945111102181732,0.2783707042259626,0.3253880173490933,0.2605882823495015,0,1,0,1,1,0,1,1,1,1,0,0,1,2908.69719284218,1466.15768147953,27.9407299843714
901,dining room home_12295.png,81.722,0.04403,0.1929,0.5578,0.07382,0.1819,0.2305,0.3958,0.2938,-2.832,0.003489,1.356,4.419,living room,0.5708466650315968,0.2517555478896536,0.3466504864625744,0.2475237089686617,0.2403623487740764,0.1937753748702287,0.1740009382984338,0.1838294841809635,0.7638529054102052,0.2298500951357207,0.2238461876070908,0.2532075288631599,0,1,0,1,1,1,1,1,1,1,1,0,1,2516.51982819653,265.633666379947,17.5166271604134
902,dining room home_12297.png,88.526,0.09743,0.1931,0.5565,0.2372,0.2009,0.1972,0.3492,0.4007,-2.794,0.01515,1.367,4.122,living room,0.5270431009764424,0.2792280801036427,0.3504565585804944,0.2815989804039664,0.2469165230565573,0.2117218637611451,0.2615153239195509,0.2629617719740308,0.7765786646787839,0.2456301392943244,0.2333057720801049,0.2672213202527574,0,0,1,1,1,1,1,1,1,1,1,1,1,3515.79227011523,810.643754516429,13.8515078612105
903,dining room home_12371.png,103.625,0.0379,0.4688,0.6575,0.1104,0.2453,0.2967,0.4596,0.4073,-2.621,0.003144,1.289,4.177,living room,0.5936298692811669,0.2975828704760509,0.3800105827025046,0.2793672923806068,0.2772277300058564,0.2365089333468165,0.275778219784178,0.2101618781350887,0.7967037714194045,0.2265648195405902,0.2244039082521008,0.2504987748204529,0,1,0,0,1,0,1,1,1,1,1,1,0,3254.77311159108,185.181754910602,27.2047289999248
904,dining room home_12390.png,101.013,0.05371,0.5096,0.474,0.1255,0.2784,0.2464,0.4689,0.4215,-2.516,0.007551,1.382,4.235,living room,0.5459446537236748,0.2984800650838319,0.3672567065310461,0.2833329896327119,0.2525533868889642,0.218345038375374,0.2951247667162285,0.2394571988646771,0.7953247039653668,0.2327604325857496,0.2440909795699138,0.223690182986185,0,1,0,1,1,0,1,1,1,0,0,1,1,3582.80650388745,784.687943070821,13.4389211445213
905,dining room home_12394.png,84.561,0.145,0.2761,0.6412,0.2397,0.2327,0.1868,0.3886,0.359,-2.933,0.01288,1.315,3.901,living room,0.565536324986285,0.2906410772280214,0.3348822500980746,0.2779267488874938,0.2962602118576432,0.2671523437552862,0.2216168502954018,0.2122498143481016,0.7452372021495387,0.2617693578251016,0.2679974543537929,0.2934116496617698,0,0,1,0,0,1,1,1,1,1,1,0,1,3754.52424168927,474.528098816562,14.9762469145961
906,dining room home_12405.png,90.395,0.09053,0.2298,0.5279,0.09746,0.165,0.2558,0.3761,0.3979,-2.782,0.01511,1.227,3.723,living room,0.4326489025100009,0.2808639288926229,0.3186772895026019,0.2766232897748226,0.2586879825102437,0.2807081797825166,0.2429393999891459,0.242889458988124,0.7650757358523644,0.2268968661593958,0.238206735577704,0.2570024687448718,0,1,1,0,0,0,1,1,1,1,0,1,1,3676.06896114318,381.133013028565,8.50380271680111
907,dining room home_12433.png,70.59,0.07465,0.508,0.4562,0.06469,0.2411,0.272,0.3913,0.3786,-2.85,0.008013,1.214,4.213,living room,0.4755897218025453,0.3028278899813542,0.347750115430457,0.2803213723443323,0.2526153305489175,0.2457505953686748,0.2692342935098865,0.2396978611220155,0.8224868241547801,0.2424946546528379,0.2123439158711706,0.2367021625897142,0,1,0,0,0,1,1,1,1,1,0,1,0,2886.2363516104,0.0,8.515140284797
908,dining room home_12441.png,105.589,0.09714,0.6228,0.733,0.07202,0.3039,0.2727,0.4095,0.3448,-2.809,0.006026,1.339,4.231,living room,0.5168492266342889,0.2640099145972504,0.2884539792037582,0.2604872212107027,0.265125582375647,0.2215584312864543,0.2191609504548454,0.2039455264029773,0.7083379188283933,0.2649479632505553,0.3023264854031916,0.2430020859163749,0,1,0,1,1,1,0,1,1,1,0,0,1,3569.52634892443,471.865488042431,25.710125579826
909,dining room home_12442.png,96.821,0.1687,0.3325,0.5254,0.1539,0.3067,0.2649,0.388,0.3973,-2.681,0.005702,1.358,4.013,living room,0.5196797844588185,0.2553127745851224,0.2394101392401292,0.2679293015948448,0.2881907306703369,0.2520622156100999,0.24029167497782,0.2433454407078485,0.7957170524966568,0.2287477415201398,0.2323828182291481,0.2288937006176456,0,1,1,0,1,0,1,1,1,1,1,1,0,2890.21052228807,198.691823457395,6.87238957341489
910,dining room home_12466.png,87.881,0.1423,0.3071,0.4706,0.1458,0.262,0.1506,0.4051,0.4151,-2.599,0.004555,1.356,4.092,living room,0.4893229240519555,0.2909134222451439,0.3248402534789167,0.2710939682779346,0.2793870678773856,0.2582939609312616,0.2448312663712141,0.2519917932321342,0.7752177774567072,0.2538943257275792,0.2346959108841795,0.2734717209009978,0,1,1,1,1,1,1,1,1,1,0,1,1,2823.58207039434,0.0,17.8339417649307
911,dining room home_12486.png,82.612,0.06965,0.5148,0.6893,0.08356,0.2358,0.1974,0.4425,0.4051,-2.588,0.008023,1.368,3.924,living room,0.4799527039088386,0.2951285890340552,0.3510106381249468,0.2704988735363643,0.2656046003162551,0.2583758553841921,0.2613603191954333,0.2366055668232285,0.7917847805934268,0.2724606331526153,0.2415781632886711,0.2270136854726376,0,1,0,0,0,0,1,1,0,1,0,1,1,3797.77466159245,510.013138265962,19.1567436181863
912,dining room home_12488.png,76.117,0.0513,0.3591,0.6311,0.1049,0.192,0.1878,0.4051,0.3467,-2.727,0.008694,1.378,4.364,living room,0.5578196400078,0.3025678593126764,0.3761793701877249,0.2844092685888029,0.2982914427036731,0.2855320940438161,0.225622064711816,0.2134448764315286,0.7613565761029616,0.2777349497337575,0.2717435209625016,0.2568992828739685,0,1,1,1,1,0,0,1,1,1,1,0,1,2165.82841585124,592.354381578101,23.7525818169544
913,dining room home_12543.png,90.446,0.02843,0.2074,0.6496,0.1421,0.1841,0.206,0.4297,0.4131,-2.734,0.008919,1.379,4.272,living room,0.5443993909786605,0.2819527355929812,0.3363000975235095,0.2683308987385606,0.2858844389557607,0.2610116812718958,0.1939768144209238,0.2281922048782675,0.764349881800447,0.2655974976298889,0.2612882734599249,0.2610784920161729,0,1,1,1,1,1,1,1,1,1,1,0,1,2875.09462626238,952.184632616704,21.103368315979
914,home architecture_8836.png,102.744,0.8991,0.2377,0.4891,0.3305,0.2476,0.3099,0.4177,0.3825,-2.388,0.0422,1.35,3.623,living room,0.5633069423930339,0.2671366191373033,0.3000945383428614,0.255336986571872,0.2812772136871615,0.2342866083759668,0.2554741033480691,0.2039985051440697,0.7448033424059629,0.2547139667997849,0.2252400195566026,0.2494772106822088,0,1,1,0,0,1,1,1,1,1,0,0,0,3654.63212776528,198.221623274638,20.2593581223696
915,home architecture_8842.png,113.627,0.01816,0.2426,0.4991,0.1685,0.1971,0.2385,0.4269,0.4114,-2.73,0.01281,1.441,4.223,living room,0.4766632146048795,0.2820943454369144,0.3219402597337388,0.2624608586435117,0.3003784716479536,0.2271369106114806,0.2612908369105845,0.2618700305865007,0.7368503630105387,0.1969188018615403,0.2665794016247034,0.2424617105102282,0,1,1,1,0,0,1,1,1,1,0,0,1,2069.96610130096,0.0,18.1269940708754
916,home architecture_8847.png,106.862,0.06519,0.2342,0.5929,0.1747,0.2014,0.2464,0.4253,0.3584,-2.881,0.01359,1.382,4.184,living room,0.4751226192572187,0.2807444145627489,0.2915521453744455,0.2610190430814544,0.2351277354426416,0.2054777092122269,0.262430240193479,0.2615794691412281,0.7861448839352959,0.1889800777198677,0.2202326290970968,0.2528510593481661,0,0,1,1,1,1,1,1,1,1,0,1,1,2381.85339062273,217.141865574556,12.3765267202555
917,home architecture_8848.png,100.593,0.1613,0.2314,0.4223,0.1533,0.26,0.2652,0.4035,0.35,-3.04,0.004838,1.286,3.845,living room,0.549138530622533,0.2715217244879668,0.2885858335067048,0.2671312713556414,0.2779162625153227,0.2719049863158181,0.2364141073998505,0.1781726632465897,0.8071951714908242,0.2642001591011808,0.220917205349279,0.2520364819758995,1,1,1,0,0,0,0,1,1,1,0,1,0,4260.09572281209,964.357514183039,21.8696935475819
918,home architecture_8861.png,103.546,0.03681,0.4932,0.4752,0.1106,0.2622,0.2431,0.3947,0.4554,-2.785,0.01016,1.216,3.9,living room,0.5573741197077904,0.3000177679186308,0.3397232077648254,0.2808084384006741,0.2856129168824883,0.2549204456592921,0.2030680508891747,0.2176027476237673,0.7706162955113561,0.263346094325273,0.2405155430739794,0.3013611041526601,0,1,0,1,0,0,1,1,1,1,0,0,1,3743.45228754501,189.181848340781,6.37935288629876
919,home architecture_8862.png,82.216,0.07918,0.2631,0.5986,0.1256,0.2058,0.1768,0.37,0.2695,-2.619,0.006007,1.424,4.123,living room,0.5295881696123134,0.2845203542487876,0.3414713573443279,0.2909781972012611,0.2666696420072049,0.2488577936236359,0.218945224971408,0.1954400260323345,0.7142501410416406,0.2865885039811421,0.306484884160947,0.2586815626104488,0,1,1,1,0,1,1,0,0,0,0,0,1,3242.23221089411,552.432393983371,5.22441015482849
920,home architecture_8863.png,88.035,0.0183,0.2007,0.597,0.1476,0.1904,0.1634,0.4196,0.3583,-2.431,0.01951,1.408,4.051,living room,0.504577837080482,0.2718030323781913,0.2779624182583868,0.2786273542956598,0.2880019469777057,0.2474181655647224,0.2194222228144797,0.2551589336271334,0.7159001482007598,0.2496658576163169,0.2979596228223505,0.2604897927338289,0,1,0,1,0,0,1,1,0,1,0,0,1,2967.57564710567,554.757238323643,24.5719909248665
921,home architecture_8867.png,89.375,0.03636,0.3119,0.3971,0.135,0.2066,0.2793,0.3487,0.3522,-2.999,0.01827,1.285,3.94,living room,0.5613713141939525,0.2794591856111224,0.2992363804832927,0.2654715196769549,0.2464254846889927,0.2269173257422933,0.2425541496633124,0.1682526737337658,0.771738495441475,0.2190726289040087,0.2604615747472946,0.2387799114828688,0,1,1,1,1,1,1,1,1,1,0,1,1,3557.10382297613,217.498788465595,15.3369458043115
922,home architecture_8871.png,87.365,0.1499,0.3858,0.5288,0.1256,0.2336,0.2686,0.4043,0.3349,-2.886,0.006121,1.309,4.334,living room,0.5698295630736697,0.2817484490260845,0.3417257313993074,0.2691475330852144,0.2651176518116434,0.257432279702715,0.2388411476125919,0.1774120780192107,0.8183507607651381,0.2213608305852037,0.219084069344471,0.2415306202311788,0,1,1,1,1,1,1,1,1,1,0,0,1,2867.91905982731,797.891540952419,14.469109463088
923,home architecture_8878.png,141.553,0.009763,0.5518,0.5974,0.1053,0.3601,0.2895,0.4566,0.5068,-2.861,0.01517,1.424,3.84,living room,0.4350352785654854,0.2786841007775311,0.3029798287839818,0.2708830851334829,0.2390717245895885,0.2208580537518175,0.2352973090019527,0.1705749142159957,0.7458101841632646,0.1974279317489618,0.2036545462266093,0.3172770348836888,0,1,1,0,1,0,1,1,0,0,0,0,1,3601.55088827707,464.361101053555,18.1062547341455
924,home architecture_8880.png,73.666,0.03471,0.2357,0.5189,0.07982,0.2348,0.2772,0.3877,0.3366,-2.895,0.01446,1.236,4.179,living room,0.5982908157519244,0.3193846187746957,0.3989222012519172,0.306930780812802,0.2908562449637303,0.2505538632358961,0.3020337330562468,0.2249531582239084,0.8105847196566384,0.28585090438296,0.2461178983440375,0.2680634443565584,0,1,0,1,0,1,1,1,1,1,0,1,0,2908.47990964327,515.657230667077,25.6211004962118
925,home architecture_8881.png,109.223,0.0947,0.4074,0.5643,0.1112,0.2562,0.2308,0.4368,0.4366,-2.808,0.01603,1.331,3.963,living room,0.5471324173841232,0.2770493287732724,0.3455017448091162,0.2743611305316062,0.2569234642647143,0.2297079589724877,0.2592234891432226,0.242736780533383,0.780249725032126,0.219465926353203,0.22048304157683,0.2618654072746657,0,1,0,1,1,1,1,1,1,1,1,1,1,3796.43458528567,438.562447119772,15.9302030540581
926,home architecture_8882.png,101.097,0.0731,0.4989,0.6429,0.1042,0.2616,0.2523,0.4019,0.346,-2.713,0.009203,1.372,4.035,living room,0.4621962831461085,0.2860970405719371,0.3350161286353074,0.299823338508656,0.2514623608768179,0.2401558953105942,0.232326981717514,0.237512548713367,0.7849219300821734,0.242100243030486,0.247266900458843,0.2547908580895957,0,1,1,1,1,0,1,1,1,0,1,0,1,3260.28671745298,222.444645701757,31.0522967183571
927,home architecture_8883.png,71.139,0.09329,0.4193,0.3509,0.05492,0.2044,0.1922,0.3705,0.4708,-2.727,0.02846,1.261,3.685,living room,0.3926917582650317,0.2812074664864067,0.2864926271081668,0.2501193700619122,0.2531872632970115,0.2391199740502729,0.2097582063654126,0.1766356235581294,0.7316019586922438,0.2428958541634525,0.2775530058608287,0.251475024403349,0,1,0,1,1,0,1,1,1,1,0,1,1,3107.40483737628,0.0,30.9845414295778
928,home architecture_8892.png,94.397,0.9953,0.2443,0.5555,0.2061,0.1961,0.235,0.4632,0.4006,-2.723,0.01154,1.362,4.162,living room,0.5037803127087895,0.2598799694475132,0.2871206370592933,0.2603041000742037,0.2204216207883488,0.2031091352270753,0.2913546638140267,0.1873113562193025,0.822148725321794,0.2454635207307044,0.1962802393644504,0.2298303138963555,0,1,1,0,0,1,1,1,1,1,1,1,0,2619.65754787167,311.297242528857,14.9216801787991
929,home architecture_8899.png,45.798,0.08312,0.1257,0.5327,0.119,0.187,0.2398,0.3637,0.2379,-3.062,0.007893,1.105,3.962,living room,0.5000780933541316,0.2855187198477442,0.2501610065713094,0.2669886504288363,0.2633286968448836,0.2441073874755119,0.2511238953260523,0.1721867029395224,0.8014982350364549,0.2577618452511588,0.2549691074235664,0.2306194845655018,1,1,0,1,0,0,1,1,0,0,0,1,1,3570.31904712848,395.374532536112,7.80949884006815
930,home architecture_8920.png,74.071,0.08881,0.1298,0.469,0.1881,0.1226,0.251,0.4427,0.3918,-2.934,0.01018,1.309,4.151,living room,0.585702647366105,0.2783626020583447,0.310688826454515,0.257341183070317,0.2878992862436393,0.2234646407802712,0.263734636079793,0.2035990887687345,0.8208792933201374,0.2598119607868628,0.21847152498493,0.2306237408169849,0,1,0,1,0,1,1,1,1,1,0,1,1,2727.27643983566,864.383100203836,9.19958789401626
931,home architecture_8936.png,72.41,0.1885,0.148,0.3928,0.2076,0.1281,0.2406,0.3297,0.3858,-2.859,0.01691,1.29,3.75,living room,0.5246420279383757,0.2721935289397761,0.3266517674207239,0.2609118620049048,0.2299709293013767,0.2283701260689807,0.2342880524124158,0.1630685832006168,0.7779917875396614,0.3368201985372396,0.2478502992392721,0.245007647175218,0,0,0,1,0,1,0,1,0,1,0,0,1,3763.97255151753,294.90125334256,26.6261403107006
932,home architecture_8937.png,55.213,0.7252,0.1886,0.5971,0.3424,0.1464,0.2215,0.369,0.2804,-2.938,0.005425,1.122,3.98,living room,0.5974611941432183,0.2832763081277081,0.3315665572520384,0.287651634736656,0.2762591982198132,0.2591579732735142,0.224230116612998,0.1813724999690852,0.7111960690439517,0.2667104867453409,0.2695853276205366,0.2804957166457975,0,0,0,0,0,1,1,1,1,1,1,0,0,2646.88057050785,847.125874486418,3.70114992955491
933,home architecture_8975.png,68.181,0.08562,0.153,0.6437,0.2141,0.2194,0.1925,0.4353,0.235,-2.59,0.006341,1.378,4.176,living room,0.531110604075877,0.2905786595558114,0.2857845655122025,0.283707967678306,0.2939906953307227,0.2452686456563862,0.2471725898918087,0.2345685316351854,0.7065908289186449,0.3281621902325485,0.3126253001438815,0.2813676838489325,0,0,0,1,0,0,0,1,1,0,0,1,0,2781.29822515741,685.9046238935,22.700470341387
934,home architecture_8977.png,74.999,0.107,0.4322,0.4651,0.08565,0.2201,0.2587,0.3571,0.3262,-2.937,0.03569,1.211,4.061,living room,0.4491739145045368,0.3001433776346688,0.3275740721359231,0.274976992543946,0.2531522147890911,0.2326958654279039,0.3236060376504008,0.2453236683111932,0.7569821814364612,0.2755684460300243,0.2799881605576468,0.235350607018458,0,1,1,1,0,1,0,1,1,1,0,1,1,3301.59434538015,480.429952712362,7.4586666595313
935,home architecture_8978.png,72.85,0.01007,0.1851,0.6112,0.2796,0.2527,0.1848,0.4423,0.2083,-2.652,0.006325,1.474,4.113,living room,0.4909701035831181,0.2771028562530579,0.2625943696091973,0.258249618284204,0.2652006756633351,0.2294213255275038,0.2051005451490205,0.1923655880515392,0.7728430831909415,0.3040179467825087,0.2997916564215232,0.2429349852635558,0,0,1,1,0,0,0,1,1,0,0,1,0,3020.23764268558,763.449553525376,16.2914898647838
936,home architecture_8984.png,64.464,0.132,0.2839,0.6556,0.1575,0.206,0.1948,0.4287,0.2983,-2.473,0.006753,1.481,4.162,living room,0.5824952848224848,0.2883985473788744,0.3222111282571744,0.2983647196527754,0.3182719941891694,0.273746065466519,0.2035828280042681,0.199539093045448,0.6836975525220967,0.2702047619005471,0.3199887046977241,0.3041877350205843,0,1,0,1,1,0,1,1,1,1,0,1,0,3181.09861516737,843.893979721307,9.40785648419028
937,home architecture_8986.png,108.16,0.06605,0.3263,0.4761,0.1362,0.2124,0.2644,0.3949,0.4,-2.569,0.01032,1.546,4.207,living room,0.5224661575278905,0.287168036898023,0.3126362924917339,0.2719806414965778,0.2503528646337868,0.2202582841190235,0.2498296132612056,0.2141233514667078,0.7643437899637741,0.3137911777439155,0.2540006649426979,0.2801282802139528,0,1,1,1,0,0,1,1,1,1,0,0,1,2616.42041034274,423.712712925877,0.0
938,home architecture_8987.png,106.106,0.2308,0.2391,0.4526,0.2743,0.2077,0.3147,0.3059,0.3273,-2.753,0.01443,1.303,3.837,living room,0.6345902583033991,0.2684049362786938,0.2689593060079158,0.2592653178945657,0.2518612168768596,0.2029449671681812,0.322637416996508,0.2364726630941654,0.8276688758408319,0.2698615224464843,0.2187126059593512,0.221303889783676,0,1,1,0,0,1,1,1,1,1,0,1,0,2994.33727896723,874.219985033715,11.8144655160151
939,home architecture_8997.png,64.513,0.05582,0.4244,0.6288,0.05231,0.3177,0.2712,0.2967,0.358,-2.798,0.003996,1.316,4.198,living room,0.520199945581428,0.2748967601162927,0.2577596971039994,0.2686561998265692,0.2993893907985376,0.2627783434123115,0.2369462994829621,0.194785472542105,0.8008531492001605,0.2407477669807848,0.2216528607570207,0.2368357298975331,0,0,1,0,0,0,0,1,0,1,0,1,0,3080.95147731112,406.543069196043,7.36788684569195
940,home architecture_8999.png,85.046,0.1167,0.2403,0.6226,0.1808,0.2185,0.1912,0.4105,0.3319,-2.873,0.01024,1.323,4.107,living room,0.5383677923379178,0.2667054753360995,0.3525004698298735,0.2651447453810613,0.2635322385565004,0.2363839578103896,0.220783715660369,0.2131026992100565,0.8031595800329538,0.2066048288264188,0.2174394564648684,0.2357456054145353,0,1,1,1,1,0,1,1,1,1,1,0,1,3684.53568586544,623.501491149336,9.97266344275354
941,home architecture_9004.png,57.377,0.07709,0.4773,0.6709,0.09189,0.2161,0.1707,0.4077,0.2343,-2.528,0.007519,1.46,4.224,living room,0.5565914706878788,0.2935450635970823,0.2848866321291533,0.2864507550170657,0.2827707877229495,0.2495256677857276,0.2002055065609042,0.1816353865236591,0.7570190375923614,0.288945843601805,0.3198391430446151,0.231496513440128,0,1,0,1,0,1,1,1,1,1,0,1,0,2821.58670542548,315.464708261421,6.64440446874743
942,home architecture_9006.png,76.24,0.07845,0.3678,0.5651,0.07787,0.2418,0.201,0.3906,0.337,-2.763,0.02326,1.296,3.618,living room,0.4764330012805919,0.3129715389846601,0.3380075224003233,0.3070351035730775,0.2714159266168688,0.2605188944597496,0.2425902666643659,0.2369702590422262,0.800128471650631,0.2684839906356647,0.2635855247950537,0.2373600795141387,0,1,1,1,0,0,1,1,1,1,0,0,1,3425.18137765168,762.841955323002,5.97082565844571
943,home architecture_9007.png,95.236,0.1731,0.3181,0.6255,0.2279,0.2366,0.2116,0.4647,0.4157,-2.814,0.005677,1.376,4.099,living room,0.5715250948535286,0.2872654371795002,0.3855077225389219,0.2735765475892227,0.2590275564712357,0.2508826928784542,0.2382391159432793,0.2020315558007106,0.7873606845008401,0.2655245910277655,0.2176545172236068,0.2802213930399874,0,1,1,1,1,1,0,1,1,1,0,1,1,3123.64059611573,435.769373975849,13.7440799986187
944,home architecture_9009.png,97.832,0.07379,0.4775,0.5142,0.1336,0.2649,0.2236,0.3928,0.3985,-2.556,0.004009,1.404,4.22,living room,0.5323690473874587,0.3049992726819626,0.3676433234168487,0.2795677393858308,0.2821486491335828,0.2389650777833329,0.2668964851992627,0.2975379145461772,0.750108404541074,0.2386881233564647,0.271423895798608,0.2649046633310384,0,0,0,1,1,0,1,1,1,1,0,1,1,2954.53227888678,462.104789845174,22.9651446927225
945,home architecture_9016.png,100.076,0.06235,0.3882,0.4952,0.08616,0.2258,0.1855,0.4464,0.3974,-2.404,0.01032,1.507,4.082,living room,0.470104018937004,0.2849155889309335,0.306626417044648,0.2718559612761286,0.2332960311962835,0.2134679033490149,0.2424930194382418,0.2834409811118921,0.7950785887991407,0.2465320051895934,0.2500074255028732,0.2325490521021541,0,1,1,1,0,1,1,1,0,1,0,1,1,2373.13925937201,939.808802566122,27.4584138680219
946,home architecture_9018.png,58.201,0.02723,0.2295,0.5967,0.2487,0.2815,0.1934,0.3909,0.3292,-2.581,0.00638,1.324,4.082,living room,0.5519896768480286,0.2835217698568072,0.2722456423804028,0.2641064132956807,0.2674697888509538,0.2360516811902232,0.2949506894722639,0.2143421152887459,0.8098349787192717,0.2751192484398519,0.2566008789087752,0.2160022261293681,0,1,0,0,0,0,1,1,1,0,0,1,1,3472.17582420381,0.0,11.7661604531344
947,home architecture_9029.png,90.546,0.1034,0.3775,0.6153,0.07169,0.2906,0.2158,0.4577,0.3579,-2.61,0.00952,1.375,4.154,living room,0.5636126776692522,0.273513667330462,0.2786091950023514,0.2768561811773546,0.2507994123706124,0.2245815237520866,0.2071489921857565,0.1927711843006351,0.7565395295403866,0.2251325465797447,0.2605219738243334,0.2426075513074939,0,1,1,1,1,1,1,1,0,1,1,0,0,3375.76536039186,720.873776980773,9.18724837014527
948,home architecture_9033.png,99.686,0.1588,0.4287,0.4967,0.09707,0.2548,0.2517,0.4042,0.4049,-2.808,0.006723,1.247,3.885,living room,0.5028969047529226,0.2925633806961288,0.3060700283815915,0.3028672463824953,0.2716480388339359,0.2459747764022849,0.2489078589696774,0.2229438117601851,0.7712709816486611,0.2189903368526553,0.23816312448805,0.2586492766164094,0,1,1,1,1,0,1,1,1,1,1,0,1,3403.3106332289,971.110156423481,13.3598608795663
949,home architecture_9040.png,100.041,0.07089,0.2923,0.4327,0.2315,0.2372,0.2119,0.3949,0.3666,-2.721,0.005484,1.404,4.004,living room,0.5121642797525182,0.2798295588630341,0.3015112891099479,0.2707168549994151,0.2437309225823745,0.2320917773037801,0.2750031856377276,0.298372641140465,0.8125875271332732,0.2584759531802701,0.2249819940881526,0.2301193722206971,0,1,1,0,0,0,1,1,1,1,0,1,0,3231.53982740169,408.428551145169,14.4438130300175
950,home architecture_9044.png,79.275,0.0685,0.2246,0.6787,0.1094,0.3018,0.2297,0.3185,0.2668,-2.962,0.004675,1.136,4.036,living room,0.5364297401458042,0.2727890960086049,0.2774126248261082,0.2675900468123281,0.2712079263047243,0.2379899463894232,0.2232303888855348,0.1876152009625342,0.7377198734637164,0.2444231627896346,0.2933750545273859,0.2520071084939815,0,1,0,0,1,0,1,1,1,0,0,1,1,2718.6936204781,670.525744458464,14.4108706703028
951,home architecture_9052.png,98.597,0.9089,0.3123,0.4018,0.2114,0.2251,0.2792,0.3781,0.3595,-2.652,0.006127,1.359,4.302,living room,0.4718540330478379,0.2955009786396661,0.2965790401078528,0.2586410471796641,0.2408826713481415,0.2384346271628799,0.3101905072296192,0.2254919538690709,0.8372574950924516,0.2130236189449673,0.1951550049973266,0.2201446669885726,0,1,1,1,0,1,1,1,1,0,1,1,0,1943.52995545812,390.341602526391,13.4654426217285
952,home architecture_9060.png,108.955,0.0831,0.4107,0.476,0.1452,0.2297,0.2488,0.3495,0.3248,-2.597,0.01221,1.412,4.194,living room,0.5350874284905521,0.2744800441476724,0.3112228785498196,0.2440463233759955,0.2546732251663308,0.2367010181676452,0.2401988737463012,0.1820249912418806,0.7942602312138815,0.1872016227949074,0.208023385797259,0.2228142580631374,0,1,1,1,0,0,1,1,1,1,0,1,0,3128.28642194713,0.0,25.7361879466801
953,home architecture_9062.png,94.976,0.1223,0.2966,0.4309,0.1908,0.1902,0.2519,0.4724,0.3431,-2.626,0.02292,1.361,4.284,living room,0.462994314080832,0.2549192395824097,0.2517008338379228,0.2550768156750382,0.238787378384965,0.2179772691674873,0.2551873464679581,0.1791661446386175,0.8002609196473377,0.1831375551703444,0.2093755474682583,0.1949890131738887,0,1,1,1,0,0,1,1,1,0,0,1,0,2908.74071369645,407.752167618697,9.269495407102
954,home architecture_9064.png,81.397,0.06003,0.4779,0.3981,0.1413,0.26,0.2876,0.3604,0.326,-2.952,0.01691,1.31,4.017,living room,0.5480467780330363,0.2702601900690168,0.2848954424643145,0.2562592675014177,0.2509619935076961,0.2146595432237099,0.2545538792614771,0.1772902868372382,0.7811213679122873,0.2560466602435138,0.2155628726897821,0.261094693172919,0,1,1,0,0,0,0,1,1,1,1,1,0,3164.31601895854,517.147961982447,5.53075169169355
955,home architecture_9065.png,91.952,0.1007,0.2495,0.6508,0.1785,0.2324,0.2003,0.4145,0.3961,-2.655,0.01643,1.374,3.728,living room,0.5129484972794847,0.2590796156968188,0.2550060430346068,0.2656557304566173,0.2668220420005839,0.2547233141908574,0.1735015664482447,0.1782469775679135,0.7219661585739091,0.2282681154445942,0.2715984736255828,0.2732617378557064,0,1,1,1,1,0,1,1,1,1,0,0,0,3694.48510912715,433.257332931718,17.9604449399385
956,home architecture_9070.png,75.569,0.05554,0.2799,0.5307,0.1573,0.2372,0.2181,0.425,0.349,-2.604,0.002628,1.406,3.933,living room,0.5318782643645481,0.2474520253528871,0.2610869991309559,0.2343638504874274,0.2452607055226662,0.1943858562837185,0.2322917288856084,0.1882570898272463,0.774476660682067,0.22056184633359,0.2335637812475044,0.2312748940370145,0,0,1,1,1,1,1,1,1,0,0,0,0,3549.79057280811,810.774237983,10.5603267652479
957,home architecture_9090.png,102.109,0.09863,0.3866,0.4424,0.1192,0.2303,0.2437,0.4229,0.4032,-2.699,0.01633,1.406,4.233,living room,0.4733081084343272,0.2988508636979938,0.3408741696613767,0.302849887062143,0.2542734688420639,0.2436608690418774,0.2561791736106215,0.2455994460139687,0.7340801543811537,0.257395986554408,0.2372794676602533,0.3074216477704756,0,1,1,1,1,1,1,1,1,1,1,0,1,3270.12648888694,189.382147341982,12.7496422126451
958,home architecture_9094.png,86.481,0.06897,0.5834,0.4607,0.04381,0.2563,0.2652,0.4234,0.3808,-2.785,0.009802,1.293,4.055,living room,0.4369627172350772,0.2900291692420715,0.3225332625193737,0.2529695518614624,0.2228605265405144,0.1818795171668447,0.3685262708332508,0.2000567245495921,0.8126537537913774,0.2629501853049755,0.2462529176219388,0.2033912917419012,1,0,1,1,0,1,1,1,1,1,0,1,0,2917.42786562551,0.0,8.02870249511656
959,home architecture_9098.png,88.416,0.05456,0.2363,0.5362,0.07838,0.2683,0.2337,0.2846,0.3402,-2.993,0.009643,1.159,3.696,living room,0.4628909172115544,0.2928357646416125,0.273835922137437,0.2887382776259181,0.2501666696690135,0.2729986531872129,0.2295228614129112,0.2010009340919577,0.7836507138023094,0.2270618155957136,0.256287672666502,0.2436982529570503,0,1,1,1,1,1,1,0,0,0,0,1,1,3635.19052383103,0.0,9.46911062960324
960,home architecture_9100.png,81.142,0.08494,0.2977,0.6235,0.1337,0.2836,0.2186,0.3492,0.3704,-2.8,0.006137,1.318,4.239,living room,0.5082390216176437,0.2926075659854124,0.2904310028591591,0.2906674293102715,0.2665128708859791,0.2554216239935805,0.2608417415050795,0.2250697374749828,0.7607146255363455,0.2949959613559546,0.2892291550812316,0.2636445749217782,0,1,1,1,1,1,1,1,1,1,0,0,1,3228.65082946028,658.373341026935,14.7669009686403
961,home architecture_9104.png,112.936,0.07786,0.1749,0.5527,0.1406,0.1573,0.2281,0.4537,0.392,-2.726,0.004215,1.445,4.28,living room,0.4719368923964085,0.2801282528102254,0.2738240329089969,0.2835165280763828,0.2551312690748288,0.229886449531785,0.2910703030276108,0.2527675738817365,0.7042893668414072,0.2496696206004762,0.3001219754878128,0.272782111365651,0,1,1,1,1,0,1,1,1,1,0,0,1,2939.18766043624,0.0,4.79384804650362
962,home architecture_9111.png,95.023,0.07633,0.2216,0.6046,0.08125,0.2272,0.2745,0.3761,0.3462,-2.86,0.0117,1.203,4.092,living room,0.5530614292144521,0.2933212926070109,0.2899769263845259,0.2886606237128364,0.2868526041590267,0.2454825381557996,0.289899219967734,0.2468913722499592,0.8046147747264175,0.2470601447674492,0.2275854819915927,0.2586772804121481,0,1,0,1,1,0,1,1,1,1,1,1,0,2948.36549597503,854.695662209322,13.5989962312792
963,home architecture_9115.png,70.635,0.0463,0.1707,0.5975,0.2588,0.1813,0.1968,0.3584,0.3607,-2.815,0.006982,1.378,4.233,living room,0.5006231367675097,0.283044335018732,0.2969263209302169,0.30535000235273,0.2676225972999703,0.2475497520973562,0.2667971870193564,0.2440718491532911,0.7398000616347581,0.2817239059393436,0.2741582223384791,0.2646315052498896,0,1,1,1,1,0,1,1,1,1,1,0,1,2960.22618370401,621.87207271861,26.8679679225833
964,home architecture_9118.png,89.878,0.05736,0.4064,0.6421,0.1161,0.2952,0.2385,0.3744,0.4231,-2.831,0.004601,1.265,4.074,living room,0.5288295887032421,0.2783729915598845,0.3494298225776249,0.2969076092366363,0.2645068594920138,0.2531163348064892,0.2625142757259688,0.2232483379307779,0.7645958960748318,0.2826403504873184,0.239366073275534,0.2830057636384677,0,1,0,1,0,1,1,1,0,1,1,0,1,4035.62883326098,518.670723813856,9.52308054844453
965,home architecture_9125.png,120.886,0.1519,0.1362,0.6105,0.1556,0.158,0.1915,0.5421,0.4323,-2.603,0.003564,1.52,4.1,living room,0.480469031322107,0.2703976200871307,0.3119995304554946,0.2832238578383566,0.241703563489496,0.2241339773445249,0.2475778727551566,0.260248245639596,0.6984789585074165,0.2411008296605582,0.291853917145884,0.2772872758239103,0,1,1,1,0,1,1,1,1,1,1,1,1,2553.7646573327,439.252803708051,15.850551322792
966,home architecture_9126.png,82.226,0.1085,0.1673,0.7217,0.1015,0.2203,0.2647,0.3889,0.187,-2.922,0.003985,1.23,4.061,living room,0.6186379661521025,0.3171565212394482,0.3000806899627963,0.2977922505143672,0.3038112251930393,0.2562151499308542,0.2509529116953848,0.1861258671072813,0.7918312144207253,0.3183533452991108,0.2851747832992733,0.2500479204557686,0,0,1,1,1,0,0,1,1,1,1,1,1,3146.09228299483,454.332266417986,9.18232307775671
967,home architecture_9127.png,99.263,0.06563,0.4992,0.5371,0.07261,0.2135,0.2738,0.4213,0.427,-2.625,0.005812,1.469,3.914,living room,0.4616205932127079,0.2752922173855829,0.341153012927632,0.2682174427792902,0.2205068375548551,0.2080029324654157,0.2485481988593663,0.2077062146953411,0.798419937336623,0.194700934760023,0.2012565419348494,0.238900989710275,0,1,1,1,0,0,1,1,1,1,0,1,1,3991.66425907762,1108.43188689149,10.7771949937434
968,home architecture_9132.png,79.629,0.1045,0.3821,0.5106,0.04344,0.2116,0.2564,0.3792,0.3211,-2.948,0.003753,1.462,3.873,living room,0.5587797982977944,0.2895027964539548,0.3166450172476603,0.267279328496686,0.264959002819924,0.2348038996904342,0.2550138987393516,0.190840608352647,0.7851690957969564,0.2570911577142789,0.2578028057341353,0.2366039681612269,0,1,0,1,1,1,1,1,0,1,0,0,1,4154.65100002032,0.0,6.73639029758305
969,home architecture_9133.png,140.257,0.05827,0.1108,0.5665,0.1901,0.1153,0.2658,0.4508,0.4441,-2.725,0.005673,1.414,3.7,living room,0.5353379857129396,0.2672279604430959,0.2470725833558874,0.2771615145541131,0.2612166441039174,0.2159761966519316,0.2294461226593671,0.2014641051226165,0.6663156392875416,0.2405305955212061,0.2961725259635756,0.2749343244584482,0,1,1,1,0,0,1,1,1,1,0,1,1,3233.90627400802,754.490996098911,8.30343244310484
970,home architecture_9137.png,108.513,0.1112,0.2524,0.5336,0.1061,0.2456,0.2072,0.4438,0.4287,-2.689,0.01952,1.358,3.738,living room,0.5398802170225511,0.278265279142673,0.2754707651024917,0.2536819926499621,0.2746223091887688,0.2572632367787874,0.2510512423720168,0.2948333105138587,0.7829157305399616,0.2101023849171137,0.2316384726718887,0.2432134426433357,0,1,1,0,1,1,1,1,0,1,1,1,1,3788.39649149088,365.416109553301,21.1853493385717
971,home architecture_9140.png,106.023,0.0827,0.322,0.5568,0.1297,0.2785,0.2753,0.3548,0.3251,-2.645,0.006046,1.385,4.085,living room,0.5445235648953868,0.2814645486887411,0.3689785100270566,0.2933904677375409,0.2741304971313191,0.2470472410679159,0.281369171084915,0.2121270159385339,0.7006207342046069,0.2629474285827305,0.3029929702467356,0.286434249545,0,1,1,1,1,1,1,0,1,0,0,1,0,2909.72718485216,0.0,14.6631671553579
972,home architecture_9150.png,111.296,0.09648,0.3654,0.4254,0.1399,0.2496,0.2245,0.4248,0.4174,-2.678,0.005213,1.39,4.109,living room,0.624103961556163,0.2687500252266351,0.3479005132791151,0.2768483835311374,0.2644708545570717,0.221714447758671,0.1926143885807022,0.2005084211016742,0.7467927149356377,0.2254382989293495,0.2456051744969846,0.2917199278117523,0,1,0,1,1,0,0,1,1,1,0,0,0,3610.20745382847,710.379062920293,12.1470896500805
973,home architecture_9151.png,75.175,0.09681,0.2776,0.456,0.1365,0.1944,0.2462,0.3316,0.3662,-2.704,0.008295,1.211,4.055,living room,0.4567113634546185,0.2819314751484358,0.2652632441765883,0.2804968270476909,0.2669530232320163,0.2652493692347283,0.2731098880921085,0.2400319562246711,0.8158575304851184,0.2308291231161852,0.2094158220087099,0.239754440093827,0,1,0,1,0,1,1,1,1,1,0,1,1,3385.64904527817,613.551539646161,15.5415995752924
974,home architecture_9152.png,82.762,0.1064,0.2452,0.3746,0.08969,0.2021,0.2598,0.4064,0.3627,-2.939,0.01553,1.245,3.773,living room,0.5614396591439479,0.2787886011568364,0.2790518597405642,0.2578468259928131,0.2549376355707888,0.2144874202705942,0.2574730796410626,0.1909258313872703,0.8068091104856594,0.2611357918722747,0.2200899590971165,0.2530016031248744,0,1,1,1,0,1,1,1,1,1,0,1,0,3386.87637014984,571.075738896618,13.9101949499837
975,home architecture_9155.png,88.907,0.06317,0.4983,0.6226,0.09037,0.297,0.2625,0.3872,0.306,-2.871,0.00839,1.26,4.03,living room,0.498609279756835,0.2883848763537786,0.2978627800347639,0.2664385253863352,0.2693335830880434,0.2309078532562762,0.3059304828480479,0.2156440994990521,0.7874516229362721,0.2293544733030514,0.2498800435296335,0.2235685543001649,0,1,0,1,0,0,1,1,1,1,0,1,0,2471.48005647047,291.063277440283,26.5815953052608
976,home architecture_9156.png,101.95,0.04977,0.2942,0.4749,0.1688,0.2202,0.2842,0.2656,0.3225,-2.782,0.01242,1.338,4.169,living room,0.6128305060155925,0.2757372543466023,0.2863840679081477,0.2405967413349397,0.2987999888782742,0.2258620743312499,0.240857393994807,0.2695137810362587,0.8117482206535542,0.2468127001766383,0.2301614640414235,0.2221170087392722,0,1,0,1,0,1,1,1,1,1,0,1,0,2577.77686799907,0.0,15.989506160956
977,home architecture_9164.png,80.605,0.05521,0.3369,0.4356,0.1171,0.2723,0.2419,0.4849,0.3691,-2.853,0.01008,1.332,3.679,living room,0.4766919160934885,0.2509732282485066,0.2929801501585395,0.2626349805866588,0.2692430947394231,0.2080230696737386,0.199201889418765,0.2134075358444898,0.7344491032548608,0.2053180064551839,0.2349393814257583,0.2782968695253371,0,1,0,1,0,1,1,1,0,1,0,1,0,3900.16093038068,330.9655765093,29.7518336910003
978,home architecture_9167.png,94.295,0.06535,0.3311,0.6802,0.03593,0.2152,0.1983,0.3804,0.3214,-2.916,0.007483,1.318,3.89,living room,0.4913071055143045,0.3196883643617403,0.3191181669150872,0.2987869508668531,0.2740587931107788,0.252999556413538,0.2989859372494707,0.2994446206271748,0.8124982371308297,0.2836754494083948,0.2350331656431137,0.2647788377818761,0,0,1,1,1,1,1,1,1,1,1,1,1,3872.02607462332,465.128905862682,8.82802454870911
979,home architecture_9177.png,105.44,0.06092,0.6044,0.4101,0.08726,0.304,0.2461,0.4112,0.4402,-2.844,0.006169,1.417,3.983,living room,0.3843406553854768,0.2988438434873026,0.3391421431617589,0.2805097169379537,0.2458578760450134,0.2573719581390821,0.2711743278712005,0.2523849690613761,0.7470399266161533,0.2085213191574026,0.2229550429927388,0.3191254350817348,0,1,1,1,1,1,1,1,1,1,0,1,1,3202.95813124968,172.874110489954,10.5034680583236
980,home architecture_9180.png,91.047,0.0761,0.5304,0.5196,0.07963,0.2844,0.3072,0.3974,0.3597,-2.661,0.01676,1.335,3.793,living room,0.4994841884068144,0.3084870829078299,0.3409703347223886,0.277632362300067,0.26195853595447,0.2233818548855798,0.3748163127056553,0.2241710419825102,0.8066110575995648,0.2762627053146714,0.2533564781578153,0.2280839462781803,0,1,1,1,1,0,1,1,1,1,0,1,0,3260.77223189721,181.416376026481,25.290136831165
981,home architecture_9181.png,81.815,0.07137,0.3726,0.4633,0.05108,0.1696,0.2255,0.4166,0.3805,-2.906,0.004606,1.358,3.988,living room,0.514547508692731,0.300434199852385,0.3203657910091648,0.2520379220737654,0.2508457634633322,0.219362085354671,0.2533141298267714,0.1906667367534837,0.8003427697252733,0.2417900516206784,0.2536371722948491,0.233774005627864,0,1,1,1,0,1,1,1,1,1,0,1,1,2855.32451494986,708.002549973052,4.6679786863853
982,home architecture_9188.png,90.739,0.07863,0.333,0.4365,0.1209,0.1885,0.2581,0.3759,0.3722,-2.917,0.004603,1.327,4.134,living room,0.5269906291266522,0.309314158032872,0.2838053987203029,0.2984932794645029,0.2625398820921273,0.2465031676104106,0.2998180998854236,0.2180512133939064,0.772707398752921,0.2367486656503296,0.2642979700349759,0.2654649049034744,0,1,1,1,1,0,1,1,1,1,0,1,1,3170.41731397951,233.053992015779,18.6687998012287
983,home architecture_9189.png,85.017,0.07079,0.1386,0.4901,0.2049,0.1443,0.3023,0.3457,0.313,-3.008,0.004458,1.262,4.112,living room,0.5485945134235736,0.2772771686087296,0.3250170456678449,0.2725773104771328,0.2624047015833976,0.2151456267622831,0.3070649183506516,0.2095012098497546,0.7694804048216729,0.2304706315362545,0.2345637322110851,0.2481596665971472,0,1,1,1,0,0,1,1,1,1,0,1,0,2976.51219553482,221.934809492876,2.57636960717134
984,home architecture_9198.png,59.102,0.1158,0.3521,0.7073,0.06603,0.2506,0.1451,0.4044,0.3363,-2.812,0.007137,1.317,4.05,living room,0.4968277859926671,0.2912752511433065,0.2877809219117361,0.2891796158746779,0.2785101824009698,0.2733677449269279,0.2183073118378559,0.2217953779493386,0.7565928215485046,0.2974921384886033,0.2915872193594861,0.2645547907933752,0,1,1,0,0,0,1,1,1,1,0,1,0,3131.75390971311,998.765141435197,18.6697536235543
985,home_8072.png,67.932,0.07682,0.5362,0.5001,0.03457,0.2275,0.237,0.3072,0.2808,-2.913,0.006095,1.257,4.144,living room,0.4341755690762459,0.2814849750467285,0.2825158710535314,0.2753817527369549,0.219553483141191,0.2063721691090799,0.3549051027160258,0.1781211466638354,0.8174820125795791,0.2500541388929262,0.2601973739567508,0.1963261481852753,1,0,1,1,0,0,1,0,1,0,0,1,0,2418.38568513922,291.322221027476,19.5262296922535
986,home_8082.png,82.287,0.1284,0.1543,0.4732,0.1846,0.1884,0.2587,0.3031,0.326,-3.035,0.00767,1.211,3.55,living room,0.4508427366699496,0.2732526682120852,0.2563223589536744,0.2802224366929555,0.2610671020464947,0.2427352040737272,0.3018916123670062,0.1786894240518946,0.7893147488037918,0.2058198632167982,0.231876142293734,0.238314303310563,0,1,1,0,0,0,0,1,0,0,1,1,1,4283.8251431529,806.597114759317,11.9091785140348
987,home_8089.png,100.247,0.1142,0.3405,0.5366,0.07765,0.2447,0.2512,0.4006,0.2707,-2.768,0.02153,1.39,3.812,living room,0.5330067260828084,0.2641565896440151,0.2754035625951806,0.2423505561666348,0.2669100601602788,0.2094641105458974,0.2711989000416622,0.192300642490453,0.7767716333912236,0.2082996572778628,0.2215466146179896,0.2436250841073663,0,1,0,1,0,0,0,1,0,1,1,1,0,2748.39189178702,819.845896273332,11.916030177455
988,home_8099.png,77.979,0.1192,0.2952,0.5682,0.08888,0.1761,0.2274,0.3655,0.4099,-2.693,0.007382,1.338,4.04,living room,0.4941902626668094,0.2819543678105063,0.3357129377961244,0.2561630104890032,0.2733937163723034,0.2529074865339125,0.245345603839171,0.2222404451959526,0.7663761985289353,0.2391679809336481,0.2440056016015836,0.2635270629271907,0,1,0,1,1,1,1,1,1,1,0,0,1,3214.47007054649,0.0,26.3885073091679
989,home_8113.png,97.223,0.02669,0.269,0.6917,0.184,0.2275,0.1956,0.4071,0.36,-2.58,0.003268,1.477,4.142,living room,0.4578012741713118,0.280830968901908,0.3173349945468139,0.2745092853753912,0.2805709263342943,0.2508555787345417,0.2316954573644269,0.2692073237264679,0.7302915445642874,0.2234577576421638,0.2850983847789897,0.2546738788639917,0,1,1,1,1,0,1,1,1,1,0,1,1,2198.82790033405,669.718123071338,17.6307951605041
990,home_8118.png,126.239,0.1148,0.2356,0.6449,0.1829,0.3083,0.2316,0.3759,0.3198,-2.638,0.009462,1.503,4.22,living room,0.5731713852374398,0.2848240853841982,0.3120379600196362,0.2794812716205108,0.2897935523410072,0.2915753264687059,0.208599234083334,0.2122568384544899,0.7554939687209903,0.2580975914355427,0.2650719213667545,0.2532442682263644,0,1,0,1,0,0,1,1,1,1,1,0,1,2687.12947857883,192.0029418913,13.9463536920549
991,home_8131.png,70.802,0.08503,0.2934,0.6885,0.08561,0.2566,0.1551,0.3695,0.369,-2.655,0.007401,1.386,4.216,living room,0.5513280399257768,0.2758433347911437,0.2765451964177924,0.2745555491900173,0.283473877771639,0.2781812986334904,0.2451928736536759,0.1874038165097837,0.7728218626555955,0.2771721242795065,0.2646427934025329,0.2506334159970937,0,1,0,1,0,0,1,1,1,1,0,0,0,2811.72525433599,666.739562440956,22.5578699795897
992,home_8140.png,74.699,0.0697,0.2613,0.6142,0.1731,0.2725,0.2077,0.4278,0.325,-2.527,0.00712,1.491,4.174,living room,0.4527572849700342,0.2706477744736056,0.2503520556590089,0.2858218624597706,0.2752290474380459,0.2529939675600808,0.2120297868511443,0.2143841486825381,0.7072409370809662,0.2365188814813982,0.3157574019203242,0.2458806846543551,0,1,1,0,0,0,1,1,1,1,0,1,0,2674.19837977769,324.034553794623,7.34017000868489
993,home_8141.png,81.818,0.07872,0.179,0.6226,0.1296,0.1962,0.157,0.402,0.2694,-2.6,0.01007,1.487,3.989,living room,0.5318426157949294,0.2747304446799442,0.3347222700698599,0.2774042406325811,0.2725349164892292,0.2399099437152146,0.2171581398145974,0.2175886374685587,0.7442769596629084,0.2877161469025291,0.2780330155485417,0.2846765775139153,0,1,1,1,1,1,1,1,1,0,1,0,1,3983.75359591233,0.0,22.2001680719519
994,home_8142.png,79.883,0.03893,0.2028,0.4685,0.0864,0.1653,0.2431,0.4025,0.345,-2.84,0.00267,1.317,4.409,living room,0.5317430494373103,0.257834858671831,0.3207765643452376,0.262678043437298,0.2438907157689233,0.2180156986376621,0.1989590461450441,0.2234190896747925,0.7286189653866243,0.2536458680119625,0.2598264797701454,0.2568701915031984,0,1,0,1,0,0,1,1,1,1,1,0,0,2834.72186298379,1169.20645055612,7.5333079259431
995,home_8143.png,86.498,0.9736,0.3459,0.4487,0.2439,0.3273,0.2026,0.4022,0.3774,-2.689,0.01064,1.353,3.802,living room,0.4727303138432592,0.2779046263980586,0.2523222916227708,0.2554184934089322,0.2228848405975675,0.2159946202404208,0.2535755673675088,0.1990668822767791,0.7895083122336373,0.2467217043877043,0.270733924960673,0.2160655094634691,0,1,1,1,0,1,1,1,1,1,0,1,0,3524.36039454286,995.872979414525,7.05610657875294
996,home_8146.png,54.022,0.05743,0.1422,0.6769,0.2173,0.1737,0.2042,0.3954,0.3081,-2.622,0.004509,1.23,3.973,living room,0.5028073633452134,0.2977930221056384,0.255359320481593,0.2852376893580582,0.2934733904324648,0.2751092805641577,0.2101436351408883,0.2114869668447086,0.7112084811348384,0.2700169136878649,0.3185911372752473,0.2768009040218818,0,1,1,1,0,0,0,1,1,0,0,0,0,3204.76440452989,498.170759471334,29.699492076232
997,home_8150.png,61.795,0.08102,0.2657,0.5261,0.08377,0.182,0.2279,0.4073,0.3537,-2.756,0.004559,1.207,4.106,living room,0.4980592335202186,0.2900636258059409,0.2659553136468183,0.2572059833679601,0.2553164632785678,0.2189404515624636,0.2159029022419466,0.1980916764756843,0.7978052631164471,0.2626916982134915,0.2521288606519529,0.2258121737833895,0,0,1,0,1,0,1,1,1,1,1,1,0,2802.84827371292,0.0,11.446935171219
998,home_8153.png,76.984,0.05924,0.2056,0.6572,0.1267,0.2309,0.1721,0.4182,0.2663,-2.724,0.003055,1.423,4.09,living room,0.5648110648667161,0.2792554249241337,0.2960312924429555,0.2807573056973921,0.2844358586427488,0.268780385602236,0.1896976202189137,0.2079665022523895,0.7629070782710611,0.2494488730333481,0.2640555987193796,0.2634769028929694,0,1,0,1,0,0,0,1,1,1,1,0,1,2903.86752573503,0.0,12.1740411362973
999,home_8154.png,96.252,0.03316,0.2546,0.6453,0.1584,0.2655,0.1924,0.529,0.2665,-2.132,0.005753,1.474,4.327,living room,0.4540757821623639,0.2667887083109557,0.2414726024901673,0.2538062005609232,0.2789805680868872,0.2395014898794745,0.1660583534786721,0.2004592747025876,0.8248493392469892,0.1942635366320817,0.2101608403916965,0.2265499075886121,0,0,1,0,0,0,1,1,0,0,0,0,1,2677.81214747199,840.310477630289,23.3304607017028
1000,home_8160.png,95.805,0.04105,0.3216,0.6345,0.1083,0.2931,0.1701,0.4099,0.3403,-2.686,0.006066,1.443,4.049,living room,0.5485240031799328,0.2707397837781712,0.2677141177880029,0.2489129897426076,0.244532606349119,0.2227338416067089,0.197702966540668,0.2282268413264578,0.7689951471097389,0.2729644749765363,0.2269934612618327,0.2598270468431806,0,1,0,1,0,0,1,1,1,1,0,0,0,2356.72954267625,387.113183982406,8.10451388607332
1001,home_8161.png,93.416,0.9687,0.2508,0.5495,0.2032,0.2191,0.2319,0.4817,0.3878,-2.585,0.008459,1.537,4.064,living room,0.4119308925516844,0.2720790697052901,0.2306312789966544,0.2984057318151968,0.2289498139114713,0.2005139397075482,0.2422987963349561,0.2102273860831227,0.7057278188692895,0.2681434707041252,0.3093887565848362,0.2678793396111655,0,1,0,1,0,0,1,1,1,1,0,0,1,3022.84346947678,517.759179347037,31.4685942213781
1002,home_8162.png,87.622,0.04045,0.4561,0.4707,0.1055,0.2716,0.1981,0.409,0.3229,-2.815,0.01377,1.351,3.54,living room,0.4565753620270714,0.2556925255537562,0.3176228098069538,0.2641227385823424,0.2158988063769112,0.2169204727089408,0.2465148902104799,0.1956929158861594,0.824544611034086,0.2655864735438971,0.2059474335480354,0.2284430722047881,0,1,1,1,0,1,1,1,1,0,0,0,0,4326.89902978703,1372.69894399644,16.7832089774815
1003,home_8165.png,76.185,0.06634,0.3187,0.6741,0.06224,0.2195,0.1608,0.4304,0.3894,-2.71,0.006765,1.339,3.887,living room,0.5239607357902969,0.2458642052385385,0.2492622912954304,0.2670628488729472,0.2611200178391401,0.2278400919663367,0.2268820625116674,0.1955763220289547,0.7943233249214857,0.2752811290133027,0.2334747860935016,0.2451882804673874,0,1,0,1,0,1,1,1,1,1,0,1,0,3171.83465023454,260.442732318323,9.46383103649894
1004,home_8166.png,101.568,0.07431,0.2766,0.5632,0.1726,0.1836,0.2297,0.4142,0.3701,-2.672,0.006061,1.349,3.978,living room,0.489184698771686,0.2855262761137445,0.2990009708904949,0.2844134543907257,0.2500946459540807,0.2342267571304122,0.2665243521485445,0.2315665656870605,0.7328311154115703,0.2580605937124189,0.2768007019241395,0.2700341521113727,0,1,1,1,0,0,0,1,0,1,0,1,0,2983.1095129545,341.099273131817,15.0007567833701
1005,home_8167.png,88.171,0.08693,0.2226,0.6638,0.1159,0.2464,0.1801,0.3245,0.2603,-2.572,0.004756,1.508,4.039,living room,0.5311740610861366,0.2654527713255391,0.2606213350089853,0.2579016703406709,0.2934770534571111,0.2278373241860368,0.2087326203890938,0.2202538552281005,0.7268947310776416,0.2070175350836842,0.2506134328374633,0.2451534606623652,0,1,0,0,0,0,0,1,0,1,0,0,1,2006.67421347194,1044.7690522809,15.3280245177321
1006,home_8169.png,97.067,0.05825,0.3245,0.699,0.1733,0.2423,0.1587,0.4169,0.4045,-2.394,0.003559,1.605,4.214,living room,0.4640752406407065,0.2514958833185244,0.2985675267001441,0.2444997972852327,0.2463374762851059,0.2141728081515867,0.1987050270298875,0.2309295400763174,0.6522892478364958,0.2759668458186652,0.3704832979363432,0.2409479183408512,0,1,1,1,0,0,1,1,1,1,0,0,0,2963.33382681593,904.180945225139,12.3216411875061
1007,home_8172.png,78.408,0.1203,0.5067,0.4948,0.1186,0.3497,0.1925,0.4458,0.3442,-2.538,0.01175,1.475,3.913,living room,0.4821169420527076,0.2904230522167752,0.2564074072855482,0.2674158725921005,0.266957722426174,0.2440843968962121,0.2240426775585223,0.1816806182332667,0.715668516448153,0.2775699894504563,0.3027231357971227,0.2756949074471012,0,1,0,1,1,0,0,1,1,1,0,0,0,2934.03268514325,887.581796185785,20.1680192908202
1008,home_8174.png,85.647,0.07928,0.333,0.5563,0.1214,0.241,0.2139,0.4272,0.389,-2.734,0.004488,1.383,4.378,living room,0.5165456501293015,0.2581254863491202,0.3001711138783933,0.2445715142270033,0.2413992936645325,0.2149369816067453,0.2078688453900093,0.2440820958459413,0.7829489680084303,0.2561977162148974,0.2456890924256343,0.2228785245547438,0,1,1,1,0,0,1,1,1,1,0,1,1,3013.24774135274,431.674086149218,13.4050629531654
1009,home_8180.png,85.907,0.1052,0.2907,0.524,0.1715,0.2257,0.2582,0.372,0.3213,-2.606,0.0114,1.433,3.881,living room,0.497336165076348,0.2827604269781472,0.2952754523551427,0.2711729958714049,0.2563301721211568,0.2431346750895501,0.2317895016353454,0.2123664744211739,0.7068308642830096,0.2637669421987998,0.3202206189972605,0.2220103185476985,0,1,1,1,1,0,1,1,0,1,1,0,1,3346.78736330701,322.724322667446,10.5294973230814
1010,home_8185.png,57.686,0.05499,0.2252,0.6746,0.3192,0.2126,0.1658,0.38,0.2842,-2.831,0.005674,1.263,3.941,living room,0.5233964365888157,0.2779386262200587,0.2664943112949882,0.2673440637274783,0.2495737443265052,0.235361802156989,0.2689765205569149,0.1878933976683545,0.7577599884441184,0.3249145830411043,0.2920875201813562,0.2336643523912831,0,0,1,1,0,0,1,1,1,1,0,1,0,3196.40712854298,0.0,24.3710129516467
1011,home_8186.png,67.081,0.06598,0.2755,0.6392,0.0876,0.2035,0.1986,0.3749,0.2026,-2.698,0.007598,1.396,4.106,living room,0.5428258735608055,0.2627515316815095,0.2643480558679031,0.2520593761454889,0.2809295335430848,0.2200462080232374,0.1733734864492268,0.1777380305134341,0.6748600771964481,0.2949402410044611,0.3435587784398254,0.2671966279872297,0,1,1,1,0,0,0,1,1,1,0,0,0,2638.67458560046,808.781652292908,35.3509017994219
1012,home_8187.png,131.743,0.08396,0.3799,0.6579,0.03146,0.2613,0.259,0.4127,0.3776,-2.762,0.008269,1.446,3.715,living room,0.4771928340986952,0.2662419507245538,0.2803577930370036,0.2636367620656079,0.2159407807312716,0.2357168560272807,0.2174930713092622,0.1702938969627548,0.7476668987786128,0.2858566514431466,0.2573656345802708,0.2620742329633154,0,1,0,1,0,0,0,1,1,1,0,1,1,3332.15253875707,591.7539196087,17.1265398420177
1013,home_8188.png,81.335,0.9337,0.1758,0.5816,0.1277,0.1531,0.1969,0.3762,0.3266,-2.792,0.0068,1.24,4.133,living room,0.435400716556765,0.2772063559509273,0.2961967029840059,0.2626660170499958,0.2538293275519726,0.2300522643399229,0.3106968921676752,0.2259106410877017,0.6698890622273391,0.2383351411440789,0.3264502668677517,0.283492086863707,0,1,1,0,0,0,1,1,1,1,1,0,1,2947.61437694335,756.187857888105,13.5232422140445
1014,home_8201.png,93.846,0.1302,0.2304,0.6224,0.1298,0.2755,0.2136,0.4108,0.2347,-2.684,0.01126,1.339,4.206,living room,0.520059620703651,0.2724745837871781,0.3035533528049487,0.2630593912890203,0.2638867690678701,0.2546003477581385,0.2300652135900656,0.1802206202344523,0.7826503414842819,0.2678009041706224,0.2487211125073992,0.226793412694486,0,0,1,1,1,1,1,1,1,1,0,1,0,2711.26815160956,194.651742401042,19.4480795901329
1015,home_8202.png,99.868,0.08085,0.2703,0.5275,0.1233,0.2549,0.1636,0.5231,0.3256,-2.298,0.00394,1.582,4.275,living room,0.4988703019294144,0.2770295561615306,0.2664824535236414,0.2615217288953284,0.2580446741167363,0.2265722037052077,0.2245242195185516,0.2120351654743123,0.7518026909829371,0.2323560664433301,0.2703866847869745,0.2358149539306408,0,1,1,0,1,1,1,1,0,1,0,0,1,2952.65063576812,456.094727666945,10.3444454448517
1016,home_8205.png,95.521,0.1052,0.2635,0.6527,0.1137,0.2015,0.1641,0.4606,0.3598,-2.483,0.005428,1.454,4.182,living room,0.43094037726548,0.2752157353720247,0.2697371025565913,0.2737388350130098,0.2668607822304026,0.2303559918524507,0.228412009710837,0.2640765549775108,0.663443496324037,0.2094856073023299,0.3286184163489958,0.2761717556072522,0,1,1,1,1,0,1,1,1,1,0,0,0,2686.41994662891,900.993266671205,21.3038374355857
1017,home_8209.png,83.96,0.9763,0.2209,0.5328,0.2332,0.1742,0.1969,0.3929,0.3531,-1.923,0.05781,1.654,4.088,living room,0.4803630063181424,0.2640531601054078,0.3042349081674819,0.2531178293646485,0.2639023907830765,0.2173302485691041,0.1998740105068071,0.2509421858083975,0.7206229459230877,0.2319792302709993,0.2771645991671676,0.2469776075952001,0,1,1,1,1,0,1,1,1,1,0,1,1,2889.48305382127,1341.10032890772,12.5952293727287
1018,home_8211.png,84.837,0.03398,0.484,0.3004,0.0674,0.1942,0.2957,0.4556,0.3441,-3.049,0.01282,1.261,3.823,living room,0.5723128206830602,0.2879952379244864,0.3125781355980383,0.2638182921104888,0.2439156555751266,0.1977824187205852,0.2865966131664933,0.2163163458658556,0.7671707716909383,0.2769879255815172,0.2381443298764588,0.2386221965349018,0,1,0,1,0,0,1,1,1,1,0,1,0,3035.0288460034,0.0,8.25318308830248
1019,home_8231.png,89.952,0.07578,0.8055,0.3657,0.04785,0.2411,0.262,0.3529,0.3912,-2.771,0.005306,1.324,4.147,living room,0.4451995400000725,0.2727102623585779,0.3203772006452311,0.2526010884821728,0.2468598648922748,0.1998642367089391,0.2588445380349768,0.1825513332943494,0.6991549879831714,0.2611815610569471,0.291493282456354,0.2516550248158815,0,1,1,1,1,0,0,1,1,0,1,0,0,3814.67156984424,294.235738616243,23.0256928693406
1020,home_8232.png,95.676,0.09121,0.2616,0.5271,0.1785,0.2304,0.2085,0.37,0.383,-2.812,0.01128,1.362,4.136,living room,0.4782124216571077,0.2750895883527893,0.2677691018417915,0.2547544583460482,0.2659401177263567,0.269203605109179,0.2960893470036457,0.2324947512266934,0.7918044832489244,0.1871482960326171,0.2028832701067606,0.2464909330619975,0,1,1,1,1,1,1,1,1,1,0,1,0,3800.49465873829,222.67608069853,21.7645798052467
1021,home_8238.png,72.733,0.1174,0.252,0.5818,0.05432,0.15,0.186,0.3628,0.3482,-2.695,0.01649,1.32,3.903,living room,0.5075427946092395,0.3060853833429808,0.2833332617533906,0.2907246126932049,0.297035570908733,0.2832616345569476,0.2520937549027195,0.2308146625950302,0.7785793973068391,0.2649708071436394,0.264625569212597,0.2665997414558008,0,1,0,1,1,0,1,1,1,1,0,0,1,3681.40971156417,842.955179134157,7.8736549259552
1022,home_8248.png,70.131,0.1009,0.429,0.5037,0.09258,0.2264,0.258,0.2603,0.3653,-2.827,0.006714,1.224,4.082,living room,0.5016046214787497,0.2771896287307195,0.2990895053675685,0.2611699396907191,0.2537402799489598,0.2267941082709366,0.2262006447534267,0.1758955349963479,0.7626148668156915,0.2426582015328109,0.2696305435679463,0.2446183119310028,0,1,0,1,0,0,1,1,0,1,1,0,1,2637.59348892828,548.189004871395,6.8819965919758
1023,home_8259.png,96.23,0.09672,0.5448,0.5974,0.03021,0.2151,0.2802,0.3421,0.3357,-2.932,0.009409,1.335,3.961,living room,0.5441957886002139,0.2914752305805734,0.3166727794003332,0.274162478161315,0.2782677920804827,0.2381120301944666,0.2338449408980965,0.1966326343985894,0.7599972526262938,0.2428078320017869,0.2676399776859595,0.2437760737272123,0,1,0,1,1,1,1,1,1,1,1,0,0,2698.02445013224,1129.04289573602,7.0869194848687
1024,home_8263.png,93.612,0.08309,0.5718,0.643,0.02525,0.1921,0.1814,0.4135,0.4308,-2.771,0.023,1.383,4.111,living room,0.504193842990177,0.2743232204923733,0.3535375300298812,0.2906589227803348,0.2770710844281641,0.2418616252549395,0.2229766361490507,0.1967929747191732,0.7678536679763668,0.2497317235907317,0.2545091234931045,0.2827926902621855,0,1,1,1,1,1,0,1,1,0,0,0,1,1793.5092586154,514.090052052689,11.3539908607628
1025,home_8265.png,85.607,0.08341,0.7533,0.5026,0.04978,0.2194,0.2268,0.4254,0.3879,-2.754,0.01394,1.387,4.016,living room,0.4110819812387105,0.2713191468096024,0.3231041461661427,0.258380957655861,0.2262475406010639,0.2261726892532164,0.2416313115431671,0.2292694082585774,0.7698772746517271,0.2165039680239798,0.2012705419057714,0.3025238437913334,0,1,1,1,0,1,1,1,1,1,0,0,0,3153.84476600262,555.026786153605,25.5343878132519
1026,home_8268.png,101.489,0.8878,0.1487,0.4466,0.3167,0.1214,0.2756,0.3089,0.3956,-3.015,0.01066,1.241,4.002,living room,0.5643321357936899,0.2770343730721813,0.3232805807364548,0.2763628939764094,0.2490690321699732,0.2299343835916267,0.2927577932435644,0.1779526736966022,0.7128327767456902,0.2376470062836596,0.2669039073442261,0.2671040301796926,0,1,1,0,1,0,1,1,0,1,1,1,1,2849.65972065093,210.045928820694,10.9398790196222
1027,home_8336.png,99.069,0.1406,0.2136,0.6273,0.2006,0.2346,0.2772,0.3731,0.2983,-2.709,0.00434,1.36,4.134,living room,0.6330410250991131,0.2673545099574766,0.251313574849683,0.2594512019740236,0.2664740659167577,0.2265702266738185,0.2406429076090222,0.2140653498040422,0.7962769338204136,0.2701850523147059,0.248478241657413,0.2309797025766344,0,1,0,1,1,0,1,1,1,1,0,1,0,3067.69976050095,0.0,18.4485184035317
1028,home_8362.png,80.946,0.05114,0.3139,0.417,0.1885,0.2012,0.2409,0.3362,0.3594,-2.968,0.01439,1.245,4.184,living room,0.5175264736570191,0.3146863532624296,0.3320575410711299,0.2808002558446902,0.2916365461812516,0.2875353362053314,0.2864381304763422,0.2182349299919261,0.778999848824567,0.239579404700769,0.2346483256293429,0.2622702501728225,0,1,0,1,0,1,1,1,1,1,0,1,0,3479.99790342444,0.0,19.4535281197984
1029,home_8369.png,78.435,0.06914,0.1639,0.6293,0.2375,0.1992,0.2293,0.4629,0.324,-2.531,0.005681,1.449,4.107,living room,0.4805651101133684,0.28624997592199,0.2859043913733995,0.2847457819461129,0.2684544469614741,0.2397689552985343,0.2497027385362827,0.2551299894847978,0.7505990722356688,0.2434643238835762,0.2685774152755842,0.2624332779280594,0,1,1,1,0,1,1,1,0,1,0,1,1,3314.02367506479,0.0,16.1200570753435
1030,home_8371.png,93.247,0.09422,0.3291,0.6448,0.0897,0.2302,0.2205,0.4174,0.3619,-2.898,0.009258,1.383,3.989,living room,0.522032590392439,0.3084434795389787,0.3031542962554233,0.3043544761626524,0.279645153105971,0.2862757037511044,0.3150721252986275,0.2097171115586411,0.7782563820977516,0.2446690940165851,0.2648197567952169,0.2501760343386838,0,1,1,1,1,1,1,1,1,0,0,0,1,2991.34973598107,0.0,16.7043996132853
1031,home_8379.png,63.26,0.0802,0.446,0.3606,0.03336,0.2129,0.2545,0.359,0.3564,-2.787,0.01982,1.217,3.781,living room,0.4474831375350044,0.2668882237377927,0.2677004546519572,0.261855878374416,0.2505588241085764,0.2154279720061947,0.2151786517894647,0.1724464176002282,0.7340749663609226,0.2315136013734901,0.2659606185451565,0.253738368979495,0,1,0,0,1,0,0,1,1,0,0,0,0,3621.34952189811,271.027116895988,9.87928348481821
1032,home_8380.png,78.6,0.07092,0.1546,0.5737,0.1874,0.198,0.2375,0.3707,0.3292,-2.563,0.005598,1.442,3.977,living room,0.4152822764228016,0.2728367455896675,0.2944680540830446,0.2744181961289856,0.2424916609774974,0.2325779506030035,0.2498938808414615,0.2458039634634964,0.7265495932618514,0.2652965322900152,0.2835983384618006,0.2645853974355417,0,1,1,0,1,0,0,1,0,1,0,0,1,3495.96711103996,844.351167945174,16.1929306248703
1033,home_8387.png,82.497,0.1022,0.369,0.6533,0.04023,0.2056,0.2028,0.3693,0.3311,-2.832,0.009758,1.298,4.21,living room,0.4310149593585023,0.2752799396350527,0.2559232825574892,0.2744742987191373,0.247999676004172,0.2310294841437898,0.3528083857433782,0.2601973298325278,0.8125961892745727,0.2270240934241092,0.2216849995938213,0.2183573282029619,0,1,1,1,0,0,1,1,1,1,1,1,0,2935.85175036356,513.903169143703,13.3235034114776
1034,home_8393.png,116.397,0.0557,0.3216,0.6029,0.08071,0.2194,0.2115,0.4475,0.4073,-2.655,0.003024,1.597,4.022,living room,0.4827853993136315,0.2944109958540847,0.299766109689282,0.2793875319762648,0.2683871707341003,0.2276631116749808,0.2562277216909049,0.2629115628251068,0.7454718657820653,0.259663829559245,0.2745226994648266,0.2459390443982974,0,1,1,1,1,1,1,1,1,1,0,0,1,2580.31560338042,416.144279283908,9.78646430161301
1035,home_8395.png,101.584,0.0684,0.2011,0.5011,0.1884,0.1696,0.2323,0.3914,0.3429,-2.765,0.008721,1.358,4.083,living room,0.5950813029713212,0.2699223747318436,0.4223072044358548,0.2508182010154133,0.2442982546900204,0.2266583046543415,0.2485310314719176,0.1923762705485324,0.8257082884436984,0.234746129728093,0.1800726375358995,0.2340226733216366,0,1,1,1,0,1,1,1,1,1,1,1,0,2953.26662699276,0.0,15.2650575980751
1036,home_8396.png,105.073,0.07069,0.3002,0.5795,0.1487,0.279,0.3147,0.3309,0.3356,-2.792,0.006041,1.221,3.856,living room,0.5456195838414207,0.2551826106102224,0.2671098304566499,0.2506253457673415,0.261384532624093,0.217671188046454,0.2048328310829664,0.1614670213991983,0.7669629029183375,0.2463293825942926,0.2269415276042578,0.2642405596261624,0,1,0,0,0,0,0,1,0,1,0,0,1,2585.93823414226,0.0,13.3162823224977
1037,home_8398.png,73.277,0.06372,0.1636,0.4225,0.1309,0.1427,0.1948,0.4231,0.3883,-2.715,0.01003,1.331,3.857,living room,0.5053632982955965,0.2795773895908993,0.3094250492488077,0.2721889296974492,0.2480855394688608,0.2279309516232552,0.3146914602026442,0.237530876950096,0.7803089865814921,0.2304298745750613,0.236511875871648,0.2393938687279352,1,1,0,1,0,1,1,1,1,1,0,1,0,3931.65513069236,546.234026990564,11.5946411943931
1038,home_8403.png,112.174,0.1031,0.2309,0.6199,0.05696,0.1708,0.3021,0.3331,0.2429,-2.858,0.006854,1.335,4.082,living room,0.5582534972227553,0.2756679681286186,0.2717909604986339,0.2677136561412412,0.2640876524823036,0.2318411448093275,0.2498268813580083,0.1836562651507594,0.7845153824253878,0.2298863617887636,0.2367066824141414,0.247043548274631,0,0,1,0,0,0,0,1,0,1,0,0,1,2100.30796334731,478.214176790145,22.20244801943
1039,home_8407.png,155.762,0.05731,0.254,0.5365,0.1179,0.2369,0.3001,0.4583,0.4372,-2.871,0.01252,1.415,3.939,living room,0.4978531889625522,0.2678234929260916,0.3242585580689722,0.2709719706841155,0.2640439876951084,0.2262236766461435,0.2584558590897621,0.2677072365847562,0.7633642319854159,0.1995319529570502,0.2040248888424219,0.2587903882945409,0,1,0,0,0,1,1,1,0,1,1,1,0,4562.36532686806,165.407876974203,9.59689713654191
1040,home_8410.png,68.865,0.08692,0.5073,0.7164,0.04018,0.2644,0.226,0.3587,0.3224,-2.88,0.009409,1.208,3.785,living room,0.3677730196898935,0.2868230997531479,0.2587880443682932,0.2731296806358357,0.2505024288870079,0.2965703029283562,0.2533467993948103,0.2158501394674806,0.7903103352527382,0.2982630486522948,0.2700005575536819,0.2352600601138594,0,1,0,1,0,0,1,1,0,0,0,0,1,3662.63617255293,969.428435549844,8.9534726903876
1041,home_8412.png,115.077,0.1035,0.3006,0.6234,0.05688,0.2129,0.2672,0.3958,0.3111,-2.852,0.004461,1.257,4.234,living room,0.5125111229377063,0.2851443684688922,0.3177984590245409,0.286822828197754,0.267686165144856,0.2582915486069204,0.262192352662662,0.1944823788786865,0.7885394901226911,0.2796868252516149,0.2547364850210437,0.2494729506160579,0,1,0,1,0,1,1,1,1,1,0,1,1,2419.83147000075,451.126987544931,28.8775630048026
1042,home_8420.png,94.643,0.07005,0.1667,0.6523,0.184,0.192,0.2123,0.3806,0.3311,-2.608,0.003007,1.484,4.266,living room,0.519003048451013,0.2957902604358336,0.34224875050283,0.2836732134884172,0.3056954502572278,0.2576991731478487,0.2814130195014268,0.2384881080091102,0.7052968595460357,0.2845106468533122,0.3118388403758954,0.2922083688842211,0,1,1,1,1,1,1,1,1,1,1,0,1,2841.78749017526,1069.01034156877,29.9473767659802
1043,home_8426.png,93.398,0.06844,0.4033,0.6353,0.09107,0.2967,0.2442,0.3192,0.2581,-2.526,0.003568,1.276,3.984,living room,0.4519569732495604,0.268357789876685,0.2575007903569336,0.2637043355081307,0.236929138031308,0.22872185439289,0.2262404011037692,0.2266695033945092,0.8030886954878332,0.2475560857785206,0.2321967320946432,0.2231368838199709,0,0,0,0,0,1,1,1,1,1,1,1,1,3745.58939896627,814.024385408581,16.6177941237023
1044,home_8427.png,94.937,0.08659,0.2615,0.6911,0.0773,0.1809,0.1769,0.4552,0.3708,-2.58,0.004771,1.559,4.287,living room,0.4214350943802635,0.2873087792966398,0.3516870568831157,0.2944902761382549,0.2507893174272039,0.2433450417798488,0.3360334554435298,0.321055810952603,0.7850126186146565,0.2323221158411083,0.2234632594165856,0.2553141730911337,0,1,1,1,0,1,1,0,1,1,0,1,1,2760.90696072695,704.698077826763,15.816862148007
1045,home_8428.png,96.32,0.08694,0.3699,0.5143,0.06753,0.3367,0.3164,0.3178,0.3594,-3.005,0.007099,1.237,3.977,living room,0.5074765442400792,0.2778294203822581,0.2749079468887301,0.2911006194896017,0.2477880455758022,0.2308705176508185,0.2560121844372072,0.1890881165367277,0.7803556772937276,0.2737445945312778,0.2557840432328431,0.2768137228173727,0,1,1,1,0,0,1,1,0,1,1,0,1,2102.87037881047,874.708486712611,29.6873909659448
1046,home_8430.png,133.031,0.03954,0.4807,0.5708,0.1366,0.3086,0.2524,0.3862,0.4134,-2.85,0.007772,1.372,3.975,living room,0.4307578658562725,0.2676460832549445,0.3043240401573047,0.2598061535118508,0.2791037830734992,0.2231685938001338,0.2909304715847014,0.2549693107864803,0.6652033273634376,0.2165812974929786,0.3039201504606272,0.237742472676166,0,1,1,0,0,1,1,1,0,1,1,1,1,3549.51729226524,163.881908666074,12.5830409419509
1047,home_8439.png,66.982,0.09061,0.4415,0.6789,0.03285,0.232,0.2037,0.4514,0.3554,-2.603,0.004477,1.266,4.025,living room,0.4514616063420188,0.2853552169836243,0.2784660204392997,0.2742117530525609,0.2844925239565496,0.2443060044696863,0.2425403243307273,0.2544330358535084,0.7105001758247858,0.2906302247381425,0.3216196161765035,0.2663070468775494,0,1,1,0,1,1,1,0,1,1,1,0,0,3380.10102309811,416.618590824366,14.5578969066144
1048,home_8442.png,93.519,0.1037,0.377,0.4808,0.07631,0.1848,0.2559,0.3876,0.3551,-2.555,0.00546,1.342,3.818,living room,0.4535712391239569,0.2968428329142694,0.3173141572767216,0.2884994489536293,0.2485757692650489,0.2337678082689822,0.318491548374233,0.2218655743009298,0.7950632201647837,0.2535771431532339,0.2308056890047379,0.2400190599277023,0,1,1,1,0,1,1,1,1,1,0,1,1,3260.72710353759,212.819253866213,15.4607760640441
1049,home_8446.png,132.374,0.06805,0.2713,0.6009,0.1581,0.2276,0.2452,0.4286,0.4468,-2.794,0.00331,1.397,4.107,living room,0.4425881369160032,0.2745759592868169,0.2945923644624871,0.2630470929390349,0.2455925880904354,0.2558724227520562,0.2594851491237737,0.2429152135632369,0.7417803535080895,0.2400051822632425,0.2467170213872503,0.2705861267765006,0,1,1,1,1,1,1,1,1,1,1,0,1,2616.62577241075,197.568168354275,15.1731547052186
1050,home_8447.png,63.076,0.1107,0.3174,0.56,0.07219,0.2451,0.1881,0.3809,0.3666,-2.694,0.00838,1.391,4.154,living room,0.473784284372804,0.273359098334513,0.3010293322766122,0.2682674269403143,0.264389181008633,0.2505938619029782,0.2157416939435359,0.2112166792959735,0.7790111414833127,0.2370795142317388,0.2546049876436831,0.2541912559275586,0,1,1,1,1,0,1,1,0,1,0,0,0,3394.92643964578,689.672178540537,12.2542905537374
1051,home_8449.png,130.128,0.07566,0.4094,0.7291,0.07036,0.1922,0.2248,0.4735,0.3887,-2.677,0.004018,1.418,3.93,living room,0.4808692135368898,0.3077459984216405,0.3447626349222979,0.3072718112772614,0.2846903821177253,0.264950883732436,0.2858714747824166,0.2699629443472814,0.7183235246122687,0.2756532302074849,0.2959164524376844,0.3001577074976218,0,1,1,1,1,0,1,1,0,0,1,0,1,3209.25782400759,1134.94282206928,25.5604107105881
1052,home_8452.png,110.814,0.9319,0.2073,0.2759,0.1889,0.1747,0.2567,0.4081,0.4171,-2.822,0.01113,1.404,3.474,living room,0.4126980283748203,0.2539009377842637,0.2607872005422392,0.2619592852869457,0.2329676830498159,0.1985674264784836,0.265591340456578,0.188572551044895,0.781026554128184,0.2144289892831063,0.2339981245728103,0.2401843934024407,1,1,1,1,0,0,1,0,0,0,0,0,0,4078.1098182572,205.522915296841,17.586023169516
1053,home_8473.png,90.408,0.08617,0.1724,0.3634,0.171,0.1453,0.2834,0.4031,0.3946,-2.889,0.00533,1.247,4.007,living room,0.4496386397496212,0.2750488288561641,0.3065490222528111,0.2703816466661488,0.2683635684985655,0.234340457798323,0.3207736935013243,0.2486949976330118,0.737328204792733,0.2646232409770683,0.239543104922998,0.2879419263981924,0,1,1,0,1,0,1,1,0,1,0,1,0,3480.45057577775,0.0,9.91634952215234
1054,home_8491.png,103.164,0.08603,0.7534,0.6364,0.04385,0.1766,0.2384,0.4467,0.3885,-2.703,0.002235,1.489,4.232,living room,0.4622316815882382,0.2825506838363569,0.3018858100641398,0.2650604905464379,0.2802772817726585,0.2200538557082895,0.2433182603534106,0.2661693546076664,0.7653832054714279,0.2537885230797113,0.2640890670339503,0.2462341047428342,0,1,0,1,1,0,1,1,1,1,1,0,1,3541.54730194972,283.052510519229,12.4149351824484
1055,home_8495.png,121.35,0.8128,0.09717,0.7024,0.2987,0.1125,0.2827,0.4398,0.3974,-2.77,0.01252,1.464,3.532,living room,0.619414123447565,0.2870543590385471,0.3870226404532546,0.2758250831571429,0.3067289387076555,0.2779063062086927,0.2394213048055555,0.1900791770801912,0.6855235308739969,0.2611841492580338,0.2922209267137691,0.3195662928091056,0,1,0,1,1,1,1,1,0,1,0,0,1,4214.92575897487,602.752537202674,30.1512075508467
1056,home_8496.png,61.633,0.1113,0.4192,0.5263,0.08618,0.2107,0.1955,0.3498,0.3442,-2.854,0.01085,1.141,4.076,living room,0.5550642325223399,0.2846998809346862,0.2624116873218841,0.2714321613355199,0.2749188415626754,0.2508800792380515,0.2111278073658381,0.1946973923333558,0.7993801630550865,0.2792306509356799,0.25824321477921,0.2265006450169517,0,1,1,1,0,1,1,1,1,1,0,1,0,3090.88951659855,723.651110173348,8.09924671562886
1057,home_8504.png,73.882,0.1225,0.6523,0.4398,0.1827,0.2752,0.2278,0.4136,0.422,-2.75,0.005586,1.497,4.197,living room,0.4631655838961198,0.2905001768163059,0.3406748207574415,0.2567637677127192,0.2710969737527669,0.2257619392831929,0.2894933733223441,0.229453175115595,0.7387730019430295,0.2521683181891173,0.2477252170798425,0.2291357050796213,0,1,1,1,1,0,1,1,1,1,0,1,0,3526.11932677693,177.989541645282,7.36775456853634
1058,home_8506.png,79.835,0.05913,0.1909,0.3106,0.1592,0.1596,0.2177,0.39,0.3698,-2.938,0.01437,1.251,3.856,living room,0.538539531457811,0.2885446420547189,0.4130880178440064,0.274290945946068,0.2369199870075156,0.230934543768773,0.3167712421944,0.1895311475231934,0.7323825825697623,0.2332369493981555,0.2407650291121733,0.2851070821148675,0,1,0,1,0,1,1,1,1,1,0,1,0,3580.14033729826,267.919867947314,15.4891048373678
1059,home_8508.png,69.95,0.1278,0.2524,0.5816,0.1565,0.1955,0.2773,0.3376,0.293,-2.875,0.009128,1.175,4.101,living room,0.5081822130449813,0.2907617836087807,0.2645803737316451,0.2848332207497021,0.2742747318916959,0.2548496068795473,0.3183091349962118,0.2159333320846851,0.7692237736821275,0.2816949177136921,0.2690773749187491,0.2488620244982532,1,1,0,1,0,0,0,1,0,1,0,1,0,4091.24544447992,1199.17942290897,19.3461895503153
1060,home_8513.png,124.17,0.09636,0.2847,0.6358,0.2341,0.3623,0.2856,0.3735,0.3858,-2.714,0.00998,1.365,3.848,living room,0.5398075367613827,0.2639943914855924,0.2606856816120436,0.2637240445605733,0.2474468252674864,0.2260726430152184,0.2437005661338857,0.2383272069097313,0.704541490860711,0.2847940570000291,0.3220083897855449,0.2520308413270949,0,1,1,1,0,0,1,0,1,1,0,1,0,3573.53773018211,0.0,15.3168854674149
1061,home_8534.png,89.803,0.08264,0.6175,0.479,0.03888,0.2896,0.282,0.2764,0.3909,-3.114,0.01196,1.22,3.271,living room,0.5156309850656977,0.2748949673839359,0.2769479119240182,0.2635006349509227,0.2564504154987533,0.2273515931263033,0.2290420420979962,0.160929184355164,0.7836411709004606,0.2735307050431147,0.2313008596638414,0.2506686815819059,0,0,1,1,0,0,1,1,0,1,0,0,1,4059.17228245844,1650.79683788125,16.0428805024618
1062,home_8552.png,73.394,0.1107,0.2655,0.4628,0.171,0.2077,0.1636,0.3506,0.2758,-2.6,0.005224,1.346,4.141,living room,0.514913275758163,0.3015879929284206,0.3198505025583201,0.2936837716306021,0.2857479615454345,0.2606310544476594,0.2460352004587137,0.2344971208599243,0.7588934773674217,0.2860466158993739,0.2690677960406001,0.2768374052356426,0,1,1,1,1,0,1,1,1,1,1,0,1,2394.48831389138,428.85788429605,13.4011926277204
1063,home_8555.png,98.948,0.1398,0.3458,0.4407,0.0977,0.2636,0.2412,0.3762,0.3793,-2.935,0.005738,1.285,3.921,living room,0.5793224962297768,0.2826033518393053,0.2863616740553731,0.2733884687568838,0.2621115941176572,0.2174668883661624,0.240316154632373,0.2022668044826595,0.7829644598786218,0.2307384489891387,0.2428092383103434,0.2372609394144726,0,1,1,1,1,1,1,1,1,1,0,0,0,3195.59421793917,425.2328990429,20.4686716964104
1064,home_8558.png,109.856,0.09364,0.2273,0.6684,0.04644,0.1842,0.2532,0.4321,0.4043,-2.9,0.005704,1.367,4.114,living room,0.5097867648821763,0.2856444326457141,0.281526924148507,0.2720678282108384,0.2593118385841305,0.2388540989785013,0.3003351007201155,0.2047724040682498,0.7768239393406015,0.2513838352705477,0.2562431852652447,0.2563753066348949,0,1,0,1,1,0,1,1,1,1,0,1,1,2680.75949567972,432.909183602125,29.9961855306747
1065,home_8573.png,80.056,0.003718,0.283,0.5426,0.1621,0.2181,0.1471,0.4249,0.3434,-2.658,0.004938,1.409,4.326,living room,0.4623780448487392,0.2995059972135837,0.3292292411357088,0.3005678105552259,0.2590008967984183,0.2461388718166371,0.2897006193609578,0.2492851870510236,0.7479157762785267,0.2597293548799488,0.2718504510911326,0.2707527890713292,0,1,1,1,1,0,1,1,1,1,0,1,1,3049.83626046613,0.0,16.2748528235274
1066,home_8577.png,115.659,0.02534,0.5246,0.5284,0.1535,0.3114,0.2617,0.4004,0.4116,-2.918,0.01349,1.369,3.748,living room,0.4882891458811673,0.2836088928846389,0.2858930231405012,0.273741847333365,0.2638512944419682,0.2299907453007049,0.2067631736848048,0.196939489383691,0.7430598845733669,0.2626097844932915,0.2942298062458425,0.2471511141656145,0,1,0,1,0,0,1,1,1,1,1,0,0,3486.04661535509,382.500625652043,9.07175427984968
1067,home_8582.png,95.385,0.9401,0.3227,0.4698,0.2332,0.2177,0.2572,0.3916,0.408,-2.741,0.02875,1.393,3.909,living room,0.4663459547016094,0.2672008098907327,0.2543265329924193,0.2523429630407025,0.2402677662839265,0.2089973470578179,0.2397457161186092,0.1776545503953286,0.7488627948723712,0.2889099311590061,0.3016378883877216,0.2112281451171614,0,1,0,1,0,0,1,1,1,1,1,0,1,3270.33615363801,454.684688051761,4.99535101920908
1068,home_8641.png,111.398,0.05685,0.2175,0.3533,0.2063,0.1778,0.2668,0.4365,0.4216,-2.775,0.006048,1.445,4.186,living room,0.510180367567152,0.2984417927771669,0.3691004790007118,0.2669363839228638,0.2677628393645885,0.2560741260549913,0.3072151129888107,0.2608862916193792,0.7667842382759591,0.1957633254814036,0.2120416977147511,0.2884967580086894,0,1,1,1,1,1,1,1,1,1,1,1,0,2154.9343782924,242.474997755346,22.6345788067627
1069,home_8646.png,77.588,0.06137,0.458,0.4119,0.1437,0.2837,0.2413,0.3986,0.3953,-2.91,0.0168,1.26,3.789,living room,0.533777537272178,0.2915555574748366,0.2939766475240883,0.2763446755614308,0.2673263628865283,0.2723160183232984,0.2438894455312414,0.2058602150072547,0.8448411514297216,0.2608465800695781,0.2152591161428771,0.2157535365977154,0,1,0,0,0,0,0,1,1,0,0,1,1,4037.3397541439,332.881323440462,6.66773986521374
1070,home_8665.png,78.17,0.05574,0.3957,0.4129,0.1499,0.3112,0.258,0.3203,0.3585,-2.824,0.01919,1.31,3.877,living room,0.4943998499148752,0.2823319511703301,0.2831228814667557,0.2905030134626321,0.2894308553099052,0.2699515967751694,0.2918989093380356,0.2544096453268734,0.7869782192228207,0.2203348987960922,0.239381258012101,0.2548032865780475,1,1,1,1,0,1,1,0,1,1,0,1,0,2665.84136031447,958.55797842252,12.5876065573555
1071,home_8667.png,58.483,0.09993,0.2147,0.6093,0.1157,0.135,0.2074,0.3336,0.2464,-2.866,0.006359,1.308,4.041,living room,0.4999934009002632,0.3204765962439409,0.3082064443499132,0.2958582927534384,0.299716908458994,0.2788247336130515,0.3053872209402757,0.2507981615117053,0.75136125441625,0.2536648258584156,0.252935576126835,0.2989643436711613,0,1,1,1,1,1,1,1,1,0,0,1,1,3417.0543519116,1017.82951208936,0.0
1072,home_8673.png,67.643,0.06055,0.1735,0.3618,0.2168,0.1365,0.2652,0.4415,0.3756,-2.703,0.00629,1.19,3.769,living room,0.5589436487251258,0.2799242731076896,0.2865115413135185,0.2755601226709361,0.3014459340920826,0.2512404933771124,0.2383149207989731,0.1893659853791735,0.7495618031771998,0.2278870246734128,0.2275101552645449,0.2917382813859254,0,1,1,1,0,0,1,1,1,1,0,0,0,3387.1576483814,556.226429918671,10.785344650289
1073,home_8677.png,84.33,0.06413,0.4711,0.5073,0.0489,0.2539,0.2424,0.3221,0.3666,-2.804,0.007231,1.291,3.864,living room,0.5026595797623405,0.285160389648912,0.3013109875056167,0.2559284695576302,0.2571220357965466,0.2251156186217718,0.2966653507573706,0.2491557157096127,0.7596312073462057,0.2603815025417694,0.2494565074423009,0.2343670483032976,0,0,1,1,1,1,0,1,1,1,0,1,0,3281.27982063524,210.928444919388,35.5430491861799
1074,home_8678.png,85.67,0.1274,0.261,0.367,0.125,0.2393,0.2483,0.3887,0.4386,-2.703,0.02042,1.401,3.881,living room,0.4504082828827231,0.2722772205929862,0.2896850309072282,0.285157269746832,0.2573717407328331,0.2490928986404994,0.3061081180322216,0.2010652436764343,0.7349907663196076,0.2222762631866201,0.2218392680787383,0.2876367076306794,0,1,1,1,1,1,1,1,1,1,0,1,0,4377.51866663368,294.951986562955,31.055892365582
1075,home_8680.png,106.56,0.1269,0.2683,0.5108,0.155,0.2105,0.3447,0.3786,0.3692,-2.839,0.009762,1.287,4.057,living room,0.5526961314915668,0.2904077863977572,0.4443586274993594,0.2800472592828009,0.2592341229976579,0.2310700254204752,0.3295187819859352,0.2206130472144988,0.8082163984058148,0.2422465506660547,0.2061272708383764,0.2757698236870289,0,1,1,1,0,1,1,1,1,1,0,0,1,3531.86116068467,255.159850024307,20.9320284317287
1076,home_8684.png,87.292,0.05261,0.1922,0.4394,0.2845,0.1829,0.219,0.3849,0.4099,-2.77,0.006018,1.34,3.992,living room,0.5224480364362647,0.2803180582226268,0.2804612470905597,0.2860014575911851,0.2620202473367774,0.2160470360773818,0.3444870115390288,0.2936277505730587,0.7606458980133574,0.2378988234472226,0.2375136920213741,0.2433254759748151,0,0,1,0,1,0,1,1,1,1,0,1,0,2804.63314778602,614.011328460189,20.9941088473415
1077,home_8686.png,77.537,0.1117,0.2553,0.4166,0.1176,0.2224,0.2523,0.3309,0.4114,-2.55,0.01052,1.305,4.205,living room,0.5343866597482746,0.2694245812846072,0.2670795460404819,0.2678237702014906,0.2688051696917479,0.2670817220115551,0.2141018026089751,0.1818559230097355,0.7711953165481402,0.2646856382198074,0.2582541388835501,0.2495898773521662,0,1,1,1,1,0,0,1,1,1,0,0,0,2760.43911208733,672.070174434117,15.8612376914805
1078,home_8689.png,80.132,0.082,0.3511,0.4014,0.09827,0.2382,0.186,0.4283,0.4217,-2.561,0.01604,1.391,3.89,living room,0.4979668535685804,0.2594787224199617,0.2850039145348446,0.2636510526887666,0.2447312128513428,0.2114124677426853,0.2204445549880314,0.2272394964299793,0.7809055074237299,0.2212190238402701,0.2054849661719172,0.2588443060176746,0,1,1,1,1,0,1,0,1,0,0,0,1,3302.59960324867,1951.82841326414,20.2345178248999
1079,home_8695.png,97.411,0.08788,0.3794,0.5137,0.05327,0.1598,0.2045,0.4343,0.4029,-2.765,0.007269,1.477,3.8,living room,0.5271021213542613,0.2804953609042366,0.345670664688018,0.2659736603205139,0.2518785148872713,0.2206551983766507,0.2392507539598602,0.2122690547481368,0.7803630130050379,0.2324367731928757,0.241149888074713,0.2446837475965303,0,1,1,1,1,0,1,1,0,1,0,1,0,3379.24793337709,904.147245754451,17.1571384497874
1080,home_8696.png,50.323,0.09233,0.4248,0.5458,0.05917,0.1575,0.191,0.3357,0.2874,-2.56,0.04434,1.253,4.115,living room,0.4778682071726494,0.2964849763157778,0.2612282925512827,0.2667521777534281,0.2815838811660156,0.2350020968356782,0.2403084299894703,0.203403434787892,0.7837697241564282,0.2536625020116339,0.2604970568719479,0.2272243627309311,0,1,1,1,0,0,1,1,1,1,1,1,0,2467.50371440442,1017.60113072315,8.39686460568209
1081,home_8697.png,72.035,0.04777,0.4821,0.4027,0.05061,0.2352,0.2264,0.4051,0.3562,-2.926,0.01535,1.424,3.764,living room,0.4833659086759472,0.273178282748126,0.308046955296781,0.2635362168672319,0.2496576879202239,0.2196982935252216,0.1924395954791778,0.1826866957581928,0.8128615934458475,0.2231980473447559,0.2111310085612812,0.2349450911195243,0,1,0,0,1,0,0,1,1,1,0,1,1,2846.86270060178,0.0,10.9984539303549
1082,home_8699.png,98.225,0.09068,0.3563,0.6444,0.07922,0.2236,0.1954,0.4344,0.3698,-2.665,0.007685,1.423,4.178,living room,0.5489091510670737,0.2924102278182895,0.3006018905825877,0.2961091800917266,0.2710741687500562,0.2840533477192863,0.2795551644498259,0.2030219619154638,0.7426316585292951,0.2678472984839332,0.2726459598054573,0.2704043673727008,0,1,1,1,1,0,1,1,1,1,0,1,0,3172.81517304847,733.146372540425,10.5731269613072
1083,home_8703.png,60.983,0.1011,0.2249,0.4879,0.07263,0.1714,0.1969,0.3244,0.3108,-2.87,0.006445,1.164,4.199,living room,0.461432820342228,0.2931303379612726,0.2786937162435972,0.2604851621283877,0.2861041679867059,0.2467434578200689,0.2687964612479609,0.2188638994190621,0.7702010915223738,0.3114004622273488,0.3028203278619897,0.2272600226614585,0,1,1,1,0,1,1,1,1,1,1,1,0,2386.44344519259,528.980572117228,2.69495635850919
1084,home_8714.png,74.589,0.05951,0.3673,0.7215,0.07423,0.256,0.2103,0.3256,0.2548,-2.699,0.008537,1.318,4.118,living room,0.4259410638553106,0.2843935093527575,0.3561340654672652,0.2714153939863942,0.2771587952908069,0.2515064989497424,0.2869808698748974,0.2674745456055279,0.7717000633965518,0.2419043964868572,0.2511697976641305,0.2380373486470605,0,0,1,0,1,1,1,1,1,1,0,1,0,3176.63776658976,274.894582019853,8.92898119844619
1085,home_8717.png,112.928,0.1843,0.0964,0.5847,0.3269,0.1024,0.2548,0.4699,0.4253,-2.706,0.01047,1.385,3.889,living room,0.5176639645994741,0.2786150579114927,0.2475529498156688,0.2881814413548149,0.2486304839245096,0.2215170811976869,0.2927631110080071,0.2177288065326782,0.7521755044228415,0.2405562412663582,0.2606608770513073,0.2446498286643506,0,1,1,1,0,0,1,1,1,1,1,1,1,3129.5653024087,0.0,22.7274909727787
1086,home_8720.png,86.16,0.09025,0.4741,0.5974,0.08493,0.2558,0.2523,0.3056,0.348,-2.832,0.01857,1.224,3.451,living room,0.5766963896255718,0.3230051463050156,0.299571817560405,0.2941448409830975,0.2966189017591377,0.25800409287428,0.2376729353215325,0.2037298628358062,0.8087574957696988,0.2924614756213154,0.2632236515829628,0.245429584261946,0,0,1,1,0,0,1,1,1,0,0,0,0,3715.14130820607,633.75970777906,13.048147495934
1087,home_8725.png,85.894,0.0557,0.1676,0.6169,0.1608,0.1926,0.1874,0.2832,0.3609,-2.769,0.01917,1.302,4.062,living room,0.5308643786084959,0.2708365104409014,0.2696703670752062,0.283302886950499,0.2603631061985115,0.2427319955903548,0.2530493102380788,0.1886944042797355,0.791745221498018,0.2403294988212913,0.2340335006062766,0.2308985914722961,0,1,0,1,0,0,1,1,1,1,0,0,0,3159.28960388864,241.960043204785,23.3714446963058
1088,home_8734.png,102.764,0.09069,0.3502,0.5426,0.1123,0.2559,0.2968,0.4321,0.3731,-2.863,0.008929,1.313,3.992,living room,0.5555636720635206,0.293249983731494,0.3042394976364301,0.2952803143906171,0.300566771418809,0.2304255525939808,0.3053291651731906,0.2568333422417699,0.7372426127246712,0.2261853691755306,0.2596297183115109,0.2589640119992102,0,1,1,1,1,0,1,1,1,1,0,1,0,2800.84428822013,0.0,16.7843695294114
1089,home_8735.png,90.741,0.2171,0.1818,0.6447,0.2688,0.1836,0.2819,0.3641,0.3432,-2.694,0.01431,1.265,3.953,living room,0.4584998327317173,0.2663029685115492,0.2747981581072207,0.2642574673406382,0.2364543356308105,0.241384937963434,0.2685309065374038,0.2708973975199029,0.7932548673815419,0.2216938365812136,0.2206476861008501,0.2298269508546681,0,1,0,1,0,1,1,1,1,1,0,1,0,2835.62494214249,288.569471456602,8.37176915213599
1090,home_8737.png,84.864,0.02213,0.3185,0.2403,0.2434,0.2241,0.2713,0.3937,0.4228,-2.668,0.009697,1.395,3.792,living room,0.4727518362731157,0.291558015745549,0.2807023517230316,0.2699343960524141,0.2470744577932237,0.2132182002268126,0.2992472179021137,0.2532456576656169,0.788329352317704,0.2129376059093991,0.1959516767745932,0.2544010189785725,0,1,0,1,0,1,1,0,1,0,0,1,0,4411.71597431013,857.014841325544,22.2630540315504
1091,home_8739.png,69.578,0.1264,0.1699,0.4829,0.1509,0.197,0.2488,0.3966,0.3305,-2.839,0.005703,1.352,4.294,living room,0.4872310885720776,0.3049078998030333,0.2555911251155973,0.2659729817663351,0.2654454854146496,0.2503297091849662,0.3071151266837316,0.1897321922412579,0.8008456401922118,0.2889015548839725,0.2629849057577296,0.2288055430023008,0,1,1,1,0,0,1,1,1,1,1,1,1,2337.4526736724,319.723284566369,24.0377285264193
1092,home_8744.png,97.8,0.04339,0.5402,0.4823,0.06462,0.2508,0.2243,0.4499,0.4252,-2.663,0.00968,1.425,3.901,living room,0.4579874244332471,0.2759998821662881,0.3552548866100556,0.2460142868913815,0.21276535468259,0.1829150310873952,0.2237590703944842,0.216862425047109,0.8294818221704083,0.2079794983366064,0.1813398424339487,0.2053666510621564,0,0,1,1,0,1,1,1,0,1,0,1,0,4185.37970430299,263.165786537759,33.0525319897446
1093,home_8745.png,61.277,0.05203,0.2591,0.5624,0.1714,0.2141,0.2389,0.3416,0.2217,-3.049,0.004263,1.18,4.056,living room,0.5721176484952201,0.2796914991662316,0.2865034705999019,0.2569162597393561,0.2988029517713692,0.2308505245817834,0.2279400635642149,0.1949943860659387,0.8173121156004295,0.2464559276064732,0.2229509799006386,0.2293525766788813,0,1,0,1,0,1,0,1,1,1,0,0,0,1899.77285915615,1069.4251321453,10.6015901953828
1094,home_8749.png,45.576,0.08249,0.3353,0.4513,0.2172,0.3061,0.2426,0.2787,0.2654,-3.16,0.005199,1.096,3.894,living room,0.4960817531504306,0.2990435022713943,0.317218238060336,0.2822638665246547,0.2843979749682265,0.271395554816276,0.2466723681799903,0.1946260072943681,0.769456213560245,0.288177229340772,0.2638469205528225,0.2569870617761407,0,0,1,1,0,0,0,1,1,0,0,0,0,4469.82247973033,583.766767292396,41.3877955287077
1095,home_8750.png,67.014,0.0495,0.4885,0.3249,0.07975,0.1646,0.2155,0.3319,0.3333,-2.852,0.00681,1.281,4.093,living room,0.4332720874091839,0.2888157870788918,0.2979422131457862,0.2639876040455072,0.2402560802368496,0.2196232443813517,0.2912322725526491,0.2200334809008505,0.8042426153291684,0.2374957008997104,0.2225700723813889,0.23053765845063,0,0,0,1,0,0,1,1,1,0,0,0,1,3006.793821957,612.472747321517,22.0363982175001
1096,home_8767.png,112.948,0.1258,0.5537,0.3737,0.1727,0.2926,0.2606,0.4084,0.3942,-2.733,0.01154,1.459,4.223,living room,0.4928140508538798,0.2770011483268472,0.340073391857124,0.2621480928572931,0.2319238238663302,0.2135222287020484,0.2946605494125205,0.2421057170223478,0.7790123478414626,0.2174694765704889,0.2006965174122131,0.2882700641370156,0,1,1,1,1,1,1,1,1,1,0,1,1,2514.96872404879,179.0308665012,13.0481325798712
1097,home_8769.png,66.75,0.08142,0.3769,0.3482,0.09337,0.2191,0.2015,0.3596,0.4158,-2.75,0.00992,1.437,4.126,living room,0.4513758016425123,0.2592635579767394,0.2157145767035861,0.2644686793599767,0.2641260601272229,0.2415935299197913,0.1776242213178001,0.1815579810309599,0.7814688739595613,0.1996618787763345,0.2116711378962033,0.2546408818223761,0,1,1,0,0,1,0,1,0,0,0,0,0,2976.78568127808,1904.95729181356,8.56724002942043
1098,home_8774.png,70.015,0.7043,0.07626,0.5662,0.2864,0.1197,0.201,0.3671,0.3617,-2.852,0.005833,1.264,4.005,living room,0.5037598306460876,0.279471959188462,0.3087057040905083,0.2909063298450028,0.2652736551955658,0.262675518003708,0.3215879481325073,0.2095005574236893,0.7925309482014463,0.2336521662358329,0.2321151351540699,0.2497535262536223,0,1,1,1,0,1,1,1,1,1,0,1,1,3572.72120698382,354.817851934792,25.1740541629533
1099,home_8780.png,93.1,0.1213,0.459,0.5016,0.09426,0.2194,0.2666,0.3055,0.322,-2.941,0.03925,1.281,3.836,living room,0.4683111069744166,0.2728854557434261,0.265642173513496,0.2829648560434487,0.2724885589739257,0.250889004924397,0.3081442075994066,0.2373055813788654,0.7930357232779207,0.2798392525208717,0.257900449783235,0.2168595055302327,0,1,1,0,0,0,1,1,1,1,0,1,1,3117.78943732946,414.327638386879,14.1967797311689
1100,home_8781.png,107.819,0.1671,0.2158,0.4077,0.2903,0.2012,0.2717,0.4718,0.4313,-2.82,0.009284,1.229,3.789,living room,0.5234736186399604,0.2937798656077439,0.3399725750343854,0.2869189055541153,0.2697922438264517,0.2493743945903876,0.2594583266009542,0.2225050497130591,0.812210839829732,0.2109705378488408,0.2048086262724291,0.2620314597583418,0,1,0,1,0,1,1,1,1,1,0,1,0,4278.17352131408,449.41348785736,23.1348542582456
1101,home_8790.png,144.369,0.1794,0.3298,0.4134,0.224,0.224,0.2843,0.4986,0.4339,-2.597,0.01743,1.468,4.383,living room,0.505822253370943,0.2817651643816753,0.3286668552122924,0.2651772865852691,0.2843035815343155,0.2454052211108232,0.2547041166598842,0.2452902453226497,0.6666281367607058,0.20547179100947,0.2698670227122996,0.3420112822944682,0,1,1,1,1,0,0,1,1,1,1,1,0,2835.61661444698,350.12382161731,26.529612870564
1102,home_8799.png,109.204,0.04562,0.3228,0.6006,0.07765,0.2517,0.2303,0.4036,0.4381,-2.777,0.008813,1.393,4.041,living room,0.4820260044645576,0.2618341072226991,0.2936297274376795,0.2416972202697836,0.2173051052011721,0.1975581092399676,0.2678776238465594,0.2949760854727679,0.8208002309269502,0.2046955938954401,0.1910791063338468,0.2374326643926844,0,1,1,1,1,1,1,1,0,1,0,1,1,3192.63384822602,406.464166101573,8.75565953523026
1103,home_8803.png,82.688,0.08039,0.344,0.7065,0.07857,0.2434,0.2695,0.2842,0.3469,-3.012,0.009154,1.212,3.761,living room,0.3863877228160403,0.2699949783995872,0.2277845830322762,0.3123022603490089,0.2251850942138315,0.2312387823411007,0.2664955671395072,0.2039625005192289,0.7433366459406119,0.2883678978057918,0.3141224788669703,0.2198499684188439,0,1,1,1,0,1,1,1,1,1,0,1,1,3146.73697149652,601.528070773647,13.1827832797135
1104,home_8806.png,60.513,0.09733,0.3751,0.6035,0.07574,0.1401,0.1719,0.3239,0.271,-2.716,0.01037,1.287,4.176,living room,0.4973888405416845,0.2886195158383897,0.293383355274158,0.278353707855975,0.2506047654916857,0.2438477939092036,0.2150729168000092,0.184705395086371,0.7805694086983177,0.286082669779893,0.2626601045199993,0.2599302820850049,0,1,1,1,0,0,1,1,1,1,0,1,0,2471.86338736223,0.0,28.7777639544241
1105,home_8827.png,57.631,0.2093,0.1675,0.7215,0.198,0.1506,0.1268,0.4581,0.3407,-2.471,0.009112,1.379,4.271,living room,0.4731874468404506,0.2599249581237441,0.2226578068252274,0.2649692566255535,0.2553246768929478,0.2281276359821398,0.2201401098565879,0.2014536627756881,0.7139146760954594,0.2969068883255984,0.3000651867058277,0.242700111105443,0,0,1,1,0,1,0,1,0,1,0,0,1,2762.70563102054,633.802232544535,17.0698127858155
1106,living room architecture_9213.png,106.841,0.09037,0.2832,0.596,0.1427,0.2336,0.2162,0.4697,0.2556,-2.507,0.03992,1.441,3.704,living room,0.5135398518148351,0.2546325693725577,0.2697465308032522,0.266918717159765,0.2864877387332121,0.2422526847149451,0.2287946409193484,0.2106268424034769,0.7897616597101723,0.2032158213763235,0.2233329237075603,0.219919628719508,0,1,1,1,0,1,1,0,1,1,0,0,0,3276.50848351992,0.0,21.3671315746394
1107,living room architecture_9223.png,73.312,0.06006,0.5586,0.4843,0.07077,0.2857,0.2351,0.4068,0.4093,-2.913,0.02477,1.275,3.781,living room,0.4538648541357515,0.2549671346841932,0.2615904122050849,0.2741029953653584,0.232749000001793,0.2064652819075048,0.1652039064518743,0.1951479101132915,0.7732607243523372,0.2307407407453134,0.2524560156555177,0.223751096090862,0,1,1,0,1,0,1,1,0,1,0,1,0,3740.17446590611,624.020536386428,10.4046271665437
1108,living room architecture_9224.png,81.192,0.1009,0.3317,0.5744,0.06814,0.2388,0.2345,0.3535,0.363,-2.816,0.007087,1.277,4.302,living room,0.5418615038729301,0.2961998428811767,0.3582982986553006,0.2848119406182376,0.2434297219024219,0.2211022983688928,0.275740096832745,0.2222713218362422,0.790986234003546,0.3353890981042429,0.2773358738035137,0.2428608702046384,0,1,1,1,0,1,1,1,1,1,1,1,1,2723.51173538068,204.965075345776,8.34755948719104
1109,living room architecture_9244.png,89.327,0.04273,0.2756,0.4242,0.1517,0.2921,0.2859,0.2199,0.4165,-2.698,0.03869,1.306,4.059,living room,0.5341335110828882,0.2892411525081451,0.3121875781536688,0.2702244433351847,0.2692955871831729,0.236773670631955,0.2825529298112514,0.1969694182181385,0.8075835496007955,0.2203558581483163,0.2273596984493459,0.216327674737341,0,1,1,1,1,0,1,1,1,1,0,1,0,3129.57746495581,436.546261868338,25.9729423516092
1110,living room architecture_9250.png,85.004,0.6553,0.08461,0.5994,0.2815,0.1122,0.2036,0.3902,0.3511,-2.864,0.01818,1.419,4.126,living room,0.5576538706664499,0.2792664269645828,0.2803806102449143,0.2933137111177037,0.2739513509032469,0.2420288805710118,0.2641789181706995,0.1869473994118786,0.768658532394294,0.2352948767464756,0.2582522118670164,0.2449628905148263,0,0,0,1,0,0,0,1,0,1,1,1,1,3787.36478855275,741.588761330283,11.6486799854422
1111,living room architecture_9264.png,80.746,0.004939,0.2011,0.3588,0.1835,0.2268,0.234,0.38,0.3855,-2.67,0.01796,1.298,3.403,living room,0.4908403567821371,0.2663488282899993,0.2520196965693095,0.2637128367094804,0.2613698013772581,0.2342418865993696,0.2473329697740007,0.1961137359075737,0.7672845385171306,0.2597072103813365,0.2554816100840595,0.2377093826385032,0,0,0,1,0,0,1,1,1,1,0,0,0,3373.34239518715,555.085188207614,0.0
1112,living room architecture_9268.png,80.95,0.2372,0.2041,0.4509,0.2424,0.1308,0.2152,0.3868,0.3896,-2.939,0.008296,1.433,4.079,living room,0.5013091381875536,0.2807994201345905,0.2768271292835375,0.2514727099999539,0.2475447646363662,0.2212964388353352,0.2219283090097566,0.1885284155406356,0.7844124207481726,0.2048045538966675,0.2651239411893865,0.2269943377332527,0,1,1,1,0,0,1,1,1,0,1,0,0,2753.45323701804,272.996990768001,20.5112973085807
1113,living room architecture_9269.png,104.868,0.09374,0.4291,0.4058,0.05883,0.2368,0.2627,0.4075,0.3904,-2.764,0.02395,1.412,3.543,living room,0.5230281061579881,0.2773415328227165,0.3154068259177952,0.2625366801730829,0.2315300571660654,0.2269866651104697,0.2942218182260816,0.1996830786249165,0.779811135841103,0.2356491771727295,0.2372245791570279,0.2416780491703118,0,1,1,0,0,1,1,1,1,1,0,1,0,3698.15383543437,1033.90910198626,25.8248693425269
1114,living room architecture_9284.png,109.06,0.07822,0.3071,0.5957,0.1607,0.2435,0.2584,0.4718,0.3741,-2.932,0.008029,1.268,3.546,living room,0.5594548784749382,0.2749473060933057,0.3108658884224524,0.2840222191892402,0.2726810685724438,0.2433196125100026,0.179962635051571,0.1786616201566786,0.6972530566856132,0.2377075788512462,0.3106289473052773,0.2594086553346043,0,1,0,1,1,1,0,1,1,1,0,0,1,3544.70868195821,537.085642182809,15.2334030044604
1115,living room architecture_9303.png,101.09,0.9133,0.2234,0.5051,0.2373,0.1945,0.2469,0.3361,0.3643,-2.743,0.01059,1.368,4.16,living room,0.5355764517940232,0.2651665390075995,0.2703449367992474,0.2665688842981917,0.2670894944971016,0.253871821577175,0.2599010208460105,0.2075879468118089,0.7999033461731778,0.2087766320617817,0.1994277542543214,0.2600333914841413,0,1,0,1,0,1,1,1,0,1,1,1,0,3701.24067625147,265.24880793954,15.1108869884666
1116,living room architecture_9311.png,68.396,0.1167,0.2076,0.5094,0.07072,0.1509,0.228,0.3289,0.2959,-2.754,0.007217,1.24,4.017,living room,0.5846278611415048,0.3000481187112873,0.2574184380265555,0.2683593471980343,0.2860237998176583,0.2218345029929801,0.2411556644557725,0.1794550862771119,0.7466706404523406,0.2723830301236377,0.3081693403767742,0.2449085021908115,0,0,1,0,1,0,1,1,1,0,0,1,0,2768.91259712565,0.0,15.1402752156682
1117,living room architecture_9312.png,110.089,0.05609,0.3983,0.5011,0.1341,0.2109,0.2414,0.5135,0.4208,-2.78,0.01069,1.42,3.932,living room,0.5791871488805548,0.2935082638460611,0.3296064316314016,0.2750081951891746,0.2795880693365979,0.2328784612644534,0.2123756113855517,0.2030484684766007,0.8176145644992248,0.2101955902198698,0.1831030485699241,0.2683781917981011,0,1,1,1,1,1,0,1,1,1,0,0,0,4593.53762636109,248.631396356551,7.1516731831195
1118,living room architecture_9313.png,89.911,0.1825,0.1844,0.5175,0.3545,0.1603,0.2635,0.3797,0.3,-3.065,0.02398,1.258,3.919,living room,0.4851150918281997,0.289271963567708,0.2961794949114492,0.3016215435089016,0.2775896791336724,0.263136269909006,0.3296870413688703,0.2246355332415436,0.7400472225087342,0.2596577005363373,0.2400692229847622,0.2979049389190968,0,1,1,1,0,0,1,1,0,0,0,1,0,4409.81654803681,756.53684940568,11.8346907536332
1119,living room architecture_9320.png,93.424,0.09207,0.3293,0.62,0.1121,0.239,0.2708,0.4229,0.3846,-2.883,0.008978,1.291,4.086,living room,0.5250652495191089,0.3153042165448975,0.3427923962438309,0.2962698781860435,0.2956019096232551,0.2901508277437277,0.3118403895713607,0.2575971301784576,0.8047828958372801,0.2488549997014854,0.2229417923232466,0.2679192301315704,0,1,1,1,1,1,1,1,1,1,1,1,1,2905.0994084395,744.3562983591,13.5087935326558
1120,living room architecture_9321.png,113.693,0.07189,0.3538,0.6796,0.0492,0.2104,0.2781,0.3652,0.3719,-2.965,0.008186,1.257,3.8,living room,0.5173593073956467,0.3125129921150413,0.3668726024636436,0.287562670692735,0.2725509707169171,0.2501390105900068,0.2760451879977691,0.2379534570495023,0.8056549502524502,0.2847019656748935,0.2487798758429031,0.2667545062577224,0,1,0,1,0,1,1,1,1,1,1,1,1,3598.60962331597,0.0,11.9871047967879
1121,living room architecture_9323.png,84.187,0.6149,0.2419,0.5072,0.3034,0.2526,0.2354,0.3432,0.3377,-2.798,0.0167,1.336,3.646,living room,0.522201010945516,0.2908521121995931,0.2685734723794847,0.2583669242163164,0.2413351045389258,0.2502995481182111,0.2401924593138296,0.1752365904951264,0.8134294258264543,0.2586840354566667,0.2369817446300316,0.2070668947595843,0,1,0,1,1,0,1,1,1,0,0,0,0,4096.35931948093,529.619029255089,27.1133715504363
1122,living room architecture_9324.png,97.554,0.06742,0.3312,0.5381,0.1182,0.2184,0.2597,0.3948,0.3953,-2.76,0.005972,1.428,3.958,living room,0.4982524080684533,0.2780744838824059,0.2805920349119502,0.2819377956340945,0.2525629285675568,0.2600113012163774,0.2374031205291495,0.1883692868151694,0.8506823971586918,0.2036799978213684,0.1900503525147667,0.2405574060077241,0,1,1,1,1,0,1,1,1,1,0,1,0,2911.14652906929,0.0,17.7142666163866
1123,living room architecture_9335.png,74.329,0.1519,0.5296,0.287,0.07961,0.2153,0.2118,0.4359,0.4174,-2.641,0.01036,1.282,3.973,living room,0.5523750691127826,0.2800039299299731,0.3192654619544742,0.2526314338817857,0.2703566742563523,0.2213136295029394,0.2403384957242655,0.2321799518987126,0.8169488360363583,0.2017704757726528,0.186815833078001,0.2349147471542239,0,1,0,1,1,1,1,1,1,1,0,1,0,3333.06045191848,690.732932481518,3.47508477062167
1124,living room architecture_9345.png,105.49,0.09084,0.3426,0.5835,0.03537,0.194,0.2903,0.4411,0.3565,-2.81,0.005897,1.323,4.143,living room,0.4558938164636605,0.2863888022125276,0.3617598749947518,0.2650208918692148,0.2390078198880028,0.215977497466205,0.2946598237117359,0.2628456481357438,0.7670657283928527,0.2445362773295955,0.2515808342856072,0.250433970980489,0,0,1,1,1,1,1,1,1,1,0,0,1,2782.93215685194,248.194924822465,33.9836056833105
1125,living room architecture_9356.png,63.059,0.0616,0.2581,0.5068,0.1153,0.2105,0.2338,0.3075,0.2589,-2.921,0.01668,1.404,4.041,living room,0.5238748338216241,0.2716594128146053,0.3038092492728163,0.2632704646819617,0.2324467585285184,0.1923689693142302,0.2347617771997624,0.1796037062394647,0.7886007467689913,0.2918210533482543,0.2607846394357095,0.2114964985603886,0,1,1,1,0,1,1,1,1,1,0,0,0,2268.25681023324,276.101808382677,18.0784847295973
1126,living room architecture_9359.png,70.586,0.1061,0.4256,0.4441,0.07335,0.2111,0.2234,0.381,0.2021,-2.772,0.006794,1.328,4.28,living room,0.4252854846592214,0.2466951301721035,0.2330673082140586,0.254329474683287,0.2170494124197969,0.2043393764470566,0.2496493401627268,0.1839589722398347,0.745233952280007,0.2412682500232524,0.2971381516417566,0.2155836435722594,0,1,1,1,0,0,0,1,1,1,0,1,0,2760.95759444461,1302.12041439428,21.1795127727145
1127,living room architecture_9371.png,98.139,0.1232,0.4569,0.4983,0.2118,0.3724,0.2486,0.3634,0.3288,-2.931,0.009763,1.334,3.953,living room,0.4455369503827325,0.2689390755793261,0.3370669601993397,0.247701223210648,0.2484121785268443,0.2293297222393754,0.2768245784734277,0.2161616153252099,0.7401928911887227,0.2159775937623882,0.2556415197354624,0.2697999771738065,0,1,0,1,0,1,0,1,1,1,1,0,1,3217.1432266463,0.0,12.7143446778813
1128,living room architecture_9378.png,92.826,0.06205,0.306,0.7603,0.1288,0.1652,0.2587,0.4488,0.3341,-2.824,0.01328,1.342,4.069,living room,0.4757534562616229,0.2623739855291201,0.275006199016361,0.2658105373665212,0.2819346451064921,0.2369998478213087,0.263017651304734,0.2655250094616567,0.7290783486084786,0.2248190054363131,0.2838780536206934,0.247949932853155,0,1,1,0,0,1,1,1,0,1,0,1,0,2761.11961466212,668.597231108793,16.3336328909156
1129,living room architecture_9386.png,69.169,0.06166,0.5691,0.423,0.0487,0.212,0.2138,0.3545,0.3373,-2.978,0.006303,1.27,4.356,living room,0.4794191874758955,0.3112926827760251,0.3145332659238041,0.2887491430281304,0.2707174585415653,0.2392348984581334,0.2574752144085943,0.2123349264923605,0.8145166102708221,0.2732473343964293,0.2494204732767127,0.2400526330210762,0,1,1,1,0,0,0,1,1,1,0,1,0,2277.43703814361,0.0,10.0222442925655
1130,living room architecture_9394.png,80.428,0.9696,0.4045,0.3548,0.1728,0.2114,0.2746,0.3811,0.3179,-2.759,0.005737,1.425,3.917,living room,0.5821365262195783,0.3157691257592627,0.2972735231626886,0.2520501382724017,0.279313460398979,0.2299876334484309,0.2592247199982527,0.1944058038058407,0.7878020844448665,0.2510039750364194,0.2472185644172632,0.2420619325751464,0,1,1,1,0,0,1,1,1,1,0,1,0,2765.96207454468,645.915052810419,25.8840266055222
1131,living room architecture_9396.png,80.103,0.1099,0.1958,0.6294,0.05928,0.169,0.2262,0.3809,0.3671,-2.702,0.009095,1.289,4.191,living room,0.4823756333848505,0.3148309885299905,0.2812523671416392,0.2845515635319484,0.2857706425313585,0.2933514933587214,0.3563679303124294,0.2286154188794254,0.7785337321085213,0.2613305358677641,0.2363021421434946,0.2644486069801852,0,1,1,1,1,1,1,1,1,1,0,0,0,3303.10980824998,695.138909950582,22.4066379746115
1132,living room architecture_9407.png,70.243,0.08486,0.234,0.5923,0.07614,0.1871,0.1863,0.3579,0.3714,-2.693,0.01407,1.357,4.038,living room,0.4822520873814027,0.2804748949288215,0.2881697392789675,0.2678163864140758,0.2590634492317065,0.2314574566572081,0.2695073674946181,0.2337309043152881,0.7631098258918182,0.2423818240397773,0.2777296744299312,0.2227642046304777,0,1,1,1,1,0,1,1,1,1,1,1,1,3176.38230370113,1358.32313806373,13.5295556883123
1133,living room architecture_9409.png,68.3,0.08255,0.608,0.6676,0.0455,0.266,0.2322,0.3961,0.3601,-2.816,0.004903,1.274,3.958,living room,0.5116085630434032,0.3031949322074628,0.3200208723836654,0.2694473679011345,0.2884834823955743,0.2830307600979697,0.2576418311423921,0.2076256348603077,0.7967624459092607,0.230130005066711,0.2489938042741326,0.2414776812232423,0,1,1,0,0,0,1,1,1,1,1,1,0,2240.87775203179,0.0,9.39216892718938
1134,living room architecture_9410.png,94.429,0.09728,0.2871,0.605,0.1055,0.2343,0.1925,0.4326,0.4488,-2.598,0.008328,1.344,3.961,living room,0.4462116719875686,0.274406272915926,0.2769169216133236,0.2638571515340402,0.2547585697618585,0.2337131325108571,0.2949711087157184,0.3248690523367623,0.7743631324838011,0.2412813572402656,0.2357186818654522,0.2541271857185982,0,1,1,1,0,1,1,1,1,1,0,1,1,3519.6920035258,792.114574879186,20.7902658614111
1135,living room architecture_9413.png,85.728,0.09328,0.6559,0.6414,0.05457,0.1902,0.2405,0.3657,0.3538,-2.927,0.01038,1.394,4.063,living room,0.4658229928861271,0.2993661444034661,0.2989713545790687,0.3134506540996232,0.2665906835050364,0.2624101775469984,0.2599444980126936,0.2111974163695632,0.7845997317739972,0.2691500932856897,0.2571837916930355,0.2522223394570373,0,1,1,1,0,1,1,1,0,0,0,1,1,3229.64563235753,0.0,10.9380221802718
1136,living room architecture_9416.png,73.056,0.1025,0.1866,0.6941,0.0767,0.1684,0.1516,0.3562,0.3587,-2.701,0.003326,1.426,4.406,living room,0.5653225977987312,0.2934180905375451,0.3421662523621278,0.3166924048839589,0.3143632314473095,0.2578833791693526,0.2302635494064122,0.261781066263199,0.7585555794880351,0.2521996691580805,0.2658816319366716,0.268143463743965,0,1,0,1,1,0,1,1,0,1,1,1,1,2291.45515921864,282.619648488103,31.4764421138684
1137,living room architecture_9419.png,100.048,0.07513,0.3601,0.6262,0.09923,0.2272,0.2398,0.3532,0.4167,-2.818,0.01093,1.332,4.062,living room,0.4278316859842483,0.271112242783001,0.30681724688345,0.2780303622773302,0.2742104877579215,0.2428180160608095,0.2179230933815306,0.2112668414229341,0.7225357206538684,0.2491221208247527,0.2451490793544667,0.2880681751086867,1,0,1,1,0,1,1,1,1,0,1,0,0,2878.7448344784,1134.3134202318,11.1432337276643
1138,living room architecture_9421.png,97.856,0.07552,0.2688,0.6214,0.05635,0.1528,0.1976,0.3902,0.3356,-2.588,0.01373,1.416,4.292,living room,0.5063498005862,0.297837162438123,0.3289340815103623,0.2832876861582938,0.250956197992934,0.2311062570739933,0.281831321211323,0.255578399477197,0.8338432733833944,0.2593443169774319,0.21018684946698,0.2384821048804308,0,1,1,1,1,1,1,1,1,1,1,1,1,3027.35056063374,0.0,10.5711308775219
1139,living room architecture_9422.png,79.29,0.06958,0.2837,0.4057,0.1655,0.223,0.2682,0.2872,0.3293,-2.96,0.01454,1.132,3.775,living room,0.5571965777234481,0.3043129809371104,0.3193151344159237,0.2790630210284101,0.2709137364424372,0.2339225090589647,0.267375708632037,0.2023292343997801,0.7648414315795319,0.2452175594794814,0.2482133978546457,0.2797791968446293,0,1,0,1,0,1,1,1,1,1,0,1,0,3595.70015946728,445.283258638009,7.23532455122218
1140,living room architecture_9423.png,88.153,0.01834,0.1005,0.5324,0.2216,0.1145,0.3028,0.4123,0.2865,-2.739,0.008402,1.227,4.225,living room,0.5673675031964079,0.2866754114927748,0.3294339547144083,0.2754513587773363,0.2565810980973038,0.2243059081268577,0.3354223597623008,0.2223937855255592,0.7858306840101451,0.2838558894003747,0.2498651289047375,0.2465349096121068,0,1,1,1,0,0,1,1,0,0,1,1,0,3320.65804963344,0.0,35.8683413707246
1141,living room architecture_9426.png,122.07,0.1398,0.2861,0.4325,0.1523,0.25,0.2544,0.4819,0.3665,-2.521,0.04362,1.426,3.249,living room,0.4688960477850187,0.2583274410683139,0.2621528755734936,0.2516824819793242,0.2456240542210378,0.2187219401964868,0.2366728992061213,0.265940685875476,0.7028696612415415,0.1945739523694369,0.2463974124646025,0.2455074960674282,0,1,0,1,1,0,1,1,1,1,0,0,0,2614.51824741563,485.274401119464,18.7094328273585
1142,living room architecture_9429.png,127.266,0.2132,0.2017,0.6542,0.2031,0.224,0.2596,0.3948,0.389,-2.605,0.02616,1.331,3.829,living room,0.6078831758000364,0.2759247707946978,0.3166249219082716,0.266283874071395,0.267601051080776,0.2500318913318693,0.2112856162198773,0.1871605013671058,0.729588721268259,0.2507368484549361,0.2636548007422327,0.281328466851558,0,1,0,1,0,1,1,1,1,1,1,0,0,3890.87064137633,361.695348058308,21.1561325702451
1143,living room architecture_9439.png,163.604,0.08522,0.2133,0.5716,0.1896,0.2128,0.2597,0.4537,0.4355,-2.681,0.009437,1.514,4.012,living room,0.5687068336494325,0.262410764160055,0.3567325127538293,0.2563847636037336,0.2500953354062504,0.2127422616421279,0.2650611185908842,0.2029066718808984,0.7883061946965313,0.2258195099327592,0.2267641160758161,0.2465188635956537,0,1,1,1,0,0,0,1,1,1,1,1,1,2643.70846239759,0.0,16.2982550249474
1144,living room architecture_9442.png,120.803,0.01214,0.4048,0.574,0.07993,0.2311,0.2812,0.4136,0.4305,-2.901,0.005237,1.364,3.895,living room,0.5392607542879759,0.3125662454303487,0.3285131105127328,0.2971886167280801,0.2639846860036788,0.2475689974199561,0.2981891023872483,0.2542236393368249,0.8159544306105143,0.2730352922404189,0.2309326643910217,0.2681306430970677,0,1,1,1,0,1,1,1,0,0,0,1,1,2734.85969994463,424.501673934785,6.82090029144021
1145,living room architecture_9444.png,72.983,0.9999,0.1414,0.4517,0.1949,0.145,0.1989,0.3209,0.343,-2.926,0.004048,1.257,4.15,living room,0.4852554816971564,0.2900410208259302,0.2703551525819049,0.2804572984082721,0.2695723721530557,0.2470281840432779,0.2739830684368058,0.199153801333713,0.7381579188750439,0.2460268993960899,0.2781516480480022,0.268558699839056,0,1,1,1,0,0,1,1,1,1,0,1,1,3512.18136784844,325.812713118205,23.731552234841
1146,living room architecture_9445.png,103.449,0.0758,0.2853,0.4645,0.1486,0.2425,0.2583,0.3339,0.3063,-2.931,0.008097,1.239,4.049,living room,0.5493159849284808,0.2683520753712424,0.2945800927862381,0.264264144083248,0.2795380853271841,0.2638864853569286,0.2581206856919937,0.1808496183199605,0.7962760958410856,0.2073114183012317,0.2321742837972807,0.230520196201929,0,1,0,1,0,1,1,1,1,1,0,1,0,2995.64425049573,232.232024155088,22.2849810371731
1147,living room architecture_9447.png,77.111,0.03669,0.3751,0.5179,0.06294,0.2164,0.3005,0.3433,0.3698,-2.885,0.01728,1.252,4.045,living room,0.568003728143422,0.3147593975528227,0.4259841441712462,0.2777183801025445,0.2592575892959184,0.236816141418713,0.2818082785305776,0.236223684387793,0.8323482556293801,0.2687974327888658,0.2092465353796042,0.2478087008001845,1,1,1,1,1,1,1,1,1,1,0,1,0,3368.66001501626,538.797637778112,4.40734495202778
1148,living room architecture_9448.png,66.699,0.09929,0.1993,0.4448,0.1653,0.1945,0.2335,0.356,0.299,-2.958,0.007522,1.059,3.945,living room,0.510571461426342,0.2829019201519783,0.2706614716031075,0.2769462690794546,0.2393404789792342,0.2356887137602514,0.2385189291868077,0.1890774343323665,0.7977188410778956,0.2268283350805556,0.2432873867752306,0.2391731496118861,0,1,1,1,0,1,1,1,1,1,1,0,0,2686.97403889979,657.791372724578,30.5016773236564
1149,living room architecture_9459.png,125.403,0.07082,0.3751,0.3964,0.173,0.3166,0.3014,0.3932,0.4099,-2.813,0.007883,1.312,3.847,living room,0.5562426224537108,0.2800319339074001,0.2932272355442708,0.2936230823024732,0.2757861727621043,0.2494734721945233,0.276847074588143,0.2110073460961749,0.7544433923148386,0.2925315753626678,0.2395859926892206,0.2846787441397675,1,1,0,1,0,1,0,1,1,0,0,0,1,4298.66435115553,553.05939777157,7.17050632992147
1150,living room architecture_9461.png,105.114,0.1516,0.2195,0.5864,0.2214,0.23,0.1631,0.4274,0.3841,-2.526,0.008312,1.47,3.909,living room,0.499288455855455,0.2463025828391283,0.2388088665378427,0.2568477769996318,0.235142537305962,0.2399671199344688,0.2029289807850223,0.1850757081919218,0.7184017649669174,0.2050418724509462,0.2694430332047192,0.250865232743753,0,1,0,1,0,1,1,1,0,1,0,0,1,3413.14160767179,745.183237134001,20.1383760735865
1151,living room architecture_9468.png,88.589,0.1008,0.3055,0.5747,0.1439,0.271,0.2367,0.4547,0.3628,-2.471,0.01023,1.434,4.153,living room,0.5377199848659848,0.2886338951783338,0.3232004220583801,0.283317828766017,0.2657359076154158,0.2668460175289753,0.2394695131984743,0.2735342174670856,0.8453594349494103,0.2332293841872855,0.1939615698195722,0.2278815311506292,0,1,1,1,0,0,1,1,1,1,0,1,0,3110.68825692983,332.0104705619,18.6143030345705
1152,living room architecture_9471.png,84.125,0.157,0.1425,0.7169,0.187,0.1806,0.1573,0.3928,0.3272,-2.45,0.01873,1.449,4.027,living room,0.5772875061362488,0.2791585351866584,0.3262450833234099,0.2893434511726987,0.2929490137251035,0.284402187082096,0.2286493920283338,0.2077129746988074,0.7181417938910951,0.2862181564599771,0.2921727070475527,0.2902118228700919,0,1,0,1,1,1,0,1,1,1,1,1,1,3389.5345137089,319.077587347853,35.2379816589784
1153,living room architecture_9474.png,98.264,0.08391,0.4551,0.594,0.07569,0.2753,0.2495,0.4127,0.4013,-2.621,0.003227,1.385,4.258,living room,0.5188999222968265,0.2743477957067891,0.2922994233935815,0.2935318270386254,0.247346291201774,0.2081507088925741,0.219871372011532,0.2090845375303223,0.7468131838581784,0.2252308794339209,0.2887451516110207,0.2314071472228409,0,1,1,1,1,0,0,1,1,1,0,1,1,3037.84719612397,400.005035906937,9.5572185709877
1154,living room architecture_9475.png,60.499,0.09407,0.6877,0.542,0.01622,0.0941,0.2728,0.405,0.3661,-2.879,0.006938,1.21,4.217,living room,0.456224083181835,0.2531897862713201,0.2125065220445457,0.2396205895040512,0.21705239539801,0.1842240718814213,0.2195609494788988,0.1566215920622752,0.7389413659821147,0.2571791421472646,0.2860764488790221,0.2069870133718163,0,1,1,0,0,0,0,1,1,1,0,0,0,3970.5881764199,0.0,6.15687343547852
1155,living room architecture_9477.png,86.912,0.06835,0.4343,0.5561,0.06082,0.2639,0.1818,0.4083,0.4085,-2.789,0.005692,1.386,4.078,living room,0.5386439446266658,0.3082801757758039,0.3242257609859698,0.2867528743151049,0.2932243531043818,0.2794054897200218,0.2326763215528842,0.2190091414426572,0.7592256608688488,0.2965149934683662,0.3082714043077519,0.2662952597583379,0,1,1,0,1,0,0,1,1,1,0,1,1,2523.51600453365,432.975980147515,14.2368720532289
1156,living room architecture_9486.png,83.674,0.03057,0.0852,0.5168,0.1525,0.08352,0.1943,0.4233,0.3354,-2.544,0.01431,1.433,4.046,living room,0.4868266037156745,0.2676347638979757,0.277064533819097,0.2926087876269777,0.2421798427273596,0.2160997722371423,0.2109385308102276,0.1814535502034606,0.6945666806859364,0.2265679326676873,0.274457908461329,0.2974659958066498,0,1,0,0,0,0,1,1,1,1,0,0,1,3883.06824149897,537.117845416012,13.120401105974
1157,living room architecture_9490.png,90.258,0.07577,0.3268,0.4834,0.1782,0.2214,0.2541,0.4257,0.3314,-2.649,0.01557,1.362,4.104,living room,0.5609636881781226,0.2818215899647386,0.3007440645312652,0.2689016943955096,0.24701983548792,0.2091743360801325,0.22527843109483,0.1971674036913492,0.7212421946415309,0.261562829659282,0.2754963658954915,0.2630067018606882,0,1,1,1,1,1,1,1,1,1,1,0,1,2650.2057173369,271.157908950033,19.274349915488
1158,living room architecture_9493.png,109.25,0.08841,0.4976,0.4921,0.1346,0.2551,0.251,0.3828,0.4004,-2.888,0.009287,1.273,4.132,living room,0.5261913613412664,0.2762129538692576,0.3265039136528284,0.2635862185703901,0.2651161033054882,0.2293817502169777,0.2804690692011976,0.1931276524527455,0.7431995767915113,0.2749202474339223,0.2469447650330493,0.2523657329060386,0,1,1,1,1,1,1,1,1,1,1,1,1,2657.73520831379,719.531680242075,15.78290147018
1159,living room architecture_9497.png,99.482,0.3128,0.1182,0.4316,0.2744,0.1691,0.2505,0.3809,0.4264,-2.791,0.009881,1.299,3.324,living room,0.4758478933269913,0.2802582585305146,0.3004801380491445,0.2887763158717347,0.2547292807236769,0.2459861994132284,0.2918838812096688,0.2040440455143355,0.8038814460645701,0.2334652302868924,0.2224610909043052,0.2369116671888148,0,1,1,1,1,1,1,0,0,0,0,1,0,4624.4151582179,1218.56115079765,8.64589983926022
1160,living room architecture_9500.png,103.035,0.07603,0.3171,0.5221,0.1367,0.2649,0.2948,0.3952,0.3657,-3.001,0.01207,1.293,3.792,living room,0.5748743935981261,0.2893503932299191,0.3073205497478516,0.2697407248273631,0.2827404073366367,0.2322484627918018,0.2556250367310758,0.1917251976137838,0.7420416495678442,0.2789754629221712,0.2666663653036601,0.2571021286444329,0,1,0,1,0,0,1,1,1,1,0,1,0,2678.92751484484,816.90593582909,6.22025053911843
1161,living room architecture_9502.png,76.656,0.0726,0.6521,0.4881,0.03581,0.1538,0.2713,0.4167,0.3684,-2.902,0.007264,1.272,4.088,living room,0.5299412664320444,0.2869651255876642,0.3140413037225295,0.2642681561300102,0.2376034265690733,0.1949250867109932,0.2621419658609328,0.1822124112698896,0.7546007419585431,0.2730489691009837,0.2932018317545026,0.2118166191750542,0,1,0,1,0,0,1,1,1,1,1,1,0,3234.83483112173,267.661609361027,9.02896492046595
1162,living room architecture_9504.png,98.166,0.1237,0.2496,0.6018,0.1351,0.2233,0.2335,0.3927,0.2918,-2.961,0.01548,1.348,4.332,living room,0.5357466821637722,0.2889082343678644,0.3229739675700924,0.281572329993188,0.2584769628016932,0.2564322526155751,0.3316155788636679,0.2573499440145829,0.8068941759696286,0.3009809443571891,0.2413339849106377,0.2362735833765367,0,1,1,1,1,1,1,0,1,0,0,0,1,3048.65366173858,742.949701009219,14.382171019449
1163,living room architecture_9509.png,86.136,0.09349,0.4406,0.4786,0.09968,0.2521,0.2628,0.3941,0.3542,-2.849,0.01351,1.318,3.974,living room,0.5524217475199281,0.2802333851305618,0.3218482570860672,0.2641819766652293,0.2611819845695866,0.2220782211842018,0.2355464109305408,0.1779553061708709,0.732738333030963,0.269453539051972,0.2943105052305479,0.2388269700526961,0,1,0,1,0,1,1,1,1,1,0,1,1,2645.92129746967,1421.39271900094,19.6843889389128
1164,living room architecture_9516.png,62.911,0.08703,0.4032,0.5792,0.0336,0.2216,0.1891,0.4079,0.3502,-2.709,0.01293,1.266,3.972,living room,0.5673097678169402,0.3197804832214412,0.2724140803400938,0.2682126335115361,0.2822485779678828,0.2309229769266241,0.2591515158405598,0.2325099592723659,0.7825249918416318,0.2718568880506203,0.2823788670297435,0.2432134878386288,0,0,0,1,0,1,1,1,1,1,0,1,0,3049.58001176991,844.069408153767,9.23968397817013
1165,living room architecture_9521.png,73.549,0.09103,0.2072,0.4187,0.1502,0.1766,0.2747,0.3891,0.3212,-2.808,0.00852,1.327,4.084,living room,0.5389107698568248,0.2988786773689165,0.3012298474929337,0.285153846386285,0.2791596796472538,0.2317488255237031,0.3423314594896005,0.2422056571726156,0.7645585814190584,0.259000597483681,0.2604010016964533,0.2375262177720683,0,1,1,1,0,1,0,1,1,1,0,1,0,2598.44413180483,0.0,13.8965843265101
1166,living room architecture_9522.png,96.627,0.1254,0.4902,0.5177,0.1314,0.3223,0.2123,0.3748,0.3564,-2.886,0.0177,1.313,4.16,living room,0.4798150996484128,0.2662497703307853,0.2940312752242852,0.2451023680073844,0.2993035659379699,0.2380716275903822,0.2539714001713613,0.2635629322379577,0.7879345618278544,0.2133199700966227,0.2365331272081263,0.2141506550830572,0,0,0,1,0,1,1,1,0,1,0,1,0,3034.38561392453,445.219707990112,21.5807300650002
1167,living room architecture_9524.png,69.44,0.1211,0.2557,0.5372,0.1068,0.2203,0.1876,0.391,0.3702,-2.752,0.01684,1.289,4.051,living room,0.4905378189421353,0.2837435164731692,0.2707870543340491,0.2972586530785789,0.2581400433911893,0.2644890793858621,0.2438058377480271,0.2041278388554169,0.7673783657368137,0.2694705920653499,0.2987459542466836,0.2494451051982827,0,1,1,1,1,1,1,1,1,1,0,0,0,2984.01884925703,814.735451067947,15.7578066729516
1168,living room architecture_9534.png,69.32,0.0005532,0.3275,0.3882,0.1304,0.1651,0.24,0.4068,0.4661,-2.731,0.01233,1.172,3.762,living room,0.4839641379033383,0.3081027446981931,0.3104840647888818,0.2768586415110619,0.2769682798885847,0.244948028272295,0.2039730655306646,0.183451495698991,0.816800724199353,0.1863363357538996,0.1817356758959722,0.2524906919833289,0,1,0,1,0,0,0,1,0,1,0,1,1,3892.94015133387,1116.3197993794,12.5014377452462
1169,living room architecture_9535.png,70.776,0.07663,0.6738,0.4126,0.1033,0.2163,0.2786,0.2886,0.2936,-2.703,0.008472,1.283,3.926,living room,0.5847180031924912,0.3175059492497178,0.2857633173327338,0.2543853843329293,0.2952159944959742,0.2395770783200178,0.2323423863726406,0.1630757382608642,0.8014412016253049,0.2913300970989727,0.2547417765761283,0.2255019632853329,0,1,1,1,1,0,1,1,1,1,1,1,0,3017.65331809109,1398.60527732061,6.38633476944302
1170,living room architecture_9538.png,74.533,0.1447,0.4446,0.347,0.09571,0.2445,0.2011,0.4055,0.3949,-2.756,0.00479,1.398,3.955,living room,0.4619260807189785,0.2822930259946266,0.2802814726561947,0.274024913302712,0.2477077731431531,0.2522494516010189,0.2622368540124655,0.2153656773485524,0.8272383945544476,0.2104556283700691,0.1888654628189925,0.2203663285839463,0,1,0,1,0,0,1,1,1,1,0,0,0,2785.69771545542,386.417519451162,15.238356681043
1171,living room architecture_9540.png,72.59,0.0377,0.2282,0.4914,0.157,0.1833,0.3253,0.333,0.269,-2.773,0.0149,1.254,3.938,living room,0.5395052162014456,0.2700993047313558,0.2795593338222647,0.265854188951474,0.261019572187106,0.2203365626357848,0.253880053308798,0.1639885893720514,0.8244870505107891,0.2500927742638377,0.2109296603355465,0.216980415216223,0,1,0,1,0,0,0,1,1,1,0,1,0,3768.32359752659,251.22672908967,22.3743909297664
1172,living room architecture_9541.png,73.025,0.06911,0.1422,0.6717,0.1476,0.1648,0.2,0.3684,0.3584,-2.664,0.01313,1.255,4.17,living room,0.5164309455388316,0.2736462448592792,0.2386852570814286,0.2637385312353568,0.2788756188228812,0.2397516592878281,0.3080965448275533,0.2541591090998496,0.8182569447374073,0.2281682131714062,0.2114660265941471,0.2399405793055853,0,1,0,1,0,1,1,1,1,1,0,1,0,2968.1712453307,244.49005876079,7.49754394910302
1173,living room architecture_9544.png,90.055,0.09901,0.1534,0.575,0.2305,0.1827,0.2211,0.3817,0.3965,-2.963,0.004475,1.242,3.872,living room,0.4939159409051608,0.2987117137586036,0.2836264054570426,0.2973190922807676,0.2886405755993431,0.2738178837200242,0.3205800283471072,0.2352562712434139,0.7721005122932315,0.2734900480424814,0.2559663271849569,0.2725599305612698,0,1,1,1,0,1,1,1,1,1,0,0,0,4307.04615892684,1429.60275211709,8.53693869833958
1174,living room architecture_9548.png,79.169,0.05255,0.2103,0.4904,0.1061,0.1564,0.2293,0.3927,0.2921,-2.897,0.009665,1.284,4.11,living room,0.4448649571485348,0.2712545962775216,0.2632395283029693,0.2658036089058267,0.2417896586666654,0.2290796115753905,0.2507102596819465,0.2202907681723871,0.7331497326057013,0.2381413927955008,0.2907620003503013,0.2408716271850939,0,1,0,0,0,0,1,1,1,1,1,1,0,2495.9080425017,889.406988549771,27.5199129848164
1175,living room architecture_9552.png,77.416,0.166,0.2892,0.4131,0.3244,0.1982,0.2754,0.4122,0.3781,-2.902,0.01448,1.256,3.94,living room,0.582892385412128,0.3153133807135089,0.3127492667501789,0.306982995889233,0.2862265879141571,0.2461370335881552,0.2552849756645231,0.1898054910383469,0.7716618160652146,0.31132134114756,0.268450372358848,0.2538632328770984,0,1,1,1,0,1,1,1,1,0,0,0,0,3575.98375609866,1798.01467061959,16.9191271952455
1176,living room architecture_9555.png,92.749,0.117,0.2469,0.7114,0.1889,0.2128,0.1721,0.4566,0.3262,-2.701,0.0129,1.323,3.857,living room,0.4841388012934263,0.2728445046394656,0.3048029448523451,0.2841985707056008,0.3081626454581704,0.288491637610635,0.2560963971773214,0.2206525419015705,0.6584520349874425,0.2895578681701942,0.277529804727837,0.3750567801472028,0,1,0,0,0,0,0,1,0,1,0,1,1,1883.727015183,216.119191442788,15.4120021474691
1177,living room architecture_9559.png,97.407,0.07616,0.5322,0.544,0.09343,0.2712,0.1813,0.3796,0.3957,-2.964,0.0238,1.423,4.1,living room,0.478976083812908,0.3005160434517931,0.3281659450662179,0.2831055951880656,0.2793930019005322,0.2500746969418908,0.2597286344845575,0.2503762851508153,0.7930824633690041,0.2360753109722883,0.2339699965898281,0.2469599466850734,0,1,0,1,1,1,0,1,1,0,0,1,1,3092.46015270057,0.0,8.47340867292082
1178,living room architecture_9562.png,92.525,0.09041,0.2864,0.5186,0.2003,0.2407,0.2226,0.3471,0.353,-2.74,0.01185,1.32,4.028,living room,0.4712796330781971,0.2835479204487476,0.3362108523388699,0.2982676118170396,0.2630550124922329,0.2444084281485274,0.2972058975816423,0.2605833492778304,0.7012465379624782,0.3048191128843142,0.2822078619179077,0.2765350668854693,0,1,1,1,1,1,1,1,1,1,1,0,1,3533.91624735134,401.335915835161,13.1775260359566
1179,living room architecture_9570.png,90.418,0.1201,0.3573,0.528,0.1394,0.3071,0.1999,0.3556,0.3654,-2.779,0.01204,1.331,3.92,living room,0.5349325079775749,0.2986842328904725,0.2998894828443197,0.2762411157382405,0.2761767668155925,0.2484486856782791,0.2745161701784404,0.1949745669614216,0.7802602058775606,0.2624189338615618,0.2819828486993954,0.2277408445182012,0,1,1,1,0,0,1,1,1,0,0,1,0,3107.61111970581,646.69274585708,16.8226707448083
1180,living room architecture_9576.png,99.742,0.08826,0.4506,0.7019,0.07856,0.1971,0.1857,0.3736,0.3985,-2.869,0.005367,1.441,4.046,living room,0.5333075420503741,0.2848179963226881,0.2934345337120925,0.2662470625937015,0.2683917853928709,0.2476118513206921,0.2814412606469053,0.1988439413213611,0.7483081425024511,0.2619694810129721,0.2699797009325118,0.2420797034870962,0,1,1,1,1,0,1,1,1,1,0,1,1,3382.58444334999,194.362508426841,4.91421067422937
1181,living room architecture_9581.png,123.189,0.02909,0.4265,0.3754,0.1882,0.3156,0.229,0.4435,0.4078,-2.792,0.01352,1.431,3.444,living room,0.5112719161314604,0.297847581663832,0.3368471589375035,0.2520221883533773,0.2678408659594051,0.2486889130808867,0.3184085718138271,0.262660786468007,0.8020200540908211,0.2067294212992925,0.2170524256914578,0.2411033297537753,0,1,0,1,1,1,1,1,1,1,0,1,0,4018.66043279181,0.0,14.0230342268297
1182,living room architecture_9587.png,85.844,0.08026,0.2086,0.7019,0.1141,0.2103,0.2726,0.4303,0.2962,-2.699,0.00723,1.29,4.06,living room,0.5467085307174985,0.2746632282263311,0.3106725109754946,0.2973020416031081,0.2970071594855148,0.2473319293083363,0.2418855371448541,0.2331696773376605,0.7085084446977893,0.2464642896773502,0.2690488152181989,0.2823129664527478,1,1,0,1,1,0,1,1,1,1,1,0,1,3262.26218388201,805.268729152198,23.6842307517241
1183,living room architecture_9590.png,69.202,0.1685,0.1722,0.4747,0.1958,0.19,0.2226,0.307,0.3802,-2.794,0.009099,1.271,3.83,living room,0.5051524537858268,0.2843560011176448,0.2961032998726261,0.2683098178330734,0.2635463808507293,0.2280085500232661,0.2814858153157751,0.2062425832647043,0.7201313675140152,0.2558733130741226,0.3009779565835524,0.230880142969243,0,0,1,1,1,1,1,1,1,1,0,1,0,3150.66001877509,324.845795559056,19.2802639192695
1184,living room architecture_9596.png,116.78,0.1255,0.2757,0.5965,0.05731,0.1968,0.2262,0.3937,0.403,-2.806,0.0305,1.376,4.271,living room,0.496315333452578,0.2654083331043551,0.3323658866122389,0.2719008953504487,0.2514353307485183,0.232581617049235,0.2849328651315287,0.2455895242823498,0.7512805378409819,0.2181581169214835,0.2351774921379999,0.2574517890145903,0,1,1,1,1,1,1,1,1,1,0,1,0,2438.53502065647,0.0,24.7138019699744
1185,living room architecture_9598.png,88.522,0.03362,0.262,0.6123,0.15,0.2366,0.219,0.4954,0.3607,-2.666,0.00595,1.337,3.793,living room,0.4834780828026117,0.2626314783888645,0.2403284880338951,0.2830479673519019,0.2656840414602336,0.2548766657712316,0.2274118531690922,0.2305184150970965,0.7880500807823158,0.2574972916079558,0.2481662754008775,0.2262945360386074,0,1,1,1,0,1,1,1,0,1,0,1,0,3796.91358658874,1083.5894075185,22.2196055432042
1186,living room architecture_9600.png,106.804,0.1643,0.1374,0.4742,0.2081,0.1019,0.3255,0.4013,0.3582,-2.635,0.006849,1.322,3.927,living room,0.5429864053004578,0.2689285560437819,0.2871664935841049,0.2573713024994988,0.2669581775702614,0.2356948280885957,0.2828885637953411,0.2052389425499163,0.7124852921570208,0.2971439436051191,0.2331253005167023,0.3297443411940028,0,1,1,1,0,1,0,0,0,0,0,1,0,3425.54078180541,203.496580009695,17.0278701051625
1187,living room architecture_9606.png,107.393,0.1918,0.5153,0.3698,0.2162,0.3825,0.2879,0.3725,0.38,-2.874,0.0142,1.287,3.829,living room,0.5488608490014649,0.2725841695377448,0.2596915707078936,0.2593010447704617,0.2569736822918345,0.2141958488746125,0.3222495789893513,0.2001070047480428,0.8319051153898578,0.2068036638890494,0.1937185196385846,0.2046176462177215,0,1,1,1,0,0,0,1,1,1,0,1,0,3517.46169094008,205.217257265622,14.796402930556
1188,living room architecture_9607.png,120.692,0.02318,0.3174,0.5838,0.2468,0.2768,0.2806,0.4117,0.3622,-2.955,0.01029,1.291,4.181,living room,0.5394670355486177,0.2899591778637215,0.3580682411659462,0.2641887908527931,0.2874180459154871,0.2342492091027044,0.2843809604099531,0.254408207825738,0.7992038023952364,0.2106687323714783,0.2169210591498329,0.2397414081334431,0,1,1,0,1,1,1,1,1,1,0,1,0,2376.12499420245,748.566142599726,10.3101979511686
1189,living room architecture_9610.png,113.067,0.1054,0.3508,0.6607,0.04305,0.1979,0.2331,0.3981,0.3903,-2.829,0.0278,1.373,4.127,living room,0.5459070712444494,0.267277335202768,0.2736159373697729,0.2757669080174711,0.2692122592189909,0.2245525445286333,0.2340068794260484,0.2132790650276257,0.7434666602925101,0.2303844787575179,0.2424830797883191,0.2705822630262807,0,1,1,1,0,0,1,1,1,1,1,0,0,3368.80677108656,1185.88469691041,23.9874259367594
1190,living room architecture_9611.png,107.442,0.0533,0.272,0.439,0.1003,0.2092,0.1793,0.4901,0.4952,-2.499,0.01084,1.55,3.531,living room,0.4829201390797683,0.2660133359128702,0.3172286367597446,0.2785223090872639,0.2509639666592573,0.2371932702728418,0.2095647006004727,0.2143288928137999,0.6596666482719492,0.2122879143324255,0.2750788215931239,0.3064033203967351,0,1,1,1,1,1,1,0,1,0,0,1,0,4425.40784909271,437.504601400876,12.4624936830625
1191,living room architecture_9613.png,91.478,0.09593,0.3703,0.5316,0.1491,0.1997,0.1795,0.4176,0.2986,-2.69,0.004025,1.448,4.202,living room,0.4827673781714034,0.2820786297176681,0.2965974411080787,0.2814576687491874,0.2833193714394507,0.2345110368293574,0.2485427108013662,0.2749142567058434,0.7145145905793261,0.2182570684090642,0.2788620390344647,0.2740550639207282,1,1,1,1,1,1,1,1,1,1,0,1,0,3054.6427629681,536.710686504883,9.38605148936503
1192,living room architecture_9619.png,76.945,0.02319,0.3442,0.5793,0.1799,0.258,0.2321,0.3724,0.3278,-2.768,0.004797,1.311,4.15,living room,0.4770201798103691,0.2728107186015924,0.3184937247108629,0.256779524384931,0.2432127956212964,0.2451126627059489,0.2316555478602852,0.2393598647326772,0.7213656402682914,0.2677728650896191,0.2930064136278975,0.2458619867166393,0,1,1,1,1,1,1,1,0,1,0,1,1,3426.92017608519,282.78756260213,28.6201358418572
1193,living room architecture_9640.png,97.031,0.1028,0.2959,0.4929,0.07404,0.1287,0.2203,0.4083,0.3352,-2.864,0.01681,1.279,3.723,living room,0.5316444689047772,0.2957626350698014,0.3301499099925138,0.2688676949947644,0.240179543550147,0.2141936658919732,0.2886236710074241,0.2010170696564864,0.822958550576594,0.2375387211498075,0.2182602218947562,0.2328919700708778,0,0,1,1,0,1,1,1,1,1,0,0,0,3531.50958828989,757.233292676515,14.9394612405877
1194,living room architecture_9646.png,70.103,0.1262,0.3482,0.444,0.1189,0.2314,0.2361,0.2951,0.3045,-2.639,0.005902,1.351,4.018,living room,0.490904945219944,0.2871368116696007,0.2729906699250277,0.2992183551109589,0.2909188415610788,0.2658089175870973,0.2651818217482645,0.240484855122619,0.7828027511212677,0.2524729763234509,0.2363114827948565,0.2600248520945039,0,1,0,1,0,0,0,1,1,1,0,1,0,3471.49537625786,351.971897989686,23.0899643935397
1195,living room architecture_9648.png,105.719,0.9413,0.2978,0.6348,0.2534,0.2539,0.2493,0.408,0.392,-2.703,0.01158,1.328,4.164,living room,0.4960661987806369,0.2746063069628065,0.2901323539336466,0.2635938650919439,0.2846299427500964,0.2566416829940502,0.2740400991925069,0.2882439977969441,0.7599999772601779,0.2481478422155296,0.2677240361369452,0.2417075272750318,0,1,1,1,0,1,1,1,1,1,0,1,1,2747.75181875263,346.512818641372,23.4921481551161
1196,living room architecture_9651.png,72.08,0.08617,0.2079,0.6119,0.1685,0.1672,0.1908,0.365,0.3472,-2.649,0.005705,1.336,4.121,living room,0.4499420624403056,0.2676466429006734,0.2267813360016976,0.2903736428668804,0.2472596346515218,0.2244720731646108,0.2087144362334324,0.2115506222454159,0.7402709748091751,0.2762380013668543,0.2895375645706471,0.2454643567355163,0,1,0,1,0,0,0,1,1,1,0,0,0,2748.65883140753,0.0,2.16475695253675
1197,living room architecture_9652.png,138.194,0.1034,0.3625,0.6794,0.07272,0.2993,0.2099,0.443,0.4432,-2.655,0.009083,1.484,3.973,living room,0.540338405365331,0.2622205711474393,0.3159577916109535,0.2921165489948499,0.2396785261091755,0.2265734370024083,0.3082040934730921,0.2482439396550911,0.7716962271730058,0.2285106757202329,0.2167751813444633,0.2925746917376412,0,1,1,1,1,1,0,1,1,1,1,1,1,2563.15417987129,0.0,21.6146720706864
1198,living room architecture_9655.png,87.156,0.1766,0.1682,0.6751,0.09199,0.1331,0.1855,0.4448,0.3943,-2.849,0.02129,1.335,4.105,living room,0.5704965814447478,0.2806106985090555,0.2685204656259563,0.3101986577230361,0.2673595657732586,0.2463823900612836,0.2853370487210979,0.2130390786549653,0.7853450128836038,0.2804675263979345,0.2400816242668296,0.2686589518653356,0,1,1,1,0,1,1,1,1,1,1,1,0,3557.86681675531,0.0,18.3399210717393
1199,living room architecture_9660.png,119.603,0.1757,0.3893,0.5714,0.2073,0.3527,0.2458,0.3536,0.3692,-2.649,0.02242,1.262,3.485,living room,0.5428043212625373,0.3011606952175764,0.2678605702129871,0.260978918300323,0.2776924496054697,0.2439392799532329,0.2847707851490094,0.2487392755497073,0.773267279109626,0.2846133266945275,0.2832440656892702,0.2364865474495001,0,1,1,1,0,0,1,1,1,1,0,1,1,3200.80015316863,1032.05375768006,20.6267851736953
1200,dining room home_12298.png,91.612,0.06044,0.1233,0.5608,0.214,0.1341,0.2034,0.3813,0.3608,-2.682,0.009724,1.32,3.921,office room,0.5205563591651594,0.273756945909601,0.3943374393744924,0.2997465780481127,0.2517823019661547,0.2482818066156906,0.4463390053878382,0.2158143094896923,0.8004996716866187,0.2316845057313497,0.2291862422734246,0.2381302057120296,0,1,0,1,1,1,0,0,1,0,1,1,0,4081.93060745559,0.0,17.2164167117386
1201,dining room home_12416.png,109.307,0.09611,0.2811,0.4231,0.1705,0.2241,0.2237,0.4348,0.4425,-2.664,0.01073,1.368,3.947,office room,0.5635812870491047,0.2959574845201301,0.3021448101243044,0.2729530558947562,0.2520169091907545,0.229765211054004,0.4694465504193121,0.2686807886792772,0.7676751441298267,0.2557489628527104,0.2502553619422548,0.2413060013887921,0,1,0,0,0,0,1,0,1,0,0,1,0,3394.24845965679,0.0,14.8679396359187
1202,dining room home_12489.png,119.747,0.08077,0.2414,0.4531,0.2195,0.1842,0.3044,0.3976,0.4157,-2.848,0.01113,1.294,3.804,office room,0.5530141262660959,0.2991455663877085,0.334841135580104,0.2784143358206428,0.2556954851715119,0.2533057433898376,0.3588887293681763,0.2425039739370825,0.7728496960747576,0.2386987608291951,0.231057390546494,0.2679956120841988,0,1,1,1,0,0,1,0,1,0,0,1,1,3911.99948709281,520.923888470868,12.5829521046589
1203,home architecture_8985.png,76.48,0.04548,0.3467,0.5536,0.06789,0.2151,0.2571,0.3185,0.2978,-2.888,0.01366,1.243,3.816,office room,0.4579494754650516,0.3040759537539831,0.2784686474006245,0.2809694039029867,0.261511160471614,0.2428981692621729,0.3463120439897658,0.2122064175219313,0.8208477114692615,0.2547327874486489,0.2240167111834306,0.218993432779567,0,1,1,0,0,0,1,0,1,0,0,0,0,3232.36552856404,948.882790985414,13.6676987107491
1204,home architecture_9196.png,96.272,0.09945,0.21,0.4146,0.1461,0.1833,0.2865,0.2374,0.3883,-2.749,0.00792,1.321,3.943,office room,0.501296555811694,0.2988027858705342,0.2840435644507839,0.2903228212863459,0.2596711661747911,0.2378336949887345,0.400258136458076,0.236254175134891,0.8080236545229852,0.2494140917063367,0.2394061381842052,0.2384134150033578,0,1,1,1,0,1,0,0,1,0,0,1,0,3284.69550641809,0.0,5.91007184522107
1205,home_8229.png,130.035,0.07501,0.2207,0.4729,0.202,0.1736,0.2831,0.4235,0.4593,-2.725,0.01154,1.385,4.239,office room,0.4334075500204916,0.2742290338371455,0.3164210178497247,0.2754420565898056,0.2395383718981423,0.2377527026226879,0.3201341624369086,0.3413826005566583,0.7645043197957211,0.1984631575935014,0.1911687322201785,0.2729199570327867,0,1,0,1,1,1,1,0,1,0,0,1,0,3174.06438906434,166.415243892981,19.9910747024326
1206,home_8551.png,86.764,0.08571,0.3914,0.5466,0.09763,0.2346,0.2135,0.2871,0.3593,-2.747,0.01814,1.359,3.947,office room,0.4872177696013026,0.2698322839062673,0.2302229310417121,0.2844345429032294,0.2585558292977554,0.2305796367446591,0.3117209357821531,0.2267588535274083,0.8170223674885656,0.2132362059426731,0.2113048452706789,0.2331497232823238,0,1,1,0,0,1,1,0,1,1,0,1,0,3743.25967232459,210.597264809067,18.1517240710033
1207,home_8738.png,88.636,0.1752,0.2131,0.4419,0.1222,0.1853,0.3085,0.4284,0.3537,-2.694,0.01619,1.139,3.827,office room,0.5833429090697889,0.2931965188374415,0.3047363034341845,0.2880078545126087,0.2662987673960251,0.221344917302231,0.4099023779366622,0.2564274103362671,0.8062108326157865,0.2681938835167387,0.244101942735036,0.2393143237097186,0,1,1,1,0,1,1,0,1,1,0,1,0,3020.25890480731,519.834164767447,11.563250264407
1208,kitchen_1046.png,87.823,0.991,0.1912,0.5094,0.2704,0.1874,0.1871,0.3702,0.4152,-2.92,0.007997,1.321,3.835,office room,0.4100860158668691,0.2737274590126839,0.3282465069011315,0.3037100532162161,0.2399489859238864,0.2618830565954506,0.3533957847310895,0.2482295161290158,0.7553182572675654,0.2525314964986998,0.2352053578928745,0.2646175353181657,0,1,1,1,1,1,1,0,1,0,0,0,0,3438.48883025634,318.070278363712,16.4098180156471
1209,office desk_10000.png,120.805,0.9602,0.1362,0.5064,0.2547,0.1164,0.2667,0.4988,0.3949,-2.83,0.008598,1.314,4.201,office room,0.5439951762073124,0.2847090711249076,0.3150397977396754,0.2476390776607579,0.2498254529824575,0.2464136692564186,0.5693638759112053,0.2322192682253531,0.790248354364769,0.26441238676194,0.2281345104824766,0.2431950535188143,0,1,1,0,1,1,1,0,0,0,0,0,1,2556.33964987778,365.157878130204,22.6917967788437
1210,office desk_10008.png,98.611,0.09557,0.2621,0.4523,0.2084,0.2342,0.2883,0.2626,0.4117,-2.606,0.00748,1.328,4.2,office room,0.5002994877476082,0.2714782120118684,0.255796597908872,0.2648451108462411,0.2424497107207977,0.2048130248689564,0.5228055812859875,0.2107353979296449,0.7497506065478993,0.2156739721700384,0.2322760929857445,0.2200183268045713,0,1,1,0,1,1,1,0,1,0,0,0,0,2203.71979668462,0.0,12.6922261681195
1211,office desk_10012.png,77.301,0.1605,0.1783,0.4666,0.2132,0.1744,0.2396,0.4032,0.2481,-2.811,0.005767,1.35,4.106,office room,0.526804991092379,0.2916206609603496,0.2479073127140272,0.2853542696454117,0.2557998710522384,0.227316459965306,0.6116573908901448,0.2480959950427816,0.8165366671142451,0.2569635668102765,0.2232532717786591,0.2243425401997771,0,1,0,0,0,1,1,0,0,0,0,1,0,2568.94680551853,541.912730113466,22.8627067321097
1212,office desk_10013.png,97.234,0.0556,0.3166,0.4831,0.08536,0.157,0.2927,0.3851,0.3454,-2.783,0.007916,1.398,3.828,office room,0.5355222327439241,0.2862758303729789,0.2183783233377564,0.285079019303927,0.2409351009249576,0.2217532135489572,0.5362166985852262,0.1978756939162929,0.8043611880984628,0.2513532684703893,0.2321153537160531,0.222960353924724,0,1,0,0,0,1,1,0,0,0,0,1,0,2137.12265032053,210.525238249773,13.2627613467783
1213,office desk_10018.png,87.201,0.1019,0.2206,0.5277,0.1647,0.205,0.2497,0.3357,0.3255,-2.834,0.008078,1.286,4.382,office room,0.4625569997523315,0.2927503210615836,0.2743113074147681,0.2896474821090696,0.2730005317896941,0.2545301528058167,0.5040870417977015,0.304722400032565,0.8409051573407117,0.265761576902299,0.2323457171343357,0.2059775247173761,0,0,0,0,1,1,1,0,1,0,0,0,0,2511.68651287778,213.582882137944,19.549233608644
1214,office desk_10039.png,48.165,0.05729,0.3179,0.2515,0.1654,0.2441,0.2033,0.287,0.2801,-2.921,0.00672,1.219,4.008,office room,0.430433956547236,0.2996181676234863,0.2639677355997935,0.2755991156174014,0.2405816307306408,0.2249304470501424,0.3804478668749863,0.1822933218548537,0.7835462003468813,0.2745067860735009,0.2384032784365198,0.2231821190056299,0,0,0,0,0,1,0,0,1,0,0,1,0,2693.72257104645,761.28404447273,27.6161898882153
1215,office desk_10043.png,122.3,0.1081,0.3025,0.4253,0.3958,0.2548,0.2465,0.3936,0.3748,-2.481,0.02619,1.483,4.199,office room,0.4689983682289386,0.2989303317190506,0.2944133570285883,0.2832437624025848,0.2601175469858804,0.2283539934081523,0.4719368272154326,0.2546536318351933,0.7562749035203361,0.2345028230962856,0.2360930244974054,0.2462670953055399,0,0,1,1,1,1,1,0,0,0,0,1,0,2580.77201705514,373.404909339706,19.6054584445552
1216,office desk_10044.png,113.588,0.0569,0.1495,0.4249,0.2535,0.1577,0.3208,0.3965,0.3211,-2.812,0.01025,1.374,4.003,office room,0.50671765731421,0.2578281140006961,0.2796275161552604,0.276767399968573,0.2631308675296568,0.2034394957792198,0.5656617051513934,0.3322794692951759,0.7401033743191429,0.2423213264060057,0.2291636986199421,0.245653586711193,0,0,1,0,0,0,0,0,0,0,0,1,0,2134.17884731371,563.583820797196,9.66984802846453
1217,office desk_10051.png,78.0,0.1749,0.3398,0.5707,0.1285,0.1802,0.2856,0.308,0.3358,-2.75,0.005813,1.207,4.197,office room,0.5343224555738895,0.281257156943282,0.2010051958806698,0.2639583726894468,0.2740638623943613,0.2752940120684012,0.4986183906624885,0.163812691211553,0.7967668641483654,0.2381038041873281,0.2333752241213827,0.2208533252547226,0,0,0,0,0,1,0,0,0,0,0,1,0,1567.19830046553,856.519598664937,18.937036715212
1218,office desk_10058.png,86.002,0.4211,0.1036,0.423,0.3156,0.0875,0.3142,0.441,0.2636,-2.683,0.004787,1.205,3.961,office room,0.5188369934507976,0.2674916965762279,0.2018708639089748,0.2637728571100463,0.2254902020622748,0.1866404207494345,0.5253738389549046,0.1647966393583212,0.7091155836813362,0.2242187877455515,0.2496615072934909,0.2294403921564404,0,1,0,0,1,1,0,0,1,0,0,1,0,2427.43485251119,968.83775044333,11.1499390043639
1219,office desk_10060.png,103.525,0.05556,0.1842,0.6149,0.1742,0.1912,0.2513,0.3807,0.3756,-2.822,0.01634,1.288,4.135,office room,0.4482664139524265,0.2718456602940677,0.2307146361885722,0.2750956627639597,0.2353197936395958,0.2137807957359594,0.5775056209305494,0.2502571583718813,0.7564597808589595,0.2302006462602375,0.2634800843938267,0.2185712044657574,0,1,1,0,0,1,1,0,1,0,0,1,0,2834.05653450705,848.181769389867,16.8397126399033
1220,office desk_10061.png,93.106,0.974,0.118,0.4991,0.1845,0.129,0.2483,0.3603,0.3944,-2.772,0.009456,1.348,3.801,office room,0.5543522872153911,0.2753783525301873,0.2017114750131141,0.2762161277227652,0.2276592118023436,0.1815346057056362,0.574051642246708,0.2405430082740386,0.8114050092309676,0.2643213760663015,0.240797352118106,0.2014763092385686,1,1,0,0,0,0,1,0,1,0,0,1,0,2973.18771396032,189.801056024674,12.5398462325808
1221,office desk_10062.png,103.552,0.1127,0.3083,0.4762,0.1544,0.2402,0.2745,0.3648,0.3466,-2.966,0.005961,1.286,3.91,office room,0.4214463065540851,0.2681915966289918,0.2257835577804126,0.2676520284979737,0.222392051925036,0.2485578223853403,0.5895441498106313,0.2156686799980875,0.7931510735757005,0.2046964630941306,0.2044172576945208,0.2290184271578599,0,1,1,0,0,0,1,0,0,0,0,1,1,2493.17507436478,666.616565799998,12.8195521343695
1222,office desk_10063.png,99.409,0.1198,0.1452,0.4368,0.1905,0.1444,0.3463,0.3525,0.3024,-2.773,0.01928,1.3,3.026,office room,0.5192208006340061,0.2834835246451139,0.2127449663190197,0.3057113156544767,0.2282734817051415,0.2024143480892866,0.5010796150495692,0.1751832779486627,0.7598325214764878,0.2453295004609951,0.230435094951433,0.2290430792108579,0,1,0,0,0,0,0,0,1,0,0,0,0,4602.99029338715,656.455669269159,26.9812689832707
1223,office desk_10066.png,91.325,0.01045,0.2445,0.4443,0.2567,0.2354,0.2494,0.3722,0.3818,-2.695,0.007727,1.381,3.739,office room,0.4074130285968766,0.2754758836929448,0.21465474932749,0.291306247447829,0.2309501039816299,0.227557432196298,0.6702739943504489,0.2358761740141939,0.8280458863899116,0.2177477675139148,0.1863231096096178,0.2151047609839498,0,0,1,0,0,0,0,0,0,0,0,0,1,2615.69456965723,0.0,27.9991448654424
1224,office desk_10067.png,84.955,0.1018,0.3509,0.5168,0.08441,0.1444,0.3279,0.3745,0.3513,-2.976,0.02202,1.303,4.422,office room,0.5417457598199714,0.3194338446502164,0.2799032388213743,0.2840778313254389,0.2907147850011964,0.2346455986848862,0.5210718041831417,0.2703730719400992,0.7789705026518319,0.2977149984448978,0.2612290091374706,0.2413333271846938,0,0,0,0,1,0,0,0,1,0,0,0,0,2625.22536131435,293.948220864358,7.07441968199276
1225,office desk_10082.png,88.56,0.1269,0.5044,0.4387,0.1028,0.283,0.3044,0.3353,0.3388,-2.671,0.01042,1.354,3.923,office room,0.472729039370356,0.3036048430379208,0.2307910197033021,0.2824848267012009,0.274534566382978,0.248694318083546,0.4890812172735104,0.2608309980791211,0.8015110065732641,0.2435108452713968,0.2322939227609121,0.2209859516515986,0,0,0,0,1,1,0,0,1,0,0,1,0,2032.55310113755,0.0,18.3024400339751
1226,office desk_10083.png,120.803,0.08016,0.5156,0.4696,0.1523,0.2006,0.2666,0.4132,0.4216,-2.796,0.005896,1.469,3.914,office room,0.3954816217616,0.27080611902827,0.2521822037996936,0.254093590080441,0.2100063284861264,0.1808629472493543,0.5780910667866104,0.2646127525830577,0.8086488605926448,0.1689974389399057,0.1785857989314069,0.229229492528072,0,1,0,0,0,1,0,0,0,0,0,0,0,2713.52097213111,0.0,8.85119817049269
1227,office desk_10084.png,94.203,0.4188,0.1892,0.5939,0.2965,0.1853,0.3166,0.3044,0.2972,-3.01,0.005635,1.246,3.784,office room,0.544278447580126,0.3179016939403757,0.1799151092513781,0.2905185223241778,0.2609678921053821,0.2275440695512185,0.5872755126837496,0.193280881359429,0.8124591409699743,0.2888452963795973,0.2396218917590561,0.209727274796704,0,0,0,0,0,0,0,0,0,0,0,0,0,3232.97308068378,352.864610060154,5.95797288548981
1228,office desk_10092.png,108.255,0.07759,0.1555,0.4532,0.1219,0.1447,0.2885,0.3865,0.3759,-2.938,0.008895,1.308,4.121,office room,0.4366344053215528,0.2652505371685673,0.2605753243970149,0.2891862252712942,0.2307590866935298,0.2223437649500723,0.6671346709181398,0.286766700528407,0.7946041153591036,0.2049062670726003,0.2053850455170785,0.2397960496735232,0,1,0,0,0,1,1,0,0,0,0,1,0,2020.34249010161,178.799734221469,7.7590586398683
1229,office desk_10093.png,62.095,0.02083,0.2736,0.5639,0.1403,0.243,0.2184,0.3816,0.3438,-2.75,0.05671,1.323,4.043,office room,0.5721784616220856,0.2976337585807402,0.2261427884758479,0.2765018253320639,0.2920394983858524,0.244411899370302,0.51310759917614,0.2062138033179272,0.8444564435966885,0.2401100858876873,0.2002514268071114,0.2153547169411586,0,1,1,0,0,0,0,0,0,0,0,0,0,2569.20922702531,0.0,23.6262870259144
1230,office desk_10094.png,127.538,0.5965,0.2246,0.516,0.3215,0.2209,0.2585,0.4598,0.422,-2.614,0.009524,1.41,3.856,office room,0.4976427612040793,0.2768827624162566,0.2961538150417475,0.2549970182256646,0.2543319488138221,0.2296318778520282,0.5988485115537768,0.3355781752298518,0.7869607380004776,0.2133987374361328,0.2210121443576854,0.2376064458960707,0,0,1,0,0,0,0,0,1,0,0,1,0,3276.11886746954,155.892780972086,21.1492821969622
1231,office desk_10095.png,104.679,0.2391,0.2518,0.4723,0.2628,0.2246,0.243,0.3888,0.3679,-2.568,0.01009,1.419,4.181,office room,0.4994358298994356,0.2817412317189947,0.2254393642933591,0.2704094412212748,0.2718401351714751,0.2695205240796486,0.447421891525647,0.2223241170192509,0.7527120205951221,0.2004064528378337,0.2170267994435813,0.2254682705728042,0,1,0,0,1,1,0,0,1,0,0,0,0,2290.91969706005,294.186207517333,13.3972815353963
1232,office desk_10096.png,88.676,0.1049,0.3147,0.6058,0.1568,0.2387,0.2433,0.2303,0.3168,-2.978,0.005597,1.239,4.096,office room,0.535049075424887,0.2959531100568736,0.2874565743533631,0.2756750558129868,0.26764915364603,0.2524381750197806,0.4891274213648036,0.2331093366029252,0.777573556786622,0.2621978564520088,0.2344284620187413,0.2265298841885296,0,1,1,0,1,1,1,0,1,0,0,1,0,2912.50781733842,605.978415039563,29.4578392901558
1233,office desk_10102.png,84.38,0.0188,0.1613,0.5114,0.1633,0.1558,0.2489,0.3483,0.275,-2.832,0.008616,1.328,4.227,office room,0.4734408771881417,0.2796432552331299,0.2494528295633456,0.2935189566990324,0.2608889265162022,0.2615369524195438,0.5833970959068238,0.24172124888733,0.7644538446844795,0.2517250123891542,0.243080091741965,0.2389867448464991,0,0,0,0,0,1,1,0,0,0,0,0,0,2328.34791136119,0.0,14.1286123666578
1234,office desk_10105.png,108.391,0.1346,0.13,0.5887,0.2681,0.1274,0.2552,0.375,0.3644,-2.786,0.01336,1.239,4.209,office room,0.5076479311617065,0.2752520785398125,0.2367222840122494,0.2703319434088813,0.2841152973292691,0.2428357012078067,0.5570177273617812,0.2207748110614217,0.7474878400379887,0.1981766322650255,0.2500429118119109,0.2441648166980014,0,1,1,0,1,1,1,0,1,0,0,1,0,2233.00122929722,397.224248402764,21.3597785435804
1235,office desk_10110.png,126.916,0.1943,0.2034,0.4527,0.1836,0.1497,0.3045,0.4757,0.3463,-2.692,0.0102,1.376,3.706,office room,0.4760182388910072,0.2462667137393628,0.2099437473384893,0.2709414857220187,0.2101243365293262,0.1998009820534617,0.6906896307513191,0.3083706401998874,0.8249951754794905,0.218744020682093,0.1858139997951209,0.1926513289817202,0,1,1,0,0,1,1,0,0,0,0,1,0,1493.1076368578,0.0,10.3729267128744
1236,office desk_10116.png,85.357,0.2195,0.15,0.5496,0.2411,0.1918,0.2894,0.2934,0.32,-2.942,0.007253,1.378,3.962,office room,0.5282886768516722,0.2753705091940571,0.2466612976671439,0.2793752700550653,0.2429734227120166,0.2233277352448725,0.5286071438839596,0.1990031071070251,0.7567766296317787,0.2333015340491057,0.2369377911869188,0.2205646337936738,0,0,1,0,1,1,1,0,0,0,0,1,0,2168.2415495417,0.0,9.25358197149325
1237,office desk_10121.png,142.117,0.1381,0.3214,0.4677,0.16,0.1898,0.3154,0.3675,0.3892,-2.803,0.01245,1.435,4.006,office room,0.4997802708127845,0.3141635551321615,0.2072854204450319,0.254315469778484,0.2229963740139293,0.2077647345110579,0.7422454378960789,0.2370855276138175,0.8759841029026812,0.2075456654158379,0.16286256982901,0.1728340830555223,0,1,0,0,0,1,0,0,1,0,0,1,0,2261.7337826012,0.0,19.7279265943271
1238,office desk_10123.png,112.039,0.154,0.1795,0.6595,0.1867,0.2447,0.224,0.3976,0.3684,-2.81,0.01078,1.376,3.733,office room,0.4921378009556675,0.2587935764117809,0.2234809218443449,0.2403044346405595,0.2715260700594168,0.2258757233243573,0.5982080471399316,0.2436501502072859,0.7606204891683856,0.2094642726932249,0.2341385635269779,0.2337446053841652,0,1,1,1,0,1,1,0,0,0,0,1,1,2814.63655287757,534.016663716605,21.8493616711907
1239,office desk_10130.png,126.281,0.03258,0.2909,0.4773,0.2387,0.2035,0.3267,0.3748,0.3953,-3.019,0.01007,1.314,3.732,office room,0.5517471757104786,0.302032536282537,0.326184344899704,0.2553757812517304,0.2681855354533141,0.2415154625324942,0.5490976699451287,0.2137770748555069,0.7972748210516085,0.2901272918800394,0.2222253614747639,0.2595759462606063,0,1,1,0,0,1,1,0,1,0,0,0,0,3374.79754197157,0.0,12.6427080047113
1240,office desk_10131.png,92.366,0.01966,0.3736,0.5305,0.1171,0.2705,0.2973,0.3348,0.3157,-2.845,0.009977,1.229,3.991,office room,0.547492706752684,0.2877569212261119,0.2870670408661772,0.2677000603784468,0.2516860870207694,0.2240094288674909,0.6394936587792341,0.2161785329517192,0.8159418608202804,0.2267313753426035,0.2178527747445043,0.2004298207943497,0,0,0,0,0,0,0,0,0,0,0,1,0,2300.95733402436,0.0,17.332075246611
1241,office desk_10134.png,84.401,0.05684,0.1843,0.5062,0.208,0.1907,0.3256,0.4879,0.2744,-2.972,0.006737,1.142,3.873,office room,0.5342251559659508,0.3053438609322863,0.1848905518474639,0.2743842034063678,0.2355601549448575,0.2145017210407164,0.5867855934836167,0.1807032044174807,0.8004151751617656,0.229810798221357,0.2493914943860573,0.2116631767527921,0,1,0,0,0,1,0,0,0,0,0,0,0,2320.02576211932,722.090180097495,21.2938571211744
1242,office desk_10140.png,72.566,0.128,0.2091,0.4863,0.1417,0.1612,0.2152,0.3106,0.3316,-2.853,0.01567,1.298,3.877,office room,0.4607266853553489,0.258954752411594,0.2199253965585639,0.2818580482874389,0.2434250158571765,0.2144400152143216,0.6005982628878764,0.3302664404022772,0.8086439747305982,0.2580867569928685,0.2575245974648026,0.2027215557998151,0,0,0,0,0,1,0,0,0,0,0,1,0,2951.35642193259,588.494191018477,14.1464399719624
1243,office desk_10145.png,80.672,0.07775,0.3374,0.4623,0.104,0.2832,0.283,0.3514,0.2816,-2.889,0.00565,1.134,4.066,office room,0.4988246264131961,0.2832402981276263,0.2793193377271425,0.247257283865235,0.2385453647208538,0.2431527083088422,0.4693116364052832,0.2073697977420495,0.8153961729206546,0.2480416109536055,0.241815029101496,0.1964104600053654,0,0,0,0,1,1,0,0,1,0,0,1,0,3164.98519463182,697.033190883329,19.0497288918732
1244,office desk_10149.png,105.294,0.05497,0.249,0.6482,0.1883,0.2338,0.2091,0.3833,0.3873,-2.714,0.00459,1.416,4.231,office room,0.4817769325979197,0.2843061946281208,0.2396610767860597,0.2778787806631773,0.256693551328355,0.2292173421690143,0.4492505163610906,0.2707824892416055,0.723116506396577,0.2488314298007554,0.3001657267221554,0.2242361342464918,0,1,0,0,1,0,1,1,1,0,0,1,0,3613.00657622974,0.0,7.30347681397691
1245,office desk_10150.png,83.914,0.7521,0.2649,0.4882,0.2079,0.1837,0.3349,0.3633,0.3225,-2.894,0.01069,1.306,4.167,office room,0.5087824770809293,0.2812020865190668,0.2249742420888056,0.2448803668534886,0.2052315788632595,0.2068996968353144,0.6664605641626178,0.1810086506676555,0.8379229225003011,0.2033101053535395,0.184617504125759,0.192946550997247,0,0,1,0,1,0,0,0,0,0,0,0,0,2615.30354167137,237.589726003874,10.8300317888852
1246,office desk_10157.png,112.066,0.2122,0.3002,0.4909,0.1624,0.2055,0.3238,0.3783,0.3631,-2.935,0.007402,1.291,4.221,office room,0.5070884919918286,0.2681241385961994,0.261869091539779,0.2761910817983928,0.2480737083311536,0.2263684333573621,0.490246658944408,0.2552735999353853,0.8062620897356737,0.2397458177560393,0.2014820693079768,0.2309888360873732,0,1,0,0,0,1,0,0,1,0,0,0,0,1871.98271176015,422.981903449854,16.293596284965
1247,office desk_10158.png,97.951,0.1128,0.3416,0.4852,0.09322,0.2232,0.2636,0.3871,0.3657,-2.779,0.01111,1.402,4.335,office room,0.5284431689369988,0.2885401586084708,0.2592345495828775,0.2864513260733141,0.2557211359129231,0.230418692005924,0.5646952811871802,0.2320559004490224,0.8325116192695441,0.2316865157130085,0.2034385307306341,0.2085526441358143,0,1,0,0,0,1,0,0,0,0,0,1,0,2164.95006479244,207.854872614791,16.4513051377732
1248,office desk_10160.png,94.09,0.1075,0.2482,0.5023,0.2138,0.276,0.2772,0.3206,0.3353,-2.967,0.003762,1.296,4.068,office room,0.5220680613211641,0.2534069995460883,0.2870542101887359,0.2738476548202516,0.2465994310894952,0.2177385037000621,0.4913729478599337,0.2579322417371389,0.7581216033639684,0.2318393431689306,0.2375995005821702,0.2286198815796249,0,1,0,0,1,1,0,0,0,0,0,1,0,2905.16310002309,0.0,5.71662365570584
1249,office desk_10162.png,114.905,0.06007,0.2464,0.4955,0.1846,0.1874,0.267,0.4035,0.3466,-2.78,0.007731,1.364,4.179,office room,0.5551647027773906,0.2814121113034785,0.2124597839239957,0.2539043246672801,0.2250817738559153,0.2096602832741659,0.7132900012191737,0.1968926519885893,0.8207164996494822,0.185878890484275,0.2012992435804024,0.1944795137374124,0,1,1,0,1,1,0,0,0,0,0,1,0,3095.87206009821,0.0,7.0722832954282
1250,office desk_10164.png,109.198,0.1216,0.1358,0.5505,0.1316,0.1385,0.2367,0.4239,0.3686,-3.006,0.005078,1.259,4.11,office room,0.4759598554201508,0.2928856116224348,0.198402242184053,0.2865103807856687,0.2532087538629044,0.2272530041712795,0.6166431191263924,0.2270106551084035,0.8377764993706599,0.2059822015271646,0.1877560589256509,0.211169714593591,0,0,0,0,0,0,0,0,0,0,0,0,0,2221.48616807478,280.907629608973,19.9949154850553
1251,office desk_10170.png,105.052,0.8624,0.2529,0.334,0.252,0.1585,0.327,0.3471,0.2993,-2.868,0.01052,1.186,3.854,office room,0.5784158498528679,0.2785359372405488,0.2500330493765552,0.2632455357178159,0.2303980704686324,0.221046376633261,0.5297823311716171,0.1714021952631704,0.8621676289001264,0.1896454438382328,0.1285193120315255,0.2280079625999423,0,1,1,0,0,0,0,0,1,0,0,1,0,3897.82537413748,0.0,2.22792337087685
1252,office desk_10173.png,88.929,0.9743,0.1237,0.652,0.2313,0.1394,0.2341,0.346,0.3497,-2.961,0.0121,1.267,4.13,office room,0.4445035192101741,0.2696573660751279,0.2353031488475299,0.2593182763913897,0.2299705174785972,0.2429083886857185,0.4673579560557039,0.2050998644938767,0.8283750500699191,0.2184817183086951,0.2023046819262817,0.2065166579313078,0,0,1,0,0,0,0,0,0,0,0,0,0,1944.82523305788,286.327809216602,18.8817335226841
1253,office desk_10190.png,63.627,0.1991,0.247,0.5007,0.2266,0.1785,0.3369,0.3076,0.2791,-3.035,0.007996,1.236,3.899,office room,0.5240172399663847,0.2875054333496461,0.2676122536108555,0.2738440176888562,0.28339288403995,0.2428658047110668,0.4807233331257443,0.2087799528794233,0.7758507071969696,0.2698483963205904,0.2338392297463103,0.2293446938973159,0,1,0,0,1,1,0,0,1,0,0,0,0,2238.85659408656,1448.45593807774,4.35677009437405
1254,office desk_10192.png,130.487,0.1408,0.206,0.4725,0.1394,0.1601,0.2715,0.3562,0.3857,-2.633,0.01139,1.438,4.033,office room,0.412810959066777,0.2596011230416132,0.262808270535201,0.2618361832394222,0.2376392225278814,0.2090089026307706,0.4680156409091208,0.3693410161482007,0.7903708032747369,0.1987251600259652,0.2164758786972535,0.2193460934496179,0,0,0,0,0,1,1,0,0,0,0,1,0,2155.54585204129,564.100481226162,25.215544653177
1255,office desk_10202.png,78.788,0.9247,0.1586,0.6776,0.1757,0.1545,0.3005,0.3664,0.3221,-2.706,0.006,1.342,4.183,office room,0.4810837837853418,0.2803351108752179,0.2034317575450662,0.2928776422097801,0.2525236205646214,0.2345537872962025,0.6199562114688717,0.2378642010002424,0.7879650504862552,0.3064801274808446,0.2667125178655727,0.2005206391652737,0,1,0,0,0,0,0,0,0,0,0,1,0,2436.06796353669,0.0,13.9436452695734
1256,office desk_10204.png,110.391,0.1322,0.3099,0.4386,0.08331,0.1546,0.2696,0.4515,0.3795,-2.761,0.01143,1.316,3.969,office room,0.4316067175914583,0.2678020167889243,0.252996904539572,0.2726492315930119,0.2281656973064796,0.2158437510576842,0.5332159764950816,0.2604139132149843,0.7880469458277165,0.173452638194471,0.1942551379799413,0.2164596074717545,0,1,0,0,1,1,0,0,1,0,0,1,0,3063.10372815656,248.461251672497,9.56964722503237
1257,office desk_10213.png,97.329,0.1262,0.3306,0.568,0.1733,0.2232,0.3156,0.3738,0.3216,-2.745,0.007116,1.362,4.323,office room,0.5138602784167874,0.2956324521860608,0.3340338037617174,0.285217075524118,0.2789654952867979,0.2347074091287102,0.4245526832661688,0.2930553011096965,0.7889161910398869,0.2740983080240528,0.2490977570041496,0.2320169783178417,0,0,0,0,1,1,1,0,1,0,0,1,0,2631.79828348052,0.0,39.329236531
1258,office desk_10216.png,113.944,0.3276,0.2238,0.4593,0.2044,0.1786,0.2881,0.3826,0.3746,-2.936,0.005378,1.366,3.605,office room,0.5092481124918741,0.2726814350930076,0.2435824874203818,0.2891505356632032,0.2212478354532032,0.222751768844255,0.6329546522192447,0.2025504831056224,0.7850103023852657,0.2162695364226074,0.2133468577936357,0.2484385630729255,0,1,1,0,1,1,0,0,1,0,0,0,0,2689.00382013517,0.0,5.88582353877258
1259,office desk_10217.png,89.353,0.09166,0.308,0.5474,0.1574,0.2286,0.2602,0.3795,0.344,-2.724,0.01116,1.323,3.832,office room,0.5473731885899001,0.3031492059603286,0.2721546534615555,0.2767083122744584,0.2448739025259831,0.2238147468619274,0.5651457854748018,0.2235178371383679,0.8318310525892963,0.260195180825035,0.2495803456644798,0.2024813995582127,0,0,0,0,0,1,1,0,1,0,0,1,0,3286.83484685975,0.0,22.6717888405019
1260,office desk_10221.png,85.743,0.1733,0.3184,0.4646,0.2582,0.2289,0.2963,0.3393,0.3071,-2.927,0.01746,1.254,3.945,office room,0.4919090464223851,0.2824914627788762,0.2158395942740103,0.2601097779377954,0.2292996817051135,0.2102921985128455,0.5757986445278972,0.1885269336657393,0.7850862354626224,0.2538864949155893,0.2481123329438672,0.1950362632327621,0,0,1,0,1,1,1,0,0,0,0,0,0,2678.23821804561,527.31363519193,34.9632186455797
1261,office desk_10222.png,78.859,0.09203,0.4446,0.5256,0.1371,0.2895,0.3344,0.2908,0.2727,-2.814,0.004806,1.26,4.207,office room,0.5040874030126271,0.2911650849327821,0.2848746258562183,0.2787449510307047,0.2627606572920071,0.2402488864874236,0.482252407010632,0.2078558417170701,0.8121198938289235,0.2238930278281059,0.2077401489665883,0.2005353218646225,0,1,0,0,0,0,1,0,0,0,0,0,0,2849.34815944349,358.079653953704,25.3736534954586
1262,office desk_10228.png,72.305,0.1981,0.2352,0.4695,0.1259,0.202,0.3302,0.2977,0.2319,-2.989,0.008259,1.111,3.822,office room,0.5292555391674392,0.3137098421537983,0.2821725918375318,0.287523269840967,0.2604376868646506,0.2629916700900873,0.5161012969857084,0.1969850645788352,0.7996093812960073,0.2996400289579057,0.2518479108351608,0.2370156959674242,0,1,1,0,0,0,0,0,0,0,0,0,0,3357.91136574258,348.395236160615,3.18517869862536
1263,office desk_10231.png,77.554,0.09526,0.4472,0.399,0.107,0.3326,0.2791,0.3439,0.2412,-2.731,0.003772,1.292,3.924,office room,0.5022592172554825,0.3085327254621024,0.253772507389761,0.2793228070760046,0.2474561806924096,0.2177060253158645,0.5138190758660833,0.197944470650969,0.770898083307845,0.2599064515663453,0.2685004857618589,0.2249748430587919,0,0,1,0,0,1,1,0,0,0,0,1,0,2472.99414387861,0.0,30.7103934094513
1264,office desk_10237.png,66.581,0.01112,0.1501,0.5489,0.3132,0.1251,0.2248,0.33,0.3073,-2.886,0.0106,1.351,3.968,office room,0.5364327349604078,0.2905697825136756,0.1918160029596813,0.2673053877925791,0.2345460941201555,0.2017658458469161,0.5627589510808869,0.1873061871673905,0.788934835856267,0.3096280550534711,0.2760289742355701,0.2170327400589146,0,0,0,0,0,0,0,0,0,0,0,0,0,2740.99649213299,340.472587504292,16.1441487633235
1265,office desk_10239.png,116.486,0.1255,0.2683,0.4683,0.1115,0.2194,0.2942,0.3541,0.4002,-2.672,0.006912,1.405,4.223,office room,0.533753239101742,0.2737478149579102,0.300991545623968,0.287696959517772,0.252973027729223,0.2196325479084397,0.4845982686274636,0.2139346088068028,0.7756956119158427,0.2120095581161216,0.2131126732321067,0.239592043319329,0,1,1,0,1,1,1,0,1,0,0,1,0,3337.62954691572,204.261917748385,20.5695799509712
1266,office desk_10241.png,68.547,0.1452,0.1127,0.3413,0.2417,0.1307,0.2089,0.3956,0.3756,-2.888,0.008701,1.238,3.991,office room,0.4816942275989286,0.2946169495405982,0.263088333188885,0.3073386734834347,0.2639486836697298,0.2462493713065615,0.4459313181069844,0.2008183447552376,0.8119084089844963,0.2640342736400943,0.2321983376356001,0.2407792450356396,0,1,0,0,0,0,0,0,1,0,0,1,0,3032.54293352628,857.371234558804,11.3592057024208
1267,office desk_10245.png,114.489,0.3421,0.1103,0.3705,0.2332,0.09854,0.3043,0.3592,0.3433,-2.951,0.02026,1.191,3.645,office room,0.453961740720118,0.2870323442809553,0.1997837869468652,0.262840055326593,0.2256391970063565,0.2104683058284334,0.5882872043037652,0.2223224784426339,0.8700852526388179,0.2294801722003186,0.1761660675017978,0.1845358216176552,0,0,0,0,0,1,1,0,0,0,0,0,0,3275.84880989137,480.010841657365,27.9191906476545
1268,office desk_10251.png,121.265,0.1419,0.3504,0.4802,0.1692,0.2925,0.3446,0.4343,0.3197,-2.902,0.009446,1.235,3.919,office room,0.5332195953324689,0.2808613807407721,0.2701003299404539,0.2621033008145604,0.2443700677132889,0.228074240710827,0.6233676192331226,0.2316258750478098,0.7595316217414627,0.2471241233103661,0.2418034565103465,0.2235414778293111,0,1,0,0,1,1,1,0,0,0,0,1,1,3181.00921495724,0.0,11.0684642528363
1269,office desk_10255.png,110.94,0.07367,0.3054,0.4418,0.187,0.2197,0.292,0.3416,0.3971,-2.752,0.009459,1.33,3.873,office room,0.4762565997032599,0.3079354867441963,0.2406358230499555,0.2754394142815875,0.2400731071887265,0.2343199780728392,0.5077741140188231,0.2419356009159087,0.8134643342153711,0.246549422425674,0.2165206862392677,0.205993958331554,0,0,0,0,0,1,0,0,1,0,0,1,0,3398.66398168995,0.0,19.0741759074278
1270,office desk_10261.png,63.774,0.07767,0.5795,0.479,0.08328,0.2392,0.2053,0.2961,0.3024,-2.953,0.01268,1.26,3.643,office room,0.5399427950176687,0.297718107650488,0.272488966929963,0.2732717871948849,0.2463652911368727,0.2403938584733831,0.4416317800895802,0.1808103124586594,0.7734526487795027,0.2763394808083682,0.2881205087865716,0.2144835875508797,0,1,0,0,0,1,0,0,0,0,0,1,0,2207.4728343006,1055.62227570083,25.701480560818
1271,office desk_10268.png,91.768,0.07361,0.5318,0.5474,0.1394,0.2347,0.324,0.3992,0.3216,-2.799,0.01732,1.327,4.04,office room,0.5983011297454481,0.3076857951046919,0.2548394812121264,0.2623640349963834,0.231876545926737,0.2105192599725778,0.6256892766406384,0.188537263403127,0.8527985784828284,0.2456424267770867,0.2072619027370393,0.1884214442099524,0,1,1,0,0,0,0,0,0,0,0,1,0,2913.07143229663,0.0,23.7011520675375
1272,office desk_10270.png,70.807,0.102,0.4537,0.3438,0.05876,0.1674,0.2052,0.4027,0.3253,-2.943,0.00721,1.302,3.922,office room,0.4316852730762058,0.2786657532606615,0.3019937541333648,0.2936041536659307,0.2342930562568563,0.2491199581747752,0.5096886695559133,0.2262197538519275,0.8048999555881701,0.2695737549839028,0.2398225393655908,0.2272464188513239,0,1,1,0,0,1,0,0,0,0,0,1,0,2528.77472831743,248.85456774797,31.1712003741463
1273,office desk_10273.png,119.02,0.2354,0.3356,0.3972,0.1751,0.2751,0.3334,0.3641,0.352,-3.084,0.01325,1.242,3.617,office room,0.471115986026171,0.2830934330204194,0.2109233527425467,0.2821017173266172,0.2377554874275785,0.2256327148301392,0.5520013972959065,0.2414761263712496,0.7478577761577337,0.2544705457282961,0.2335737710466293,0.2429473976132903,0,1,1,0,0,1,1,0,1,0,0,1,0,2447.70832973328,729.027597163717,4.31232124293954
1274,office desk_10274.png,110.997,0.1018,0.5408,0.3709,0.1213,0.3678,0.3189,0.3766,0.369,-2.686,0.006732,1.315,3.657,office room,0.4891823929318012,0.2918873684072905,0.2760664127253698,0.2673980648034846,0.2493214327849119,0.2194417466006424,0.6316791619123435,0.284412060110899,0.7301691550055754,0.2549472872119718,0.3116857448345593,0.2229022215872749,0,0,1,0,0,1,1,0,0,0,0,0,0,1828.75092044858,521.678478620399,23.6083363136997
1275,office desk_10275.png,99.901,0.9961,0.2442,0.5405,0.2547,0.2015,0.3296,0.3765,0.3923,-2.741,0.007691,1.351,3.747,office room,0.4421209065865139,0.3145693609920433,0.2969580613436918,0.2989551962379642,0.2745473539791186,0.2706005883601884,0.4944211872528731,0.2303075823144866,0.6289405713690075,0.2715397878380786,0.3673633264454953,0.2555028115674658,0,1,1,0,0,1,1,0,1,0,0,1,0,2925.09637679406,0.0,14.2817599952703
1276,office desk_10290.png,132.78,0.08987,0.2491,0.4393,0.2243,0.2062,0.3357,0.4026,0.384,-2.727,0.01318,1.397,3.983,office room,0.5151282194798499,0.2953103292514324,0.2950050858623827,0.254589098714686,0.248744436815408,0.2456280610830211,0.6036083609743207,0.2611459094618427,0.7509669894110205,0.2262957481097706,0.2207921856277367,0.2356255439206538,0,1,0,0,1,0,1,0,1,0,0,1,0,1959.64556391026,190.07060330161,23.4225888648697
1277,office desk_10291.png,64.503,0.03772,0.2287,0.3333,0.1943,0.141,0.2095,0.404,0.2846,-2.812,0.009047,1.29,3.711,office room,0.4609888589942957,0.2971697958893798,0.2625464813442961,0.293985533308375,0.2431355824454033,0.2283002081129246,0.4275781658807552,0.188045405905095,0.7943028372229015,0.2684480746902319,0.2198907552553526,0.2365938998279841,0,1,0,0,0,1,0,0,1,0,0,0,0,2414.11788654817,265.822503114637,5.95885911355505
1278,office desk_10302.png,99.802,0.1395,0.353,0.4608,0.2591,0.2963,0.327,0.3813,0.3351,-2.626,0.003951,1.46,4.244,office room,0.517109801118953,0.2719749235003268,0.2363301019326989,0.2510992379945766,0.247369985498255,0.2099192205520562,0.5829869895972112,0.2219651342889474,0.7411882314320821,0.2320660465002239,0.2637112898879496,0.2155632533048139,0,1,0,0,1,0,1,0,0,0,0,1,0,2551.83644886341,237.799077285198,8.93043880279339
1279,office desk_9762.png,129.98,0.07835,0.2881,0.3885,0.2365,0.3023,0.3441,0.3398,0.3611,-2.81,0.005058,1.225,3.356,office room,0.5444719059530397,0.2779659860046065,0.3143563130570231,0.2839379991592283,0.2604071342360987,0.2299752372334888,0.4344282869065701,0.1968137985255184,0.7772905046300772,0.1927253346963751,0.2007598352475714,0.2523148367671357,0,1,0,0,0,1,1,0,0,0,0,1,0,2736.51932135297,265.027689437588,14.9957845069125
1280,office desk_9766.png,73.614,0.9476,0.2241,0.6442,0.2229,0.1712,0.2898,0.3522,0.2098,-2.641,0.00829,1.295,4.061,office room,0.5309329124941524,0.302285783349513,0.2485295353886337,0.2686817747860437,0.2610393867008298,0.2246463713110215,0.4933594392683929,0.215718937652819,0.7200747989516291,0.3298347077826925,0.3441186255557491,0.2285703788270184,0,0,0,0,0,0,1,0,0,0,1,1,0,2806.65142185828,289.740012647191,10.3976527856501
1281,office desk_9769.png,108.539,0.3736,0.2799,0.4549,0.3087,0.2243,0.2798,0.4236,0.4063,-2.758,0.01126,1.382,4.271,office room,0.5100665433442901,0.2928348595146267,0.2575346290955073,0.2704858103812053,0.259543059320399,0.2330098093973853,0.5644173588827414,0.2462675947526537,0.7839523339233174,0.218594163134797,0.2405124015210877,0.2285490620328877,0,1,0,0,0,1,0,0,1,0,0,1,0,2256.00817555814,0.0,26.0004351647634
1282,office desk_9779.png,115.085,0.1119,0.2559,0.4555,0.1841,0.2523,0.3465,0.3638,0.277,-2.898,0.01567,1.274,3.085,office room,0.5281199962849025,0.2796321983578385,0.2222440167880303,0.2650392841520463,0.2347226209581727,0.2389709420626195,0.4732921713705101,0.1632586592560988,0.7526417923840183,0.2497519013047671,0.2131799108657151,0.2608186994263068,0,1,0,0,0,1,0,0,1,0,0,0,0,1818.06284025001,526.144923699821,4.43197532747614
1283,office desk_9780.png,91.894,0.933,0.3132,0.4796,0.331,0.2187,0.2627,0.4149,0.2812,-2.635,0.008972,1.362,3.504,office room,0.5064082870385879,0.2882801720274869,0.2788410776886001,0.300692884415406,0.2409885190607497,0.2279083512410844,0.3890375151128923,0.2120125140128969,0.8101647666386226,0.2393488852474699,0.2084197905240946,0.2109054869279621,0,1,0,0,1,0,1,0,0,0,1,0,0,3765.18450283458,233.424584214759,22.7228504007874
1284,office desk_9781.png,104.789,0.08831,0.2399,0.51,0.3123,0.2187,0.2699,0.4107,0.3715,-2.802,0.01313,1.291,3.924,office room,0.4975804313677914,0.2807810874324356,0.3364506462849236,0.2733049640742463,0.2488299541425767,0.2492531992272506,0.4728079107337412,0.2847599508133057,0.8098503882145782,0.2227609884812782,0.2309052869235964,0.2194651276832629,0,1,1,1,0,1,1,0,1,0,0,1,1,3311.80398313354,210.217052169899,7.4831272357751
1285,office desk_9787.png,129.959,0.7975,0.2636,0.4621,0.1956,0.2196,0.3012,0.4368,0.3866,-2.64,0.006446,1.449,3.846,office room,0.4368010631751657,0.3359028758492812,0.2415705911901485,0.265582082721604,0.2882235884144454,0.2423720895876246,0.6035537510078013,0.2944828374168658,0.7729452127399895,0.2230792647842617,0.2294560847090194,0.2039106592171174,0,1,1,0,1,1,1,0,0,0,0,1,0,2715.38303054628,158.144995251667,18.1394295575472
1286,office desk_9805.png,179.622,0.1245,0.387,0.3215,0.1901,0.3242,0.2553,0.5032,0.5303,-2.749,0.009427,1.52,4.432,office room,0.2506781258151124,0.2326389308353953,0.2338628102335688,0.2636307324898982,0.1979495937988597,0.18360397667084,0.5694732551987349,0.4167835581564855,0.825890263579071,0.162408617538983,0.1522830447624875,0.2194469681844053,0,1,0,1,0,1,0,0,0,0,0,1,0,2440.32142360343,0.0,30.3657658394439
1287,office desk_9809.png,65.472,0.2267,0.2292,0.3335,0.1235,0.1403,0.214,0.3979,0.3413,-2.852,0.01154,1.259,3.717,office room,0.4201097476929203,0.283017588532826,0.2351559584399085,0.2816216477677771,0.22774905235108,0.2276643533450458,0.7014977369056561,0.213908110876187,0.796278832217563,0.249754091485025,0.2366799595246622,0.2150312287364215,0,1,0,0,0,1,1,0,0,0,0,0,0,2851.63677622009,0.0,0.0
1288,office desk_9838.png,101.878,0.3118,0.1695,0.4874,0.1233,0.1485,0.2702,0.362,0.3984,-2.754,0.006186,1.378,4.18,office room,0.4818682119562323,0.2783927398388501,0.2376337646631381,0.2741226722473961,0.2275927139068639,0.2154578758306856,0.6652960883439971,0.2280700770294787,0.8430228274971385,0.2136681461371081,0.2097560842066752,0.1928777437865272,0,1,1,0,0,1,1,0,0,0,0,1,0,1679.22222197285,0.0,23.6079169869976
1289,office desk_9840.png,65.342,0.1056,0.4578,0.2411,0.1338,0.2638,0.224,0.3265,0.4006,-2.703,0.007188,1.34,4.364,office room,0.4746306431795686,0.2929873729086731,0.2397629982793488,0.2600517563611799,0.231123591156901,0.210114884548737,0.6056053030383123,0.2017334342338326,0.8616454215808557,0.2014507898596198,0.1738510226940989,0.187540752096774,0,1,1,0,1,1,1,0,1,0,0,1,0,2372.99709211368,540.19444547527,28.291853495688
1290,office desk_9846.png,107.805,0.0884,0.5818,0.6196,0.04069,0.2576,0.2741,0.3881,0.3255,-2.742,0.004731,1.382,4.341,office room,0.4637930547296073,0.2865132491814914,0.2569774693031701,0.2685105030509921,0.2544666112539757,0.2294508991922776,0.5383655857506688,0.2789745550122137,0.8256220038857487,0.2474367941782741,0.251040065726237,0.2079581397801476,0,0,0,0,0,1,1,0,0,0,0,1,0,2065.36326397162,294.745951205737,20.6163239495584
1291,office desk_9849.png,118.39,0.07935,0.1711,0.4155,0.2983,0.1803,0.2695,0.4102,0.4303,-3.067,0.02235,1.354,4.081,office room,0.472870638647292,0.2716953547145627,0.2735105466521054,0.2960933571180595,0.2401878457521974,0.2432643199473182,0.5068521849074383,0.2516525232378251,0.8161629103861854,0.221813768706886,0.1809329176873694,0.2219442185755581,0,1,0,0,1,1,1,0,1,0,0,0,0,2975.80764423328,450.32432931148,18.7175097357211
1292,office desk_9850.png,123.504,0.2188,0.296,0.4016,0.1422,0.2761,0.3081,0.4079,0.3842,-2.87,0.008749,1.356,3.918,office room,0.4548905758333342,0.2682835752175696,0.1831837596931584,0.2855568673012398,0.2188763960525804,0.1900163455200713,0.7261339474486753,0.2671597689634175,0.8364886915026849,0.2352685797670426,0.1877923106767799,0.1934450189739476,0,0,1,0,1,1,0,0,0,0,0,1,0,2275.02578223756,811.790373294334,11.9651696225022
1293,office desk_9853.png,85.995,0.05234,0.5552,0.3796,0.2019,0.2703,0.3208,0.3581,0.3295,-2.854,0.01205,1.334,4.059,office room,0.4921655356407302,0.2942833251010608,0.2503895311738424,0.2689128743063921,0.2281111513964804,0.1992687954971902,0.6161717910773231,0.1840848511219197,0.838847256721928,0.2214478698887167,0.1853918968388435,0.2137947709022074,0,0,1,0,1,1,1,0,1,0,0,0,0,1971.82461781292,177.266303644067,14.3885936805616
1294,office desk_9858.png,110.881,0.2234,0.25,0.4534,0.1233,0.2058,0.2229,0.422,0.4581,-2.773,0.006299,1.438,4.159,office room,0.4119857905596429,0.2570149270664866,0.2278770346288282,0.2786724681479962,0.2337324766402973,0.2258790674556846,0.60495423150871,0.3054159993232522,0.7878127741656542,0.1958749640398497,0.2158197232665074,0.215067174515791,0,1,1,0,0,1,1,0,1,0,0,1,0,2436.74973174435,0.0,19.5558880160691
1295,office desk_9865.png,102.633,0.07182,0.2525,0.4636,0.1151,0.2279,0.2853,0.3556,0.3927,-2.812,0.01106,1.294,3.851,office room,0.4712854306584955,0.2679386922123865,0.2383291315110595,0.2793192726923776,0.2255362542485642,0.2199152008656389,0.6690550615483013,0.229612374603705,0.806312630412443,0.2276264318553028,0.2239144980632354,0.1976188980554939,0,1,1,0,1,1,0,0,0,0,0,1,1,2321.78461048055,0.0,25.719076545542
1296,office desk_9867.png,71.663,0.2575,0.2461,0.3591,0.259,0.1898,0.2858,0.227,0.3431,-2.907,0.01021,1.205,4.206,office room,0.5221982768480353,0.2971079267984097,0.2159094306525066,0.2968874028817042,0.2610123839181288,0.2256005129069284,0.4495354256552851,0.2265278175724578,0.8201983739614772,0.2777261011421444,0.2218617174745427,0.2163927926839223,0,1,1,0,0,0,0,0,1,0,0,1,0,3019.55957809218,278.29527677509,8.73333017543924
1297,office desk_9868.png,65.451,0.1094,0.2465,0.3725,0.1462,0.2178,0.3013,0.3585,0.1851,-2.803,0.007774,1.195,3.689,office room,0.5117768337632356,0.315026348941156,0.2277762957338636,0.2916700449655171,0.2836691278149252,0.2381042686583415,0.544633072770248,0.2436205427786067,0.786711806003278,0.2595214348329362,0.2670520955206721,0.2150924036766393,0,0,1,0,0,0,1,0,0,0,0,0,0,2616.10008325164,440.773183859651,6.17939914721035
1298,office desk_9872.png,108.74,0.0668,0.2104,0.5295,0.188,0.1896,0.286,0.3855,0.3526,-2.774,0.01246,1.332,3.704,office room,0.4807265020637881,0.2669465221748302,0.2866062283608102,0.270801073306968,0.2629089141669103,0.2110106114505921,0.4582548049417753,0.2767860218239655,0.6960898888642736,0.2300866011770445,0.2830362158502431,0.2466644344996122,0,1,1,0,1,1,1,0,1,0,0,1,0,3716.40215523007,0.0,21.6993082159252
1299,office desk_9875.png,103.177,0.07875,0.4127,0.5968,0.1,0.2821,0.2655,0.3914,0.3419,-2.644,0.01671,1.459,4.125,office room,0.4974628521870589,0.2829421067830995,0.2086492294139666,0.2594473710578049,0.2340744462168287,0.2230050314304176,0.524588813597458,0.2236606147845904,0.780226612205596,0.258012243683661,0.2745634426126171,0.1997047490115896,0,1,0,0,0,0,1,0,1,0,0,1,0,2507.09091633933,244.258757369833,12.7321554878871
1300,office desk_9879.png,109.255,0.08365,0.1654,0.293,0.1124,0.2328,0.1934,0.4279,0.3926,-2.727,0.0118,1.464,3.973,office room,0.4160658569188173,0.2735641430836328,0.2938532367042651,0.2614625899437412,0.2231779417117407,0.224767188313567,0.6626537139339119,0.3521080452187281,0.8120640210036077,0.2261796452454131,0.1926112525483285,0.2207082650585067,0,0,1,0,0,1,0,0,0,0,0,1,1,2539.8502886392,172.172132299509,18.6731730694968
1301,office desk_9884.png,96.403,0.1563,0.2141,0.4072,0.2701,0.2282,0.2327,0.4418,0.4044,-2.693,0.009806,1.397,3.854,office room,0.4727639376302094,0.2734507203520256,0.2106605411978713,0.2895501550843964,0.2200031497264297,0.2086425019080588,0.5459213360080893,0.2077211991387686,0.7966045168255995,0.2836194360755549,0.2329049552520304,0.2133361013934796,0,1,0,0,0,1,0,0,1,0,0,1,0,2515.94547499869,435.789773787185,9.70638230503541
1302,office desk_9887.png,105.9,0.9666,0.3351,0.2971,0.2731,0.2285,0.2827,0.4449,0.3447,-3.002,0.01299,1.389,3.745,office room,0.4639268636147796,0.2930567426989297,0.2242574084278904,0.2870168118638016,0.2156335482116169,0.2053313370496987,0.6290244007143401,0.232737627252363,0.807952980383112,0.2162149539073306,0.1907364657178253,0.2391964283826937,0,1,1,0,0,0,1,0,1,0,0,0,0,2295.19148052198,748.311207590894,15.7538708109446
1303,office desk_9891.png,111.846,0.06999,0.3045,0.346,0.2015,0.2347,0.2686,0.4131,0.3062,-2.764,0.005429,1.404,4.042,office room,0.4651869532862164,0.3130885621361317,0.2870500952154726,0.2442534259949993,0.2671263990627882,0.2310931723600732,0.5012103315288674,0.2568933432302456,0.765234126639164,0.1920019976409134,0.1969286523274792,0.2357105182876216,0,1,0,0,1,1,1,0,0,0,0,1,0,2687.01957325559,0.0,10.5805878104489
1304,office desk_9898.png,81.532,0.09413,0.4667,0.42,0.1008,0.2148,0.2733,0.3535,0.3557,-2.956,0.009422,1.267,3.947,office room,0.4971438798567567,0.3043842623402867,0.2260184295414457,0.2352883706367127,0.2052023893178297,0.1920013353629292,0.6504119430923077,0.1502443392989864,0.8474346825322451,0.2428362860866021,0.1884526634736376,0.1752725942040924,0,0,1,0,0,0,1,0,0,0,0,0,0,2979.30196229566,879.03607256292,47.8250343384467
1305,office desk_9900.png,103.722,0.1027,0.2617,0.384,0.2018,0.2366,0.2737,0.359,0.394,-2.921,0.006079,1.371,4.225,office room,0.4098684444349165,0.2554544359556665,0.2115540665946139,0.2821475729695291,0.2092715250991099,0.2076801013304558,0.6845108319200941,0.2416455415891133,0.8549766103821521,0.2064149001864171,0.1541693632815044,0.2192652966599242,0,0,1,0,0,1,0,0,0,0,0,0,0,2849.4791008261,0.0,16.0811443321102
1306,office desk_9908.png,114.721,0.3519,0.1539,0.4833,0.251,0.1802,0.2708,0.4173,0.4319,-2.854,0.006603,1.396,4.143,office room,0.4967828912867693,0.2841556818627396,0.2748484142643989,0.2618279267237089,0.2711644520560375,0.2500607767860519,0.5960503218295509,0.2782213215033751,0.7344749796967202,0.2378124479065984,0.27017933225492,0.2420181816049748,0,1,1,0,0,1,1,0,0,0,0,1,0,2300.74232825301,167.583879564941,14.5277199562727
1307,office desk_9910.png,82.936,0.1415,0.1882,0.4828,0.1645,0.2157,0.3025,0.3136,0.3242,-2.827,0.01216,1.271,4.16,office room,0.5533660521847655,0.2938236299691313,0.2465367053191639,0.271065621130679,0.2437169151063603,0.2263704452183917,0.5458006546347095,0.2210118646209041,0.8158608468955908,0.2746537052507088,0.2331136344798848,0.2025027134054209,0,1,0,0,0,1,1,0,0,0,0,1,0,2518.61490975968,378.073516010455,27.0876773986918
1308,office desk_9912.png,114.572,0.03762,0.2475,0.4886,0.2098,0.1828,0.2653,0.3982,0.3397,-2.906,0.01883,1.292,3.892,office room,0.5964517427343947,0.3130553857193835,0.2788871884992044,0.2808647409434345,0.2802304560539219,0.2530995696630876,0.6198343622948977,0.2237076337375566,0.8169889922549589,0.2269238968297349,0.2216841813112973,0.2548755963653749,0,1,0,0,0,0,0,0,0,0,0,0,0,3002.16656411713,0.0,17.8826623437643
1309,office desk_9915.png,79.87,0.125,0.6504,0.2849,0.06644,0.2991,0.2797,0.403,0.2865,-2.922,0.007584,1.239,3.873,office room,0.4536908814821802,0.2746794807694525,0.2137356434037874,0.2733320907343616,0.2247707464352459,0.1918488602359074,0.4570511166690979,0.2184753831580743,0.8536707745466964,0.2156014699485145,0.1735683128653053,0.2023198363252589,0,0,0,0,0,0,0,0,1,0,0,1,0,1747.7765130388,787.509783113791,22.999034062073
1310,office desk_9918.png,104.917,0.06399,0.3247,0.4878,0.2218,0.2299,0.2838,0.3856,0.376,-2.826,0.01727,1.266,4.108,office room,0.5455617132946524,0.2880299641020386,0.2291823565589769,0.2578061037670764,0.2428789859627912,0.2457850022353452,0.674558415881207,0.2073147317942015,0.8523749312110827,0.2120430219717175,0.1856355803337634,0.2018356230595455,0,0,0,0,0,1,1,0,1,0,0,1,0,2032.87755790272,523.723463131956,28.6275002525083
1311,office desk_9922.png,121.19,0.0835,0.2525,0.5031,0.2023,0.1902,0.2788,0.4092,0.4048,-2.851,0.01777,1.335,3.888,office room,0.5671633967434911,0.304693897937703,0.2786365272647571,0.2761834550280969,0.2885404209024757,0.2627247086346371,0.5583837503166804,0.2210812854758455,0.8162677278518753,0.2110002745260346,0.2012795705762477,0.2658647844864171,0,1,0,0,0,1,0,0,0,0,0,0,0,3208.02197899547,245.562299269663,16.9845969871194
1312,office desk_9930.png,93.057,0.9402,0.1696,0.6342,0.1807,0.1744,0.2124,0.3953,0.3633,-2.553,0.008402,1.368,3.822,office room,0.441801717521822,0.2570829594793478,0.2288932829314048,0.3147189441899746,0.2145444645881629,0.2093401733417937,0.6365443698594958,0.2969458230336291,0.8388891726505132,0.2468146971065107,0.2306327222027926,0.1913810653613535,0,1,1,0,0,1,1,0,1,0,0,0,0,3072.47150078547,0.0,7.18407614655181
1313,office desk_9931.png,124.128,0.02082,0.2147,0.6228,0.2238,0.2089,0.2349,0.4407,0.3679,-2.631,0.01301,1.409,4.001,office room,0.459120961036489,0.2810711676222825,0.1983015429485422,0.2943923770379733,0.2372703924416397,0.2271782433290697,0.7179265484022946,0.2647491368373483,0.8012721252290529,0.2801842248486308,0.2707158615431949,0.1978391509765506,0,1,1,0,0,0,1,0,1,0,0,1,0,2539.80311227917,0.0,21.311343517697
1314,office desk_9935.png,143.884,0.365,0.3625,0.4858,0.261,0.3134,0.3138,0.404,0.3987,-2.591,0.003377,1.425,3.901,office room,0.5490615338473089,0.2466646269650824,0.239967829715547,0.2681675415046928,0.2349643661202268,0.1820107026502432,0.6505936006296552,0.3365967818643466,0.8107385131606861,0.210488660299152,0.2033502074493032,0.2124578175217724,0,1,1,0,0,1,1,0,0,0,0,1,0,2897.49887943662,143.42182021655,13.4018207454559
1315,office desk_9939.png,67.041,0.07478,0.125,0.4088,0.2263,0.1152,0.2533,0.3445,0.3281,-2.997,0.007461,1.203,3.962,office room,0.5378193771602872,0.2990781155751743,0.220128659672576,0.2783070208841042,0.2492962131219205,0.2602448821433021,0.6196861256277894,0.1736025619650695,0.7940326337084218,0.2649305813163928,0.2682547369141267,0.2114653892350278,0,0,0,1,0,0,0,0,0,0,0,0,0,2171.27575414322,665.196603212717,9.58880207381104
1316,office desk_9944.png,104.018,0.09074,0.3556,0.5138,0.1542,0.2335,0.2761,0.4042,0.4009,-2.805,0.01101,1.323,3.806,office room,0.5279103488372973,0.2736021556716051,0.2463435394579279,0.2569497018845886,0.2177898563883425,0.2171181958034618,0.5857362796694088,0.1735159745060996,0.7668091020922371,0.2479405113683117,0.2615666959952356,0.2268285221955369,0,1,1,0,0,1,0,0,0,0,0,1,0,3450.64630177214,501.005934371557,13.9879126889101
1317,office desk_9947.png,110.119,0.111,0.3138,0.4857,0.1308,0.199,0.2898,0.4142,0.3221,-2.84,0.00515,1.401,3.553,office room,0.4268618791219548,0.297010034032226,0.2275547328130825,0.2713301404773875,0.2379049585090579,0.2622209555521858,0.5086785021380514,0.1948661556172166,0.7227577367152354,0.2927946054382049,0.2587660904081056,0.2254612162378114,0,1,1,0,0,0,0,0,0,0,0,0,0,1806.32734742718,386.746117281442,6.9053187139121
1318,office desk_9952.png,68.271,0.07414,0.1882,0.469,0.2208,0.1681,0.2711,0.276,0.2926,-2.754,0.02721,1.331,4.173,office room,0.514816411607253,0.2765113009047893,0.280560808077575,0.2803777996677712,0.2565347751370883,0.2313055787673087,0.4752237617936911,0.2126944625892222,0.7586614625243756,0.2748017854924121,0.2522144183910149,0.233902974023095,0,1,1,0,0,0,0,0,0,0,0,1,0,2347.22351070468,1073.0279133408,15.9000021251375
1319,office desk_9955.png,82.64,0.05797,0.2462,0.441,0.1984,0.255,0.2228,0.325,0.3548,-2.786,0.004863,1.348,4.258,office room,0.4340389099956457,0.2850900130899729,0.2267677265550491,0.2793569140192511,0.2651113906610178,0.2336515621041694,0.467664266165998,0.289142272213722,0.7850088596081214,0.210475839963886,0.241238369253906,0.223560662833117,0,1,1,1,0,1,1,0,1,1,0,1,1,2050.88775753495,486.712996348845,12.0737873568559
1320,office desk_9960.png,81.709,0.04182,0.2245,0.568,0.1284,0.2013,0.3079,0.3314,0.2805,-2.988,0.009399,1.23,3.764,office room,0.5226527038862713,0.2845059109002824,0.2228564534650624,0.2893964156770849,0.2562670814985998,0.235781330296442,0.4868273037232688,0.1947235217810155,0.7165976800584158,0.3123219865078737,0.302386099176022,0.2553633804336763,0,1,0,0,1,1,0,0,0,0,0,0,0,3665.19689827747,699.591921308085,16.8417682978693
1321,office desk_9972.png,65.681,0.07179,0.3793,0.4718,0.08024,0.1858,0.3002,0.418,0.3259,-2.825,0.01263,1.235,3.807,office room,0.4662705695585212,0.2954150009796987,0.2402530121914423,0.2995346931999841,0.2260392545372003,0.1983416181570572,0.5397617707435595,0.2190094329262213,0.8255161629863105,0.2639224732062024,0.2128220887688668,0.204541086597139,0,0,0,0,0,0,0,0,1,0,0,0,0,3262.20351661741,248.54004850174,11.857865537114
1322,office desk_9974.png,85.786,0.0513,0.4626,0.5759,0.2283,0.305,0.2809,0.3529,0.246,-2.819,0.007415,1.192,3.653,office room,0.459944597787104,0.2687790182116081,0.2344858606890791,0.2872403035634335,0.2313845073192526,0.2169745441858021,0.4839961503679176,0.2199548987890221,0.7197947343286357,0.252851607281882,0.2689355747535634,0.2220120642795603,0,0,1,0,0,1,0,0,0,0,0,1,0,2763.27273843746,343.152059469807,17.1980818882228
1323,office desk_9979.png,81.29,0.6168,0.2354,0.3493,0.3415,0.2734,0.3486,0.3759,0.2866,-2.896,0.01122,1.201,3.73,office room,0.4325893769515863,0.2860827575332893,0.209107874225469,0.2770983573061824,0.2282197290482718,0.1997696060509811,0.4800813077326756,0.1811133721002385,0.7677910507482502,0.2401278777958467,0.2386689132655288,0.2190373652866582,0,1,1,0,0,0,1,0,1,0,0,1,0,3133.09820991704,0.0,26.1917457549284
1324,office desk_9981.png,85.871,0.128,0.4222,0.4389,0.2435,0.276,0.3118,0.3615,0.3026,-3.018,0.005997,1.143,3.606,office room,0.5109850252305363,0.3191607003356237,0.3136151450613556,0.292810516884528,0.296336234291492,0.2677265319408849,0.4633895609657461,0.242144998540264,0.8025717866945971,0.2376068772039805,0.2168310649403892,0.237010357167197,0,1,0,0,1,0,0,0,0,0,0,1,0,4221.13109578025,0.0,7.63254663967328
1325,office desk_9982.png,138.111,0.1244,0.1598,0.4591,0.2383,0.1593,0.3023,0.4184,0.3713,-2.761,0.005933,1.479,4.181,office room,0.5404703960398611,0.2584998055567624,0.247454810114348,0.2641839940622416,0.2208915439647032,0.2094839167815478,0.5779407538704329,0.1868631278041575,0.7360715111102193,0.1977347736527468,0.225384822286911,0.286119886602896,0,1,1,0,1,1,0,0,0,0,0,1,0,2410.79839132065,196.197713191953,9.48548001964294
1326,office desk_9986.png,96.281,0.1121,0.2209,0.3744,0.2302,0.1982,0.2701,0.2754,0.3604,-2.801,0.00494,1.391,4.198,office room,0.4934146946835375,0.2650927103001086,0.2151046314467152,0.2760583477897963,0.2328694115944172,0.2360896932097997,0.6782350183415051,0.2459845359431941,0.8544608127598702,0.2096008368623446,0.1727635890821485,0.2056589097752674,0,0,0,0,0,1,0,0,1,0,0,1,0,2307.63633964657,435.460982112077,26.9739577191019
1327,office desk_9989.png,119.339,0.01546,0.2789,0.5487,0.267,0.2115,0.2878,0.4201,0.3637,-2.841,0.003899,1.299,4.218,office room,0.5041254518958672,0.2731385066533904,0.2444508270573551,0.2806829091045399,0.2576735538459357,0.2534745868186948,0.7163817531192721,0.23858728896654,0.861626867304435,0.1947789055370526,0.1817231402651137,0.1892210261373592,0,0,1,0,0,1,1,0,0,0,0,0,0,1653.79158086332,179.384612685017,18.3452135676742
1328,office desk_9991.png,82.533,0.1163,0.2006,0.4647,0.2106,0.1705,0.2358,0.3354,0.2484,-2.886,0.01001,1.289,3.75,office room,0.5110680275248468,0.2474770472100803,0.2464219857952859,0.2736971966794608,0.2425621652850108,0.2159733320905743,0.5845233545418214,0.2038836085823932,0.7475195651558435,0.271364295254193,0.2721711514746019,0.2078641450772055,0,0,1,0,1,1,0,0,1,0,0,0,0,2251.86865644188,247.600306289319,17.92554212284
1329,office desk_9993.png,82.955,0.05454,0.3198,0.4927,0.1377,0.2394,0.2742,0.3338,0.3342,-2.947,0.01403,1.33,3.759,office room,0.5649517643765505,0.2874756247279403,0.242109972173711,0.2748940741098653,0.2391640548423327,0.2180108367268805,0.6190327335180157,0.2084371926584374,0.814287684559541,0.2403456626478127,0.2339033120901087,0.2146986059995053,0,1,1,1,0,1,1,0,0,0,0,0,0,2367.40550903626,404.238285786086,17.4739130987835
1330,office desk_9996.png,67.68,0.1035,0.2296,0.5959,0.1405,0.1538,0.2117,0.2424,0.3335,-2.673,0.02443,1.329,3.97,office room,0.5183167235532897,0.2855409141038666,0.2070486920038412,0.2898839958069357,0.2467464719290038,0.2492517968404204,0.453471521272563,0.1845723879321506,0.7942088957436028,0.2599373571386125,0.2476080155057937,0.1995326762723017,0,1,0,0,0,0,1,0,1,0,0,1,0,2591.29947394602,448.36944999469,5.92299784348016
1331,office desk_9998.png,103.142,0.2867,0.1187,0.4785,0.3285,0.1478,0.2935,0.4279,0.3747,-2.892,0.01509,1.251,3.84,office room,0.5156928980255087,0.2819537303632037,0.3141395128157629,0.2874387323055968,0.2427606491877035,0.2399051476098134,0.5934931750350128,0.2440979960831769,0.8036098607480929,0.226517535951794,0.2100961152473968,0.2516964637528845,0,1,0,0,0,1,0,0,1,0,0,0,1,3937.20964391853,196.571276879574,9.72539769709242
1332,office desk_9999.png,90.167,0.1104,0.1196,0.3663,0.09069,0.1261,0.2559,0.3231,0.3338,-2.657,0.002308,1.388,4.108,office room,0.51331596806052,0.2914154800531,0.270876904726762,0.2899655580965937,0.2395870656516597,0.2249506762708677,0.5678387178109086,0.2253210647292461,0.7433516128649654,0.2424673586723459,0.2636170057590275,0.2397767900267505,0,1,1,0,0,0,0,0,0,0,0,1,0,1582.09218638467,213.511657399145,30.4698788337306
1333,office indoor_10326.png,92.847,0.2821,0.1489,0.5148,0.4291,0.1586,0.2376,0.3104,0.3358,-2.91,0.01457,1.366,4.074,office room,0.5448037932172306,0.2836504497023956,0.2964446264106525,0.2598500422905767,0.2556779062150061,0.2323297145242836,0.517907913628031,0.2049987534476304,0.8002333500773777,0.2159314940614285,0.232833815720183,0.2338957292991198,0,1,0,0,0,1,1,0,0,0,0,1,1,3166.54790459159,278.795494547105,11.0771181504101
1334,office indoor_10327.png,52.073,0.1032,0.3741,0.4979,0.05482,0.1935,0.2787,0.304,0.3153,-2.802,0.006413,1.206,4.087,office room,0.5290138869350436,0.299663475711779,0.2282689355074273,0.2937603751735375,0.2468686116370229,0.2176180393618664,0.465183838826546,0.2069217633864215,0.7832040709055645,0.3105982126055232,0.2784724005472929,0.2132358727141757,0,0,0,0,1,1,1,0,0,0,0,1,0,2468.41255903932,0.0,16.607480752635
1335,office indoor_10332.png,108.254,0.08185,0.3848,0.4731,0.145,0.2438,0.3011,0.3789,0.352,-2.749,0.008232,1.291,4.28,office room,0.5434719824480944,0.2755967749863841,0.2711059159782992,0.2731243419192182,0.2587162570765824,0.223044478780582,0.6563842630758437,0.274578130985375,0.849077489737676,0.2013561588615409,0.1828213176813177,0.2113068017765448,0,1,1,0,0,0,0,0,0,0,0,1,0,1701.83659987569,224.352670358455,18.6336269231171
1336,office indoor_10337.png,66.971,0.1134,0.1974,0.4,0.2261,0.1578,0.2751,0.3215,0.3422,-2.704,0.0147,1.175,3.983,office room,0.5030609430446753,0.2872775679168041,0.2981262401489801,0.2652005388069645,0.2325379683371265,0.2526554108583626,0.5082302278000044,0.1759118523447075,0.8177508178244025,0.2640579724266315,0.2061644919486172,0.2174212798532051,0,1,1,1,0,1,0,0,0,0,0,0,1,2202.75869529956,229.96146530074,15.369822075097
1337,office indoor_10342.png,85.584,0.1404,0.2571,0.449,0.1277,0.175,0.2229,0.3466,0.2876,-2.873,0.02386,1.295,3.238,office room,0.4190156250710924,0.2668247038430576,0.2246174353491448,0.2790351537007329,0.2122632988575038,0.2358316267820932,0.5002344815600142,0.1813704245269826,0.7726060446431596,0.2605254917829923,0.2349555320398847,0.2322277992392058,0,0,1,0,1,0,1,0,0,0,0,0,0,4093.26696434812,803.588457929897,24.1196410639001
1338,office indoor_10344.png,101.655,0.1723,0.3419,0.5829,0.08382,0.181,0.2769,0.356,0.3476,-2.908,0.0134,1.353,4.1,office room,0.4867103920298762,0.2768230787670505,0.2599000456274619,0.2946164463621899,0.2400159878624461,0.2497575795485813,0.529414116866823,0.2152087925090871,0.777858056256447,0.2710720367661628,0.2532017315049221,0.2262958403316053,0,0,1,0,0,1,1,0,0,0,0,0,1,3447.79266583485,0.0,10.9676081201328
1339,office indoor_10349.png,74.776,0.05378,0.4409,0.5094,0.08263,0.1589,0.3426,0.3755,0.3431,-2.703,0.005629,1.292,4.179,office room,0.4996109194526048,0.2967160069149749,0.2243478017667605,0.271360729948473,0.2247469179216531,0.2050316145724737,0.5967809886587673,0.1741836730119771,0.8394587014190857,0.2381342551074559,0.2244735081538546,0.188121702331979,0,1,1,0,0,0,0,0,1,0,0,0,0,2033.83829981221,0.0,31.1755109974271
1340,office indoor_10352.png,93.243,0.2757,0.2584,0.3186,0.2366,0.1989,0.2069,0.3364,0.3971,-2.726,0.0147,1.339,3.996,office room,0.484844236491854,0.2949839698417811,0.3412457578340037,0.2564879211056285,0.2457431225717488,0.2409477828641459,0.4084270410825256,0.2227598096268137,0.7901729858709541,0.1793468512294189,0.2205075110582958,0.2243726194801431,0,0,1,1,0,0,1,1,1,1,0,1,1,3835.23226874842,200.5086324427,13.2264869405005
1341,office indoor_10353.png,86.315,0.07308,0.2287,0.3784,0.182,0.1909,0.2491,0.4303,0.3866,-2.88,0.008764,1.312,4.078,office room,0.4927516373191972,0.271216454803722,0.2791317061708477,0.2595575038472566,0.2326077180453719,0.2370135458288076,0.4576623468423765,0.2140855009782914,0.844802109125339,0.2295344398121526,0.1902049800032308,0.1960511612966368,0,1,1,0,0,0,0,0,1,0,0,1,0,2828.98957253933,217.978059934552,6.50617406216756
1342,office indoor_10357.png,52.315,0.04413,0.2389,0.4921,0.1456,0.1606,0.2497,0.3256,0.2625,-2.89,0.005059,1.291,4.053,office room,0.502872822437207,0.2727725693918186,0.2600205052318809,0.2745016634440727,0.2359093949522676,0.2256373345268239,0.4578239107803678,0.1911710931780488,0.7962336851212106,0.2629615661086217,0.2432544829381589,0.2147652679185773,0,1,0,0,0,0,0,0,1,0,0,1,0,2994.05188957647,456.43327987429,13.1331261282587
1343,office indoor_10359.png,72.706,0.1957,0.1789,0.4884,0.1588,0.1704,0.302,0.3082,0.3088,-2.776,0.06488,1.214,3.83,office room,0.5332930627144887,0.2687944274772128,0.2513600548888325,0.2764900372826498,0.264157844303622,0.239130131046195,0.5514252662083193,0.2072967721008156,0.8302764608619106,0.2486794360374183,0.204091950518743,0.2117580603144903,0,0,1,0,0,0,1,0,0,0,0,1,0,1841.44597106609,223.864481004542,12.041114033819
1344,office indoor_10361.png,91.792,0.0923,0.3166,0.5199,0.145,0.2234,0.2607,0.2977,0.3697,-2.802,0.01124,1.357,3.568,office room,0.4397400760676297,0.2741605092937635,0.2308605004305448,0.2644181179544939,0.230392020013958,0.2183883311998722,0.4998439616051551,0.2639188847365616,0.8213241894842956,0.2489339046967236,0.221184564795604,0.2033389794087917,0,1,0,0,0,0,1,0,0,1,0,1,0,3649.31492861899,200.913517910257,10.9373557881684
1345,office indoor_10363.png,96.081,0.3501,0.1816,0.4368,0.156,0.1379,0.2783,0.4021,0.3928,-2.74,0.008061,1.302,4.003,office room,0.4638256474199457,0.2921762648140573,0.2995318968156619,0.2921253898500646,0.2561437690829289,0.2529085570689532,0.5942897074455387,0.251610161701709,0.8396715641884952,0.236907857455433,0.1843433833782455,0.2195408120666999,0,1,1,0,0,1,0,0,0,0,0,1,1,3354.62784303672,522.148695548994,13.4574430446479
1346,office indoor_10367.png,97.098,0.1255,0.253,0.4524,0.09843,0.1806,0.2668,0.4023,0.3413,-2.937,0.01397,1.232,3.427,office room,0.5279923345849789,0.2900686359488068,0.235438422447286,0.2594531386632174,0.2297227421966444,0.2170729746469536,0.4896134710274002,0.2143721913645403,0.8284200674384761,0.2689996288431641,0.2370033329693505,0.1742614585504716,0,0,1,0,0,1,1,0,0,0,0,1,0,3765.65145733562,687.435557159436,13.4585070108698
1347,office indoor_10371.png,89.233,0.1382,0.1971,0.4563,0.3139,0.192,0.2675,0.3191,0.2864,-2.92,0.01188,1.281,3.793,office room,0.4599693178305649,0.2801802618231168,0.2588886772844231,0.2611846787034537,0.227167470901408,0.2166104480345618,0.5114104918552362,0.2236383917494377,0.791954541117006,0.2506552521978363,0.267386065915513,0.19509602055511,0,0,0,0,0,0,1,0,0,0,0,1,1,2579.07851592156,550.178709489331,14.3198314453419
1348,office indoor_10380.png,94.39,0.129,0.1519,0.4508,0.1994,0.151,0.2487,0.3333,0.3006,-2.966,0.007439,1.295,4.087,office room,0.4806858445891147,0.2663797352434448,0.3041960315787615,0.2630250071175138,0.2517723175811955,0.2308969137090218,0.4477434450357254,0.231714730488299,0.725253747868701,0.2229775503425445,0.273927324524693,0.2255352178376774,0,0,0,0,1,1,1,0,0,0,1,1,0,2867.52450834343,282.857823628968,6.38302649478559
1349,office indoor_10382.png,121.343,0.1121,0.2524,0.5096,0.2054,0.17,0.2686,0.4147,0.2907,-2.425,0.007012,1.48,4.436,office room,0.5803919382216269,0.2724440742667179,0.2982758168514365,0.2561525345383582,0.2647302102290167,0.2207776262126091,0.4305226696799845,0.270319905791881,0.777811496814095,0.2078375815154325,0.2148014746003803,0.2688124709612332,0,1,0,0,0,0,0,0,0,0,0,1,0,3076.14643599532,0.0,24.280155995813
1350,office indoor_10385.png,91.796,0.0281,0.2706,0.4883,0.3801,0.2012,0.2564,0.3633,0.3192,-2.964,0.007342,1.213,3.719,office room,0.5560805518483617,0.2663126403603373,0.2371744715772628,0.2559763607629118,0.2237093531864839,0.2288684158826875,0.5800111253037599,0.1653307229251249,0.7708032474509858,0.2157165849931931,0.2490351382969373,0.2197773963303012,0,0,0,0,1,1,0,0,0,0,0,1,0,3260.57512621338,0.0,7.95006767409751
1351,office indoor_10391.png,106.879,0.09973,0.2444,0.6084,0.1752,0.2114,0.3181,0.3392,0.352,-2.9,0.008889,1.195,3.567,office room,0.469029626741861,0.2857199058885124,0.2586003138513257,0.3243057099986484,0.2484780069097402,0.2347338498277993,0.4437114449398605,0.2369486313222364,0.8135033407198792,0.266838517118385,0.2352283799527343,0.2138736919826051,0,1,1,0,0,1,1,0,0,0,0,1,1,2887.59198704997,484.539622435158,15.4060854914047
1352,office indoor_10394.png,94.83,0.1831,0.281,0.4065,0.1459,0.1959,0.2399,0.3441,0.319,-2.821,0.008574,1.366,4.403,office room,0.5227827735450024,0.2992609025785864,0.2627401142564681,0.272889153850756,0.254057286181304,0.2382219595671242,0.4560336407503893,0.2455724362363638,0.7934413373787851,0.2241065190074651,0.2127389515183732,0.2432902788778203,0,1,0,0,0,1,0,0,1,0,0,0,0,2908.02689370619,446.62540520928,19.1924265776011
1353,office indoor_10398.png,102.787,0.07365,0.3084,0.364,0.09432,0.1313,0.2259,0.5769,0.3781,-2.818,0.008639,1.319,3.836,office room,0.4401962635667694,0.2764497989703631,0.3068472154505303,0.276854562885636,0.2381135074058687,0.236281442335012,0.5035593913966776,0.2649237036313522,0.8023478967489774,0.2324946605855972,0.237970575497196,0.2309200636259002,0,1,1,0,0,1,1,0,0,0,0,1,1,2662.26922843758,0.0,6.94105626128014
1354,office indoor_10401.png,97.079,0.1101,0.3216,0.5919,0.08007,0.1953,0.2301,0.3748,0.3301,-2.527,0.008575,1.334,4.155,office room,0.5263194616412445,0.2704809462668599,0.3093976844185183,0.2785655138867855,0.264372672235467,0.2545029418887375,0.4355920939090884,0.24257140163292,0.7720030973515407,0.2210345562739475,0.2541071749867299,0.22075082100875,0,0,1,0,1,0,1,0,1,0,0,1,1,2547.25959826371,631.79664026309,9.10600720625168
1355,office indoor_10411.png,75.886,0.1321,0.288,0.4052,0.06759,0.1861,0.2441,0.3407,0.3651,-2.855,0.006296,1.26,4.094,office room,0.4696270912484771,0.2915736853165777,0.3500365904977017,0.2663447973058037,0.2537630053090317,0.2355011079751073,0.4321403070117983,0.2452108110699698,0.8261941964110038,0.2368215671777115,0.2204858531380336,0.2326260067926123,0,0,1,0,1,0,1,0,1,1,0,1,1,2286.94369501144,925.834026731658,12.7333343888189
1356,office indoor_10415.png,88.395,0.03148,0.1917,0.5235,0.2403,0.129,0.2366,0.3174,0.2859,-3.031,0.0129,1.169,4.089,office room,0.542540892489288,0.2889604038642026,0.3095050049970763,0.2694756377727755,0.2458915515013172,0.2594557190899765,0.4790208494149724,0.167006396051118,0.7499814732111664,0.2520186285161541,0.2871614957510278,0.2225058777349881,0,0,0,0,0,1,1,0,0,0,0,0,0,2691.22072800576,555.457184374808,6.96225960340988
1357,office indoor_10421.png,45.912,0.6113,0.2999,0.4256,0.1224,0.2246,0.2878,0.3418,0.3157,-3.019,0.01957,1.067,3.898,office room,0.4851406084756186,0.2857801104379294,0.2987201377958833,0.2616422405410652,0.2412789148073323,0.2318874417135732,0.3996985651138294,0.1642170871642307,0.731999436891549,0.2787967401982491,0.2746191517528635,0.2255888361557819,0,0,0,1,0,1,0,0,1,0,0,1,0,3814.9701890428,332.668964375238,10.2824914885143
1358,office indoor_10425.png,92.751,0.05498,0.1132,0.5855,0.1793,0.1069,0.291,0.3098,0.3623,-3.012,0.01534,1.304,3.455,office room,0.4949831267904464,0.2923785931982828,0.3214867497286283,0.2804151758055045,0.2644196789539655,0.2874327420887058,0.3733363528547967,0.2032770130801305,0.8186723539726735,0.2414527424507569,0.2029906158490869,0.2773265043982217,0,1,0,1,0,1,0,1,0,0,0,0,1,3143.87307106919,575.378394815666,21.2546699898671
1359,office indoor_10434.png,89.043,0.1305,0.2611,0.6333,0.123,0.2065,0.2272,0.3062,0.352,-2.673,0.006724,1.37,3.942,office room,0.4911063823867619,0.274352882222578,0.2938728211727582,0.2753551427191519,0.2445072735133629,0.2379007061155952,0.4443888381619618,0.2437851887229491,0.7596693829901315,0.2259372966837572,0.2513706723557012,0.2229820273286855,0,1,1,1,1,1,1,0,0,0,0,0,1,2462.70465862376,495.207806470906,16.4405183421588
1360,office indoor_10436.png,81.654,0.09711,0.3795,0.3747,0.123,0.2654,0.2186,0.2885,0.362,-2.831,0.008591,1.262,4.088,office room,0.5342013321160707,0.2815312415318306,0.2937171550782498,0.2819902301452439,0.2569624161512051,0.2447096605281038,0.3919562151361239,0.2134755766632417,0.7738690669655299,0.2501401310953448,0.2625693394623518,0.2118840600763358,0,1,1,0,0,0,1,1,1,0,0,1,0,3370.08303068623,0.0,11.1221268432536
1361,office indoor_10444.png,98.353,0.1274,0.1695,0.4284,0.1346,0.125,0.3054,0.2475,0.3427,-3.021,0.01568,1.184,3.283,office room,0.5873420082590083,0.2722453050615271,0.3538398793918704,0.2577502192659602,0.251806222443353,0.2457375876866429,0.3356034073428631,0.1646690336759814,0.7503281227032349,0.2876461848848607,0.2490015139432171,0.2496104405786776,0,1,0,1,0,1,0,0,0,0,0,0,0,3824.00647680676,1082.51784955599,16.0076536494531
1362,office indoor_10445.png,91.553,0.2092,0.2406,0.475,0.1755,0.1944,0.296,0.4136,0.3256,-2.693,0.007355,1.265,3.716,office room,0.5710155513479062,0.2847472643812238,0.2979320011113995,0.2857505197946891,0.2697419726311861,0.2481304993810451,0.4538649209941082,0.2142138982901722,0.7495079652341814,0.2785217721987594,0.2502624535920422,0.2799114856982215,0,1,1,0,0,1,1,0,1,0,0,1,0,3507.73679534433,397.768445692944,10.4494424258483
1363,office indoor_10446.png,86.778,0.1115,0.4876,0.4094,0.1477,0.2543,0.2696,0.2918,0.3272,-2.715,0.006367,1.298,3.782,office room,0.4008925295690427,0.2915194278064266,0.2639843761700736,0.262535913738039,0.2329569805602663,0.2239169993045919,0.5435971777945635,0.2193112081217696,0.8284748502697225,0.204128935458825,0.1782338272156914,0.2040940486511991,0,1,1,1,0,1,1,0,1,0,0,1,1,2794.87510485256,216.91785083204,28.2041886813518
1364,office indoor_10453.png,56.344,0.1113,0.1636,0.6029,0.1445,0.1905,0.2095,0.2367,0.2668,-2.742,0.006569,1.187,3.912,office room,0.3994459426563556,0.2453515690417425,0.2414439273960318,0.3091668084779301,0.2274584588727431,0.2386161475417354,0.4028739200939389,0.2193473619333298,0.7892416625572648,0.2702917804251495,0.2007240863962263,0.2457038575524071,0,1,1,0,1,1,1,0,1,0,0,0,0,4023.21325563614,1302.12058931151,12.4150887306573
1365,office indoor_10459.png,54.163,0.04128,0.02965,0.4779,0.2636,0.07132,0.2645,0.4021,0.1539,-2.89,0.01041,1.208,4.074,office room,0.4883370402460031,0.3096791395109565,0.2562991744706918,0.2596494702874569,0.2587083414954027,0.2550849302363776,0.4519534586318113,0.1680319530986777,0.8149949577214898,0.3247953112074477,0.2590496059214852,0.2290217971727195,0,0,0,0,0,0,0,0,0,0,0,0,0,1934.68074850893,0.0,50.6386775634208
1366,office indoor_10467.png,85.756,0.1169,0.1878,0.4598,0.2083,0.2633,0.3052,0.2529,0.2229,-2.705,0.01911,1.299,4.135,office room,0.5168864183681975,0.2973269916633244,0.2853258333166244,0.2858330805282199,0.2660518513050204,0.2359069407149293,0.4391457321721205,0.2336222126537154,0.7374140818492402,0.2540427293303422,0.2812867283286607,0.2292040599519519,0,1,0,0,0,1,1,0,1,0,0,1,0,2565.47247202956,1060.13221247324,25.5939286094273
1367,office indoor_10474.png,102.53,0.04688,0.2141,0.3581,0.2427,0.1892,0.2231,0.3554,0.3909,-2.756,0.01184,1.406,4.066,office room,0.5090408044684832,0.2798755971967596,0.3107029377188885,0.2571945235933652,0.2273084805550804,0.2238144162554341,0.5764320037779461,0.2597413810511338,0.7775407534395611,0.2244049390821633,0.231452307943186,0.2393762529383745,0,1,1,0,1,0,0,0,0,0,0,1,1,3068.89898097739,949.779217524963,17.0570046928783
1368,office indoor_10479.png,91.177,0.1536,0.2384,0.4838,0.06242,0.1046,0.198,0.4256,0.2997,-2.764,0.01293,1.331,3.66,office room,0.4908646979807263,0.2623405358608149,0.3436381601379268,0.2691605131206255,0.2497278105436755,0.2563204874576879,0.5953409147188534,0.2186891693856115,0.7853109140188553,0.2456748250712267,0.2372011483218668,0.22235321981539,0,1,1,0,0,1,0,0,0,0,0,0,1,1757.79887629506,220.83892687556,19.364104906548
1369,office indoor_10494.png,104.466,0.06332,0.07505,0.4864,0.241,0.1081,0.3208,0.3419,0.36,-3.022,0.006806,1.292,4.18,office room,0.5211053548134374,0.2542737781156663,0.2299232827955321,0.2459649883406131,0.2277257530541845,0.2250818337665606,0.5889685989611467,0.1981410923508012,0.7969348140739837,0.2097376142916351,0.1931810169819337,0.2190731090072922,0,1,1,0,1,0,1,0,0,0,0,1,0,2110.51428559775,194.885458115925,16.7990016686145
1370,office indoor_10497.png,82.938,0.09016,0.204,0.3118,0.1531,0.1633,0.2778,0.3709,0.3323,-2.746,0.00619,1.262,3.78,office room,0.5432817745966525,0.2906667660631523,0.2839047377970395,0.2782870066555227,0.2705623561090008,0.2371162789558086,0.5065741463691587,0.2042973502021504,0.827311961343354,0.2172286174507758,0.1870050231869794,0.2415500227390394,0,1,1,0,0,0,1,0,1,0,0,1,0,3573.70611757174,262.206017724844,3.94825514162474
1371,office indoor_10512.png,94.364,0.04957,0.2658,0.5049,0.1789,0.2428,0.3157,0.321,0.2679,-2.819,0.006969,1.284,3.987,office room,0.5704521192677139,0.2935073905385642,0.4099058332547708,0.3035097815792627,0.2816719245345749,0.277499717337975,0.3766713065061465,0.2152935733507494,0.7931602359960036,0.207180245410762,0.1990691560726603,0.2590025792210695,0,1,0,1,1,1,1,0,0,0,0,0,0,3269.34096359331,376.54707441889,13.1421198005921
1372,office indoor_10523.png,96.673,0.2342,0.2703,0.4502,0.3088,0.3235,0.3241,0.4241,0.3201,-2.68,0.00963,1.388,4.076,office room,0.4952077008031078,0.27684512261574,0.2590691626382003,0.3028306289060653,0.2420994771842385,0.2067111515971115,0.5666588656962116,0.2421681606965823,0.6795794092594905,0.2863943310988698,0.3338480559617491,0.2384243154539947,0,1,0,0,1,0,1,0,0,0,0,1,0,2086.49847341275,428.814083758761,18.1634438570939
1373,office indoor_10527.png,94.122,0.08134,0.2875,0.5946,0.1093,0.2454,0.2441,0.2902,0.362,-2.806,0.01083,1.289,4.167,office room,0.5381214118004037,0.2813533790699313,0.2420055315297617,0.2869807399901327,0.2849784193316507,0.2488158237243178,0.3886968131079057,0.2993980997240895,0.8148765096746416,0.2497292888629311,0.2294408146552317,0.2266901058805678,0,1,1,0,0,1,0,0,0,0,0,1,0,3953.42961779105,970.602014354196,16.23550512992
1374,office indoor_10531.png,83.955,0.2081,0.09519,0.531,0.2082,0.09615,0.27,0.2974,0.3234,-2.841,0.006791,1.213,3.829,office room,0.4600602936828549,0.2619910904302717,0.2305362011485422,0.2797670550418216,0.2225614190436719,0.224748913114222,0.4720930775555437,0.1763797035762787,0.8034585905572063,0.2313402491400825,0.2336817920522712,0.1957586519488632,0,1,1,0,0,1,1,0,0,0,0,1,0,3583.95055718534,544.62838728795,24.7369778072205
1375,office indoor_10532.png,104.356,0.05047,0.5031,0.6222,0.08952,0.3386,0.3213,0.4089,0.2994,-2.688,0.01931,1.357,4.049,office room,0.4987423213196192,0.2707170970508064,0.2716803114809351,0.2786456337997027,0.2179836639050471,0.1925985481067566,0.4978230892752783,0.2382063598207662,0.7695290216375362,0.252519856953095,0.2563786652986259,0.2047953702094213,0,1,0,0,0,0,1,0,1,0,0,1,0,2328.84603500406,221.941121700504,30.4134450554542
1376,office indoor_10535.png,97.102,0.1057,0.1403,0.5282,0.3198,0.1283,0.2687,0.3922,0.3218,-2.894,0.009724,1.339,4.006,office room,0.4742036125003128,0.2649044775172318,0.3378383157153337,0.2660673124435362,0.2489234570247935,0.2325696403892451,0.400807732793414,0.2140076738415035,0.7716329431937561,0.2094359344699146,0.2208004358402125,0.2385976789453707,0,1,0,1,0,1,1,0,1,0,0,1,0,3876.43547182923,248.801813263029,5.39680049325154
1377,office indoor_10536.png,59.536,0.06282,0.1136,0.5073,0.2157,0.1623,0.346,0.3077,0.2952,-2.949,0.007428,1.156,4.225,office room,0.567633626055523,0.3063743791835739,0.302177269096556,0.2759536262678267,0.277731288447434,0.2618753637277233,0.3631463609863568,0.2105098856173973,0.7615718035209122,0.3485825038229916,0.293470618708586,0.247035119957101,0,1,0,1,1,1,1,0,1,0,0,1,0,2062.98223740438,310.776761543665,17.0771014172359
1378,office indoor_10537.png,118.437,0.04289,0.4879,0.5033,0.1918,0.2928,0.3048,0.4444,0.3741,-2.799,0.006935,1.4,4.118,office room,0.5536443495323883,0.3174768359779275,0.3722925022851202,0.27686344057171,0.3056503714358788,0.2490036827277515,0.4905068875192163,0.3013077735292673,0.7650820610386038,0.3263975910246212,0.2854174290425702,0.2421477071166629,0,1,1,1,0,1,1,0,1,1,0,0,0,2640.47006253682,0.0,12.9260837559709
1379,office indoor_10539.png,127.535,0.8714,0.1348,0.6581,0.4119,0.1445,0.2854,0.469,0.3541,-2.955,0.01252,1.257,3.818,office room,0.4837144007342357,0.2842886425849915,0.2990983723790775,0.254130885773379,0.218492162255217,0.2127055546299779,0.5943619547607643,0.249617772438748,0.8109417399832496,0.2269400209499698,0.207985193828539,0.2214602277133557,0,0,0,0,0,1,0,0,0,0,0,0,1,3369.89177884233,448.798617904527,20.1336282259043
1380,office indoor_10540.png,101.918,0.2492,0.1937,0.5099,0.2458,0.2,0.2369,0.3958,0.3834,-2.778,0.01143,1.369,4.172,office room,0.4348308333043696,0.2688521202831467,0.2997099975010484,0.2476869615924588,0.2275616685510328,0.2183092718989298,0.5522443342831573,0.2788561149032201,0.7961256605318795,0.2212521443283731,0.2041689535693627,0.2284334610975971,0,1,0,1,0,1,1,0,0,0,0,0,1,2723.24658743525,214.528617661629,24.790914089268
1381,office indoor_10542.png,97.693,0.05794,0.05932,0.6984,0.1783,0.07133,0.2206,0.447,0.3064,-2.961,0.01092,1.406,3.719,office room,0.5380056091074725,0.2932539456572802,0.359621011756108,0.3158655117796974,0.2666627090888512,0.2842078857781851,0.5269045861484764,0.2390429590132151,0.7344471624834628,0.3177776345625919,0.2754374792771423,0.272399004346862,0,1,0,0,0,1,0,0,0,0,0,0,1,2713.63332937286,396.901912011067,15.7536848030385
1382,office indoor_10550.png,102.278,0.914,0.1115,0.3585,0.2649,0.1407,0.2117,0.3963,0.3736,-2.671,0.01097,1.447,3.996,office room,0.4969591973287671,0.2794389992793829,0.294216697736688,0.2706864360319263,0.2487266895191609,0.2200694000712306,0.6089236478804689,0.2571709314281236,0.7091545756127716,0.252606625204239,0.2932663923815027,0.2513365567867408,0,1,1,0,1,1,0,0,0,0,0,1,1,3152.86315392037,0.0,17.3633948653166
1383,office indoor_10557.png,80.504,0.2055,0.1445,0.3073,0.1909,0.1965,0.2354,0.2668,0.3883,-2.729,0.0265,1.404,4.055,office room,0.5420472876966101,0.2909218413492826,0.3487516233040486,0.2750947405894725,0.2621989062036412,0.2382468461545348,0.3910229481815827,0.1837051279514139,0.7604924501750921,0.2753256182508511,0.2638414153062657,0.2670252150346816,0,1,0,1,1,1,0,0,1,0,0,1,0,3486.99717269617,1112.12317869212,16.3810665556647
1384,office indoor_10564.png,84.666,0.04314,0.2068,0.4854,0.1633,0.1704,0.3173,0.3084,0.2552,-2.884,0.00584,1.258,4.154,office room,0.465912078053051,0.2967174210599618,0.2472970570338356,0.2811663585124552,0.2577433663812847,0.2233770864532964,0.5146502579817968,0.2884859602855895,0.7856828945408169,0.3050737363959621,0.2666667413954237,0.2278563133253175,0,0,0,0,0,1,0,0,0,0,0,1,0,1798.96681450526,0.0,6.71914404961809
1385,office indoor_10591.png,101.629,0.1132,0.09285,0.6068,0.1417,0.08864,0.3127,0.3889,0.3682,-2.891,0.006661,1.284,4.165,office room,0.5510642781994255,0.3115329630557195,0.3074759845704218,0.2796846503920002,0.2522566496139293,0.2576133295182305,0.5609950773403549,0.1957219433093176,0.8055435241091656,0.3034834500679314,0.2599331602914327,0.2191116437224253,0,1,0,0,0,1,0,0,0,0,0,0,1,2436.48638264754,244.475932661363,9.23693781686022
1386,office indoor_10622.png,98.902,0.09678,0.1947,0.5136,0.1387,0.2109,0.2913,0.3207,0.3121,-2.827,0.01282,1.329,4.051,office room,0.4709352072875006,0.2928017622950872,0.2352336941188692,0.2783899692643499,0.278070239970598,0.2395169307712524,0.4656241645490934,0.3039655767197702,0.7205881592270562,0.2903247854580897,0.3240983668781472,0.2181052698594524,0,0,0,0,0,1,1,0,0,0,0,1,0,2438.24660087833,0.0,15.5936243710015
1387,office indoor_10637.png,95.527,0.06291,0.2212,0.5654,0.1607,0.2463,0.2458,0.4829,0.3443,-2.718,0.01418,1.283,3.679,office room,0.4307633026859539,0.2597061904492169,0.2971115943184277,0.2866144788849434,0.2380292162980759,0.2484615921285205,0.5093854495152836,0.2940608187233391,0.8482073268307745,0.2286531682342278,0.1956262009766414,0.204156185792713,0,1,1,0,0,1,1,0,0,0,1,0,1,2221.41215128071,1178.98845530007,25.1557593614643
1388,office indoor_10640.png,108.247,0.03554,0.1364,0.4682,0.2239,0.1617,0.3385,0.4408,0.3839,-2.834,0.02063,1.238,3.636,office room,0.5211321113524906,0.2716535989296167,0.3264252875095262,0.2562090496659974,0.2625577324619773,0.256283668703575,0.5515292920149893,0.2302842154043427,0.8089144965076046,0.2294132064450585,0.2154473194272166,0.2272169727550375,0,1,0,0,0,1,0,0,0,0,0,1,1,2987.82292277703,0.0,9.51725152574366
1389,office indoor_10644.png,76.112,0.2063,0.4464,0.3798,0.1211,0.295,0.3006,0.3634,0.2528,-3.049,0.02255,1.121,3.699,office room,0.526465303776247,0.2985956325992388,0.2335262779016331,0.254330872229945,0.2478848465899943,0.2185567629523624,0.5828183996724228,0.2077388532847035,0.8472733963138512,0.2510736895929747,0.207058431749277,0.2054159011199599,0,1,0,0,1,0,0,0,1,0,0,1,0,3227.85646963942,403.879699689743,8.71606847924915
1390,office indoor_10645.png,89.485,0.9252,0.2132,0.5589,0.2521,0.1931,0.3179,0.3558,0.2997,-2.82,0.006436,1.26,4.289,office room,0.5533088755678834,0.3120911142725128,0.277129702044149,0.2600546284139628,0.2704197211793682,0.2675431271719244,0.5464501993060433,0.2214290449989577,0.8062631994040825,0.2544157731751355,0.2290986120326418,0.2097410700404515,0,1,0,0,0,0,0,0,0,0,0,0,0,2029.8752519629,532.064108853578,11.8268457799727
1391,office indoor_10652.png,107.968,0.5077,0.2239,0.4552,0.2743,0.1867,0.2401,0.4397,0.4401,-2.709,0.009178,1.403,4.332,office room,0.4695408064418036,0.2709622781651067,0.2689553914449579,0.2858105408534649,0.2455187304220107,0.2398036320507126,0.5992320696709893,0.2222304905981597,0.8255697594600254,0.2109414487709079,0.1920048469143803,0.2166319773131588,0,1,1,0,1,1,0,0,1,0,0,1,0,2301.48642092901,0.0,22.0322858051411
1392,office indoor_10654.png,60.854,0.1595,0.4339,0.2175,0.1433,0.3042,0.1223,0.3935,0.3525,-2.429,0.01139,1.421,4.236,office room,0.4328297557790618,0.2950187587208422,0.3200917855038283,0.2660315573059866,0.2322169971659215,0.2440948895043233,0.6052821015291836,0.2280276947828136,0.845445439694791,0.27868970367424,0.1923434685779239,0.2346681090171742,0,1,0,0,1,1,1,0,0,0,0,1,1,2568.55179130663,0.0,18.191131688959
1393,office indoor_10659.png,67.204,0.118,0.1595,0.3137,0.2666,0.235,0.1944,0.3332,0.3522,-2.665,0.009036,1.348,4.305,office room,0.4646230326370642,0.2991124993837146,0.2984020722430955,0.2830469454497346,0.2604620837298415,0.2502166206094715,0.39930656562722,0.2511997745694768,0.8071721698667955,0.2402580338669542,0.2008564172873837,0.2554678602342505,0,1,1,1,1,1,1,1,0,1,0,1,1,2846.77180931518,500.228770419665,27.6068415808158
1394,office indoor_10661.png,117.575,0.02372,0.2523,0.5915,0.1281,0.1965,0.2737,0.4029,0.3298,-2.867,0.008575,1.286,4.181,office room,0.5292885485066097,0.2931277505957271,0.2356563986178642,0.2607405366305517,0.2439111783920191,0.2526077855785422,0.6055502099860461,0.1971596616632953,0.8102577523631791,0.2448388809877186,0.2115368772267309,0.2174970200322429,0,1,0,0,1,1,0,0,1,0,0,1,0,1879.14737042689,280.083995779753,8.00309988288799
1395,office indoor_10665.png,60.237,0.2364,0.3484,0.4771,0.218,0.1818,0.3124,0.2752,0.2721,-2.706,0.01508,1.244,4.021,office room,0.5302696152259279,0.2859994216905404,0.2888948756970402,0.2825528878006233,0.2717236191143119,0.2446085656017831,0.4206104824284547,0.2131903169906053,0.8402953191697119,0.2698227480001661,0.2008225618449983,0.2145284628121813,0,1,0,0,0,1,0,0,0,0,0,0,0,3059.35804556041,447.605367597362,25.4332503073935
1396,office indoor_10679.png,69.128,0.09687,0.3437,0.4848,0.06854,0.2878,0.2395,0.2955,0.2359,-3.063,0.00994,1.18,3.737,office room,0.5242692074566909,0.2907192786855155,0.2735556055232822,0.2937854573687039,0.2611328349242315,0.2512082160560646,0.4443270260632344,0.2130131641860025,0.8258286572492352,0.2483051535743599,0.2208904985311445,0.231055417968121,0,1,1,0,0,1,0,0,0,0,0,0,0,2916.00353481744,1397.19347657009,10.5222248747739
1397,office indoor_10681.png,60.374,0.157,0.1406,0.2895,0.1973,0.1159,0.2597,0.2446,0.2356,-2.933,0.01479,1.149,3.327,office room,0.4761795654885898,0.2867904773733346,0.2313694311650548,0.2823149498860894,0.2460608189028519,0.2189806822385804,0.4185581962815054,0.1748731161357327,0.8226327809147372,0.2691720225687466,0.2109689483219159,0.2329592539590004,0,1,0,0,0,0,0,0,0,0,0,1,0,3581.32949967793,606.968288705861,13.2764779899549
1398,office indoor_10683.png,88.142,0.0309,0.161,0.394,0.2607,0.1655,0.2534,0.3905,0.3897,-2.665,0.00502,1.339,4.186,office room,0.4112667997269771,0.2650201448369908,0.2227756913713622,0.2887506965035812,0.2261236329918718,0.2333623559143299,0.61930767704539,0.2468881767338248,0.812129246834489,0.233098470687053,0.2219777599408724,0.2004715489319856,0,0,0,0,0,1,1,0,0,0,0,1,0,2339.5195393309,0.0,9.98205653164663
1399,office room_12573.png,77.881,0.01756,0.1779,0.6465,0.1051,0.12,0.194,0.3055,0.3298,-2.833,0.01015,1.342,4.25,office room,0.4503856399023959,0.2926014774233175,0.2611550605625557,0.2693282655223794,0.2737892963254374,0.2700023755408727,0.4283384776511473,0.2240870690502997,0.7767616997439305,0.285022294126988,0.259925223166833,0.2476768800200877,0,1,1,0,0,1,1,0,0,0,1,0,1,2589.82790214803,0.0,23.6126297268043
1400,office room_4820.png,107.149,0.7917,0.1785,0.5827,0.336,0.1454,0.292,0.4084,0.342,-2.783,0.007313,1.315,4.106,office room,0.5416199897870693,0.2600946304789137,0.2176863923472113,0.2768110208854692,0.2266538400573883,0.1924462837359329,0.5877125509666689,0.2253282990301663,0.7541530355911777,0.2096710361658937,0.2187383953615169,0.2379326053758403,0,1,0,0,1,1,1,0,0,0,0,1,0,2506.98064627681,334.157279143436,11.7384356210567
1401,office room_4825.png,80.817,0.07833,0.191,0.4863,0.256,0.1423,0.2534,0.4037,0.3562,-2.803,0.009063,1.197,3.559,office room,0.476771961628883,0.2587345463678162,0.2666135695088508,0.2650032101855213,0.2465536710324923,0.2579750281065145,0.4383657699916723,0.175613872648396,0.773156903228314,0.2065429423367301,0.2227403681761434,0.2337258374324023,0,1,1,0,0,1,0,0,0,0,0,0,1,2857.02638689332,724.575272595296,11.5657547932749
1402,office room_4870.png,73.556,0.08779,0.2312,0.4561,0.1423,0.1597,0.3035,0.4219,0.326,-2.92,0.01282,1.252,3.653,office room,0.4965374287652526,0.274999555562133,0.283100296876254,0.3120717351306173,0.2662546191738531,0.2383192519151429,0.4980647761862227,0.2085821143079833,0.8634336426558302,0.2179440832327807,0.1744738979025171,0.1961575224660924,0,1,0,0,0,1,1,0,0,0,0,1,0,3437.3622074514,317.087197505663,22.0493678915479
1403,office room_4893.png,99.561,0.9547,0.134,0.3613,0.2174,0.1161,0.2821,0.3768,0.4353,-2.749,0.02396,1.243,3.189,office room,0.4937880399179725,0.3132250070880259,0.3812374975316901,0.3058527590852053,0.2857365911471657,0.2893521521616307,0.271484997860132,0.2132006888233096,0.713171371997524,0.2914912327834933,0.2581656436445536,0.3272065383654002,0,1,0,1,0,1,0,0,0,0,0,0,1,5336.73963837434,671.963559932881,6.32705861595939
1404,office room_4963.png,72.292,0.6515,0.1807,0.5398,0.1331,0.1713,0.2011,0.371,0.401,-2.791,0.01307,1.35,4.017,office room,0.4218935190481137,0.2557389559129615,0.3034759477719352,0.2412527755971578,0.2582031140523311,0.284444737594311,0.3488902940564397,0.2037272595263079,0.7760546786198198,0.2660028943429548,0.2224325725777275,0.2747990408343538,0,1,1,1,1,1,0,1,0,0,0,0,1,3097.6125453979,301.088812669734,13.1075415165703
1405,office room_5011.png,108.273,0.104,0.1829,0.5591,0.1713,0.2186,0.2875,0.4046,0.3588,-2.979,0.03383,1.273,3.878,office room,0.5704932115407791,0.2656589396045637,0.2802447121450432,0.2620981195913425,0.2398725930904256,0.2379092866776418,0.4998051949181289,0.1848143760345034,0.695587742067299,0.2755001991319696,0.3094411102006223,0.2595351646283153,0,1,0,0,1,0,0,0,0,0,0,1,0,3116.16171585072,0.0,16.3304394412068
1406,office room_5015.png,105.403,0.09979,0.2574,0.5028,0.1309,0.2332,0.2769,0.2945,0.326,-2.785,0.005576,1.271,4.122,office room,0.5342600214080627,0.2902628185789714,0.3322655427026183,0.2568200081523838,0.2409545363098255,0.2573608551338762,0.4328671446157254,0.2048442317386075,0.7871663916096429,0.2519706567737404,0.2607958143434307,0.2366720697063107,0,1,1,1,1,1,0,0,0,0,0,0,0,2520.32224464274,408.373323943302,16.6257956182948
1407,office room_5031.png,61.748,0.1383,0.4593,0.4082,0.1205,0.2554,0.2182,0.2525,0.3669,-2.821,0.03215,1.202,4.054,office room,0.5610569263346211,0.3025609092779164,0.4849095280044332,0.2793293712694858,0.2748853454178748,0.2623729795027993,0.2670597298994048,0.2012629860942364,0.8031254221792473,0.2353021768858138,0.2223607002840042,0.2511541917464202,0,1,0,1,1,1,1,1,1,0,0,0,0,2573.04913125842,0.0,22.3017536748742
1408,office room_5032.png,97.364,0.9971,0.1153,0.5454,0.2572,0.1542,0.3088,0.35,0.3255,-2.789,0.007993,1.361,3.872,office room,0.5360398131472617,0.2956851384926678,0.1977980275536734,0.291034629597033,0.2554650263548876,0.2199963486841498,0.6490450507978663,0.2421384720794258,0.7952016501182203,0.2814255974134894,0.2557048103221346,0.2183490659637387,0,1,0,0,0,1,0,0,0,0,0,1,0,2777.95818842658,280.902932943948,18.8128662596769
1409,office room_5033.png,75.667,0.1102,0.2831,0.4911,0.1802,0.1794,0.3004,0.27,0.2832,-2.732,0.005042,1.158,3.868,office room,0.5443244117372203,0.3049022925440215,0.2662065810929504,0.2775262269730741,0.2630424675785922,0.235697273041037,0.5451891009886412,0.2114125616959613,0.7874878771517781,0.255179174632562,0.2602434779087496,0.2318813895324757,0,1,0,0,0,0,1,0,0,0,0,0,0,2973.96606864621,227.655551782311,7.80176905428825
1410,office room_5034.png,83.032,0.0831,0.2131,0.5507,0.09796,0.2132,0.2068,0.2898,0.2695,-2.794,0.008184,1.381,3.987,office room,0.5150284049041244,0.2775486566925775,0.2932250476773637,0.2738835303642339,0.2652959501837119,0.2345903181204456,0.4430159702830308,0.2898593210071495,0.8039106607389662,0.2547342839234132,0.2461929316758763,0.200659348206483,0,0,1,0,0,1,0,0,0,0,0,1,0,2747.308287771,709.834332144629,15.6778499147891
1411,office room_5035.png,82.803,0.4837,0.1365,0.4147,0.237,0.1149,0.3138,0.3242,0.2827,-2.605,0.08602,1.3,3.261,office room,0.4976830941757655,0.2805434222456393,0.2177967998884929,0.3237432037172926,0.2288824419300591,0.21200073438504,0.5717163981734665,0.1763111551864757,0.8207851160904452,0.2633748940321549,0.2091597106647894,0.2225048807310447,0,0,1,0,0,0,1,0,0,0,0,0,0,4367.47398329449,1076.22190558045,8.27065101530397
1412,office room_5039.png,91.93,0.8823,0.2637,0.5505,0.2951,0.1964,0.3144,0.3875,0.3829,-2.856,0.005697,1.316,3.941,office room,0.5011993151704761,0.2795129113695055,0.2131653469533833,0.3160465991369586,0.2316406924463805,0.2026542063741383,0.5737256829816942,0.2380154888024966,0.7729189264471581,0.2676592510997755,0.255132365817091,0.2241922123544618,0,1,1,0,0,0,1,0,1,0,0,1,0,2790.29810969122,536.35611451777,10.8104342530889
1413,office room_5045.png,118.591,0.1183,0.3367,0.4097,0.1423,0.2092,0.2796,0.3725,0.4277,-2.809,0.02582,1.384,4.002,office room,0.428436321351191,0.2514114429036888,0.2721393666586452,0.261104962196775,0.2157464482840971,0.2064624861814493,0.5933750233415032,0.3554164217197283,0.8466225667371603,0.2182184732826612,0.1781744248124786,0.2143446564762087,0,1,0,0,0,1,1,0,0,0,0,1,0,2064.90924548968,0.0,30.0480417356497
1414,office room_5058.png,67.495,0.5259,0.2149,0.5436,0.287,0.1953,0.2878,0.3223,0.2992,-2.865,0.008199,1.213,4.073,office room,0.6234507489705209,0.2983657636304787,0.3251964503337431,0.2664114537186369,0.3134949438307368,0.2592580544810931,0.4479731938133223,0.2056883186302199,0.7477607197174515,0.26569459348615,0.281735293990351,0.2367986492562598,0,1,1,1,0,1,0,0,0,0,0,1,0,2965.77004916378,219.276477991707,6.70358200900592
1415,office room_5059.png,95.254,0.113,0.202,0.5151,0.08641,0.1592,0.2358,0.3771,0.3499,-2.936,0.004353,1.326,4.217,office room,0.4718493547860776,0.2865971272400388,0.2512177274241186,0.2830589136484334,0.2279454807183008,0.2362405951773855,0.5672854083979073,0.2591266022005502,0.8234175276438933,0.2328707962610046,0.2110696384190429,0.2073287021786849,0,0,1,0,0,1,1,0,0,0,0,0,0,3053.26674098249,771.660660314684,1.59155426693211
1416,office room_5061.png,110.458,0.1133,0.4427,0.6162,0.07703,0.1783,0.2405,0.4371,0.4089,-2.754,0.01691,1.312,4.105,office room,0.4726823599655632,0.2793069263529825,0.2992687209723818,0.2766669351879307,0.2643121101850718,0.2569355869453447,0.4548064670823606,0.2411038869474636,0.8118663469622395,0.230229918986886,0.2069856372382816,0.2464503099846586,0,1,1,0,0,0,1,0,1,0,0,1,1,3157.76532359924,268.14070150951,18.7614644320769
1417,office room_5066.png,86.133,0.06803,0.1743,0.4655,0.2099,0.1773,0.3072,0.3182,0.3722,-2.827,0.006557,1.265,4.13,office room,0.5322126921826208,0.2772311730455966,0.2561980456069047,0.29463543150088,0.2386235494752193,0.2210892782191439,0.5303031233467828,0.2324303949055363,0.8420420322444492,0.2227426578786092,0.1807107770383447,0.2270721224530609,0,1,0,0,1,0,0,0,1,0,0,1,0,2870.99223372587,767.544532099436,21.6205660325922
1418,office room_5067.png,95.895,0.05136,0.2204,0.634,0.1563,0.1645,0.2537,0.3707,0.3513,-3.053,0.01186,1.156,3.891,office room,0.5450697615323886,0.2917448228939552,0.3345511280528878,0.2908846209119705,0.2713858404960231,0.2531109461727033,0.4313479702232805,0.2085638806767092,0.8093134938023245,0.2443039585533253,0.2323601541811367,0.2387554371109504,0,1,1,0,0,1,0,0,0,0,0,0,1,3908.70348023753,527.98615624434,12.8383393601585
1419,office room_5076.png,74.347,0.176,0.2391,0.5233,0.1004,0.1315,0.3089,0.2779,0.2449,-2.88,0.007786,1.219,3.653,office room,0.5434917133699073,0.268968531664367,0.2122463785190387,0.2637352979687886,0.2251837826467649,0.2188773230518668,0.5805864336657094,0.1805701455617904,0.8347735689599736,0.2617458528550571,0.2030619917821357,0.1981504056508319,0,1,1,0,0,1,0,0,0,0,0,0,0,2210.06165451937,528.838322938726,12.1793997421493
1420,office room_5089.png,86.88,0.09159,0.3225,0.3723,0.1037,0.2026,0.2784,0.2809,0.3104,-2.857,0.01391,1.3,3.637,office room,0.524814697576824,0.3037962330255968,0.3754529625213724,0.2885393423728771,0.2634039943730522,0.2320141230064477,0.4000508823001099,0.2535042099853037,0.8439964995671582,0.2297515692388477,0.1924219951951644,0.2247867353941651,0,1,1,0,1,1,0,0,1,0,0,1,0,3907.44539488479,209.911644050769,16.9158078295277
1421,office room_5091.png,95.327,0.3174,0.1963,0.5231,0.3297,0.1728,0.2464,0.4161,0.3826,-2.737,0.00714,1.322,4.172,office room,0.4733844537463165,0.2745652562310794,0.3376991169879957,0.2667202453733207,0.2522889197963754,0.2649040095903429,0.5016691781771765,0.2299287902116766,0.7661982287222213,0.2925513702424679,0.2223629903733771,0.2800890864153046,0,1,1,1,0,1,0,0,0,0,1,0,1,2606.5240675984,207.592474813516,22.7876776307454
1422,office room_5104.png,86.667,0.3207,0.2274,0.3534,0.188,0.1962,0.2352,0.4021,0.4155,-2.867,0.007309,1.285,4.034,office room,0.5080365533403803,0.2762348842432429,0.3531058806768221,0.2740737346021495,0.2543849397915881,0.2394495190195537,0.4840433895301691,0.2040482540187899,0.7156988068665554,0.2211858335940002,0.2779409115222898,0.2544898962034602,0,1,1,0,0,0,1,0,0,0,0,1,0,2984.25660968013,612.072595420404,20.275147552601
1423,office room_5110.png,110.161,0.08383,0.3787,0.5049,0.1474,0.2345,0.2378,0.3096,0.3988,-2.794,0.007555,1.344,3.933,office room,0.5306458649748569,0.2650752732571119,0.2673887424438095,0.2575582746829697,0.2423525924587291,0.2480479738516593,0.466687910523693,0.2554792504273468,0.844307995039605,0.2172428458414178,0.2025458150296062,0.1969511836061985,0,1,0,1,0,1,1,0,1,0,0,1,1,3229.44804469882,763.458761286872,11.6529521958249
1424,office room_5133.png,92.924,0.03838,0.376,0.3031,0.1234,0.216,0.2335,0.4235,0.3543,-2.742,0.01146,1.422,3.947,office room,0.5494403900412422,0.2995662678988945,0.3041613827554129,0.2817775710088457,0.2649416641791778,0.2195622144101773,0.3989159830612888,0.3194817442866579,0.8006156741575557,0.2707089252566578,0.2584378361060844,0.2145183194346458,0,1,1,0,0,1,1,0,1,0,0,1,0,3016.73880507408,216.886223625285,3.70459744469066
1425,office room_5147.png,99.259,0.1294,0.2358,0.4323,0.1116,0.1679,0.2938,0.37,0.3463,-2.869,0.01132,1.292,3.725,office room,0.5466750992761235,0.2908550911387109,0.2934695666595465,0.2742155912755881,0.2478059948027787,0.2487353438250592,0.50297110347063,0.1980952651833833,0.8246477962583094,0.2396463873476976,0.2187443391437211,0.2104183621420588,0,1,0,0,0,1,1,0,0,0,0,1,1,3146.78834689752,631.515355740496,3.72748048112032
1426,office room_5151.png,82.318,0.08759,0.5259,0.5244,0.1086,0.2468,0.2411,0.3868,0.4057,-2.883,0.007519,1.335,3.756,office room,0.4957307288831662,0.2836988085160568,0.2719944169352783,0.3006309816870152,0.2832689576597568,0.2649007581083233,0.3888547968685313,0.2864821958295979,0.7588238897664081,0.2659185131020648,0.2799845967604807,0.2646321728737235,0,1,1,1,0,1,0,0,1,0,0,1,0,2868.26063977764,455.067526309522,10.6779413538207
1427,office room_5158.png,98.316,0.09833,0.4223,0.5045,0.07254,0.2763,0.3187,0.3639,0.3445,-2.849,0.009646,1.257,4.181,office room,0.5516777164717093,0.3017239107470272,0.3679964618950861,0.293886598702799,0.2975090059567039,0.2682435738594518,0.4159564898889222,0.2501435872067749,0.8020475899025251,0.2167767726657245,0.2314545973558181,0.2402759797298619,0,1,1,0,0,1,1,0,1,0,0,0,0,2855.60772271028,341.760495791179,17.8165431386653
1428,office room_5164.png,122.13,0.08285,0.1925,0.4406,0.1237,0.1704,0.2812,0.344,0.4078,-2.831,0.01187,1.299,3.965,office room,0.4778310038273331,0.2983845836250851,0.3364134866570551,0.2644679185291388,0.2413150251630547,0.2552778727797478,0.5478002223120447,0.2534676796073179,0.8011781621424442,0.2484538976162906,0.2234223461352212,0.24099434033091,0,1,1,0,0,0,0,0,0,0,0,0,1,2596.56626519619,0.0,22.0323880903284
1429,office room_5195.png,79.434,0.07299,0.45,0.5971,0.1259,0.2969,0.2151,0.3456,0.3352,-2.873,0.005272,1.245,4.051,office room,0.5303308286490331,0.3083741415195492,0.3372120563296912,0.2912524761787796,0.2944569130770512,0.2846276770544787,0.3863519953967045,0.2653044211808052,0.831017463812847,0.2999601551916702,0.2336257036074279,0.2351119924126574,0,1,1,1,0,1,0,0,0,0,0,1,0,2725.52270026292,233.916585040509,7.69512992574023
1430,office room_5234.png,83.361,0.1385,0.2239,0.4007,0.1357,0.1771,0.2708,0.3265,0.3336,-2.886,0.006183,1.186,3.79,office room,0.4342794449968635,0.2679541155301471,0.2022737400356469,0.2765897391662549,0.2443100865001589,0.2287975208971603,0.6587623563880342,0.1858339455031281,0.8149893932581531,0.1982730981217692,0.190604480183725,0.2147335038018643,0,1,1,0,0,0,0,0,0,0,0,1,1,3714.97682448289,1106.74648639276,24.0567670701755
1431,office room_5235.png,86.937,0.07624,0.3948,0.5223,0.1059,0.1666,0.2388,0.4026,0.3695,-2.944,0.01284,1.298,3.81,office room,0.4587684263257445,0.3028682776788703,0.3143471558441703,0.2918489299900082,0.2519762095732997,0.2412234704369484,0.4529645800159517,0.2544567181754258,0.8367116075977415,0.2454588022102637,0.2119210942682663,0.2325678517602195,0,1,1,0,0,1,0,0,1,0,0,0,1,3660.76121389381,0.0,12.7189149447699
1432,office room_5244.png,121.682,0.1583,0.4394,0.581,0.1365,0.2815,0.2367,0.4008,0.3978,-2.744,0.01068,1.369,4.003,office room,0.4478643705312475,0.2803653494859667,0.2683791312270292,0.2997423292030476,0.2927110432758752,0.2662343914000455,0.4388440529096928,0.3445302515305796,0.7347259623211906,0.2827534398465701,0.298291741184481,0.2419767753188076,0,1,1,0,0,1,1,0,0,0,0,1,0,3388.87705916491,0.0,7.10374538848684
1433,office room_5324.png,73.057,0.1589,0.327,0.5093,0.2425,0.2576,0.2762,0.3698,0.3106,-2.989,0.0164,1.253,4.145,office room,0.556334830673953,0.2976912536644587,0.2499017371617239,0.2752168418638288,0.2771037907681786,0.24061996307695,0.544499456552961,0.226077087942028,0.7929731047941293,0.3004038246145497,0.2615270541915108,0.2253941289957356,0,0,1,0,0,1,1,0,0,0,0,1,0,1816.39110790117,283.450125530666,10.0458113070854
1434,office room_5328.png,71.865,5.325e-05,0.3111,0.5019,0.1342,0.2956,0.3341,0.3167,0.2619,-3.152,0.007146,1.145,4.365,office room,0.5038825650788155,0.2908101838082446,0.2666355744111844,0.2602251648596637,0.2462163117811875,0.2141885338222492,0.4747263298452883,0.1865437371611069,0.7815702489812523,0.2760446609137809,0.2757206066900134,0.2055922438182609,0,0,0,0,0,1,0,0,0,0,0,0,0,2181.85635626167,0.0,19.4826807560646
1435,office room_5329.png,77.99,0.0619,0.3297,0.4792,0.1531,0.212,0.2674,0.2695,0.335,-2.666,0.00444,1.296,4.196,office room,0.442886313446296,0.3000603992915603,0.2103405760369605,0.2590727937371798,0.2440713050681572,0.2322337479949244,0.4666625199868248,0.2437235236881911,0.850952017735481,0.2606867565253926,0.2104606633978534,0.188491989445694,0,1,1,0,0,0,0,0,1,0,0,1,0,2435.77406179727,1139.1801613559,8.91949677863535
1436,office room_5455.png,82.488,0.05643,0.2791,0.4729,0.1961,0.2614,0.2753,0.4237,0.3005,-2.886,0.0111,1.246,3.401,office room,0.413837624679999,0.2521830451472869,0.2372140460572932,0.271537444506096,0.2462046947422484,0.2473995438336929,0.2979135694186979,0.2019461393372475,0.7414346917046173,0.2161359404649372,0.2235358647093352,0.3020159616673274,0,1,0,0,0,0,0,1,1,0,0,0,0,4235.44224680298,1008.68685362755,12.6256889567228
1437,office room_5468.png,63.327,0.1831,0.1617,0.4828,0.2472,0.146,0.2542,0.3367,0.3202,-3.023,0.003055,1.144,3.951,office room,0.5683370090897453,0.3029924640437009,0.3019484242011946,0.2530949663038252,0.2685263622457556,0.2672158251954559,0.5203642039733293,0.1847234005046631,0.8121639251309978,0.2781602769803571,0.2625693052882691,0.2278452621130937,0,1,0,0,0,0,0,0,0,0,0,0,1,2628.27826275496,434.626662749958,10.4558599454426
1438,office room_5477.png,86.235,0.5814,0.2077,0.5182,0.1968,0.2017,0.3162,0.3658,0.3545,-2.718,0.07251,1.321,3.856,office room,0.5281863558723853,0.2766734070023373,0.2617106005196929,0.2778200293090462,0.2476717901898063,0.2204415831007427,0.5959754622663417,0.1799291489776343,0.7274560457636194,0.2638779106163818,0.2586759968490502,0.2445715827827821,0,1,1,0,0,0,0,0,1,0,0,1,0,2197.05875380612,0.0,9.26477190979201
1439,office room_5479.png,72.293,0.1066,0.2093,0.4063,0.1073,0.1326,0.2504,0.3369,0.2639,-2.896,0.01101,1.229,3.949,office room,0.417541799719371,0.3079365010356658,0.2872030233117368,0.2649251399795262,0.2562908231397884,0.2409169098421679,0.5514735426859962,0.2494588462423949,0.8282332626643535,0.2139758657495214,0.23116410934937,0.2093495594256859,0,1,1,1,0,1,1,0,0,0,1,0,1,2707.76807148629,298.560565527423,10.8241957840968
1440,office room_5480.png,93.776,0.4651,0.187,0.4856,0.376,0.1696,0.3376,0.4166,0.3862,-2.822,0.005914,1.286,4.158,office room,0.5340183475513857,0.2867877934211778,0.2766430103413354,0.2876962124779084,0.2543328622378367,0.2379217640341173,0.5209064814845903,0.2239234063359012,0.7763851578262924,0.2449759223587286,0.2275508152442392,0.2406861960478551,0,1,1,0,0,1,0,0,1,0,0,0,0,2163.69872256589,195.837157775942,4.34393678171679
1441,office room_5487.png,73.843,0.1314,0.2086,0.454,0.3546,0.2659,0.2755,0.3453,0.3215,-2.984,0.01203,1.178,3.776,office room,0.4964498564740032,0.2750578299616452,0.2958754704207344,0.2780508134857876,0.2693591783881621,0.2542846759563082,0.3683093956103309,0.2120325630224747,0.8098516965392037,0.2425228326825244,0.2259712536375416,0.2353735278625476,0,1,0,0,0,1,0,0,1,0,0,1,1,3091.03380346073,1087.94320235053,21.8658661146765
1442,office room_5488.png,98.987,0.1481,0.3295,0.6143,0.04124,0.1445,0.2364,0.39,0.3476,-2.913,0.009999,1.27,3.955,office room,0.4966607253632005,0.2855065849377243,0.2568396758848922,0.2831696144764314,0.2422615227098171,0.2480027282281417,0.4839415501651251,0.2043886784291172,0.7858779513899693,0.2811173616715481,0.2764819685485244,0.2168377966320226,0,0,1,0,0,1,1,0,0,0,0,0,1,3217.27344727202,247.46226675458,22.8501205531473
1443,office room_5495.png,120.923,0.07264,0.313,0.483,0.1755,0.2857,0.3143,0.3721,0.3311,-2.866,0.01328,1.261,3.494,office room,0.5454563821239813,0.2880055091730604,0.4223864440808459,0.2801662996640594,0.258854935433483,0.2614445527273318,0.4004909022784969,0.1848368505228769,0.7796965908583198,0.2396479375049125,0.2220324614464885,0.2802677030768997,0,1,1,1,0,1,0,0,0,0,0,0,0,2587.56678411199,0.0,15.8526573365406
1444,office room_5496.png,135.838,0.08353,0.2408,0.4364,0.142,0.13,0.245,0.4572,0.3278,-2.678,0.007762,1.476,4.002,office room,0.4350497347133214,0.2948493579102726,0.3540244525075859,0.2588985554162734,0.2321610937395777,0.2461940912232014,0.6288756342886369,0.3065097726379659,0.747711277704589,0.2834816046976234,0.2638572925697768,0.2442234083501097,0,1,1,0,0,1,1,0,0,0,0,0,1,2081.2570133977,203.183961107651,35.2784036838739
1445,office room_5497.png,96.711,0.1381,0.3996,0.4962,0.03481,0.1349,0.2903,0.3769,0.3685,-2.733,0.007767,1.296,4.062,office room,0.4574589524392186,0.2901404283491605,0.2942395666677111,0.2851259942821503,0.2563269190005778,0.2425657698208095,0.3395360268905657,0.1912398667259671,0.8075583327644269,0.2682369211687,0.2399857291414748,0.2431934487861921,0,0,1,1,1,1,1,1,1,1,0,0,1,3358.12048161271,503.720264266845,7.76325320522464
1446,office table_12601.png,101.223,0.03334,0.312,0.438,0.2941,0.2832,0.3287,0.3684,0.3636,-2.918,0.01171,1.261,4.159,office room,0.4974194999409468,0.2696423911190904,0.2322322131959716,0.2661606372600316,0.2188780407061277,0.1958786593896454,0.5657160873396277,0.1968972969561544,0.8207089741513773,0.217073202945478,0.2092488412185192,0.2082802618491242,0,1,1,0,1,1,1,0,1,0,1,1,0,3002.85434199349,187.22925116937,13.9724871247803
1447,office table_12609.png,84.62,0.09382,0.5587,0.4104,0.07752,0.2457,0.3187,0.4027,0.3163,-2.827,0.01647,1.295,4.047,office room,0.5449137393538458,0.2959015920691736,0.2795911485035389,0.2727601583957277,0.2494257709469429,0.2088405348364084,0.4706148073625795,0.2131309449228485,0.8166574352471191,0.2598014335921341,0.211017301068333,0.2236152055824872,0,1,1,0,0,0,0,0,1,0,0,1,0,3462.14647053368,229.166463050343,20.691232208305
1448,office table_12612.png,71.075,0.09658,0.1579,0.3461,0.2319,0.1527,0.2463,0.2424,0.2848,-2.9,0.007242,1.21,3.708,office room,0.5098866823793162,0.2812435146009694,0.3004119342601705,0.2616136835651695,0.2360752557795966,0.2311422295425858,0.4664172268857103,0.1905851316720644,0.7541708230299569,0.2681215755350051,0.255388369311062,0.2202024454505548,0,1,0,1,0,0,1,0,0,0,0,1,0,2279.58423585401,1785.59926822935,19.4752371012148
1449,office table_12633.png,76.834,0.1273,0.2887,0.5182,0.1305,0.2169,0.2452,0.3074,0.2678,-2.991,0.003809,1.2,3.879,office room,0.5293507298072597,0.3044426172574943,0.3053533073867083,0.2730799523327988,0.2780677890891306,0.2744332123752888,0.4657624547754282,0.2205651836519148,0.8083690817311153,0.2810023882951115,0.2543606663025329,0.237421609691677,0,1,0,0,0,0,0,0,0,0,0,1,1,2755.21335590438,0.0,5.350647370437
1450,office table_12638.png,116.652,0.1423,0.5218,0.6119,0.142,0.257,0.2708,0.3949,0.3913,-2.915,0.0121,1.321,4.069,office room,0.4903387131362574,0.2742170866439442,0.2700082167925233,0.2795251889400972,0.2685998315447951,0.2529354006405173,0.4777085557664746,0.2470940192841454,0.7930163870533122,0.2277384480927824,0.2206391735909351,0.227513900703095,0,1,1,0,0,0,0,0,1,0,0,1,0,3048.8857251534,528.458627760891,10.5442435730469
1451,office table_12648.png,85.564,0.3821,0.2487,0.4981,0.1781,0.2431,0.3365,0.3416,0.3044,-2.769,0.007158,1.247,4.107,office room,0.5998563692416067,0.289515038951166,0.3188471791224894,0.2765167815127551,0.2546034393975569,0.2320035421510374,0.5908243455788732,0.1795079440730748,0.7713427814890264,0.2460596794762765,0.2573491077040176,0.2369524941279578,0,1,0,0,0,1,0,0,1,0,0,1,0,2989.96252571677,253.462751010807,9.86200722558805
1452,office table_12655.png,83.274,0.3537,0.1865,0.3804,0.2311,0.1778,0.3206,0.3621,0.2511,-2.795,0.003781,1.196,4.23,office room,0.6045657843588318,0.2691332483678604,0.3474598270815546,0.254553051728651,0.2581832822668678,0.2497867588747762,0.4136727266459478,0.1646290257239506,0.7044425641895243,0.2348248779069283,0.2278835447180696,0.2773882468361624,0,1,0,1,1,0,0,0,0,0,0,0,0,2122.29741511535,0.0,25.6203318714429
1453,office table_12664.png,90.655,0.1179,0.1867,0.4656,0.2012,0.1565,0.2422,0.3068,0.3212,-2.786,0.01877,1.33,4.11,office room,0.4927622606177153,0.2778712678718181,0.2346606525248941,0.2622661605190903,0.2204829867495678,0.227271749238244,0.5827798175609412,0.204792631978387,0.7587993689641439,0.2672324822947743,0.286079147210162,0.2014305697495857,0,0,0,0,0,0,0,0,1,0,0,1,0,2470.50851747872,0.0,15.3940397361704
1454,office table_12665.png,66.715,0.1127,0.3521,0.5245,0.1179,0.2248,0.2546,0.2635,0.2873,-3.003,0.01369,1.209,4.141,office room,0.5428249773170168,0.3032975402021695,0.2973809487339062,0.2915937252710587,0.2736002713549025,0.2448848887213698,0.4334664854001367,0.2403174958841382,0.8147358836548748,0.2603247807741293,0.2416505353782909,0.2133977701932235,0,1,0,0,0,1,1,0,0,0,0,1,0,2096.45448856198,0.0,6.48411323532815
1455,office table_12666.png,75.344,0.07096,0.2526,0.472,0.1132,0.1985,0.2992,0.3809,0.3172,-2.814,0.005493,1.231,4.043,office room,0.5471701014948095,0.2953606530826594,0.3224590483368324,0.2993112075291351,0.2637836900765625,0.238986171681794,0.5240581704380678,0.246011333229925,0.8662197947343496,0.2624272776030506,0.1808487255348692,0.215444180243631,0,1,1,0,0,1,1,0,0,0,0,1,1,3219.65216385919,298.249710736159,13.0813576123438
1456,office table_12668.png,94.372,0.2925,0.2932,0.4649,0.1894,0.2899,0.3268,0.3391,0.3384,-2.896,0.006782,1.275,4.251,office room,0.404394719417671,0.2696540770252766,0.1807051589831649,0.2713796636117232,0.2615299286443874,0.2235301017883344,0.5616768329706516,0.2127024927175461,0.772202166318569,0.2221260723728259,0.2389840799326673,0.2105590946133267,0,1,1,0,0,0,0,0,0,0,0,1,0,3151.87453605965,0.0,19.7705428690218
1457,office table_12686.png,98.959,0.1237,0.2885,0.5358,0.1462,0.2046,0.2918,0.3306,0.2947,-2.864,0.01718,1.175,3.728,office room,0.5814906751935863,0.3094520604443319,0.4849978288686216,0.2842129647153782,0.3046461422339421,0.3080398509129337,0.3272367806840061,0.2212307077057144,0.7886255094558229,0.26274452248116,0.2470084277541492,0.2597752804214157,0,1,1,1,0,1,0,0,0,0,0,0,1,3360.17731275835,746.292263485081,13.9481183804999
1458,office table_12690.png,89.065,0.0744,0.2779,0.5091,0.1638,0.2529,0.2893,0.3598,0.3529,-2.733,0.01496,1.249,4.102,office room,0.5409888485646726,0.2877622751601812,0.3657572759580352,0.291397533346308,0.2579861292031914,0.2780726684132157,0.3519012234181347,0.2179570441360737,0.7649300051630394,0.2801177178092687,0.2429258270142307,0.2684853850723269,0,1,0,1,0,0,0,0,0,0,0,0,1,2252.73529457815,0.0,2.16407606156289
1459,office table_12697.png,101.648,0.05684,0.32,0.5055,0.1796,0.3131,0.2614,0.353,0.306,-2.83,0.009827,1.349,4.142,office room,0.5031821042792138,0.3044925962263877,0.321429013330062,0.2658771153440112,0.2626503096642449,0.2357330052426849,0.4488623168879426,0.2637341802016007,0.8153919537896451,0.206843731530605,0.2201345699742119,0.208245221437732,0,1,1,0,0,1,0,0,0,0,0,0,0,3435.0163610487,0.0,15.3780527488653
1460,office table_12699.png,114.453,0.1071,0.2666,0.3582,0.1259,0.2028,0.2857,0.4179,0.3314,-2.625,0.005817,1.441,4.035,office room,0.5399417885358051,0.308865212194519,0.3205968763610745,0.2797869028847061,0.2594752269487247,0.2466902821796435,0.5462184563656358,0.2461284026364406,0.7564833258456567,0.2893759604417915,0.2619787190098142,0.2678490403952281,0,1,0,0,0,1,0,0,1,0,0,0,0,2427.46837061173,262.799747882228,24.5709706623831
1461,office table_12719.png,86.618,0.06698,0.1215,0.5487,0.2076,0.1045,0.2867,0.3858,0.3279,-2.642,0.02772,1.208,3.7,office room,0.4868216445189222,0.2761094552620254,0.2623866624731326,0.2707594371144022,0.244134821231318,0.2623951365928961,0.4622428849972518,0.1583073755858942,0.7633016759290051,0.2843885721453889,0.2704220984217039,0.2293911835073578,0,1,1,1,0,1,1,0,0,0,0,0,1,1859.55809202251,604.938055996366,28.1097023443173
1462,office table_12721.png,98.54,0.928,0.1683,0.4049,0.2744,0.1673,0.2828,0.3946,0.4123,-2.921,0.006039,1.374,3.98,office room,0.4630156973715325,0.2628522011696089,0.2495298315634397,0.2772075033510303,0.2198084713929529,0.2118287693805982,0.6195324099708012,0.2423725230487891,0.7820491053878226,0.2013160115805022,0.195430352130744,0.2425528779489684,0,1,0,0,0,0,1,0,0,0,0,1,0,2781.72123704183,0.0,27.9168251184605
1463,office table_12726.png,95.178,0.07632,0.3144,0.5689,0.08576,0.2081,0.2417,0.3732,0.3304,-2.789,0.005346,1.437,4.281,office room,0.4633011197054746,0.2927534976616192,0.2547122246480747,0.2653281992198101,0.250839523407134,0.2570982470383731,0.5233116198766294,0.2155390266033788,0.8132645014241714,0.2746220655829772,0.2578720958941616,0.211235219128584,0,0,0,1,0,1,0,0,0,0,0,0,0,2074.04617968795,0.0,16.0290919396574
1464,office table_12727.png,65.928,0.02776,0.2536,0.4689,0.1265,0.2593,0.3619,0.2564,0.2729,-3.002,0.007405,1.179,4.164,office room,0.5664200039860646,0.2785546353561431,0.2438171655341926,0.2921668012682163,0.2476780506624841,0.2120215734001085,0.470628047579698,0.2086999984862672,0.7928695075238084,0.3176437787396099,0.2460587892001945,0.2211612168602007,0,0,0,0,0,0,0,0,0,0,0,1,0,2283.98606291421,330.597806979997,8.50197771657074
1465,office table_12728.png,85.198,0.07079,0.4453,0.5287,0.1084,0.3141,0.277,0.2979,0.3102,-2.922,0.006876,1.257,3.89,office room,0.4433616203251538,0.2870384736143543,0.2586409060487835,0.2795628483226392,0.2218459705987345,0.2311268054001369,0.4771878072121853,0.234301438557219,0.8629287306186542,0.2175298611838667,0.1818161800358528,0.1898725238534232,0,0,1,0,0,1,1,0,0,0,1,1,0,1956.37556308192,0.0,13.043604367161
1466,office table_12731.png,95.644,0.09224,0.1715,0.6251,0.2174,0.162,0.2683,0.3165,0.3534,-2.898,0.007866,1.259,4.077,office room,0.4258470802950302,0.2928641711079521,0.2456453248197235,0.2910555191658713,0.2662426698374081,0.2355419229279008,0.6066747080261086,0.3064872546106081,0.7915654921747963,0.2509818761898421,0.2337770285019975,0.223855470114844,0,0,1,0,0,1,1,0,0,0,0,1,0,2552.05225062518,0.0,9.34666777458406
1467,office table_12738.png,92.425,0.04129,0.1925,0.4912,0.1472,0.157,0.2821,0.3974,0.2284,-2.924,0.0125,1.293,4.32,office room,0.4525437607106453,0.2698895032956148,0.3324462107179601,0.2771754386711785,0.2674292097106244,0.2086620121820555,0.4896186243727065,0.2664605968396343,0.8295449039172372,0.2031740453556904,0.1938626875887676,0.2166937507874731,0,0,0,1,0,1,0,0,0,0,0,0,0,2238.80920123165,211.86239850815,15.6317939491604
1468,office table_12741.png,98.751,0.1318,0.1722,0.54,0.285,0.1767,0.2376,0.4044,0.3673,-2.596,0.01765,1.305,3.91,office room,0.5980516466586678,0.2786676402130552,0.4334469113580733,0.2487833389966374,0.2724633000540186,0.279837712313272,0.4123172151126527,0.2081660255098165,0.8126696365173661,0.2389139639353706,0.2056224292557739,0.2273721142754951,0,1,0,1,0,1,1,0,1,0,0,0,1,3264.55221840916,0.0,28.3432816591648
1469,office table_12744.png,80.254,0.1036,0.3029,0.5294,0.132,0.2018,0.2539,0.2585,0.2463,-2.823,0.02009,1.291,4.108,office room,0.5460643323981387,0.277519359216578,0.3009930278035014,0.2745242729673172,0.2533199954522244,0.2192480085727306,0.4943985023834094,0.2532530387907437,0.8304015442873459,0.2549947303004941,0.2333662353907294,0.1965671826035463,0,1,1,0,0,1,0,0,1,0,0,1,0,2639.62834237091,578.054795949699,11.015247029707
1470,office table_12748.png,71.117,0.01318,0.167,0.5293,0.1477,0.2295,0.2676,0.2752,0.2664,-3.149,0.008002,1.169,3.717,office room,0.4753304499659302,0.2852371155663062,0.341994612295853,0.3010207184242416,0.2486374180377625,0.2348573069404002,0.4394835393035543,0.2200527670113256,0.7973008005751067,0.2499554364284119,0.2395755766091616,0.2242554294905476,0,1,1,1,0,1,0,0,0,0,0,0,1,2734.72189139053,390.160234928196,8.66294292698398
1471,office table_12749.png,78.079,0.09227,0.2406,0.4448,0.2428,0.1866,0.2668,0.3392,0.3539,-2.896,0.01124,1.279,3.595,office room,0.550701955661941,0.299874827660658,0.3638789912789495,0.2751028072626296,0.2649256786058431,0.2528273160456553,0.4600805434829577,0.2054650408892837,0.7735271415064227,0.2652960098712031,0.2528422929410255,0.2752244975170269,0,1,1,1,0,0,0,0,0,0,0,0,1,2959.8988164396,0.0,18.6892707380884
1472,office table_12752.png,87.45,0.1173,0.1522,0.6113,0.1297,0.1712,0.2749,0.3056,0.2328,-2.804,0.008369,1.394,4.385,office room,0.5196826325094682,0.2938596797587399,0.2661586334782052,0.2887371397219208,0.2683638632736096,0.225661745966355,0.5549626056138448,0.2921053755211094,0.7892505181301099,0.2748508905270662,0.264353372687372,0.2262955713938277,0,1,0,1,0,1,0,0,0,0,0,1,0,2009.2123327056,0.0,10.5489460272014
1473,office table_12764.png,86.841,0.07025,0.1041,0.5105,0.2216,0.1134,0.2629,0.3499,0.3273,-2.939,0.01141,1.263,4.123,office room,0.4269904483679549,0.2717995697139871,0.2248198173296316,0.2990491749779214,0.2295865782831499,0.2471472778712141,0.5761794677130333,0.2203834454662762,0.8039430873729875,0.2258269107389604,0.2107905886393763,0.2316240939102454,0,1,1,0,0,1,1,0,0,0,0,1,0,2229.48432489029,719.512180440503,34.7511818998939
1474,office table_12779.png,64.205,0.1294,0.1307,0.3981,0.1954,0.1296,0.2435,0.3044,0.3145,-2.898,0.006999,1.254,4.127,office room,0.409707509564439,0.3047801168361349,0.2311598455658652,0.2562661037415642,0.2495178249711901,0.2538178523895363,0.5462797495548232,0.205721771238104,0.8177990153183227,0.2558943462606909,0.2058982862964955,0.2117733515278856,0,0,1,0,0,0,0,0,0,0,0,1,0,2591.31570265249,437.801056870184,11.5712842773582
1475,office table_12784.png,107.434,0.1159,0.3644,0.3259,0.06158,0.2651,0.221,0.4489,0.2872,-2.853,0.01189,1.382,3.903,office room,0.4637395465397819,0.2837678873544173,0.2374984283998318,0.2822432022251286,0.247833255270938,0.2505062292259016,0.6304007674934076,0.2509788468683586,0.8476796125462301,0.2370523740288661,0.1910107438351631,0.2166064735230875,0,1,1,0,0,0,0,0,0,0,0,0,1,2225.86320006342,0.0,15.9833312806237
1476,office table_12785.png,93.772,0.06236,0.1936,0.6524,0.1685,0.1375,0.2202,0.3706,0.2702,-2.902,0.01072,1.289,3.997,office room,0.5927118155682451,0.308813886103349,0.2818351649612677,0.2901948528380412,0.2603877192164344,0.2586577146107358,0.4864194592810636,0.2142597572826048,0.7628488194528245,0.3085473596946813,0.2886277767111165,0.242581345832,0,0,0,0,1,0,0,0,1,0,0,1,0,2790.98610723398,586.989207464654,32.1862474331489
1477,office table_12790.png,88.377,0.03721,0.1941,0.5379,0.3758,0.1749,0.2733,0.3294,0.3031,-2.869,0.008567,1.213,4.162,office room,0.4705543839248003,0.2875588474956826,0.2858680104175585,0.3032801499183951,0.2635277283585896,0.2512974251572605,0.4584538112578007,0.2371480291973777,0.7986176545759154,0.2524210910369264,0.218832596501277,0.2441474183754929,0,1,1,0,0,0,0,0,0,0,0,1,0,2793.81185157954,0.0,14.9415374370742
1478,office table_12797.png,87.311,0.1188,0.3078,0.5189,0.1416,0.2257,0.2256,0.3398,0.2953,-2.784,0.01891,1.415,4.0,office room,0.5049880514958105,0.2804267047599717,0.2409728108984155,0.2835418272267732,0.2751177493752332,0.2590507400227993,0.510901859409079,0.2459350653482077,0.8333976742869212,0.2300484914337534,0.2075412889898778,0.2119957415631254,0,1,0,0,0,1,1,0,0,0,0,0,0,3319.09348739658,228.141315636537,19.0950504799479
1479,office table_12801.png,92.476,0.06873,0.217,0.5522,0.1988,0.2765,0.2841,0.3543,0.2999,-2.769,0.03579,1.319,3.997,office room,0.5475059862331035,0.2950803259110477,0.3858904995323349,0.2632904175274694,0.2572175399911571,0.2919389815902382,0.4084926360540911,0.1780702362203295,0.8202750223258087,0.2722952935169845,0.2324557766737111,0.2233603095703486,0,0,0,0,0,1,0,0,0,0,0,0,1,2063.77459493646,426.725319324512,23.1900753141882
1480,office table_12802.png,89.605,0.02098,0.3565,0.5363,0.1146,0.2523,0.2593,0.3762,0.38,-2.872,0.01064,1.283,4.112,office room,0.4714358021878075,0.2920005394981099,0.2625578772709401,0.2704039445423001,0.2659700361082737,0.254239611470099,0.5997669739504407,0.2748447385593002,0.8524956604825108,0.23040857754274,0.1956622423390055,0.1974645282455189,0,0,0,0,0,0,1,0,1,0,0,1,1,2578.34819519254,498.588781969645,19.2538076803498
1481,office table_12817.png,103.472,0.06345,0.4098,0.6315,0.1119,0.2078,0.2919,0.3921,0.2653,-2.892,0.01193,1.359,4.278,office room,0.4776976489016684,0.3035496046167228,0.2830172631336914,0.287897942361162,0.2701477408278333,0.2330657039027351,0.5148654360905728,0.2476705632714264,0.746849881534902,0.2625856546091425,0.3028337646959776,0.2250621732367218,0,0,1,0,1,1,0,0,0,0,0,0,0,2228.34835997151,0.0,31.5712952265532
1482,office table_12830.png,94.681,0.1074,0.3813,0.5868,0.1758,0.1946,0.302,0.3064,0.3573,-2.945,0.008669,1.237,3.672,office room,0.5104910080987723,0.2821736791337195,0.249499503653406,0.238537524692359,0.2399306578924879,0.2891149574403008,0.5748309918144086,0.1758601794500273,0.8470639000352302,0.243950315318726,0.2025976018449108,0.1918400338360909,0,0,1,0,0,1,0,0,0,0,0,0,0,2581.82172776305,1080.96223059905,3.20041709218631
1483,office table_12833.png,116.096,0.1438,0.3353,0.5498,0.1702,0.1893,0.3182,0.4433,0.2537,-2.846,0.01327,1.258,3.76,office room,0.562877300398274,0.2968670721428888,0.2705314530792527,0.2830151110361245,0.2576363715561598,0.2346432889306226,0.5951984919126112,0.1994469585975706,0.7594679085705077,0.271009684317765,0.2473799144926453,0.2191209861054472,0,1,0,0,0,0,1,0,0,0,0,0,0,3283.22190980628,176.147321764283,12.4169059448523
1484,office table_12835.png,109.595,0.1442,0.2239,0.5112,0.1653,0.1747,0.344,0.3938,0.3137,-2.908,0.005715,1.349,4.118,office room,0.5587740874427805,0.2844828511309698,0.2627619034397396,0.2724997298466329,0.2495776218743553,0.2119174073929992,0.6127237834779362,0.2435706326863002,0.7914919461281826,0.2630289866804236,0.2533147299990117,0.2210806831773485,0,1,1,0,0,0,1,0,1,0,1,1,0,2035.9650946533,0.0,11.4038938754222
1485,office table_12837.png,99.078,0.1748,0.6363,0.4336,0.1067,0.36,0.2686,0.3848,0.2113,-2.856,0.009323,1.273,4.415,office room,0.4284665357714491,0.2599070307661727,0.2837761820964037,0.2552749553211615,0.2702680715848591,0.2422371680249936,0.5147283557109266,0.2505028928654728,0.7718385798840873,0.2079206949745557,0.2120909857690682,0.2504967063774014,0,0,1,0,1,0,0,1,0,0,0,0,0,2361.04438619311,0.0,20.7297797849682
1486,office table_12844.png,98.719,0.05961,0.189,0.4954,0.1929,0.1802,0.2963,0.4332,0.3534,-2.716,0.006359,1.291,4.107,office room,0.5499680852332699,0.2807452688055644,0.2502801314665911,0.291427493588498,0.2550837464329249,0.220761686265327,0.5433873118133298,0.2614473868332958,0.8380234727970681,0.2021296011993544,0.2039208171033182,0.2170138082180078,0,1,0,0,0,1,0,0,1,0,0,1,0,2822.5225005981,608.587831941005,6.96820742490216
1487,office table_12852.png,99.943,0.8801,0.3591,0.5426,0.2536,0.2089,0.2299,0.4299,0.3785,-2.799,0.01267,1.464,3.953,office room,0.47639483458951,0.2838826133500648,0.2552036760268759,0.2804684519372519,0.2364189373761016,0.2417472908380564,0.531494165288458,0.2427907481795251,0.7980301297523806,0.2364247937096298,0.2297523933853786,0.1973056227748302,0,0,1,0,0,1,1,0,0,0,0,1,0,2222.73288811462,650.468355538091,14.1251908083613
1488,office table_12855.png,68.669,0.1575,0.2822,0.446,0.2693,0.2341,0.2864,0.3038,0.2989,-2.55,0.2079,1.566,3.506,office room,0.4949042874602883,0.3010490131872906,0.2178143169340947,0.2971603322608535,0.2496764883675589,0.2477984900150845,0.5281617573981432,0.1825613407191687,0.7624005855614231,0.2595610662872233,0.2332954192033054,0.2482972306159358,0,0,0,0,0,0,0,0,0,0,0,0,0,2763.49399040363,436.127365859172,11.1910454862161
1489,office table_12858.png,133.076,0.1263,0.224,0.4757,0.1318,0.1398,0.2784,0.4037,0.3908,-2.854,0.00792,1.476,4.21,office room,0.4995572394275856,0.3028621749284869,0.24222673918694,0.2637249213563258,0.2540357963119539,0.2159713915617415,0.493898681452746,0.2698891143791657,0.8226021733575689,0.2061484291242264,0.1986512032585914,0.205357383678306,0,0,0,0,0,1,1,0,0,0,0,1,0,1883.23100800784,427.716266323786,14.4769184953339
1490,office_4717.png,89.8,0.1506,0.2176,0.4422,0.2187,0.2335,0.3356,0.3539,0.3635,-2.79,0.01287,1.274,3.999,office room,0.5720481995032034,0.2925595106507712,0.2998116767542024,0.2953407321413575,0.2666488361997988,0.2350270821435141,0.5541156212574234,0.2107122213784953,0.8169452040479593,0.2415576624904708,0.194143527654675,0.2510670845597228,0,1,1,0,0,0,0,0,1,0,0,1,0,2992.65607352823,469.045017324083,12.9083515551284
1491,office_4718.png,72.047,0.1677,0.1922,0.4999,0.1823,0.1615,0.2548,0.3249,0.3369,-2.883,0.01756,1.196,3.943,office room,0.5175508156579826,0.2780954542425923,0.2555275449573634,0.2886859725050845,0.2497729373189193,0.2417363607770865,0.4652343168893296,0.2089583519954712,0.7816978418132674,0.2703979695713645,0.2327165688827618,0.2434802863711718,0,0,0,0,0,0,0,0,1,0,0,0,0,3362.61861492308,521.727621101645,17.3298229986259
1492,office_4720.png,91.785,0.05914,0.407,0.5987,0.08882,0.174,0.2892,0.4352,0.3923,-2.757,0.009321,1.263,4.183,office room,0.4941722306126758,0.3045563351447457,0.4042466350961216,0.2834304083603297,0.2765364298808732,0.278723997697411,0.4519252561261938,0.2578395986777165,0.7535127765727732,0.272440316374347,0.2883203715017424,0.2655857180434281,0,1,1,1,1,1,1,0,0,0,0,0,1,2395.5052098786,0.0,12.2042097650363
1493,office_4737.png,119.393,0.09245,0.33,0.549,0.1324,0.201,0.3087,0.3632,0.4252,-2.638,0.006521,1.383,4.121,office room,0.4999972099442708,0.2775889307468035,0.3079467510706464,0.2859285274897415,0.2610013456910526,0.2368169849795766,0.50785945304296,0.3140461881927589,0.7677911878142318,0.2414399382769096,0.2559046006450091,0.2277525519698243,0,0,1,0,0,0,1,0,0,0,0,1,0,2636.87678622187,0.0,15.6573861107221
1494,office_4738.png,118.195,0.7251,0.1646,0.52,0.3649,0.183,0.2172,0.4072,0.4023,-2.692,0.009791,1.444,3.846,office room,0.4628128349213696,0.2719667383547943,0.2504433215405769,0.2892278074213036,0.2674298807146797,0.2440798948347115,0.567521919660478,0.2856364078173153,0.7586247831318659,0.2391432928743422,0.2673556996291499,0.2410716895516071,0,1,1,0,1,0,0,0,0,0,0,0,0,3657.0752620668,403.003314726105,16.0453073649271
1495,office_4782.png,89.096,0.04673,0.1924,0.4268,0.1778,0.2212,0.3469,0.2824,0.3281,-2.917,0.008383,1.235,4.174,office room,0.5393281972746792,0.2943686904397351,0.2619390964712264,0.2799883258903723,0.2510687645069475,0.2525906976696495,0.540174917291977,0.2047836334097241,0.7832912129282308,0.2563982279362005,0.2273144675205585,0.2418644729879395,0,1,0,0,0,1,0,0,0,0,0,0,0,2187.10840873824,278.760916590238,26.6558656350575
1496,office_5327.png,112.219,0.09833,0.4289,0.5302,0.06417,0.2107,0.2889,0.3676,0.378,-2.92,0.01088,1.407,4.046,office room,0.5320987149696612,0.2664533090147215,0.316736806130265,0.2699085001435355,0.2499858788543958,0.2074865802052714,0.5073272747022558,0.2744406944240736,0.7874201137174129,0.2553762140942058,0.2493070582549508,0.2152496794584109,0,1,1,0,1,1,1,0,0,0,0,1,0,2532.2673047801,236.287535611684,18.4907248890374
1497,office_5330.png,90.157,0.008877,0.2117,0.5151,0.2109,0.2556,0.2685,0.3686,0.3262,-2.919,0.008737,1.279,3.718,office room,0.4786159342744526,0.2903888158793921,0.20396035341568,0.2911640839229232,0.2450229237197178,0.2160732005410617,0.6177512372529917,0.2156980443128155,0.7604844544492675,0.2485437402659157,0.2793003537953979,0.2230099241065747,0,0,1,1,0,0,0,0,0,0,0,1,0,2826.42037404692,867.852495323979,10.3921309755125
1498,office_5332.png,97.329,0.1262,0.3306,0.568,0.1733,0.2232,0.3156,0.3738,0.3216,-2.745,0.007116,1.362,4.323,office room,0.5138602784167874,0.2956324521860608,0.3340338037617174,0.285217075524118,0.2789654952867979,0.2347074091287102,0.4245526832661688,0.2930553011096965,0.7889161910398869,0.2740983080240528,0.2490977570041496,0.2320169783178417,0,0,0,0,1,1,1,0,1,0,0,1,0,2631.79828348052,0.0,39.329236531
1499,office_5334.png,72.305,0.1981,0.2352,0.4695,0.1259,0.202,0.3302,0.2977,0.2319,-2.989,0.008259,1.111,3.822,office room,0.5292555391674392,0.3137098421537983,0.2821725918375318,0.287523269840967,0.2604376868646506,0.2629916700900873,0.5161012969857084,0.1969850645788352,0.7996093812960073,0.2996400289579057,0.2518479108351608,0.2370156959674242,0,1,1,0,0,0,0,0,0,0,0,0,0,3357.91136574258,348.395236160615,3.18517869862536
1500,dining room home_12314.png,95.285,0.01268,0.4819,0.6048,0.07477,0.2146,0.2579,0.4674,0.3901,-2.753,0.002399,1.303,4.426,restaurant,0.4712325074303195,0.2930626800413785,0.668190322451301,0.2742024809693181,0.2682228212642076,0.2304767366990111,0.3435489564319661,0.298804039583959,0.807447563976097,0.2919832989781259,0.2279030399183592,0.2457093257814197,0,0,0,1,0,1,1,0,1,0,1,0,0,2479.40440725251,0.0,16.7929941747328
1501,dining room interior_11814.png,132.646,0.05913,0.8243,0.4154,0.05965,0.2092,0.2669,0.3634,0.5139,-2.488,0.005429,1.522,4.313,restaurant,0.2683189520170109,0.300368643302344,0.4218825454791177,0.2871316545666625,0.2148762832569106,0.2334890889303669,0.3489253163899773,0.3415528074362018,0.7837707628062319,0.2087928140605719,0.1980021228851678,0.270128586470272,0,1,1,1,0,0,1,0,1,0,0,0,1,3632.59231039005,0.0,17.5376721220944
1502,dining room interior_11817.png,117.694,0.06581,0.5708,0.3967,0.1078,0.24,0.2312,0.4662,0.4065,-2.572,0.01061,1.449,4.162,restaurant,0.4034389881271181,0.3149890552165483,0.6078501049686318,0.2662851809944196,0.2319129678297273,0.2249830451672979,0.364383946266291,0.3359945448915485,0.7883617000383323,0.2767641956539128,0.2018014325827405,0.2799233500672358,0,1,1,1,0,1,1,0,1,0,1,0,1,3629.24324688138,149.878814416456,31.9471223622932
1503,dining room interior_11825.png,139.677,0.05572,0.6533,0.4274,0.09101,0.272,0.2957,0.4213,0.4665,-2.65,0.005921,1.404,4.104,restaurant,0.3808528890458757,0.3071096147383,0.5165324485408145,0.2685519251169187,0.2308780734312087,0.2303990412118059,0.343333337027701,0.3352992527579804,0.8003780049161958,0.245008341440413,0.1761159585332815,0.2862915248807722,0,1,0,1,0,1,0,1,1,0,0,0,1,3529.34303482302,0.0,23.2654681497746
1504,dining room interior_11841.png,124.188,0.05677,0.5876,0.3927,0.07245,0.2821,0.2896,0.3796,0.4204,-2.74,0.01744,1.385,3.892,restaurant,0.4456323500538784,0.2984265784221396,0.4727913304626462,0.2619885688047486,0.2055044515886547,0.1927412173655748,0.3386818868508447,0.2881357376467505,0.8412756804716522,0.2412879392463841,0.165527358125971,0.2426208361077227,0,1,1,1,0,1,1,0,1,0,0,1,1,3040.36123000669,0.0,8.80045261567492
1505,dining room interior_11844.png,140.315,0.06587,0.3579,0.3437,0.1877,0.2502,0.2716,0.5744,0.4521,-2.589,0.01486,1.47,4.088,restaurant,0.4477270412574967,0.2775752485083871,0.6109138145846025,0.2587892409024781,0.2244523090140698,0.2267152232666137,0.3939549959933889,0.2490844489251689,0.7960508651849025,0.2360817451835648,0.2144254727318899,0.2594675268841285,0,1,0,1,0,1,0,0,0,0,0,0,0,2164.33696089155,0.0,20.6559197129828
1506,dining room interior_11868.png,148.571,0.08271,0.7472,0.4018,0.07049,0.2561,0.3462,0.4267,0.4371,-2.575,0.0105,1.413,4.158,restaurant,0.4098741267808105,0.2906606630742826,0.5419108351732231,0.2766808473378743,0.215145717895225,0.203907810970022,0.3376361912955027,0.2455618962628615,0.8047127912542923,0.2324595240030244,0.1763119825301671,0.2742025702014199,0,1,0,1,0,1,0,0,1,0,0,0,0,3318.11474332172,0.0,29.3932574607981
1507,dining room interior_11893.png,130.608,0.07704,0.6351,0.4491,0.06668,0.2288,0.2559,0.4183,0.4351,-2.695,0.00987,1.488,3.991,restaurant,0.3826172389880973,0.2795881360866064,0.473863344108984,0.2845553905036565,0.2129318700787024,0.2035522186123546,0.4072238084089404,0.2360905002402668,0.780395293491184,0.301522612821694,0.2273434460918332,0.2600785050416367,0,1,0,1,0,1,0,1,0,0,0,0,1,2076.55057108076,0.0,20.0459046129243
1508,dining room interior_11896.png,105.925,0.06594,0.3156,0.522,0.1444,0.2461,0.2713,0.4301,0.4098,-2.859,0.006747,1.34,3.853,restaurant,0.498559602477805,0.3092236167201329,0.5081833510983638,0.3173918053834406,0.2541237502341764,0.2544698270930474,0.4108761383339844,0.2549347883839302,0.7360291313627939,0.3008398257107503,0.2847795849527401,0.272046876473886,0,0,1,1,0,1,0,0,0,0,0,0,1,3472.85126353651,885.645412854637,9.4012555360878
1509,dining room interior_11897.png,78.559,0.08451,0.3803,0.2835,0.1162,0.2123,0.2335,0.404,0.4121,-2.838,0.01684,1.37,4.237,restaurant,0.4377732000157668,0.3083872202354977,0.4935363132841604,0.2578898012283214,0.2359275348186463,0.2155007867171724,0.3088120502646866,0.2152649705129531,0.7582550239745771,0.2326590636857566,0.2023378502980238,0.2809222952068345,0,0,1,1,1,1,1,0,1,0,0,0,1,3069.02332746455,228.199845019245,19.4760718161303
1510,dining room interior_11931.png,92.801,0.1053,0.2497,0.3968,0.1265,0.1764,0.231,0.4766,0.4148,-2.583,0.008789,1.37,4.188,restaurant,0.4997457378918028,0.2934737743423499,0.5832537862624877,0.256128419265301,0.2483618412140616,0.2358525780298691,0.3572839408974276,0.2627481252732008,0.7861641773467278,0.2385273322872122,0.1916416371488953,0.2844127080297209,0,1,0,1,1,1,0,0,0,0,1,0,1,2280.37912126469,0.0,35.2544381873077
1511,dining room interior_11964.png,110.626,0.07435,0.745,0.4399,0.02868,0.1507,0.2573,0.5939,0.4836,-2.658,0.01557,1.48,3.94,restaurant,0.4021420790684449,0.3049610046315909,0.5390686578000286,0.2587299441358736,0.2380049882048331,0.2269946657390297,0.32259453001279,0.3147421319392568,0.7282647508463456,0.2735731216330942,0.2752573738844991,0.2583336302470788,0,1,0,1,0,1,0,1,1,0,0,0,1,3266.0298241202,0.0,9.52164434393056
1512,dining room interior_11975.png,118.666,0.0738,0.8402,0.4093,0.04299,0.2187,0.305,0.4916,0.4563,-2.846,0.009267,1.374,3.989,restaurant,0.3901566114790509,0.2985937038863253,0.4848793024114756,0.2895619992562867,0.2402742460643421,0.2267261312017681,0.4250371847042682,0.270568207612444,0.7784938313941744,0.2463915747062412,0.2274119544243042,0.254551474786223,0,0,0,1,0,1,0,0,1,0,0,0,1,2126.58063377825,0.0,19.9558768700626
1513,dining room interior_11976.png,109.125,0.04666,0.6737,0.4053,0.0361,0.1915,0.2357,0.4555,0.3295,-2.714,0.02821,1.48,4.311,restaurant,0.4392630825797455,0.2933830622722725,0.5917348751220751,0.2584149951021293,0.2192476425613691,0.1974448753084337,0.2823268909982602,0.2135577358810817,0.7432191830382548,0.3063648973410975,0.2416980311738526,0.2788569172309091,0,1,0,1,0,1,1,0,1,0,0,0,0,2499.27666734819,352.699677695066,20.8245154650443
1514,dining room interior_11978.png,145.696,0.01493,0.3155,0.4559,0.1923,0.2014,0.2226,0.5671,0.4531,-2.538,0.01482,1.573,3.85,restaurant,0.3791860132555096,0.289760646641303,0.5542264321685415,0.2625363181091047,0.2049116113982194,0.1967444049341061,0.3872886241121182,0.3621894572658061,0.7518502004649839,0.2542853576370014,0.2074233752155672,0.2503028766744806,0,0,0,1,0,1,1,0,0,0,0,0,0,3128.18476981358,146.664833794702,12.1732257071845
1515,dining room interior_11996.png,142.464,0.08455,0.3956,0.4849,0.0841,0.239,0.2087,0.5408,0.532,-2.335,0.01172,1.561,4.184,restaurant,0.384587217336263,0.265316797790439,0.5395135166133481,0.2775741507040079,0.236601058277184,0.225222385397588,0.3603721781158118,0.3180237193273553,0.6614126623118392,0.2135595773562182,0.2678213955022536,0.3047002531932388,0,1,0,1,1,1,1,0,0,0,1,0,1,3362.55661241761,0.0,22.7337974471831
1516,dining room interior_12023.png,94.172,0.07716,0.4972,0.4995,0.04054,0.2446,0.2084,0.425,0.3452,-2.848,0.01298,1.327,4.0,restaurant,0.5199231777012144,0.3091478490176735,0.5895110527283908,0.3050684213903609,0.2887018749361336,0.2688163037283442,0.3427445793954228,0.2943614380473813,0.7827605044075803,0.2596967440495725,0.247568379921746,0.2471272826522838,0,1,0,1,1,1,1,0,0,0,0,1,1,2514.04362002676,317.194342656687,16.006001916278
1517,dining room interior_12034.png,121.306,0.07518,0.7102,0.3198,0.06535,0.2546,0.2419,0.4966,0.4147,-2.408,0.007837,1.461,4.311,restaurant,0.3420810851984001,0.2878139015890646,0.5268162304034102,0.2551305042535411,0.2147560827295187,0.2032716505367421,0.2974827292802416,0.3276310389436064,0.7554801405944496,0.212313397837192,0.1984217313624818,0.2537541950687655,0,1,0,1,1,1,0,0,0,0,0,0,0,3320.90349269601,162.34313420987,19.4519632683134
1518,dining room interior_12041.png,153.172,0.4258,0.1493,0.4261,0.2653,0.1161,0.2889,0.4368,0.3615,-2.722,0.009201,1.431,4.115,restaurant,0.5113293991815179,0.2837687780469592,0.5532510068952774,0.2776011268659459,0.2652085226960414,0.2525772267125772,0.3929685774308011,0.2600665834883767,0.6740004726259101,0.2412705471628303,0.2851056080689902,0.302029892759753,0,1,0,1,0,1,0,0,0,0,0,0,0,2320.53774862378,0.0,23.9901580887493
1519,dining room interior_12051.png,112.481,0.02569,0.3008,0.4802,0.1418,0.166,0.2088,0.4934,0.4299,-2.718,0.0155,1.439,4.119,restaurant,0.4765231359601385,0.325145523579172,0.6277644736595437,0.2833220239617441,0.2601742564542445,0.2469485885403797,0.3646646266975659,0.3387476410573052,0.7744803292850745,0.2473705034463051,0.2146110476472266,0.273749052015022,0,0,0,1,1,1,1,0,0,0,0,0,1,2554.16155142889,0.0,32.6293406378276
1520,dining room interior_12056.png,148.248,0.9739,0.589,0.3271,0.1176,0.207,0.2915,0.4584,0.3848,-2.641,0.01036,1.526,3.994,restaurant,0.4164418825747422,0.3004852897843545,0.600759279135172,0.2657181035380829,0.2260808662772378,0.2147206891734275,0.3406491719564326,0.2473655412829822,0.7340729187533493,0.2228114276916815,0.2436907575397124,0.2581409701970401,0,0,1,1,1,1,1,0,1,0,1,0,1,2984.85551654719,128.518945705236,21.6883819463924
1521,dining room interior_12068.png,65.989,0.04556,0.1688,0.6548,0.1659,0.1257,0.1444,0.4411,0.2846,-2.601,0.007567,1.393,4.155,restaurant,0.4981854297075381,0.2518863040890313,0.452788761055676,0.2596072889402174,0.2689290594153335,0.2301330459222141,0.253861348821999,0.2708728323780125,0.6723586173812085,0.3116896781023322,0.2796984157641822,0.2873872771071032,0,1,0,1,1,1,0,0,0,0,1,0,1,3193.64224509169,226.322039999504,25.7126329560598
1522,dining room interior_12088.png,170.591,0.01394,0.4397,0.5234,0.2027,0.2356,0.2562,0.4987,0.48,-2.726,0.01285,1.539,3.971,restaurant,0.440991937882485,0.2794087111051749,0.594962855341978,0.2484710949740437,0.205125784409008,0.1932253663522405,0.3027444058415213,0.2686649289593225,0.7198503816119499,0.207670083237942,0.2393661157763434,0.2593190693837804,0,1,1,1,0,1,1,0,1,0,0,0,0,3301.82956405315,134.330157541772,14.8235069575096
1523,dining room interior_12101.png,100.079,0.005372,0.5064,0.2182,0.1572,0.2529,0.2113,0.4304,0.4003,-2.688,0.008324,1.457,4.309,restaurant,0.310720816459716,0.3126194114056953,0.4526626171069373,0.2801581583867298,0.2347413344289697,0.2189263866701878,0.3624908582046666,0.3170915770859761,0.7352580704870126,0.1989518463347108,0.2226504806530108,0.2893764509637712,0,0,1,1,0,1,1,0,1,0,0,0,0,2891.74253363994,358.839309599454,15.6916065117981
1524,dining room interior_12104.png,89.028,0.03688,0.8118,0.3718,0.04372,0.2025,0.2813,0.4605,0.4037,-2.486,0.01108,1.348,4.08,restaurant,0.3761565722489491,0.3219542857470848,0.5126463867220287,0.2710561256501047,0.2297712178009755,0.2057623502401127,0.2796991748814766,0.2154034637885645,0.796312780877677,0.1930990475267674,0.1968600358120441,0.2527503058562221,0,0,1,1,0,1,1,0,0,0,0,0,0,4021.4268730258,0.0,26.6371627506536
1525,dining room interior_12107.png,101.065,0.007105,0.5864,0.2074,0.1403,0.2705,0.2154,0.4463,0.4641,-2.634,0.01214,1.441,4.243,restaurant,0.41076502792535,0.3325018667756801,0.6045576960482878,0.2631120516055965,0.2482489294287011,0.230191729185254,0.3608372036875288,0.2883349987960634,0.7435821680748793,0.2463899369198894,0.2027338637565569,0.3454983935196143,0,1,0,1,0,1,1,0,1,0,0,0,0,2859.0149050749,182.319139246156,20.020845446403
1526,dining room interior_12119.png,148.112,0.007736,0.5467,0.4639,0.1363,0.3254,0.2972,0.4078,0.4391,-2.569,0.01326,1.495,3.966,restaurant,0.375441456161567,0.3138863189142072,0.5865564026601099,0.249227726931365,0.2083436705415431,0.1836360414123588,0.3371808033391911,0.3150354435524292,0.6738599368127808,0.2419161703081713,0.2241504888697322,0.3252239761337261,0,1,0,1,1,1,1,0,0,0,1,0,1,2979.70757107679,0.0,41.5730565752601
1527,dining room interior_12120.png,107.545,0.02046,0.4382,0.3322,0.1713,0.2978,0.2334,0.3946,0.4241,-2.536,0.006894,1.513,4.122,restaurant,0.4016586413125751,0.310131637567769,0.5990433113785246,0.2795948045753824,0.242106655398608,0.2464505248429752,0.3962899916857821,0.3769204175567064,0.7383145357401961,0.2797003125205675,0.2044139767480988,0.3585898016051944,0,1,0,1,0,1,0,0,1,0,1,0,1,2864.0882447841,0.0,18.9857869474877
1528,dining room interior_12139.png,141.863,0.05598,0.4037,0.3477,0.2293,0.283,0.2344,0.4235,0.4482,-2.72,0.009157,1.444,3.881,restaurant,0.3256385901143007,0.2735691248805088,0.3756799846967891,0.2664196557508856,0.2060981706522159,0.2101185028434239,0.3466638065482188,0.2737347406771481,0.8012447740351021,0.1883307184588205,0.1576938861866045,0.2880039171673447,0,1,0,1,0,1,1,0,0,0,0,0,1,3208.15294684348,133.605938871701,12.0716604689069
1529,dining room interior_12143.png,134.328,0.03544,0.5888,0.3411,0.1279,0.2891,0.2668,0.4561,0.3802,-2.553,0.01698,1.544,3.886,restaurant,0.3785284696757162,0.3134809598007201,0.5682023601292739,0.2552814458482506,0.2253322920439023,0.1968792477876839,0.3381514032335644,0.3052815134477016,0.6270124010551762,0.227964954822032,0.2742357448572026,0.3199198567779377,0,0,0,1,1,1,0,0,0,0,1,0,0,3248.39407617274,0.0,22.1627945579836
1530,dining room interior_12144.png,89.191,0.1007,0.409,0.6022,0.06077,0.1898,0.2225,0.4794,0.2914,-2.709,0.0232,1.376,3.924,restaurant,0.5485512514755341,0.3030711777623728,0.5200603081686747,0.2971555132416082,0.2440999033544209,0.2277915068996582,0.2998325492953925,0.2276838213300513,0.7717503086670201,0.2790937255294066,0.2595581427925232,0.2521878569306248,0,0,0,1,0,1,1,0,0,0,0,0,0,3572.68117462907,345.769495074622,19.3856014686845
1531,dining room interior_12157.png,63.754,0.05424,0.6421,0.4775,0.02932,0.1405,0.2176,0.3978,0.3583,-2.6,0.009797,1.315,4.003,restaurant,0.4482597495109405,0.285101516185239,0.4571306167427493,0.2631215374394948,0.225850614746658,0.2204152558168505,0.2877025156517847,0.2068489402385724,0.7948731236192618,0.3087724858360688,0.2384304764777168,0.2290690776317831,0,0,0,1,0,1,1,0,0,0,0,0,1,2814.16871262915,384.093654718604,11.3880672052328
1532,dining room interior_12172.png,137.663,0.05973,0.6214,0.4734,0.07127,0.2436,0.2873,0.5266,0.4753,-2.285,0.008068,1.517,4.307,restaurant,0.4450654707477413,0.3238975762091978,0.591818913428407,0.2736566873237292,0.2904814790986429,0.2810494613919675,0.3062150009433125,0.2942443184025095,0.6695299206825762,0.3353417994924129,0.2747332047322585,0.3863004766724908,0,1,1,1,1,1,1,0,1,0,0,0,1,1824.38800551053,163.850092787739,32.3802593549657
1533,dining room interior_12174.png,156.895,0.9883,0.2602,0.3637,0.2247,0.2324,0.2856,0.4891,0.459,-2.324,0.006688,1.59,4.131,restaurant,0.3989495157527029,0.2920869679747159,0.5686331117908314,0.284505022320461,0.217311760039654,0.2246531713058768,0.4313969135406756,0.3601590517470038,0.7586124011812277,0.2699111519959397,0.2212264169759754,0.3030623559289863,0,0,0,1,0,1,0,0,1,0,0,0,1,2849.75519355755,146.453290019456,18.5603543091121
1534,dining room interior_12198.png,126.493,0.07621,0.4666,0.4485,0.1344,0.3683,0.3242,0.4279,0.3998,-2.819,0.006183,1.357,3.959,restaurant,0.4889234456494707,0.295778796293652,0.5660596759948848,0.2964091265493755,0.2673040352746926,0.2467018028190922,0.3170512234211085,0.2749059090654563,0.694077173034219,0.2650836166642915,0.2420174383416959,0.3287763223893304,0,1,0,1,0,1,0,0,0,0,1,0,1,3014.01379345402,635.38117201879,12.1244729959089
1535,dining room interior_12226.png,128.687,0.007196,0.1733,0.4976,0.2236,0.1311,0.2522,0.468,0.4372,-2.635,0.01231,1.451,4.027,restaurant,0.4593154907235395,0.2768422323886347,0.5436990808965831,0.26557932155074,0.2498806369082379,0.2482546801330249,0.4193617593932371,0.2662149195492131,0.8090467521940495,0.2114094144890562,0.1672244771641478,0.2769109700236105,0,1,1,1,1,1,1,0,1,0,0,0,1,3304.66165649239,146.53005479027,16.8522518000852
1536,dining room_10714.png,140.387,0.07438,0.615,0.5811,0.03845,0.2754,0.2879,0.4616,0.4441,-2.503,0.00548,1.523,4.123,restaurant,0.3913915093437651,0.2662764739838985,0.4896672375980542,0.2817625588846036,0.2181110551728282,0.2243221026995034,0.3804078041569636,0.2660404772814034,0.7767823263494592,0.2371214316647746,0.2433037052278336,0.2244849688699773,0,0,1,1,0,1,1,0,1,0,0,0,0,2822.73607104807,0.0,26.3605424340026
1537,dining room_10896.png,97.362,0.06885,0.1867,0.6993,0.1876,0.2369,0.2328,0.4912,0.2849,-2.727,0.009457,1.276,4.238,restaurant,0.5973030162951228,0.3100735676726849,0.4450380333969934,0.3085602108833189,0.2898200873507104,0.285694845506469,0.3245719000838155,0.2378631937954763,0.801139547514282,0.298720293041229,0.230672156385889,0.2812694861237339,0,1,0,1,0,1,0,0,1,0,0,0,0,3051.59841733732,309.847150678883,29.6325198852702
1538,dining room_10899.png,105.501,0.07901,0.4028,0.5213,0.06607,0.1983,0.3031,0.4209,0.3296,-2.811,0.01454,1.321,4.15,restaurant,0.5262255179616291,0.2944920497869078,0.5115170104093253,0.2801081497602289,0.2533712054155895,0.230165568926184,0.2742716995458396,0.2301973979217773,0.7088927717232709,0.2807617487290502,0.2870141523706863,0.2816317065335778,0,1,1,1,0,1,1,0,0,0,1,0,0,3700.64553356,236.608115013414,20.6998214592406
1539,dining room_10915.png,105.34,0.0853,0.5501,0.7214,0.09178,0.2865,0.1483,0.4134,0.3291,-2.797,0.009103,1.342,4.347,restaurant,0.4490485271074035,0.2703120148279387,0.5573138807675038,0.2752128903491772,0.2506055446644143,0.2322362031981392,0.2793318413738467,0.2339662903434966,0.7672400676565688,0.2894399290042837,0.2648609551420823,0.2589453133313493,0,0,0,1,0,1,0,0,1,0,0,0,1,3169.59743033611,557.750865580488,10.8229080053109
1540,dining room_10931.png,156.289,0.06589,0.5753,0.6391,0.07027,0.2223,0.2492,0.501,0.5,-2.593,0.01219,1.464,3.783,restaurant,0.3933673644466296,0.2617420217688009,0.5918351587750931,0.2615077054458865,0.2108799939180671,0.205108725261358,0.3889581197874794,0.3113831342527378,0.7465409180392374,0.2797711361282006,0.2525300250008971,0.2525711432713506,0,1,0,1,0,1,1,0,1,0,1,0,1,3869.46329039207,0.0,16.7575775616795
1541,dining room_10933.png,150.863,0.07089,0.3626,0.5355,0.1967,0.2832,0.241,0.4972,0.4768,-2.547,0.006971,1.518,4.215,restaurant,0.4533994217748043,0.3037525285790899,0.5221320893333419,0.2588760395386481,0.282118134927637,0.2496046448819862,0.4068750084744295,0.3658365567149828,0.7488299726908396,0.2570687033710126,0.2609176218612665,0.2504826810952515,0,0,0,1,0,1,0,0,0,0,1,0,1,2209.71862095531,242.230251767863,31.2694183721407
1542,dining room_11021.png,127.783,0.1801,0.3961,0.4459,0.2418,0.2778,0.3513,0.4089,0.4037,-2.754,0.01806,1.357,4.246,restaurant,0.5139087835096126,0.2892358697161238,0.5071759678697928,0.2680490446717177,0.2245768493923302,0.2115342507600749,0.4366345501983775,0.286137643413815,0.8332694714358808,0.243810628054358,0.1753867361845909,0.2248267462769385,0,1,1,1,0,1,1,1,1,1,0,0,0,2933.56315438941,0.0,21.4272021548
1543,dining room_11059.png,115.359,0.07787,0.1756,0.5055,0.2031,0.1482,0.2379,0.4369,0.3597,-2.776,0.004769,1.39,4.227,restaurant,0.4151202234847918,0.265575720429074,0.5284031100980703,0.2706918022768045,0.2079388585589159,0.229802592611996,0.3373251586581711,0.280623225582473,0.7905885448398053,0.2439178077808725,0.2091422402326714,0.2568102102673451,0,1,1,1,1,1,0,0,0,0,1,0,1,2838.18316354067,827.754576602409,19.2778943966552
1544,dining room_11142.png,108.622,0.07163,0.7949,0.392,0.03224,0.1419,0.2916,0.4297,0.402,-2.789,0.01114,1.303,4.109,restaurant,0.4062822178116227,0.2789746764033993,0.5984162445490324,0.2486215545555699,0.2247298238524786,0.1922014594498142,0.2890456592024407,0.3026067686213259,0.7455951531110703,0.2684711856762266,0.2193640565942057,0.2801806217329968,0,0,1,1,1,1,1,1,1,0,1,0,1,4152.45679477864,1028.24383543066,23.3992038968119
1545,dining room_11156.png,133.429,0.07545,0.1605,0.3716,0.1414,0.1545,0.2735,0.4967,0.3869,-2.655,0.007713,1.45,4.244,restaurant,0.4078049139940223,0.2624085080044468,0.5185904889079839,0.2569894497321897,0.2388839150647942,0.2206907744634271,0.3656223330775366,0.2348355635719676,0.6255692168166694,0.2354329698252864,0.2686191196166477,0.3695403994111625,0,1,1,1,0,1,1,0,0,0,0,0,0,3222.1062929048,0.0,22.1738245217197
1546,dining room_11216.png,98.63,0.03442,0.7213,0.5376,0.07022,0.2398,0.2915,0.3837,0.3435,-2.647,0.01015,1.329,4.037,restaurant,0.4668290318252993,0.2947950571074665,0.6346931628729343,0.2842941187964139,0.2393048920270164,0.217558137374267,0.2959885424112221,0.2269712340396949,0.7183274390498575,0.333507781426631,0.2976955331465245,0.2438507337557512,0,0,0,1,0,1,1,0,0,0,1,0,0,2551.68386041822,426.058575112605,17.375611721054
1547,dining room_1448.png,119.291,0.06717,0.5051,0.4105,0.05278,0.2022,0.2726,0.4373,0.4093,-2.634,0.01199,1.379,3.994,restaurant,0.4366436534666177,0.2921278030669783,0.55231875442003,0.2554747053854083,0.2258822115404069,0.2075526475627576,0.3087702320768285,0.3175118513161875,0.7000943148035939,0.2494140398708706,0.2288769266887435,0.3445021637627165,0,1,0,1,0,1,1,0,1,0,0,0,1,3647.32681119793,329.133849798225,11.9940719308381
1548,dining room_1449.png,144.711,0.07141,0.5235,0.6616,0.0667,0.278,0.2997,0.4482,0.4278,-2.851,0.006711,1.379,4.197,restaurant,0.6319343228557242,0.3197636752787695,0.6589471432932873,0.2758483491827103,0.2763285691007506,0.2338429299403725,0.3681219042729926,0.2310916343790273,0.777779455514132,0.2722640928026682,0.2164048380196157,0.2795087415503569,0,1,1,1,0,1,0,0,0,0,1,0,0,2246.30390709492,0.0,29.5012264390503
1549,dining room_1466.png,169.951,0.0092,0.4558,0.3982,0.1361,0.2327,0.2895,0.4893,0.5108,-2.799,0.01199,1.502,3.586,restaurant,0.4748032936629592,0.2954603739426104,0.5714395848496298,0.2705765087959547,0.2298133060450865,0.2291679518826847,0.3319558493147289,0.2367033747880169,0.7504025026348355,0.2532914817355723,0.2179460212922221,0.2885400962044721,0,1,1,1,1,1,1,0,0,0,0,0,0,4077.55363929662,0.0,17.4447694602912
1550,dining room_1470.png,123.967,0.09792,0.6004,0.4039,0.04926,0.272,0.302,0.3987,0.4445,-2.772,0.02443,1.321,3.724,restaurant,0.5413458888129393,0.3085396604037607,0.5188351670183073,0.2899358337142358,0.2631057204746828,0.2446793059519039,0.3543025657661371,0.2250352149275853,0.7972370281861149,0.2781944838614508,0.2273336184054589,0.2571267677714182,0,1,1,1,0,1,0,1,1,0,0,0,1,3554.73534634576,640.90245193656,12.2909064205009
1551,dining room_1487.png,122.557,0.06422,0.5659,0.4737,0.07069,0.2496,0.1802,0.5447,0.5023,-2.692,0.01284,1.53,4.107,restaurant,0.4665094310462911,0.3000210295087266,0.48420527343009,0.310599381042995,0.2488329097071259,0.2317941297137474,0.3772971152665559,0.3603251427788349,0.7608432178046103,0.2924936976824046,0.2710567561436044,0.2521624708357017,0,0,1,1,0,1,0,0,0,0,0,0,1,2711.22253929747,134.718930151611,12.6987513003941
1552,home architecture_8879.png,96.927,0.1491,0.2816,0.3385,0.2683,0.1774,0.264,0.4228,0.3896,-2.579,0.009961,1.31,4.112,restaurant,0.5680549666069583,0.3142421227712644,0.6082704252096507,0.2831033185017829,0.2784922250241419,0.2462498468125398,0.297805345672886,0.2761306917120905,0.7498812294259238,0.2418952056677378,0.2371972930520532,0.2835564627950943,0,1,1,1,1,1,1,0,1,0,0,0,0,3169.08883901863,0.0,24.1747241542165
1553,home_8713.png,103.179,0.06664,0.2918,0.5399,0.1697,0.2463,0.2794,0.4285,0.3913,-2.926,0.01159,1.29,3.927,restaurant,0.524597767279736,0.2974142055750381,0.5201039683155096,0.3068059434087579,0.2455668856204502,0.2475089852946793,0.4182481235709734,0.2579665672705412,0.7660830850871511,0.2933747813517111,0.2560790938013699,0.252315889062282,0,0,1,1,0,1,0,0,0,0,0,0,1,3311.29667202113,436.699906730124,9.258763786753
1554,kitchen_1059.png,98.975,0.07182,0.1677,0.504,0.1854,0.134,0.1962,0.4088,0.4063,-2.723,0.004773,1.442,3.961,restaurant,0.3941459015720906,0.2737622916800692,0.4050623621848538,0.3017340193013729,0.2366830726612676,0.2414312875504128,0.4149342416451918,0.3433205163675782,0.7242802463712622,0.2829158037662069,0.281350604643549,0.2783660254411995,0,1,1,1,0,1,0,1,0,0,0,0,1,2317.98956415271,0.0,18.7373358838548
1555,kitchen_1130.png,121.112,0.09914,0.7202,0.6431,0.0657,0.2646,0.2475,0.3631,0.374,-2.911,0.01637,1.331,3.857,restaurant,0.4616140688607147,0.2806012270682783,0.4822794059035105,0.2742694627267185,0.2458763541494983,0.226842005496582,0.3635641519931204,0.2442797999450342,0.7720079649228895,0.2428235143805615,0.2598699926144234,0.2289935924076243,0,1,1,1,1,1,0,1,0,0,0,0,0,3318.25646649499,0.0,5.89531477506285
1556,kitchen_1137.png,104.543,0.09381,0.2503,0.5073,0.1193,0.1721,0.2529,0.3583,0.3561,-2.803,0.01239,1.316,4.18,restaurant,0.5168486526317735,0.2683015231462026,0.4010620487815721,0.2928297139107393,0.2411411359956376,0.2340051108306597,0.3990706579614338,0.2564857213020675,0.7924557924081334,0.251650704858985,0.217916621168181,0.2554830612565981,0,1,1,1,1,1,1,0,1,0,1,0,0,3517.05805491304,224.932067807127,9.13581837155183
1557,kitchen_1203.png,128.194,0.9527,0.4613,0.3552,0.1583,0.1995,0.3017,0.4131,0.4573,-2.441,0.007288,1.433,3.771,restaurant,0.3630445873317008,0.2792383613933313,0.4651319908218128,0.2696754601985255,0.2128083891967162,0.2293734362365844,0.3875040565857922,0.2770938503557754,0.7256183531920982,0.2653766098268898,0.2281011460336915,0.3106175077836762,0,1,1,1,0,1,0,0,1,0,0,0,1,2826.62107482547,671.942441290749,19.4831392509248
1558,restaurant interior_6109.png,131.837,0.03992,0.3202,0.458,0.1542,0.186,0.2413,0.4583,0.4849,-2.401,0.006508,1.545,4.182,restaurant,0.2793934386667071,0.2781053343111039,0.375527861254903,0.2613123012898901,0.1988363079697058,0.1909598449993206,0.3948269745621629,0.3438525717385566,0.7279899560081182,0.2072869589435332,0.2408935642354613,0.2500464174308101,0,1,1,1,0,1,1,0,1,0,0,0,1,3388.4458193395,221.867208910478,25.8833917227164
1559,restaurant interior_6117.png,135.888,0.1112,0.4618,0.5711,0.1123,0.2933,0.2017,0.4903,0.4813,-2.739,0.009793,1.487,3.65,restaurant,0.4873251534447326,0.2880804797552591,0.4893457955149371,0.2754013711451443,0.2474857869563533,0.2258016658806737,0.3762268961553791,0.3196955847687959,0.7448142165000771,0.2115820201170301,0.2341935123572952,0.2741626364153418,0,1,0,1,0,1,1,0,1,0,0,0,1,3497.46114036605,547.599501227317,16.1614704241131
1560,restaurant interior_6129.png,104.277,0.137,0.3628,0.3695,0.2546,0.279,0.2536,0.3219,0.328,-2.848,0.01208,1.309,3.758,restaurant,0.4018089265384544,0.2580529566441857,0.6476042632672238,0.2569777878101789,0.2104236825657616,0.1973382430035491,0.2982321346523702,0.2313784955841334,0.7787496636568443,0.2526835797505112,0.1937612115351042,0.3010969476770446,0,1,0,1,1,1,0,0,1,0,0,0,1,3632.25937524629,0.0,14.4344467793945
1561,restaurant interior_6151.png,66.151,0.02051,0.8396,0.4926,0.03556,0.1587,0.244,0.3965,0.4027,-2.681,0.004966,1.317,3.963,restaurant,0.3894072851246442,0.2753497673567692,0.4243656972123481,0.2901324208341257,0.2164437938639824,0.2033107652188215,0.3076771606718257,0.2325204138807378,0.8263927623979307,0.2682375289876674,0.1849681018392445,0.2148943724643666,0,0,0,1,0,1,0,0,1,0,0,0,0,3595.84829816121,1457.91254474391,11.5041348717191
1562,restaurant interior_6169.png,98.357,0.06612,0.3458,0.3644,0.1394,0.2409,0.23,0.4599,0.4812,-2.685,0.008513,1.403,4.227,restaurant,0.4634391838424238,0.2885771970447146,0.5198859461391863,0.2487909951727276,0.2234851232501058,0.1947689120082877,0.303474586044552,0.2447536038265855,0.7638348717008544,0.216548225338514,0.2185644096833738,0.2625649943707278,0,1,1,1,0,1,1,0,0,1,0,1,1,3009.00649070973,451.241490653965,14.974775842867
1563,restaurant interior_6203.png,108.993,0.2918,0.2466,0.2789,0.26,0.2011,0.2668,0.4704,0.4383,-2.814,0.01426,1.338,3.622,restaurant,0.5306532643541013,0.2842407618337651,0.5878043347406291,0.285701101472364,0.2532263194058534,0.2401792677427343,0.3212397106741784,0.2237899190655173,0.7295134017611055,0.2242410435565117,0.2496606558955905,0.2785258008936065,0,1,1,1,1,1,0,0,1,0,1,0,0,3330.36435631208,641.278193975357,18.316670369688
1564,restaurant interior_6297.png,139.428,0.08829,0.4972,0.4243,0.1046,0.2777,0.2151,0.4724,0.4728,-2.376,0.01385,1.569,3.867,restaurant,0.3897130297451773,0.3004613813957132,0.5962703969413429,0.2573140100412874,0.2214834599173926,0.2153216697158414,0.3326953416991283,0.3230999883253643,0.7163873686961992,0.2505086183507016,0.2544062037616755,0.3066459582209379,0,1,1,1,1,0,0,0,1,0,1,0,1,2965.47871377693,411.360370515851,22.5173814533163
1565,restaurant interior_6409.png,128.752,0.9885,0.3233,0.2946,0.2794,0.2391,0.2609,0.4351,0.4919,-2.636,0.01508,1.482,3.78,restaurant,0.4162837422981857,0.299663190669834,0.5466749404242182,0.2734758122156726,0.2098798870582204,0.2068623817084144,0.3615609119023266,0.2548085523643829,0.7770036213680535,0.2248479229417362,0.2122917894164392,0.256895539457911,0,1,1,1,1,1,0,0,1,0,0,0,1,3089.3035536779,0.0,34.1043584594135
1566,restaurant interior_6420.png,118.876,0.07313,0.3011,0.5085,0.08322,0.2439,0.2741,0.3274,0.3247,-2.669,0.008103,1.339,3.96,restaurant,0.4126018877496631,0.2420720298639964,0.4699183939731218,0.2759404434143147,0.2069371503417645,0.1882553803791193,0.3615747243527503,0.2127425206421481,0.777912265820754,0.2383378739862967,0.2062772248834781,0.2540368839029223,0,0,1,1,0,1,0,1,1,1,0,0,1,2570.61447660036,0.0,12.9110780262769
1567,restaurant interior_6430.png,135.942,0.1492,0.5916,0.4095,0.1869,0.3009,0.2567,0.4405,0.4127,-2.661,0.016,1.479,4.228,restaurant,0.340117134326468,0.3039311719842079,0.4975684620409809,0.2725271145274643,0.2547372541959538,0.2357247715099039,0.4596272679581709,0.4998873363567622,0.725006494817964,0.2452207376652808,0.2283257435820119,0.27555495240752,0,1,1,1,0,1,1,0,1,0,0,0,1,3253.04545344677,0.0,12.2715740148769
1568,restaurant interior_6434.png,80.159,0.147,0.2515,0.5735,0.127,0.1423,0.2294,0.3795,0.2712,-3.003,0.01084,1.249,3.848,restaurant,0.5254449538603609,0.3058167231304589,0.4472943495257725,0.2965843008211292,0.2844091766488081,0.2478153949647866,0.3428884407948384,0.2889255826985681,0.7776911182778798,0.2724128545070564,0.2466463102438121,0.2296771511208904,0,1,0,1,0,1,1,0,0,0,0,0,0,3456.92161724361,496.76023221594,2.04781562996221
1569,restaurant interior_6443.png,127.936,0.05904,0.6654,0.2899,0.1392,0.2805,0.2447,0.5086,0.4864,-2.503,0.01484,1.582,4.338,restaurant,0.419466606840671,0.3134277508001512,0.6358634913698075,0.2756654775473637,0.2443399375903075,0.2294090130950285,0.3798956584100268,0.2799702709812907,0.7358956577695532,0.2736406822374648,0.2452165831795646,0.2688439476550606,0,1,1,1,0,1,0,1,1,0,0,0,1,2703.85419946024,0.0,20.9177624560917
1570,restaurant interior_6444.png,86.493,0.09191,0.3079,0.7833,0.2224,0.3157,0.1568,0.3706,0.2966,-2.704,0.01353,1.307,3.885,restaurant,0.2927672986083872,0.2495787721292901,0.3859329702526965,0.2726227985251159,0.2242508363677432,0.237297448018759,0.477196536584709,0.3661328438362106,0.7404459217263835,0.2101067725506989,0.2112807242979629,0.2725807699443355,0,0,0,0,0,0,0,0,0,0,0,0,1,1751.58745964759,287.384546319279,8.85054273325336
1571,restaurant interior_6455.png,137.842,0.05386,0.2396,0.5619,0.1625,0.1987,0.2273,0.5049,0.4974,-2.577,0.009341,1.463,4.182,restaurant,0.4003301943375923,0.3117672765015917,0.5462381169394636,0.3013748806524601,0.2715590805830561,0.2646262707519529,0.3862722330540169,0.3668186824478218,0.760285330435969,0.2534564561524793,0.2385755125082546,0.2822283371844103,0,1,0,1,0,1,1,0,1,0,0,0,1,1949.73958522134,253.215148205194,30.9354612708217
1572,restaurant interior_6456.png,125.083,0.1134,0.5035,0.6557,0.06674,0.2401,0.2632,0.4233,0.4005,-2.861,0.01433,1.38,4.043,restaurant,0.3641576199844676,0.3058609212132911,0.3949178531193635,0.2741727349279809,0.2831542009280865,0.2544995308112737,0.3535688046778102,0.3609201723154345,0.7614110244163377,0.2312467287571597,0.2546944333270063,0.2473480290118794,0,1,1,1,0,0,0,0,1,0,1,0,0,3233.18528474791,326.019790256555,8.21156746185059
1573,restaurant interior_6457.png,147.379,0.1033,0.2798,0.5082,0.1238,0.1718,0.2898,0.4477,0.4262,-2.58,0.00903,1.44,4.105,restaurant,0.4889352540251364,0.2946144191562639,0.4985733113976688,0.2785208171253695,0.2556891237886068,0.2613609742295365,0.3880543053111778,0.2718572633512218,0.7958479164521974,0.2357759789425718,0.1912533654220291,0.3048065322226236,0,1,1,1,1,1,1,0,0,0,0,0,1,3016.26464045577,378.442650902772,13.6578734610275
1574,restaurant interior_6459.png,144.591,0.05332,0.5093,0.5863,0.1079,0.2743,0.2371,0.4777,0.5105,-2.599,0.006581,1.518,3.888,restaurant,0.4392290260034976,0.2963792921306452,0.545703267053169,0.2935923228465546,0.2467176486778321,0.2489788678788276,0.2965006883753966,0.2786140873567555,0.7834883779541626,0.2512479267155016,0.2306175886391269,0.25731989032092,0,1,0,1,0,1,1,0,1,0,1,0,1,3199.1795966166,268.074636223337,13.2331390044395
1575,restaurant interior_6468.png,143.616,0.05729,0.4756,0.3939,0.1221,0.2012,0.2758,0.5103,0.4762,-2.578,0.01237,1.507,4.211,restaurant,0.444709744058176,0.3079667793368557,0.6698326475431308,0.2571773208606059,0.2490466327893657,0.2267710409461122,0.3466452295034547,0.3112912154452253,0.7888261979415545,0.2794732796746044,0.1942439177153601,0.2767554796628352,0,1,0,1,0,1,1,0,1,0,1,0,1,2999.76090809011,277.493012966594,16.588823158994
1576,restaurant interior_6498.png,182.618,0.08921,0.5747,0.4501,0.04758,0.2503,0.2892,0.6586,0.4432,-2.686,0.0208,1.505,3.714,restaurant,0.5365962351667815,0.2806668132559936,0.5479894859291881,0.2626158790952558,0.2675627457910765,0.2361007089595079,0.2799823011622017,0.2348221875476961,0.6978300010765924,0.2621458962066456,0.2247204893898408,0.3412439539592051,0,1,0,1,0,1,0,0,1,0,1,0,0,4127.81792392728,0.0,10.8713043588511
1577,restaurant interior_6502.png,89.883,0.9349,0.4665,0.4654,0.1532,0.1584,0.2621,0.42,0.4105,-2.793,0.005282,1.373,4.333,restaurant,0.359219776589388,0.3149475076570824,0.4015909315969914,0.2649669269662992,0.249677695086155,0.2069380623233871,0.2944260785253294,0.2492323396660984,0.803014021659507,0.2489769067046367,0.1668038221850583,0.2686154735546727,0,0,0,1,0,0,0,1,0,0,0,0,1,1962.13323409483,189.923311404918,17.2085080319109
1578,restaurant interior_6515.png,118.405,0.0828,0.2519,0.4353,0.1415,0.2179,0.2674,0.4282,0.4321,-2.667,0.008322,1.345,3.964,restaurant,0.300270738026854,0.2578986598911126,0.298744202737984,0.2566721589572927,0.2252227811831524,0.2537317194552257,0.3690324643808144,0.2681014241744957,0.7659538657328352,0.215765588626053,0.2016930838253447,0.2823177643110642,0,1,0,1,0,0,0,0,0,0,0,0,1,2954.0082792396,196.531261311469,24.2107788519015
1579,restaurant interior_6527.png,87.539,0.06213,0.8503,0.3661,0.02285,0.09297,0.2413,0.3701,0.3978,-2.766,0.004378,1.49,4.045,restaurant,0.2826863141415857,0.2742020212431046,0.399143350243623,0.2593044778174859,0.1880299492448292,0.1916351389454151,0.2871949749692473,0.2280317988950021,0.724059300204468,0.2517040911169736,0.2499677142286937,0.2478481119747929,0,0,0,1,0,1,0,0,1,0,0,0,0,2777.71159493878,686.630210587237,8.18448011723751
1580,restaurant interior_6533.png,131.143,0.9077,0.2436,0.5382,0.1399,0.1772,0.3527,0.3916,0.2957,-2.947,0.04167,1.228,3.783,restaurant,0.4595603156857214,0.3001267709929755,0.5454869746154469,0.2830560359155242,0.2634998236033802,0.2594100012096691,0.2932672461474397,0.2436416604629495,0.7418211344100648,0.2628486255787536,0.2626193711252191,0.2479380162839383,0,0,0,1,1,1,1,1,0,0,0,0,0,3405.5313020862,798.604251732746,26.6683686969206
1581,restaurant interior_6546.png,84.52,0.9002,0.3426,0.4126,0.2009,0.2418,0.2071,0.4121,0.431,-2.678,0.01945,1.295,3.716,restaurant,0.5154021506571912,0.2616576424106034,0.4251122697991947,0.2546084527401025,0.2454774236158252,0.2024010788187485,0.3300258536869012,0.2565775068048697,0.714186070902608,0.2357671737492735,0.2475975749685872,0.2493175214439435,0,1,1,1,0,1,1,1,1,0,0,0,1,4784.54376796211,177.387358551381,7.43814983683675
1582,restaurant interior_6554.png,127.395,0.05094,0.5909,0.4694,0.05899,0.2143,0.2247,0.5395,0.5128,-2.368,0.009874,1.608,4.167,restaurant,0.4055280024923102,0.325605556026662,0.5578654680305183,0.2709997393913805,0.2525084236261786,0.2291450269722786,0.2888971023385642,0.3280238400707072,0.7460598914392329,0.2652345290735453,0.2091473297517059,0.3179936697516096,0,1,0,1,1,1,1,0,1,0,1,0,0,1973.88489355393,180.842802959776,25.2887771724886
1583,restaurant interior_6557.png,134.513,0.02837,0.295,0.2851,0.1715,0.2096,0.2607,0.438,0.3754,-2.773,0.02105,1.397,3.789,restaurant,0.4439535722749861,0.2603907036306433,0.533436694296787,0.2732328800849942,0.196470458410286,0.1841593175746456,0.4175262322079592,0.3169586055492569,0.7813195250388004,0.2145665260384884,0.2089649790538804,0.2209812665907983,0,0,1,1,0,1,0,0,0,0,1,0,0,4048.14739186521,815.363032109252,18.0232814464887
1584,restaurant interior_6589.png,92.508,0.05423,0.3861,0.1706,0.07329,0.2412,0.2071,0.4112,0.3901,-2.579,0.006061,1.501,4.316,restaurant,0.3046079676064857,0.2726502351524779,0.3922567433011843,0.2537891477412911,0.2132856242290301,0.2160337275891399,0.3209240093594235,0.2433306007830012,0.6788124923008757,0.2010603148096543,0.2320304847198903,0.302172669755502,0,0,0,1,0,1,0,0,0,0,0,0,0,3380.57005449617,227.932978348963,15.8165424264865
1585,restaurant interior_6592.png,113.866,0.0563,0.355,0.1978,0.1117,0.2451,0.2031,0.4572,0.4586,-2.353,0.01961,1.584,4.098,restaurant,0.3348828054396217,0.268933627150706,0.3589658663523726,0.2633192890200375,0.2110107466488866,0.2110215296029512,0.3420527079863603,0.2005496838228543,0.7265481567906394,0.2073232762261506,0.2149364255587989,0.3023924897872806,0,0,0,1,0,1,0,0,0,0,0,0,1,3602.92002431138,145.977111790214,27.6855368000225
1586,restaurant interior_6595.png,159.037,0.03561,0.4172,0.5282,0.09179,0.2917,0.2752,0.4463,0.463,-3.141,0.02549,1.327,3.79,restaurant,0.5004313065469571,0.2889192252431274,0.5476852282799121,0.2827708849812774,0.2549123919297467,0.2332538389162339,0.403113386529498,0.2982345320887076,0.7556244909302855,0.236846620966156,0.2312064387590287,0.2601295869718644,0,1,0,1,1,1,0,0,1,0,0,0,0,4322.15357139248,271.211804810316,16.3594082023524
1587,restaurant interior_6596.png,169.071,0.02154,0.6018,0.4524,0.149,0.2889,0.2677,0.533,0.5221,-2.526,0.03007,1.57,3.857,restaurant,0.4977786556877364,0.3031713270582118,0.6477834238226113,0.2691256715319239,0.246844715724287,0.2342171860873958,0.343302259949144,0.2528509464839444,0.7717933142862488,0.2359309154135214,0.1978835236004614,0.3018374413449074,0,1,1,1,0,1,0,0,1,0,0,0,0,2881.18569430255,129.563877291341,17.6140408751878
1588,restaurant interior_6603.png,90.21,0.05439,0.5851,0.3648,0.07621,0.1665,0.2401,0.4094,0.376,-2.372,0.006863,1.54,4.209,restaurant,0.478536199549609,0.3117436889852479,0.5791573591163387,0.275761491957091,0.2619370616490438,0.2345229488302483,0.3304287403955966,0.2633428787825376,0.7733428641852713,0.2722448053781838,0.2467201106683586,0.2633581441112596,0,0,1,1,0,1,0,0,1,0,0,0,1,2357.72070519686,196.033315426244,24.5906527017
1589,restaurant interior_6605.png,131.372,0.06855,0.491,0.4523,0.0609,0.2351,0.2557,0.4738,0.4312,-2.822,0.007532,1.449,4.008,restaurant,0.5412722520569713,0.3043512739741408,0.514336973530538,0.2965128347931646,0.2651205695874307,0.2511236403064719,0.3315646970409223,0.2620251011801159,0.7425363830121998,0.2629823901188048,0.219636593635737,0.3501873706035583,0,1,1,1,1,1,0,0,1,0,0,0,1,3530.03344504558,0.0,21.7060888088238
1590,restaurant interior_6607.png,92.44,0.008632,0.6196,0.3595,0.09051,0.154,0.2535,0.4698,0.3821,-2.685,0.02671,1.438,3.856,restaurant,0.4151410634451206,0.3086323894348536,0.5600143603295623,0.2616797760493892,0.2500349322798602,0.2202077438026648,0.2648588261239666,0.2229267106317813,0.6912957041072778,0.2723434306245283,0.2812930254286099,0.2812885411604142,0,1,0,1,0,1,1,1,1,0,0,0,1,2289.24490218863,858.617012580518,19.5407523585056
1591,restaurant interior_6609.png,94.534,0.06008,0.6597,0.4833,0.05347,0.2187,0.2288,0.3736,0.3253,-2.84,0.004429,1.377,4.038,restaurant,0.4382095275312299,0.2827235420447256,0.468154473382755,0.2758760941528574,0.2616901776386763,0.2233508493930546,0.2962828116656703,0.2313753795002718,0.7780148591681262,0.2219741360331526,0.2236261795064488,0.2327610768040443,0,1,0,1,0,1,1,0,1,0,0,0,0,3251.07360827694,0.0,10.6370072416835
1592,restaurant interior_6614.png,94.713,0.1054,0.4101,0.4669,0.09892,0.2792,0.2976,0.3448,0.3797,-2.875,0.01151,1.257,4.051,restaurant,0.5077055659516532,0.2616488749297492,0.4251482135545962,0.2921122283275553,0.247234171259662,0.2163885962598542,0.2835777918008302,0.1855468147371695,0.7056519490042829,0.2579506309854685,0.230168390614724,0.2871855447915857,0,1,0,1,1,1,1,0,0,0,1,0,0,3199.39732688385,211.900903115983,22.596707913072
1593,restaurant interior_6617.png,152.438,0.07428,0.6499,0.6457,0.1046,0.3021,0.2526,0.5036,0.4986,-2.784,0.01397,1.483,4.188,restaurant,0.4571660255393226,0.3002125673133147,0.5777713489107522,0.2883222675589433,0.2582460993681766,0.2644869451940329,0.3597974809462127,0.2692513972435024,0.7760932109845168,0.2859336597160619,0.2211492396437341,0.2954005418062582,0,1,0,1,0,1,1,0,1,0,0,0,1,2702.4678531893,0.0,11.907178500414
1594,restaurant interior_6624.png,126.692,0.108,0.2839,0.4649,0.2528,0.223,0.2248,0.4931,0.4856,-2.541,0.006654,1.469,4.173,restaurant,0.4804184196748528,0.3058001554746106,0.5533915137841667,0.2671796484244694,0.2588471672130665,0.2419202655903104,0.3631032979838423,0.3354748658340075,0.7699516351263483,0.2239779563862476,0.1993982304536134,0.3139743510912939,0,1,0,1,1,1,1,0,1,0,1,0,1,2173.09756716961,0.0,25.0994024882301
1595,restaurant interior_6635.png,99.366,0.04422,0.3882,0.3786,0.07728,0.2014,0.2042,0.4454,0.4628,-2.612,0.01267,1.504,4.145,restaurant,0.3533416778296824,0.2918778268009069,0.5522718872413579,0.254277573732917,0.2063120661464944,0.1840527888956656,0.4116843240378033,0.3787251056198112,0.7674635031773173,0.2264894465046984,0.2021437093318943,0.2539764247448534,0,0,0,1,1,1,1,0,1,0,0,0,1,3103.73729654829,0.0,24.0182604311575
1596,restaurant interior_6650.png,127.256,0.08201,0.5668,0.5827,0.07458,0.2053,0.2285,0.4443,0.4451,-2.489,0.00561,1.519,3.757,restaurant,0.4551150869201306,0.2785302782324204,0.4262779617947955,0.2637408201938636,0.225401095480284,0.2240444987931643,0.3241139449343783,0.2438455749855151,0.7837132839316505,0.2636027113542794,0.1962837753788952,0.3072130987374751,0,1,1,1,0,1,1,0,0,0,0,0,1,3432.47304368193,180.811034259545,19.0884604719618
1597,restaurant interior_6666.png,94.273,0.07734,0.3647,0.6569,0.1221,0.2261,0.1993,0.4159,0.3576,-2.617,0.00497,1.44,4.356,restaurant,0.4511380972174214,0.3149499879636261,0.5790138778226559,0.3158694431320434,0.302263502180064,0.2783072522483697,0.3285626696728117,0.3346857140027697,0.7194752440475375,0.3292429118444587,0.3031563594935021,0.2963240607535533,0,1,1,1,1,1,1,0,1,0,1,0,0,2298.65217788894,295.566974519101,17.5031058022427
1598,restaurant interior_6667.png,147.173,0.06839,0.72,0.6121,0.07699,0.2681,0.2444,0.4749,0.4954,-2.667,0.01858,1.497,4.239,restaurant,0.4353581766937226,0.295352551931167,0.5771142460921033,0.2848300515876446,0.2380805293062727,0.2349030245989224,0.3669319851808954,0.2737426128650153,0.7889634408304151,0.2644654468179574,0.1945048144781247,0.2876674678331608,0,1,0,1,0,1,1,0,1,0,0,0,1,2409.70085286254,0.0,16.293814451966
1599,restaurant interior_6669.png,121.803,0.03093,0.4045,0.42,0.128,0.2103,0.2477,0.4111,0.4096,-2.588,0.01361,1.483,4.116,restaurant,0.3006880165243444,0.2878485542439383,0.4740977756108101,0.2806819375514096,0.1969594676866263,0.2042878994471476,0.4417598014052777,0.3559470031086114,0.7737190791625689,0.2822331115366019,0.2290360910497327,0.2535350633647973,0,0,0,1,0,1,1,0,1,0,0,0,1,2908.80909254438,206.900789575028,5.6829485129982
1600,restaurant interior_6684.png,156.347,0.05693,0.6958,0.4765,0.0604,0.2605,0.2984,0.529,0.4014,-2.727,0.02043,1.429,3.705,restaurant,0.4148754445782489,0.2945791326199551,0.597721569147359,0.2442099684043119,0.2122855014205149,0.1920054748863179,0.3013401892944836,0.2919798229430373,0.7493921393077506,0.3052671779978402,0.2289323103655272,0.238504915308238,0,0,0,1,0,1,1,0,0,0,0,0,1,2601.67590872982,163.164301101245,19.0121511914526
1601,restaurant interior_6688.png,128.898,0.04972,0.6877,0.4479,0.06925,0.2734,0.3006,0.4445,0.4368,-2.641,0.006862,1.463,4.153,restaurant,0.4149922689119592,0.2892773282700214,0.4297554781759434,0.2704431753650655,0.2465332585774687,0.2357481171655974,0.3074369070856039,0.2329713158919888,0.7200922027760699,0.2589169283965032,0.2253875611000551,0.3096566980642412,0,1,0,1,0,1,0,1,0,0,1,0,1,2442.28000352446,583.366969271531,18.5569422980032
1602,restaurant interior_6700.png,124.363,0.09017,0.3398,0.4392,0.0924,0.222,0.1874,0.4406,0.2706,-2.758,0.02528,1.54,4.185,restaurant,0.4646029923774522,0.251173036360617,0.6001126775319041,0.2394851434331285,0.1999419563480987,0.2140672492250274,0.258076294361052,0.1955900297707228,0.7583368544933741,0.2637735296874294,0.2517350998674292,0.2360520548620634,0,1,0,1,0,1,1,1,0,0,0,0,1,2132.54280334293,201.134140754864,31.2237734405958
1603,restaurant interior_6708.png,126.714,0.2711,0.1833,0.5082,0.4125,0.1374,0.2667,0.484,0.3909,-2.716,0.0208,1.395,3.731,restaurant,0.451334505008542,0.2815045763385543,0.510053564784071,0.2696201422682212,0.2326189904187689,0.2203769462770008,0.3397233040032537,0.2149420741624318,0.7491640124653012,0.2739089078772719,0.2157276932618625,0.3368195668150858,0,1,1,1,1,1,1,1,1,0,0,0,1,2974.88462245834,327.722856606248,21.9098085102219
1604,restaurant interior_6731.png,161.085,0.05423,0.6706,0.4872,0.0523,0.2335,0.294,0.4686,0.47,-2.695,0.006616,1.489,3.995,restaurant,0.387074043848191,0.3168017202544195,0.4666255531041067,0.3099128169559785,0.2523052291889279,0.2401283465540902,0.3810044512242194,0.2662659914481096,0.7840921686446277,0.2274026900385851,0.2160714492550178,0.2765278822162765,0,1,0,1,0,1,1,0,1,0,1,0,1,2792.80922785003,0.0,34.5257232749312
1605,restaurant interior_6741.png,110.348,0.1403,0.3248,0.4615,0.1731,0.2135,0.2526,0.4118,0.3716,-2.604,0.005245,1.359,4.165,restaurant,0.4083236791491449,0.2187102456079994,0.4569506606435578,0.2085505859359318,0.1824452293892513,0.158571485415367,0.3335821087247322,0.2139003236948902,0.6672163025884101,0.1824625838674607,0.2425149789585959,0.2231661253060218,0,1,0,1,1,1,0,1,1,0,0,0,1,3212.86964242995,337.65497917059,16.4247718112607
1606,restaurant interior_6761.png,73.819,0.02473,0.5745,0.5356,0.09234,0.2191,0.2894,0.4543,0.3923,-2.809,0.008824,1.275,3.767,restaurant,0.3912717748097324,0.2676845711014658,0.3996947304604329,0.2732003132839213,0.2326657877191271,0.1787940721670508,0.2809745401866999,0.2740716073238223,0.750731284742145,0.2124771778231267,0.2438544055428949,0.1874708855105164,0,0,1,1,1,0,1,0,0,0,0,1,0,2749.73281068643,538.427505459058,35.2999032863575
1607,restaurant interior_6781.png,110.735,0.06971,0.7051,0.2619,0.02591,0.1613,0.1836,0.5393,0.5307,-2.199,0.01529,1.619,4.2,restaurant,0.3206470753560878,0.2936772661922012,0.4621465192827459,0.2752720883986061,0.2218105647218917,0.226462266071266,0.3950149647256954,0.3641733266117437,0.76937748038474,0.2617144681641376,0.2247481752064527,0.245438311955285,0,1,0,1,0,1,1,1,0,0,0,0,0,2128.22638217913,350.995923570133,19.701110911892
1608,restaurant interior_6796.png,113.954,0.05407,0.8344,0.4404,0.0625,0.2972,0.2644,0.478,0.3761,-2.735,0.02346,1.405,3.574,restaurant,0.4975726930310831,0.2872954763406326,0.5172354997098432,0.2766578442759688,0.2582591484160032,0.2339783411138841,0.3209375033549581,0.1989035018917139,0.6891868992742187,0.3041177614317236,0.2934929924909422,0.2794666577291977,0,1,1,1,1,1,1,0,1,0,1,0,0,4181.02157897668,159.090882779201,15.0540167266516
1609,restaurant interior_6797.png,127.46,0.0706,0.6958,0.3338,0.08902,0.2357,0.2706,0.5354,0.4527,-2.221,0.005717,1.541,4.152,restaurant,0.3159198181827194,0.2668695625348423,0.4199599222957932,0.2331416736882719,0.1926812273040634,0.1872617984812443,0.2853486927792994,0.2286913306436511,0.7029105648017975,0.1880940930082597,0.2288602406162979,0.2348976394972792,0,1,1,1,1,1,1,0,1,0,0,0,0,4022.36741140897,159.869421069273,23.7525790705748
1610,restaurant interior_6806.png,108.347,0.03112,0.2297,0.3222,0.1738,0.198,0.2413,0.4355,0.4462,-2.575,0.009442,1.381,4.124,restaurant,0.3947044580866887,0.278475554187105,0.5297279160706778,0.2819942710843655,0.2336106645343523,0.2317456389171161,0.4070285936957737,0.3109360178967321,0.715905953854557,0.2388784396792929,0.2447650172939818,0.2900771162441773,0,1,1,1,0,1,1,1,1,1,0,0,1,2431.0383578854,0.0,10.3620248926032
1611,restaurant interior_6807.png,122.072,0.05924,0.8105,0.459,0.04956,0.2235,0.3043,0.465,0.3779,-2.669,0.01369,1.439,4.278,restaurant,0.3439709874666772,0.3120375227043136,0.4615077312396552,0.2796873889264685,0.2400315200439004,0.2191113894548726,0.3728934796440783,0.2863978267709059,0.7674919518716895,0.2606226431863306,0.2280019039751434,0.2646638588453246,0,1,1,1,0,0,0,1,1,0,0,0,0,2473.95130626394,201.148656114913,14.924359994964
1612,restaurant interior_6808.png,145.245,0.009001,0.3581,0.3721,0.2067,0.2888,0.2445,0.4562,0.4213,-2.47,0.01152,1.514,3.991,restaurant,0.4914548500500839,0.2940538628615847,0.4897476569404257,0.2783552806976615,0.2462954651643749,0.2196221202489854,0.4161966211808863,0.334403962155066,0.7096675939050329,0.2352812785155599,0.225013385353597,0.297196898123665,0,1,1,1,0,1,1,0,1,1,0,0,1,3101.49171022963,0.0,23.8660294579783
1613,restaurant interior_6810.png,149.674,0.05045,0.664,0.4341,0.1034,0.28,0.2856,0.4534,0.4624,-2.69,0.01306,1.488,4.141,restaurant,0.4326182412402349,0.318903171882885,0.5585203698290184,0.277205002494448,0.2379181163788269,0.2193511811649079,0.3937200505774992,0.2898842797906281,0.8026923720990279,0.2313387577105057,0.1901581360517523,0.2664305964976603,0,1,1,1,0,1,1,0,0,1,1,0,1,3329.19394159812,123.099680811537,10.8148956298115
1614,restaurant interior_6811.png,132.044,0.0351,0.6807,0.3599,0.06664,0.2521,0.2834,0.4627,0.4687,-2.625,0.01211,1.505,4.219,restaurant,0.3840547740855626,0.3207658425225196,0.5582155430010393,0.2798692469500578,0.2388735665283547,0.2123498300339575,0.3526962106870988,0.2906745501787307,0.7018556837967889,0.2127732048067834,0.2450721552383871,0.2925827201096113,0,1,0,1,0,1,0,1,1,0,0,0,1,3166.66063339332,160.396911309323,24.2533809622595
1615,restaurant interior_6818.png,128.056,0.07503,0.421,0.485,0.08497,0.2925,0.2867,0.4319,0.4048,-2.941,0.008981,1.363,3.929,restaurant,0.4184846640722068,0.2671310603258651,0.5666464112496578,0.2693358079593114,0.2136438090042022,0.2081520604795594,0.3101494831173836,0.2394629588376546,0.7553786975774751,0.2789650304821935,0.2548995375950378,0.2506777121003559,0,0,1,1,0,1,0,0,0,1,0,0,0,2807.07916034726,0.0,25.2187443223577
1616,restaurant interior_6820.png,128.555,0.0509,0.3865,0.5091,0.1113,0.3403,0.2648,0.3894,0.39,-2.835,0.01158,1.276,3.959,restaurant,0.4402144566076341,0.281822047009461,0.5373284053234598,0.2792328401676749,0.2356731004834414,0.2369142371741027,0.380599066935803,0.3083294336971059,0.7550984079524863,0.2613966539613414,0.2359085907599984,0.2809696147854983,0,1,1,1,0,1,0,0,1,0,0,0,1,2876.83215097482,930.82641362118,10.987439343218
1617,restaurant interior_6821.png,116.762,0.05535,0.2124,0.349,0.1792,0.1566,0.2362,0.4006,0.4121,-2.617,0.01173,1.407,3.945,restaurant,0.3733457607290891,0.2615361684290239,0.4095481369790802,0.2859223534808049,0.2104009079423127,0.20474672197275,0.3827974546030869,0.2605088600024823,0.6996343700682981,0.2735826744846679,0.2564006123413925,0.2712601173722986,0,1,1,1,0,1,1,0,1,0,0,0,1,3265.13438814941,381.579769610774,8.69328862417732
1618,restaurant interior_6824.png,104.667,0.06311,0.5464,0.3878,0.0839,0.2765,0.3016,0.3802,0.4122,-2.974,0.007783,1.331,4.099,restaurant,0.4756088067948995,0.3112963732315565,0.612578873654499,0.29157593712115,0.2528549171548956,0.2289259863057124,0.2864349960044188,0.2313765425722508,0.7191431513178087,0.2949127444424006,0.263854857485713,0.2857794581847169,0,1,0,1,0,1,1,1,0,0,0,0,1,4027.66600514639,260.310789553376,12.0994335287895
1619,restaurant interior_6829.png,91.938,0.07144,0.6288,0.3813,0.05949,0.3419,0.2919,0.3456,0.3135,-2.682,0.02032,1.365,4.175,restaurant,0.4006684721395607,0.2825992016884009,0.5021996363854113,0.2709340974874751,0.225975839031083,0.2196906451154093,0.2786286784262007,0.2227038178060671,0.7574648930271765,0.245289124196185,0.215699394377035,0.2389262558395087,0,0,0,1,1,1,1,0,0,0,1,0,1,2575.47646621522,0.0,7.80896855189479
1620,restaurant interior_6833.png,128.606,0.06852,0.4083,0.487,0.07751,0.2507,0.2658,0.6207,0.364,-2.942,0.009145,1.329,3.762,restaurant,0.4406480473793144,0.273888655772735,0.576085683765459,0.2947533917705291,0.2374420088535165,0.2214786029673528,0.3127809927157698,0.2448070189046167,0.777760394574324,0.282748978088953,0.2527020148556547,0.2476098470726157,0,0,1,1,0,1,0,0,0,1,0,0,0,2630.24183313715,0.0,13.0389516564957
1621,restaurant interior_6834.png,83.26,0.0285,0.871,0.2708,0.04587,0.2419,0.2228,0.4415,0.3593,-2.85,0.02851,1.401,3.48,restaurant,0.3897559484654908,0.2826514912345414,0.4936618642082447,0.2540275789029222,0.2134292110016328,0.185120460810799,0.290433432297948,0.1995986962172429,0.7609327212036979,0.2186029687009163,0.2069731171426049,0.2470918136414613,0,1,1,1,1,1,1,1,1,0,0,0,0,4085.56244280674,320.907931915491,23.8317921189569
1622,restaurant interior_6843.png,137.361,0.02175,0.2231,0.3792,0.1831,0.1872,0.2954,0.4465,0.4779,-2.736,0.01266,1.403,3.886,restaurant,0.4711743970036137,0.2853866820550966,0.4686881096269388,0.2618516800443875,0.2397981469515204,0.2334551881730593,0.3479613639694723,0.2189760526480266,0.7721698463636117,0.2152674472720859,0.1896021143176695,0.2891252925596759,0,1,0,1,0,1,1,1,1,1,0,0,0,3496.25764928403,0.0,19.7696118333434
1623,restaurant interior_6849.png,153.118,0.05966,0.3294,0.4944,0.1469,0.3382,0.3003,0.4155,0.4036,-2.723,0.01891,1.338,4.014,restaurant,0.4957972327377618,0.2823419299093194,0.5436247639291036,0.2694385171386755,0.2497288283815033,0.2266385491030735,0.3812222967044317,0.2619874328268089,0.728245358585733,0.247037366711502,0.2612396802621108,0.2782843106478254,0,0,1,1,0,1,1,0,1,0,0,0,1,3372.20515261708,142.341319814964,22.8132711014424
1624,restaurant interior_6851.png,141.863,0.001615,0.7118,0.3747,0.1018,0.3591,0.3223,0.4094,0.463,-2.718,0.01793,1.463,3.904,restaurant,0.4082411710320573,0.2965561090396702,0.4939248336367958,0.2663507200029613,0.2117272769672232,0.1902559301547704,0.3559578200445135,0.2067964990901172,0.786487222126896,0.2175795122758816,0.1941962755590583,0.2637258932684337,0,1,1,1,0,1,0,1,1,0,0,0,1,3089.89250660759,0.0,21.8009984906129
1625,restaurant interior_6852.png,183.254,0.1351,0.1843,0.4347,0.2719,0.2083,0.3467,0.4802,0.4127,-2.675,0.01156,1.455,3.958,restaurant,0.5324257026655688,0.3061303173704724,0.6012981088720536,0.2830837690255375,0.2772567648705977,0.2678813542356513,0.3963587560667561,0.28940703127617,0.6728932568765715,0.2384894373708291,0.2411379408798494,0.341618373297788,0,1,0,1,0,1,0,0,0,0,0,0,0,3075.38172082403,0.0,28.3574692302634
1626,restaurant interior_6857.png,128.991,0.05617,0.5409,0.3735,0.08128,0.2474,0.2942,0.4372,0.4796,-2.752,0.009778,1.531,4.095,restaurant,0.4623797033802505,0.2928415370654978,0.5392425486864664,0.2753690543660562,0.2510891461638806,0.2251623432348995,0.277321646657975,0.2005284941080694,0.6237102480041685,0.2368513768161413,0.291431214038686,0.3215249467253065,0,1,0,1,1,1,0,0,0,0,1,0,0,3469.65177117848,499.838782258092,17.6920511490007
1627,restaurant interior_6865.png,81.901,0.05344,0.3277,0.4624,0.1427,0.2502,0.1803,0.4137,0.4178,-2.463,0.007103,1.312,4.211,restaurant,0.4403168858706608,0.279910773894002,0.5060048605893256,0.2698090179083983,0.2402083767112297,0.2368651602915513,0.3591318230870158,0.2838512463273651,0.8035835649908112,0.2758444333870952,0.1989842559991827,0.2842793785076612,0,1,1,1,0,1,0,1,1,0,1,0,1,2014.25256902592,0.0,19.2914428915866
1628,restaurant interior_6874.png,134.799,0.1046,0.3517,0.3213,0.1646,0.2381,0.201,0.5872,0.346,-2.335,0.02003,1.658,3.998,restaurant,0.3899220878939483,0.2976136283877578,0.4152432873623587,0.2743588599227629,0.2467356449189371,0.2389880537262717,0.377484828559514,0.3495584088058613,0.6281482204710964,0.2628240400641808,0.3098879074376574,0.2839418640231674,0,1,0,0,0,1,0,1,1,1,0,0,0,3034.31427888464,284.183673369474,27.4362760677629
1629,restaurant interior_6879.png,137.107,0.02252,0.3258,0.4389,0.1802,0.2563,0.2822,0.3882,0.3897,-2.683,0.02434,1.434,3.762,restaurant,0.5027998809714306,0.2920697704017123,0.5418853448165722,0.2832148032044936,0.2473314192231028,0.2468948887174981,0.3801126247581787,0.2962565429261753,0.7831564162337661,0.241246680150243,0.2162017425074267,0.282651857453768,0,1,1,1,0,1,1,0,1,0,0,0,1,3846.71614619869,148.664553264265,13.9480316958682
1630,restaurant interior_6881.png,124.756,0.1032,0.2594,0.4607,0.2235,0.1497,0.2528,0.465,0.4378,-2.779,0.008069,1.389,3.921,restaurant,0.2539460703722844,0.2667577605856072,0.3085970461970904,0.2942049911959055,0.2118399560076556,0.207713326238935,0.4684659558850432,0.4316240800309379,0.6755869567639493,0.2531429731433412,0.275951213999807,0.2594015218796842,0,0,1,0,1,0,0,0,1,0,0,0,0,2683.47849740889,767.607445811177,17.8734261753997
1631,restaurant interior_6882.png,120.267,0.07103,0.3506,0.6205,0.1335,0.256,0.2878,0.3905,0.3744,-2.714,0.01255,1.363,4.007,restaurant,0.422625295874928,0.2531558115903042,0.4610174926890554,0.2664801280420074,0.1956073431526453,0.2073115580323345,0.3664414074813936,0.2731396906335213,0.8095420988402648,0.2099366670343392,0.1918423936774066,0.2369208718759966,0,1,1,1,0,1,1,0,1,1,0,0,0,3274.43657111117,0.0,13.9226866428633
1632,restaurant interior_6888.png,157.835,0.2827,0.324,0.3247,0.2863,0.237,0.2478,0.5325,0.4982,-2.488,0.03598,1.494,3.763,restaurant,0.420938668098248,0.2882081263920995,0.4863725118448494,0.2681035162553275,0.2826708301960133,0.2488155324985518,0.4486807763545598,0.3688637355048174,0.7514771781361244,0.2009086214816611,0.2003237652143768,0.2944777679050059,0,1,1,1,0,1,1,0,0,0,0,0,0,2846.02619115475,0.0,17.6531566172112
1633,restaurant interior_6892.png,103.467,0.06411,0.3734,0.4056,0.1731,0.2451,0.29,0.3909,0.4372,-2.821,0.008992,1.366,3.92,restaurant,0.379801585023587,0.2523353814411436,0.4249133098521677,0.2500779037384018,0.2261066462375965,0.2400356980225212,0.2839023880898305,0.2350821574764509,0.7111318408530315,0.2554081230319808,0.2177269391289513,0.3269653633277669,0,1,1,1,0,1,1,0,0,0,1,0,0,3414.82029398179,0.0,13.4839796363087
1634,restaurant interior_6896.png,85.379,0.05128,0.2604,0.3712,0.1804,0.1727,0.2099,0.4923,0.4259,-2.694,0.01442,1.433,3.824,restaurant,0.3677572096522486,0.2634065926543468,0.4525706291528253,0.2754922219135331,0.1966683833361939,0.1935756442087059,0.4119325758021043,0.3349187271952968,0.7807384027613498,0.2318034220556205,0.2078302611233765,0.226087903876862,0,0,1,1,0,1,0,0,1,0,0,0,0,3373.51962363431,0.0,20.4843247370826
1635,restaurant interior_6897.png,121.819,0.06956,0.3549,0.3126,0.1901,0.2485,0.2183,0.4766,0.4594,-2.42,0.0141,1.578,4.157,restaurant,0.3514476491172562,0.2492087945101965,0.4770927085475548,0.2484219686937403,0.2251627686083159,0.228394447467819,0.2944776482457444,0.2792805767480744,0.6054602997584249,0.2115425429872814,0.3274903923856552,0.2768380859989557,0,0,0,1,1,1,0,1,1,0,0,0,0,1929.66134973407,167.037614008318,28.20818163854
1636,restaurant interior_6904.png,101.715,0.03546,0.3562,0.3498,0.1416,0.2012,0.2183,0.4266,0.4225,-2.642,0.008064,1.467,4.069,restaurant,0.5350213748633185,0.3094443461514991,0.6417399561788824,0.2835465473644452,0.2475811814677166,0.2263213390752886,0.3673169536612494,0.2751840022056963,0.7520199194346184,0.284652996695415,0.2520409074001883,0.2854155934154843,0,1,1,1,0,1,0,0,1,0,1,0,0,3668.76638694569,0.0,26.4669739476456
1637,restaurant interior_6916.png,142.893,0.03392,0.2921,0.4429,0.2604,0.2052,0.2626,0.4827,0.4625,-2.535,0.00758,1.496,4.292,restaurant,0.3617397934261492,0.2718872222775186,0.5091480371137806,0.2899511807010654,0.2119285564346744,0.2374481546003109,0.4323268138275165,0.3327306914374008,0.7690510186422076,0.2376961092672485,0.2135951211750638,0.2607273217215912,0,1,1,1,0,1,1,0,1,0,0,0,0,2783.20275714734,0.0,26.7107278678768
1638,restaurant interior_6923.png,112.829,0.07295,0.4772,0.3945,0.1371,0.2836,0.2722,0.4613,0.4254,-2.784,0.01011,1.355,4.17,restaurant,0.4795699812507207,0.2875795291950015,0.52159513544385,0.2868883891383042,0.2655533340602649,0.2480871862037736,0.3880831992373757,0.2673468331087826,0.726231245516408,0.2940109956375856,0.2658819500691527,0.2908335102667136,0,0,0,1,0,1,1,0,0,0,0,0,0,3487.45236267077,0.0,11.0982705412161
1639,restaurant interior_6925.png,145.327,0.1628,0.2708,0.398,0.2098,0.2155,0.2364,0.4458,0.5014,-2.411,0.0284,1.518,4.063,restaurant,0.4212139400744001,0.2663653852220672,0.40598033738396,0.2597745266780615,0.2357436690017066,0.2346962796502622,0.3598175077232566,0.2684881285994274,0.6727357775190267,0.2047094872141023,0.2602977284539739,0.2876437347236454,0,1,1,1,1,1,1,0,1,0,0,1,1,2972.48415175104,0.0,22.4007887216964
1640,restaurant interior_6928.png,164.653,0.1952,0.3115,0.372,0.2659,0.2342,0.2261,0.5202,0.5197,-2.583,0.01239,1.58,4.119,restaurant,0.3440915569969912,0.2837134551933221,0.487211504430278,0.2759876441533278,0.2708996583308818,0.2437161686644118,0.4686903736600272,0.4154735599772468,0.7114612244287023,0.1937844309744802,0.2026499920366966,0.3215083078314575,0,1,0,1,0,1,1,0,1,0,0,1,0,2748.37503326414,0.0,12.0382787832428
1641,restaurant interior_6952.png,80.887,0.08056,0.4295,0.304,0.03349,0.1335,0.217,0.3907,0.3134,-2.887,0.01123,1.313,3.699,restaurant,0.4707627865265516,0.2694725755860517,0.4775623056775959,0.2747116737329598,0.2114445369425803,0.2121198802969997,0.3121786345810901,0.189791713542186,0.7883286751509587,0.2313279807687197,0.1822248074191909,0.265034233357261,0,1,0,1,0,1,0,0,0,0,0,1,1,1304.77556749141,0.0,19.1221910230352
1642,restaurant interior_6974.png,85.303,0.9868,0.4987,0.3083,0.1656,0.1934,0.1925,0.4175,0.4364,-2.605,0.005725,1.519,4.222,restaurant,0.4341059642941652,0.3234875269072143,0.4767481601338678,0.2806066761487229,0.2566763401336211,0.2593201993788566,0.3071809921735339,0.2476337212970503,0.7979126326216172,0.2580600592779465,0.1927809388198101,0.2990511423314879,0,1,1,1,1,1,1,1,0,0,0,0,0,2702.62093934289,401.199976168983,14.8729405795487
1643,restaurant interior_6982.png,129.927,0.08388,0.5389,0.5197,0.1751,0.22,0.2325,0.4087,0.4522,-2.711,0.01422,1.462,3.794,restaurant,0.4766816326470244,0.3283358181978507,0.5468436550897131,0.263547992833694,0.2665774441733865,0.2341075986414227,0.3587439868588737,0.3558843880646535,0.7892412845366107,0.2223109091651093,0.1758811359717408,0.2866572129170435,0,1,0,1,0,1,0,0,0,0,0,0,0,3441.1373310084,0.0,15.2526706768624
1644,restaurant interior_6986.png,152.985,0.07023,0.4066,0.4457,0.1638,0.2179,0.2483,0.4927,0.5118,-2.568,0.0114,1.545,4.133,restaurant,0.3115495618817546,0.2796706352497276,0.510955196869346,0.2583458521937123,0.2127591174771117,0.2132256490531718,0.406145229685128,0.407042065595449,0.752336460569933,0.2202156204539383,0.2056655585021232,0.2690062809918834,0,1,0,1,0,1,0,0,1,0,0,0,0,3392.72210861435,0.0,17.2132954800592
1645,restaurant interior_6989.png,106.039,0.07095,0.825,0.5437,0.0354,0.1702,0.254,0.4726,0.4579,-2.736,0.009234,1.346,4.251,restaurant,0.4437746736385751,0.2933314505009803,0.6169459430704319,0.2845120510921767,0.2455529453712293,0.2188908050132619,0.3395977513939832,0.2929239928379966,0.74799641823547,0.2982889556286366,0.2530871045195587,0.2671196862439433,0,0,1,1,0,1,0,0,1,0,1,0,1,4175.05437478946,0.0,11.0267793333947
1646,restaurant interior_6991.png,119.252,0.04316,0.4525,0.5267,0.1218,0.2399,0.2668,0.4389,0.4135,-2.894,0.004705,1.372,3.999,restaurant,0.4212041187054847,0.302867576185637,0.479974855628797,0.2764216858780037,0.2622295631248948,0.2521592422557241,0.3228305199690842,0.2314944102678246,0.7464767101027778,0.2550298083850629,0.2121521493017114,0.3316906475633324,0,1,0,1,0,0,0,0,0,0,1,0,1,2830.63696778201,0.0,8.40352763202519
1647,restaurant interior_6994.png,86.484,0.0152,0.1381,0.5082,0.2597,0.1147,0.2046,0.4704,0.4466,-2.743,0.01552,1.321,3.911,restaurant,0.4901912258097002,0.2920612890012158,0.5328932173976159,0.2693294727405492,0.2370831418528396,0.2434480248312372,0.3456958803113905,0.2173622698342892,0.8023109780495787,0.2455673379741336,0.1995505686789103,0.2697875646054982,0,1,1,1,0,1,0,1,0,0,0,0,1,2749.93079229062,0.0,20.9662377792857
1648,restaurant interior_7010.png,117.974,0.008806,0.6316,0.2924,0.1271,0.2846,0.2106,0.5075,0.4819,-2.715,0.01806,1.554,4.154,restaurant,0.4719182599902408,0.3116667250704645,0.5798705622447075,0.275099996218942,0.2471422928259898,0.2377877038944041,0.3617833727451546,0.2547549582498981,0.7787978988607323,0.2734079469991297,0.2124934156214207,0.2894357502973377,0,1,0,1,0,1,1,0,0,0,0,0,1,2867.26259832883,0.0,19.0022658840452
1649,restaurant interior_7013.png,108.75,0.04071,0.9399,0.3448,0.06812,0.1492,0.2372,0.4877,0.4393,-2.674,0.005614,1.559,4.137,restaurant,0.4099198896186914,0.3037373881088939,0.5350755215079128,0.2773452866375082,0.2428747230947869,0.2193651280811974,0.3105685037810417,0.2321202012195688,0.7278055065948713,0.2626916197235349,0.2248271776227807,0.3269093510880876,0,1,0,1,0,1,1,0,1,0,1,0,0,2886.49204390201,420.524044960563,10.478303172652
1650,restaurant interior_7014.png,87.623,0.04655,0.7033,0.5081,0.02662,0.2368,0.1863,0.407,0.3619,-2.696,0.003108,1.391,4.334,restaurant,0.4295035608152282,0.2489393642018927,0.5562705003823539,0.2325990391379113,0.2193418007546594,0.2060357838968751,0.2403909157048926,0.2061002499333876,0.8052744254395658,0.2663971317581026,0.2083339391102985,0.1902763183862435,0,0,1,1,0,1,1,0,1,0,1,0,0,2998.36103879692,600.857399596371,29.3009574394683
1651,restaurant interior_7022.png,88.394,0.02428,0.7349,0.4108,0.07461,0.223,0.2728,0.4348,0.4363,-2.849,0.02196,1.309,3.905,restaurant,0.433465760375101,0.3097437931096243,0.578867409253164,0.2737336984908601,0.235875750893288,0.2163492444478986,0.2823101136446785,0.2479912382200222,0.8013814307257949,0.2668640380401789,0.1878494763938116,0.2658630109220716,0,1,1,1,0,1,1,0,0,0,1,0,0,3801.43508581612,574.611793141424,15.4220892862122
1652,restaurant interior_7025.png,122.475,0.07485,0.4953,0.4713,0.1187,0.2714,0.2794,0.4559,0.408,-2.807,0.01393,1.369,3.997,restaurant,0.4161989029950688,0.2906473340088495,0.4425319372925899,0.2740978197459905,0.2473674904350667,0.2344983626997776,0.3103973360818272,0.2112136606665092,0.7729923725060901,0.2448711275940665,0.1799388897469407,0.3148379780355257,0,1,0,1,0,0,1,0,0,0,1,0,1,2452.17908825022,302.99890901875,16.075366789348
1653,restaurant interior_7026.png,147.932,0.1419,0.3463,0.5266,0.3026,0.2097,0.3137,0.4754,0.4263,-2.787,0.01688,1.414,4.129,restaurant,0.4660554846047059,0.2947931251961517,0.5559605067504507,0.2759192833891336,0.2503005821494023,0.2157418339781693,0.3233703390090601,0.2448193742833458,0.7122752546264088,0.24285098973084,0.2245335191528005,0.308141218762532,0,1,0,1,1,1,1,0,0,0,0,0,0,2562.33297301139,286.218457840656,22.3682783740647
1654,restaurant interior_7028.png,141.755,0.09583,0.5353,0.5375,0.04628,0.2517,0.2596,0.504,0.4874,-2.717,0.05278,1.452,4.028,restaurant,0.4266730400126303,0.2743928075887783,0.4586773038667593,0.2666175745260559,0.2428297185527651,0.2104837607471223,0.2907583789593346,0.309701557642608,0.7117266568353421,0.2581017053318079,0.2508897220595788,0.2844755356289978,0,1,1,1,1,1,1,0,0,0,1,0,1,3882.4604227231,0.0,11.3027423594467
1655,restaurant interior_7034.png,113.67,0.06977,0.6339,0.5343,0.1015,0.2553,0.2157,0.476,0.4618,-2.759,0.01545,1.486,3.812,restaurant,0.5684103933484861,0.2921496616601322,0.4865134923128029,0.2769638540704804,0.2754970108080539,0.2383046472453724,0.2778544556612112,0.1940924433491282,0.6724284432644622,0.3742503882395683,0.317243804556603,0.3560301446598422,0,1,1,1,0,1,1,1,0,0,1,0,1,2695.01424122932,175.833893081625,16.4338121858546
1656,restaurant interior_7043.png,146.838,0.04475,0.4303,0.4722,0.08595,0.2343,0.2415,0.4915,0.4299,-2.766,0.01785,1.497,4.112,restaurant,0.3890002587889305,0.301541565984699,0.5361421917526513,0.259459874736738,0.2427521953358274,0.2319498672517971,0.3042085266904255,0.237636967321325,0.7976933278115317,0.2291966233862844,0.2022990287710207,0.2886761720953725,0,1,0,1,1,1,0,0,0,0,0,0,0,3323.62623731154,373.670363651748,12.4186791853186
1657,restaurant interior_7045.png,113.61,0.05622,0.4473,0.6178,0.1055,0.2295,0.2657,0.4282,0.4681,-2.656,0.01535,1.397,3.869,restaurant,0.4188781408658493,0.2853502099219319,0.5316776822085186,0.2741622227449097,0.231384026239296,0.2250585101023544,0.3032493111565238,0.2839101998548557,0.7237360953809077,0.2987914534965283,0.2645115069780091,0.2896832373151865,0,1,1,1,1,1,1,0,0,0,1,0,1,3430.41301245196,559.104003921755,28.8294040885693
1658,restaurant interior_7049.png,129.661,0.9917,0.2961,0.325,0.2493,0.2791,0.2694,0.4349,0.4251,-2.62,0.01025,1.424,4.19,restaurant,0.4549889546408193,0.3091983764446183,0.5409778590553114,0.3079325683567708,0.2412776502321682,0.2354794519660642,0.3602851616703078,0.2755775335916859,0.7302558513377175,0.267864927548866,0.2466195348849247,0.3152640274881725,0,1,1,1,1,1,0,1,1,0,0,0,1,2364.00466817023,344.974593414511,20.916923509708
1659,restaurant interior_7059.png,141.738,0.1121,0.2372,0.4447,0.1974,0.2129,0.2548,0.3895,0.421,-2.641,0.01158,1.449,3.681,restaurant,0.4695679980670399,0.2777745045698897,0.4899645010241384,0.2851428947134949,0.2435771375955328,0.2415981349510351,0.2989044928241848,0.2669283670949015,0.6989537098441352,0.2320605923000072,0.2304421283527267,0.3343055477812384,0,1,1,1,0,1,0,0,1,0,1,0,1,4261.89394598189,0.0,15.3750003886342
1660,restaurant interior_7069.png,152.933,0.05051,0.4656,0.5251,0.07299,0.3794,0.3025,0.4121,0.4374,-2.8,0.008386,1.482,3.645,restaurant,0.3440643132194216,0.290331985111273,0.4368687840614075,0.2897268848615775,0.211386191156658,0.2216255102894868,0.3714620740634564,0.3295552025834741,0.7357302048805083,0.2623231227080321,0.2357405579577009,0.2701773787575149,0,1,1,1,0,1,1,0,1,0,1,0,1,3407.66675616076,0.0,15.3415020251544
1661,restaurant interior_7087.png,114.813,0.9513,0.4459,0.261,0.2789,0.275,0.3013,0.3739,0.4205,-2.573,0.01913,1.365,3.936,restaurant,0.4230446526747941,0.2986111344319144,0.4987466325694765,0.273492335354266,0.2483546591055024,0.2436414694451007,0.3535389247548682,0.2600886967016757,0.7596120335413774,0.2551409509922365,0.2028136204517814,0.2839851967202109,0,1,0,1,1,1,0,0,1,0,0,0,1,4170.43404957345,418.110213806938,26.7630254581584
1662,restaurant interior_7093.png,119.799,0.09899,0.5199,0.3455,0.1582,0.2148,0.2292,0.4895,0.4576,-2.609,0.01334,1.447,4.205,restaurant,0.2642168686478724,0.2632192336719526,0.3891789387437968,0.2708670792469129,0.2038377209892497,0.1991307133749605,0.5019685334995474,0.4148508754637061,0.7792817244850452,0.2452026984427956,0.2260704504173332,0.2125827642026183,0,1,1,1,0,1,1,0,1,0,0,0,1,2511.05152378384,137.344241675806,21.6816232221531
1663,restaurant interior_7097.png,108.019,0.04738,0.8406,0.4116,0.04739,0.2264,0.2309,0.4343,0.4815,-2.758,0.01158,1.497,3.694,restaurant,0.358023705848569,0.2685978988802082,0.3866580538056847,0.2586802755425108,0.2489387770904625,0.235640657369511,0.2569800147652414,0.2275527133243579,0.70314340191958,0.2468792468827682,0.2552646270119943,0.3268699743814448,0,1,0,1,0,1,0,0,1,0,0,0,0,3806.0422957896,550.346107572445,19.4859455804251
1664,restaurant interior_7136.png,148.732,0.06557,0.6827,0.3793,0.1015,0.2924,0.2291,0.5343,0.5511,-2.31,0.009632,1.678,3.985,restaurant,0.2952291058334874,0.2884022128307373,0.447045259668724,0.2458453923192542,0.2037451602449821,0.2041315734445368,0.3809051558847233,0.3565287853277075,0.7446223040294896,0.2386862858354252,0.2101251701818987,0.2728360598437273,0,1,0,1,1,1,1,0,1,0,1,0,0,2650.56742783772,669.034716951146,15.9641818203921
1665,restaurant interior_7174.png,112.96,0.1103,0.3754,0.6058,0.1025,0.2738,0.181,0.4292,0.4309,-2.675,0.02118,1.47,3.775,restaurant,0.3946191643067915,0.2590920716948513,0.3513003355414907,0.2649412542074297,0.2224848796532268,0.2202072700640538,0.3763204316706793,0.2716675040253349,0.7592830252430366,0.2152364729689299,0.2131927922736478,0.2402279398921206,0,1,1,1,0,1,1,0,0,0,0,0,1,2970.11535444317,0.0,4.03695549635793
1666,restaurant_5519.png,226.207,0.9934,0.3123,0.6402,0.1997,0.3163,0.272,0.5794,0.4722,-2.49,0.02248,1.566,3.359,restaurant,0.5489290374145676,0.2642213220713837,0.5481195917473538,0.2646900607195547,0.2452769534574337,0.217771317651036,0.3081051247494429,0.2488836637412266,0.6464328107820457,0.2378718115533922,0.2448990699851375,0.3497174021939505,0,1,0,1,1,1,0,0,0,0,0,0,1,3927.20634246191,0.0,21.0901710864372
1667,restaurant_5533.png,110.023,0.05785,0.6371,0.4937,0.06185,0.2584,0.2077,0.5346,0.5136,-2.734,0.007338,1.418,4.235,restaurant,0.4232819823954137,0.3155503128638217,0.6498437950148167,0.3015753007647928,0.269753152322317,0.2636604897074792,0.342521230464288,0.2968635978524478,0.7519322750389941,0.3494232948691794,0.2505326162083802,0.300817930740336,0,1,1,1,0,1,1,0,0,0,0,0,1,2254.50778583709,245.141877672705,18.7082212582082
1668,restaurant_5535.png,119.291,0.06717,0.5051,0.4105,0.05278,0.2022,0.2726,0.4373,0.4093,-2.634,0.01199,1.379,3.994,restaurant,0.4366436534666177,0.2921278030669783,0.55231875442003,0.2554747053854083,0.2258822115404069,0.2075526475627576,0.3087702320768285,0.3175118513161875,0.7000943148035939,0.2494140398708706,0.2288769266887435,0.3445021637627165,0,1,0,1,0,1,1,0,1,0,0,0,1,3647.32681119793,329.133849798225,11.9940719308381
1669,restaurant_5536.png,176.318,0.1241,0.5634,0.5077,0.05099,0.2707,0.2578,0.681,0.5345,-2.696,0.01042,1.533,4.1,restaurant,0.2867338162258467,0.2544764980217823,0.5479238002910024,0.2432425705679799,0.227977452073141,0.2160882694372137,0.3241239734209711,0.3319444278000436,0.7420071976448798,0.1951705470004029,0.2077452116744739,0.2885941595428708,0,0,0,1,1,1,0,0,1,0,1,0,1,2555.43910188547,433.731899595662,10.088179669511
1670,restaurant_5542.png,99.497,0.09658,0.6942,0.4221,0.03086,0.2142,0.2038,0.48,0.4189,-2.735,0.008433,1.372,4.101,restaurant,0.4265063412116448,0.2759379253346093,0.5915087786533825,0.2676735408560274,0.2237972732290801,0.2136561240220868,0.324023041463424,0.3029778383234314,0.8353178964070341,0.2840497396599039,0.1813169802112964,0.2533581581286492,0,0,0,1,1,1,1,0,1,0,1,0,1,3033.13197554474,595.21389524522,14.017152489053
1671,restaurant_5543.png,129.348,0.09321,0.6848,0.6912,0.07336,0.3325,0.2665,0.4643,0.4826,-2.574,0.01064,1.504,4.033,restaurant,0.4405694714668615,0.3068937746452871,0.4472455201040075,0.3096174931805592,0.2861837347838533,0.2792211424282743,0.3368957658356123,0.2793478519921343,0.7547638295232473,0.2454709874222877,0.2220301745765976,0.2863095734874119,0,1,0,1,1,1,0,0,1,1,1,0,1,2534.5564569754,0.0,16.0033348092266
1672,restaurant_5544.png,132.915,0.118,0.3021,0.5482,0.1531,0.1854,0.2426,0.4639,0.4592,-2.712,0.01783,1.419,4.176,restaurant,0.4493418037171084,0.2870418111928837,0.540149887459967,0.2661924854731299,0.2614801275596956,0.2325926879242084,0.3287167647331168,0.2681079288151967,0.7607623133626414,0.2095257649510601,0.2080306802117891,0.2777485346277736,0,1,1,1,1,1,1,0,1,0,0,0,0,3245.50977689453,0.0,16.727581681509
1673,restaurant_5547.png,110.161,0.09094,0.6202,0.7512,0.03291,0.2481,0.1793,0.4906,0.4712,-2.458,0.01052,1.472,4.263,restaurant,0.4209489322551383,0.3205907345481154,0.5307420852355217,0.2975829268429465,0.3155125721853654,0.2860979750483423,0.3107691833883914,0.3317776069893881,0.7525304211662046,0.2782675070416124,0.2553827483231328,0.3044779795788557,0,1,1,1,0,1,1,0,1,1,1,0,0,2307.25679206591,0.0,25.2104661329008
1674,restaurant_5548.png,99.754,0.07959,0.3349,0.2641,0.08813,0.2022,0.2521,0.4002,0.4063,-2.869,0.00775,1.312,4.096,restaurant,0.3853555301318097,0.2749225564755984,0.4943254647142949,0.2539314971424107,0.2121946654979521,0.2030876132721255,0.4592262905137306,0.3158780185971274,0.707779896103582,0.2466817483872491,0.2474137257047618,0.2689261100958977,0,1,1,1,1,1,1,0,1,0,0,0,0,3183.23270806896,0.0,19.1344907647388
1675,restaurant_5549.png,134.476,0.06864,0.5011,0.51,0.1043,0.2243,0.2404,0.5157,0.5211,-2.568,0.0164,1.493,4.194,restaurant,0.3765464418483427,0.3010788459491502,0.5485848806268554,0.2807554004866088,0.2467905872937611,0.2352242462510659,0.3227320194523223,0.3163250308435297,0.7769251471193791,0.2692869901453779,0.2068149255709076,0.2725961439147527,0,0,0,1,0,1,0,0,0,0,1,0,1,2774.66018529301,729.320398236716,27.9280994545615
1676,restaurant_5557.png,83.213,0.03175,0.5378,0.2762,0.1006,0.2955,0.2422,0.2683,0.4228,-2.779,0.01499,1.299,4.149,restaurant,0.4071658721847481,0.3290845368394742,0.5578405117901054,0.2871447116069399,0.2413123458699946,0.2426819205114092,0.3197198351359508,0.2383740710975844,0.8087174210384753,0.2595937744234833,0.2100534107243112,0.2517803468719205,0,1,0,1,0,1,1,0,0,0,1,0,1,2698.5253158667,0.0,8.3253345534935
1677,restaurant_5582.png,104.857,0.213,0.2686,0.5048,0.266,0.1981,0.2277,0.4229,0.4425,-2.684,0.01549,1.447,4.187,restaurant,0.3601837770754911,0.2533440224767028,0.5373065070800109,0.2349084739948706,0.2095460867523989,0.2143626145692419,0.3173038862134057,0.2807169748819714,0.7162228086363223,0.2073463005211103,0.2004748751846158,0.2666391739808275,0,0,1,1,1,1,0,0,0,0,1,0,1,3235.93424851522,745.537031841522,23.0034163940336
1678,restaurant_5583.png,147.183,0.1196,0.2715,0.3732,0.2308,0.2537,0.232,0.4733,0.4663,-3.091,0.03662,1.434,3.525,restaurant,0.4714175686719973,0.2837549414201439,0.5059119673528815,0.2845774803207925,0.2411094975465831,0.2393337031806724,0.3470711733467581,0.2708866533907308,0.6411050346111994,0.257769705549265,0.2516363313283547,0.3813300150758806,0,1,0,1,0,1,0,0,0,0,0,0,0,4293.51507177589,433.6142725601,10.3900862817902
1679,restaurant_5587.png,110.069,0.1126,0.2634,0.6948,0.1425,0.2201,0.2517,0.4678,0.2702,-2.643,0.01204,1.356,4.017,restaurant,0.4930888731425571,0.2846171647382093,0.5844519886871188,0.3021644792417841,0.2622205984119447,0.243547376588869,0.3506331085322362,0.2886981761036383,0.7553153101143901,0.2917994041798429,0.2706497646778287,0.2732477140057948,0,1,0,1,1,1,1,0,0,0,1,0,1,3098.79056049932,171.238204507828,14.4012695108733
1680,restaurant_5589.png,110.732,0.04988,0.7774,0.7731,0.0741,0.2194,0.217,0.4745,0.4611,-2.666,0.008974,1.44,4.058,restaurant,0.4066290613566751,0.2911093084997467,0.48785120051202,0.2741639045250217,0.2538597695375317,0.2385735546341352,0.2481203172961515,0.2391036493301851,0.774624742430008,0.257345403239881,0.2267406149644331,0.2837413475095098,0,1,1,1,1,1,1,0,0,0,1,0,0,3196.40468680367,368.64005763436,16.5712689523888
1681,restaurant_5591.png,137.437,0.01972,0.4919,0.2927,0.1602,0.308,0.2687,0.4306,0.4495,-2.634,0.01315,1.516,3.856,restaurant,0.4398335068844135,0.3142851635728627,0.593267441091631,0.2728905336394249,0.2362564018070308,0.2508836635126273,0.4129787297567815,0.273421242376821,0.7769790498933564,0.2476933776539094,0.1964015061107337,0.2936510087397022,0,1,0,1,0,1,1,0,1,0,0,0,0,3323.3486911618,0.0,20.9227497601684
1682,restaurant_5613.png,142.032,0.07651,0.5501,0.5063,0.09523,0.2837,0.2591,0.5049,0.5075,-2.777,0.01265,1.444,4.275,restaurant,0.3897196579698316,0.265700017133317,0.5158580004193237,0.2610553309338705,0.2315262707079009,0.2105204359607616,0.3250029300691448,0.2416443767234518,0.6856947912789564,0.2138625185569178,0.2656335383859593,0.2883318752665419,0,1,1,1,1,1,1,0,1,0,1,0,0,2733.99784112637,0.0,22.4286493659834
1683,restaurant_5619.png,162.53,0.9717,0.2363,0.538,0.2691,0.192,0.2802,0.4435,0.3967,-3.119,0.02406,1.342,3.457,restaurant,0.4514791858292505,0.2330270802586279,0.5582313135928951,0.2483151578024136,0.206308244152496,0.1869946479522949,0.3372742223195291,0.2386414398975847,0.7731237326957099,0.2258985587579655,0.2088843545063235,0.2560460451582213,0,1,0,1,1,1,0,0,0,0,0,0,0,4347.4948023489,388.8175646719,19.3592784320129
1684,restaurant_5632.png,91.538,0.03268,0.2595,0.4566,0.1735,0.2443,0.2644,0.3979,0.4132,-2.791,0.01132,1.331,3.929,restaurant,0.5372608043230335,0.3402559046536627,0.5594121367775043,0.2914548022935169,0.271909341909708,0.267604172829093,0.3399421037602517,0.2626170692209947,0.787306030089739,0.2944136103317321,0.2293567525042754,0.2918096183556671,0,1,0,1,1,1,1,0,0,0,0,0,1,3763.39370992742,1032.33377092572,19.5708643832177
1685,restaurant_5633.png,105.054,0.0846,0.3178,0.4411,0.2061,0.2612,0.1941,0.443,0.4494,-2.324,0.01408,1.509,3.979,restaurant,0.4065727472241969,0.2691980918975644,0.4396433696909511,0.2630045195199235,0.2347851236435162,0.2538572460254821,0.3179612632345132,0.2883827801447268,0.7435666432551102,0.2805857128088544,0.2343085130648044,0.2669617261273441,0,1,0,1,1,1,1,0,1,0,0,0,1,3476.35044146227,0.0,20.258446484571
1686,restaurant_5635.png,124.572,0.03333,0.423,0.3539,0.1153,0.3076,0.2632,0.4782,0.3829,-2.693,0.01257,1.387,3.919,restaurant,0.3751030866330881,0.3058044545500546,0.5272575739001283,0.2844571397992876,0.2388515955546094,0.2444947706335268,0.3398822841839721,0.2747120207144994,0.7278647421944242,0.3211227155873773,0.2723444495694085,0.3263371237386943,0,0,0,1,0,0,0,0,0,0,0,0,1,2919.42652255749,722.406237729066,17.728299056396
1687,restaurant_5638.png,125.06,0.08897,0.2762,0.4419,0.09326,0.201,0.2666,0.5092,0.4238,-2.794,0.01259,1.378,3.798,restaurant,0.4842847633506536,0.2724792677962564,0.4769151460134477,0.2721471706650608,0.2113726306539528,0.1950677525910136,0.2994156771541307,0.2414388394678531,0.6996606938278664,0.2601086001856641,0.2766971088538103,0.2684320909512545,0,1,0,1,0,1,1,0,0,0,0,0,1,4184.84727628012,732.716499113181,23.1786794349676
1688,restaurant_5651.png,214.197,0.07051,0.5743,0.4131,0.08188,0.3279,0.3285,0.5061,0.4949,-2.827,0.01706,1.46,3.228,restaurant,0.4720710027739366,0.2973192110047466,0.5038873740881264,0.2897158559721576,0.2572352472461433,0.2476908778783833,0.3823783849228435,0.2917293187299845,0.72856804245547,0.2477595547646614,0.2235832942664082,0.2877735278067127,0,1,0,1,0,1,0,0,0,0,0,0,0,3677.16281120621,0.0,27.8488292302119
1689,restaurant_5653.png,132.189,0.07309,0.3888,0.5875,0.08065,0.2933,0.281,0.3893,0.2764,-2.916,0.007345,1.41,3.908,restaurant,0.4436895031240159,0.253545474358832,0.5360731389514521,0.2685470099181625,0.2388555694371392,0.2201511587676159,0.3931825840324233,0.2396861239908162,0.7880129416594897,0.2207076603980134,0.2102240591924893,0.244187897707715,0,0,0,1,0,1,0,0,1,0,0,0,1,3471.44782574777,222.380284135652,16.7531064967943
1690,restaurant_5668.png,106.521,0.05184,0.5546,0.3741,0.07321,0.2065,0.271,0.4845,0.4388,-2.926,0.00833,1.355,4.348,restaurant,0.4801880824729923,0.296609763996669,0.5897139289085039,0.268261491458006,0.2325295743693507,0.2089546979349987,0.2879323287886527,0.2362874493719596,0.8045565580438236,0.3244501037213713,0.2280202269923634,0.2610765733480515,0,1,1,1,0,1,0,0,1,0,0,0,1,2084.85139896392,910.917629490599,11.1033083448208
1691,restaurant_5670.png,152.689,0.08922,0.3147,0.4758,0.2692,0.2179,0.2274,0.4854,0.348,-2.652,0.02525,1.512,4.05,restaurant,0.4943733725838162,0.2872969629384829,0.5726980380349382,0.2839829333803702,0.2636718010130731,0.2495343866529743,0.3494675815096996,0.2985249200854799,0.7201058120145267,0.2531024534633932,0.2415997627792381,0.2945388784365144,0,1,0,1,1,1,1,0,0,0,0,0,0,2933.91558275269,151.646670392839,32.3877994713467
1692,restaurant_5674.png,103.396,0.05349,0.3764,0.4205,0.103,0.1749,0.2203,0.4249,0.3618,-2.645,0.0233,1.45,3.619,restaurant,0.4581544218016397,0.2675199481019863,0.4844615012255239,0.2199748309432194,0.2116961057541305,0.2095301147163027,0.2875327067364138,0.2131148834355157,0.7489324283388782,0.228087591343583,0.2315947403747972,0.2376269877245767,0,0,0,1,1,1,1,0,1,0,0,0,1,2229.40996427611,0.0,18.2937708032369
1693,restaurant_5677.png,161.04,0.08153,0.7117,0.4694,0.09184,0.2158,0.2208,0.5536,0.4756,-2.415,0.004377,1.72,4.252,restaurant,0.3015301623665434,0.2735929664824121,0.4139753845838383,0.2493710443256722,0.2384973949664603,0.2093007074080537,0.3161832359453842,0.3665569140171794,0.5951051969068349,0.2721958488172712,0.3218865771693384,0.2955882105433976,0,0,1,1,0,1,1,0,1,0,0,1,1,2785.3468345941,139.23869980968,27.2335279568743
1694,restaurant_5692.png,103.317,0.002691,0.6203,0.3483,0.1331,0.2605,0.2211,0.5375,0.3784,-2.801,0.01112,1.397,4.296,restaurant,0.4511941071380423,0.2987762491061451,0.609022237204848,0.2674723004411648,0.2405872680432325,0.2188160126309719,0.2476199853436068,0.2081723632700329,0.7794783786208023,0.2257166031269548,0.2009189202700327,0.2811607202360853,0,0,1,1,0,1,1,0,1,0,1,0,0,2527.55083044431,145.204476127948,12.5510108048783
1695,restaurant_5694.png,123.322,0.07038,0.5455,0.3447,0.07332,0.3035,0.233,0.5372,0.48,-2.538,0.01744,1.54,4.181,restaurant,0.4143503274908418,0.3127817287097657,0.6222527591339156,0.2613359706901282,0.2404717422176297,0.2294971234059789,0.4019547810488292,0.3953456240842758,0.7270542395508455,0.2657951535724572,0.2260123522660997,0.2888357295307592,0,0,0,1,0,1,1,0,1,0,0,0,0,2630.29586518969,0.0,20.0629990110932
1696,restaurant_5696.png,105.6,0.1053,0.2764,0.4031,0.3399,0.164,0.2053,0.4548,0.3947,-2.572,0.01335,1.412,3.958,restaurant,0.4626548347178363,0.2845613981414606,0.4503993214792344,0.2667824208488072,0.2520280757869755,0.2313488696486891,0.2986554603148605,0.2273960925364516,0.656142960124437,0.2530879507851913,0.2517936658526598,0.358619063101358,0,0,1,1,0,1,1,0,1,0,0,0,1,3723.63266942622,315.438737151754,23.4524494388508
1697,restaurant_5701.png,131.794,0.04043,0.9481,0.5955,0.0297,0.0729,0.3451,0.4474,0.4019,-2.522,0.03192,1.465,3.808,restaurant,0.3601365673402442,0.2582275348773063,0.455959632238381,0.2486919316757431,0.2081457460039985,0.1851177648741119,0.3155741669422682,0.1950898844181564,0.6948784403222319,0.2968040879579197,0.2665873139294519,0.2580821650088079,0,0,1,1,0,1,1,1,0,0,0,0,1,1974.29683519116,899.01035707839,19.7853896061048
1698,restaurant_5704.png,121.086,0.9745,0.3796,0.3979,0.3081,0.2271,0.2608,0.4655,0.4319,-2.79,0.008137,1.38,4.033,restaurant,0.4712778183354066,0.3202674828045141,0.6126453105381168,0.2851726153735365,0.3132220327142581,0.2483648343146158,0.2983097964452902,0.3064310880311963,0.7100703504797038,0.2764542062438726,0.2854547323697124,0.3170314865380921,0,0,0,1,1,1,1,0,0,0,1,0,1,2606.97433137982,454.55028034881,9.70983394082931
1699,restaurant_5705.png,178.064,0.0202,0.4102,0.6,0.1685,0.3565,0.3418,0.6126,0.4253,-2.785,0.01078,1.341,3.851,restaurant,0.4688579293486122,0.2851650138791051,0.6366982996215327,0.2779961101115639,0.2731425453805728,0.2430615037510345,0.2703285907614461,0.2446134507912733,0.703679537630233,0.247683925474344,0.2394066402375528,0.3591035385493616,0,1,0,1,0,1,0,0,0,0,1,0,1,2344.41365624471,144.623116730038,28.2568036122821
1700,restaurant_5718.png,93.148,0.1364,0.7314,0.3442,0.1356,0.2355,0.276,0.4501,0.413,-2.812,0.02037,1.417,3.918,restaurant,0.4385273559496083,0.2894156642433348,0.5874158018310109,0.2592821657745742,0.2159711870463762,0.202689441170962,0.2917878586656279,0.2238686818440423,0.7641048383832105,0.2398876795399869,0.1961216934148944,0.2499973527463263,0,0,0,1,1,1,1,0,1,0,0,1,1,3150.59141827868,1291.44677229284,24.7334155405722
1701,restaurant_5738.png,91.15,0.06722,0.4914,0.7553,0.05676,0.2541,0.1698,0.4595,0.3531,-2.776,0.01183,1.329,4.092,restaurant,0.4496277327055127,0.2571380149268095,0.5127920900323161,0.268782628166818,0.2404134960757299,0.2353595262798393,0.2086555907665738,0.2079611102537474,0.7445894595080665,0.2468682131746102,0.259618304638205,0.2651352553178026,0,1,1,1,1,1,1,0,0,0,1,0,0,4062.7663407178,1171.23204480709,5.52510843541695
1702,restaurant_5742.png,148.824,0.03818,0.352,0.4305,0.1591,0.2268,0.2714,0.495,0.5039,-2.596,0.01397,1.468,4.215,restaurant,0.2656171275210612,0.2813050649236772,0.541815992167046,0.2576539266614153,0.1974473053765268,0.201536204498432,0.3967245787093864,0.3441443701504891,0.6935464961412013,0.2152036487193001,0.2601426303863097,0.2827740341889608,0,0,0,0,0,1,0,0,1,0,0,0,1,2730.62552127068,490.598272979616,19.9777009301972
1703,restaurant_5765.png,114.984,0.08883,0.3151,0.5982,0.117,0.2022,0.2457,0.3892,0.3827,-2.795,0.005331,1.401,3.941,restaurant,0.4287585148570875,0.2884904635406052,0.4017987980462799,0.3065254104923069,0.2424637476622132,0.2472420685208051,0.3895539559102636,0.2879072526446287,0.7772708734185453,0.2709305352952491,0.2296717117691497,0.2870456284064614,0,1,0,1,0,1,0,0,1,0,1,0,1,3000.80246312951,571.582371112861,17.7444060938545
1704,restaurant_5795.png,103.048,0.02145,0.3748,0.3397,0.1674,0.3031,0.3155,0.4511,0.402,-2.726,0.01263,1.351,3.846,restaurant,0.4514748503349022,0.2914137829186602,0.4864945564099345,0.2735218477767474,0.2218536464001973,0.2031013893177118,0.4104896059734908,0.218015472041602,0.7945631333782528,0.2293817019337106,0.1952909480236986,0.2623058177051048,0,1,1,1,0,1,0,0,1,0,0,0,0,3047.87285763607,0.0,17.4720106524929
1705,restaurant_5797.png,85.895,0.9837,0.1664,0.2851,0.3038,0.1069,0.2433,0.4918,0.3918,-2.789,0.01275,1.304,3.847,restaurant,0.5101776915666048,0.2840452786798429,0.5354036315270067,0.2618504810721363,0.2396224613026288,0.2423716759042886,0.279966189578216,0.2042493961778948,0.6951052837204321,0.2118739657465924,0.2102627790023713,0.3191333426374462,0,1,0,1,0,1,1,0,1,0,0,0,0,2727.65450728199,521.37589287449,22.3267793718777
1706,restaurant_5805.png,179.986,0.06321,0.5854,0.4858,0.08372,0.2803,0.3008,0.4798,0.5145,-2.534,0.006503,1.583,4.312,restaurant,0.3463451890121894,0.2699053136807572,0.4547596221193998,0.2636442751862793,0.2088662700993562,0.208773985664054,0.3739573427977147,0.3209698984055957,0.7879286035660591,0.2310704267065843,0.1781286236305715,0.2560106409043802,0,1,0,1,1,1,1,0,0,0,0,1,0,2707.05650267085,395.90309069609,21.7085135419634
1707,restaurant_5810.png,158.487,0.09418,0.3362,0.4448,0.128,0.2351,0.2252,0.5248,0.5238,-2.504,0.01253,1.571,3.944,restaurant,0.3353528818669236,0.2531911691660395,0.4941591441622643,0.2528821011594175,0.2075052271727357,0.1918077202484977,0.3552708819962278,0.3579795088423761,0.5873130309930046,0.1905826821388686,0.2437190155208201,0.3063110528657061,0,0,0,1,1,1,1,0,0,0,0,0,0,3556.03979289407,0.0,18.2086430724252
1708,restaurant_5820.png,83.54,0.01888,0.6493,0.3776,0.09884,0.2735,0.3113,0.4841,0.4029,-2.628,0.009623,1.316,4.143,restaurant,0.2943325109038371,0.3370979030753802,0.5097562367765522,0.2672811227129699,0.217501883588227,0.2231441670025275,0.3633802644924473,0.3388822176548726,0.766315800193669,0.2879495763108732,0.2408306098737438,0.2509951218088533,0,0,1,1,0,1,1,0,1,0,0,0,1,2937.22303257755,180.243811921959,26.8171074774456
1709,restaurant_5824.png,124.838,0.09921,0.4018,0.4819,0.1372,0.3026,0.1942,0.4575,0.4297,-2.778,0.01294,1.388,3.934,restaurant,0.5963749811582231,0.2873179360479443,0.5273002173348247,0.277593796281204,0.2523121157603538,0.2229945342135819,0.3097247241633895,0.2544081745229291,0.711992481868224,0.2394468107940058,0.2256350999073627,0.3888972815934937,0,1,0,1,1,1,1,0,0,0,0,0,1,3752.80873081164,136.225095388012,18.4800669253635
1710,restaurant_5837.png,135.595,0.04001,0.503,0.2582,0.1288,0.2462,0.2186,0.4407,0.4457,-2.706,0.0345,1.522,4.169,restaurant,0.3890818045561112,0.2916659617749274,0.5615463082851379,0.273771895322925,0.2168180448261658,0.215495532744192,0.4450875373050185,0.3452948126301778,0.7786763649003373,0.2448510577935528,0.1996201417467202,0.2852341197150588,0,0,0,1,0,1,1,0,1,0,0,0,0,3028.54021749662,137.986359061696,26.2944827140659
1711,restaurant_5846.png,108.299,0.7082,0.3081,0.4464,0.242,0.2291,0.2346,0.4097,0.3888,-2.792,0.01681,1.401,4.133,restaurant,0.5067899966005676,0.2910951854065161,0.604684628119059,0.2656895497162343,0.2511917448100321,0.2348014783527548,0.3778214957323704,0.2158479033093982,0.7874970645193045,0.2396981564309389,0.1979451303325337,0.2985506842247886,0,0,0,1,0,1,1,0,0,0,0,0,1,3013.40716360625,0.0,12.0110947723157
1712,restaurant_5876.png,163.71,0.1276,0.1435,0.4345,0.3172,0.1272,0.2522,0.5118,0.3758,-2.825,0.009073,1.454,4.176,restaurant,0.4906890190802297,0.2683323094257535,0.5494150799934827,0.2769350184559103,0.2366343700887486,0.2310002386391749,0.3283405001162959,0.2835718563991647,0.6694473137715182,0.2681557516291401,0.2598255445081637,0.3421747857972957,0,1,0,1,1,1,1,0,1,0,0,0,1,2181.70947484067,1213.03580707363,24.1449240052016
1713,restaurant_5878.png,105.671,0.05634,0.1903,0.6222,0.1526,0.1794,0.2786,0.4272,0.3915,-2.756,0.02205,1.307,3.771,restaurant,0.6829866877704144,0.313461181730394,0.5767592120555771,0.2999547211689586,0.3304876931183393,0.2803847353637761,0.2862734040534484,0.2441593593409294,0.7074410968830327,0.3091847891331614,0.2626633325962627,0.3304919656818447,0,1,0,1,1,1,0,0,0,0,1,0,0,3701.42090829404,442.945190488145,22.8613242164167
1714,restaurant_5879.png,191.615,0.9895,0.2444,0.4961,0.2006,0.2224,0.2625,0.5338,0.53,-2.666,0.03628,1.468,3.424,restaurant,0.4439290817523918,0.2448884600085534,0.4992817327972839,0.2357672500174189,0.20852817060437,0.2032099493880745,0.2925721291485895,0.2346553808181292,0.5865340765172005,0.2269574388450729,0.3080828581918872,0.2763086408714593,0,1,0,1,0,1,0,0,1,0,0,0,0,3792.82901899837,133.3577631725,22.3655626039015
1715,restaurant_5889.png,108.773,0.05923,0.3691,0.4904,0.08938,0.228,0.2895,0.452,0.3071,-2.613,0.003969,1.365,4.262,restaurant,0.3709938715936977,0.2504604036043326,0.499875678601376,0.2650416907165244,0.2298920623052451,0.1901880034928823,0.3250641989826544,0.2673600460925344,0.711632248849214,0.1929721100017712,0.2161090052178913,0.2845973668983879,0,1,0,1,0,1,0,0,0,0,1,0,0,3057.16693294989,0.0,18.773569482025
1716,restaurant_5894.png,130.235,0.03755,0.291,0.4118,0.26,0.2925,0.2852,0.4287,0.4267,-2.727,0.008034,1.483,3.647,restaurant,0.4296411231211124,0.2696785099227037,0.4990906631478811,0.2574625461392622,0.246424869592828,0.242489540264558,0.3380169918555913,0.2769633170388154,0.6188111005153112,0.2799098878450192,0.2961723134263084,0.3420738341322743,0,1,0,1,1,1,1,0,0,0,0,0,0,3642.02426167392,0.0,13.1485417776151
1717,restaurant_5897.png,84.93,0.1002,0.4126,0.3619,0.1128,0.242,0.192,0.5033,0.425,-2.969,0.009547,1.452,4.215,restaurant,0.3698701756059143,0.2502264784756126,0.4654099700829308,0.273292678962143,0.1912680014510023,0.1820841216120329,0.2791309311828473,0.2305153137777228,0.8021727671367338,0.2195186475136895,0.1881854443013421,0.2625082112438318,0,0,0,1,1,1,0,0,0,0,0,1,0,2575.28002881254,187.808764830944,21.0492794043031
1718,restaurant_5898.png,134.587,0.8587,0.2766,0.5137,0.3365,0.245,0.2611,0.4185,0.4373,-2.959,0.007654,1.379,3.553,restaurant,0.4942047951595733,0.3030064206975517,0.44384029303607,0.2972656475610525,0.2439369031301963,0.2307921989085116,0.3320295567428881,0.2832664057345514,0.7125593859503832,0.2323744188887208,0.2507508683561978,0.3052551951775407,0,1,1,1,0,1,0,0,1,0,1,0,0,4400.77300068714,359.036712180445,16.4230006919381
1719,restaurant_5899.png,80.505,0.963,0.2594,0.4054,0.2241,0.1928,0.2402,0.4595,0.3128,-2.815,0.00537,1.298,3.943,restaurant,0.4544522140925723,0.312061408197,0.5238050139845561,0.2903977268361603,0.2372549254434146,0.2448210652985262,0.3618447948751108,0.2520681210341458,0.8140182573412315,0.3287736516460273,0.2187124030885957,0.2838721502897203,0,1,0,1,1,1,1,0,0,0,0,0,1,3203.52651902489,1104.66564486956,42.0611603626407
1720,restaurant_5902.png,135.138,0.1722,0.2758,0.5697,0.2079,0.2336,0.2261,0.4868,0.3963,-2.81,0.04717,1.449,4.298,restaurant,0.4611243239352046,0.270688728157209,0.5639304702876965,0.2756843529976485,0.2663453993757247,0.2523675445330493,0.3267343319807708,0.2527767965563375,0.6616527866691717,0.2461595044680553,0.3010057252824706,0.2942737476711906,0,1,1,1,1,1,0,0,1,0,1,0,0,2792.66823489909,150.021486930451,27.1878350554274
1721,restaurant_5916.png,143.725,0.1023,0.6077,0.7537,0.06809,0.2502,0.2497,0.509,0.4181,-2.647,0.007147,1.486,4.326,restaurant,0.4219193068003461,0.2905351567186762,0.6010238553208399,0.2830975239806559,0.2591716771179294,0.2599281384623227,0.3562864315744459,0.3007591313311271,0.7768296734702343,0.3076518512206263,0.234092189544829,0.2868368717507265,0,1,0,1,0,1,0,0,0,0,0,0,1,2465.69894413243,835.377306995681,25.0160057207695
1722,restaurant_5918.png,96.689,0.05778,0.3327,0.56,0.1843,0.2741,0.229,0.3658,0.3186,-2.684,0.009515,1.367,4.01,restaurant,0.4273333194727484,0.2668496660978146,0.5209699225695456,0.296043201626083,0.2440721602964726,0.2360788083915128,0.2926941875314626,0.2346558436428787,0.7643406044362322,0.2741640871109106,0.2621630318540817,0.2646263983511487,0,1,0,1,0,1,1,0,0,0,0,0,0,2794.1556339618,685.702909591225,9.8089581066122
1723,restaurant_5921.png,136.23,0.07883,0.8773,0.578,0.04272,0.1954,0.2934,0.4748,0.4457,-2.792,0.01333,1.352,4.051,restaurant,0.4656132693646418,0.2966363090163073,0.5690814227991973,0.2743095885831844,0.2446991867334292,0.2192288970240214,0.3299197303203983,0.2518821862031258,0.7250988244223971,0.3479134529781083,0.2823667196366404,0.269230095339829,0,0,1,1,1,1,0,0,0,0,1,0,1,2308.53974852435,827.32787001407,16.1650703595214
1724,restaurant_5932.png,138.22,0.02916,0.3093,0.4698,0.1839,0.1949,0.2503,0.4567,0.4699,-2.674,0.01449,1.405,3.658,restaurant,0.4712043830839814,0.2955975996461134,0.5784935929745306,0.2623095826971182,0.2435057875281788,0.2317551555822817,0.2948281340624785,0.2828243751665578,0.7481214929767072,0.2368193352242218,0.2125796919272995,0.3027084075813409,0,1,1,1,0,1,1,0,1,0,1,0,1,4325.73092391569,195.48763964842,10.5885521627122
1725,restaurant_5935.png,166.836,0.06389,0.3868,0.5732,0.1671,0.3347,0.2575,0.5021,0.4574,-2.66,0.01088,1.443,4.076,restaurant,0.4842418121570226,0.2795729598190978,0.5227014996951879,0.2836900139468078,0.2380307515212247,0.2219115221035643,0.394052161534843,0.2900998965396662,0.7542870886138721,0.2541599187452366,0.2422102322539248,0.2819059358968714,0,0,1,1,1,1,1,0,0,0,0,0,0,2638.8950096316,139.508322572823,15.7208151019605
1726,restaurant_5937.png,120.856,0.02948,0.582,0.597,0.07408,0.2704,0.2275,0.4182,0.4294,-2.962,0.01356,1.271,3.71,restaurant,0.4684505735407766,0.3026552652959628,0.5039655310072538,0.3031552960406192,0.2541482769979206,0.2514463544890752,0.2917038301903767,0.2115213631715284,0.7564104901410897,0.2935880162732889,0.2617517203972418,0.2805325266498463,0,1,0,1,1,1,1,0,1,0,0,0,1,3256.35723463006,547.319614891476,7.65696792843799
1727,restaurant_5946.png,110.763,0.6624,0.431,0.3928,0.1866,0.2279,0.2509,0.4345,0.4,-2.664,0.01492,1.375,4.079,restaurant,0.3821273901687049,0.2725031242585334,0.548290614989287,0.2679918585820637,0.2126156103961974,0.2182345656248549,0.323592034327704,0.2176710090547452,0.6984156790260418,0.2445356689379377,0.224709902101074,0.3611734842579588,0,1,0,1,1,1,0,0,0,0,0,0,1,3186.34982931492,427.355716062107,15.6729738463795
1728,restaurant_5951.png,114.34,0.03241,0.3275,0.4149,0.1302,0.2759,0.2614,0.4242,0.407,-2.703,0.008371,1.36,3.865,restaurant,0.4220439820825119,0.3461502076360159,0.5406569862639998,0.2865118208390216,0.2976711784496343,0.2752739832608251,0.2893089263142235,0.3158600147012976,0.696624650829875,0.3192273868713753,0.2742985793971597,0.3461336318510596,0,1,1,1,0,1,0,0,1,0,0,0,1,2058.95633140826,226.579549904825,15.7344824911903
1729,restaurant_5952.png,124.855,0.03476,0.2229,0.5038,0.1331,0.2026,0.2445,0.4444,0.4031,-2.69,0.0281,1.432,4.251,restaurant,0.4757888579397893,0.278603211643121,0.520634224139033,0.3146844220076674,0.2589483557635126,0.2687959181655192,0.4003997726268523,0.2417495817279523,0.772606300308296,0.2797612728398302,0.262812060913223,0.2638638873203032,0,1,0,1,0,1,1,0,1,0,0,0,1,3362.37296558116,0.0,19.7448978142258
1730,restaurant_5972.png,89.67,0.04166,0.3963,0.5309,0.09833,0.2486,0.2474,0.3561,0.401,-2.94,0.008974,1.227,4.203,restaurant,0.622657156452335,0.3319933781270831,0.5551709368749866,0.3049114558614599,0.2979541914499291,0.2737826574693583,0.2969430729115145,0.2503498193176127,0.7973729860428498,0.3216549855380617,0.2371080720989329,0.2800742683126959,0,1,0,1,1,1,1,1,0,1,1,1,1,3517.37097043085,0.0,11.5904148165795
1731,restaurant_5989.png,92.657,0.1136,0.7469,0.2934,0.06708,0.2233,0.2097,0.4706,0.418,-2.57,0.005068,1.471,4.341,restaurant,0.4127742674154485,0.2810264948239818,0.6206882011138133,0.2473713675871454,0.2477425338810494,0.2117746496286285,0.2637291096701223,0.2253821399954846,0.7186459568183144,0.2672195169641707,0.2422531941539626,0.2822132007357036,0,1,1,1,1,1,1,0,1,0,0,0,0,2962.60358753978,341.913106622066,18.1350022141402
1732,restaurant_5993.png,114.255,0.07776,0.5381,0.4729,0.08118,0.2459,0.3089,0.3968,0.4594,-2.487,0.0152,1.39,4.268,restaurant,0.5121123108286322,0.3097410436044808,0.5717348323029217,0.2943432859026582,0.2579777308058339,0.2524596553118267,0.3442266903973047,0.3051341108851328,0.717674876236199,0.2869075947784814,0.263005670279691,0.314850596195175,0,1,1,1,1,1,1,0,1,0,1,0,1,3128.60047415438,0.0,11.9454352272816
1733,restaurant_6015.png,138.517,0.01139,0.3341,0.4244,0.1721,0.2501,0.2474,0.4595,0.4363,-2.569,0.003838,1.504,4.348,restaurant,0.3774221301685254,0.2445863495680462,0.5513293245740127,0.2419540901143752,0.2070875012044729,0.2007415441063303,0.3578464071623219,0.3564639487230782,0.7791630080600344,0.2130319469288376,0.2103757807191226,0.2315054819822923,0,1,0,1,0,1,1,0,1,0,1,0,0,2454.55343061749,203.8642297045,38.8828760210559
1734,restaurant_6027.png,111.459,0.03289,0.5897,0.4714,0.09946,0.2944,0.2567,0.3966,0.4086,-2.769,0.01666,1.449,3.914,restaurant,0.5366424418033211,0.3055852839719049,0.5119907191874675,0.277309452269843,0.2628113246133285,0.2376816788602758,0.2804407409765453,0.2162242966161309,0.7232212748687982,0.2770988708695324,0.2398172023072728,0.3567693051958314,0,1,0,1,0,1,1,0,1,0,0,0,1,4244.72480399832,390.692660756593,13.8012254687
1735,restaurant_6029.png,132.08,0.06918,0.3782,0.3818,0.1394,0.2262,0.2535,0.4417,0.4325,-2.744,0.01762,1.463,4.059,restaurant,0.4933129837837862,0.2762150887397724,0.478083473388643,0.2542894238010614,0.2424249291855568,0.2354068602169686,0.3452229408101723,0.2416046299709029,0.672037029409213,0.2486528029800224,0.2204330658070758,0.3862961575402736,0,1,1,1,0,0,1,1,1,1,0,0,0,3448.77515293934,0.0,9.31849040462507
1736,restaurant_6030.png,126.048,0.9243,0.3153,0.4278,0.08741,0.2362,0.2112,0.4691,0.3924,-2.147,0.04002,1.78,4.106,restaurant,0.413154091478937,0.3159629514545354,0.490040503620904,0.3121466966697743,0.2865030353688512,0.2728222905380343,0.3816896964218491,0.29657975753501,0.6966933084299904,0.227449047419504,0.2415092783225416,0.310911408303584,0,1,0,1,0,1,0,0,0,0,0,0,0,3683.95914417885,0.0,9.74877531552632
1737,restaurant_7294.png,126.756,0.0635,0.6586,0.4261,0.09193,0.2635,0.2322,0.4593,0.424,-2.681,0.009867,1.554,3.811,restaurant,0.4326348224297372,0.2874194035846956,0.5098330567064762,0.2735848308133989,0.235964274374509,0.2230502080937646,0.2987296330265839,0.2526478031240779,0.6713532205107767,0.2516686229859112,0.2814977719351659,0.3193275615319086,0,1,1,1,1,1,0,0,1,0,0,0,1,3416.82760383055,0.0,21.7827603084386
1738,restaurant_7299.png,108.797,0.05041,0.5865,0.3762,0.1164,0.2757,0.2391,0.4406,0.4141,-2.652,0.009661,1.454,3.882,restaurant,0.3665750164290474,0.3196169935964112,0.5395975676064781,0.2666958431270366,0.2835277688145965,0.2329293614917257,0.3172631101482793,0.4206653224139107,0.7250773796156024,0.2345707821205459,0.2377804158493057,0.2738244734671478,0,1,1,1,1,1,1,1,1,0,0,0,1,1820.00437346317,0.0,14.0328667363
1739,restaurant_7300.png,113.36,0.3156,0.1518,0.4024,0.3019,0.1513,0.2388,0.4827,0.4412,-2.585,0.008341,1.494,3.914,restaurant,0.5721535521566055,0.2663971628732828,0.5401063102442,0.2597142111140902,0.2659971147127071,0.2439037332872336,0.34561259760976,0.2090076906646374,0.5524504977018261,0.3034446394466624,0.3624946708820769,0.349097887649993,0,1,0,1,0,1,1,0,0,0,0,0,0,3472.56954278445,208.463303215615,32.4218926549893
1740,restaurant_7312.png,130.503,0.03132,0.5077,0.3432,0.08363,0.2073,0.3005,0.4742,0.4124,-2.844,0.0158,1.408,3.809,restaurant,0.4584399689475894,0.2643468950977282,0.5161147492653269,0.2425138612099492,0.2557970487430493,0.2210421891645023,0.3129789486118349,0.1682770743722699,0.7345074572555306,0.2552489952310544,0.2033085513900523,0.3628780118423096,0,1,1,1,0,1,0,0,0,0,1,0,1,4490.00706136655,242.948463972783,25.5689070510062
1741,restaurant_7333.png,141.781,0.1093,0.5228,0.3069,0.1145,0.2492,0.274,0.4515,0.4152,-2.657,0.02475,1.514,4.088,restaurant,0.3745702176439781,0.3077418406432405,0.4585236792998795,0.270629717595938,0.2568329497787799,0.2333730330305193,0.4447387059429159,0.2939202013199573,0.7363183394280445,0.2053538153382797,0.256124259096645,0.2460804546238172,0,1,1,1,0,1,1,0,1,0,0,0,1,3221.31491655822,144.416677771538,21.5111820579507
1742,restaurant_7336.png,111.838,0.07561,0.253,0.4937,0.277,0.165,0.2721,0.4466,0.3864,-2.682,0.009072,1.42,4.25,restaurant,0.4296780537230109,0.3028630716487799,0.6298814979268658,0.2749227563364928,0.2562901260187643,0.2385331182815375,0.3340725074953652,0.3253632817097664,0.7499399844079004,0.319648261559013,0.2404779334651096,0.2933444026612999,0,0,1,1,0,1,1,0,0,0,1,0,1,2659.41210576928,0.0,18.8097753493406
1743,restaurant_7343.png,97.723,0.08629,0.1845,0.3494,0.1924,0.1387,0.2588,0.4406,0.3816,-2.724,0.01046,1.436,4.014,restaurant,0.5574173620345955,0.3288255326707796,0.5581468345527703,0.2822639397729404,0.2887394314267073,0.2713179175818508,0.3581829881541949,0.2814391398530785,0.7539718071886037,0.2490540262985268,0.2232658302022704,0.3290526877785203,0,1,1,1,0,1,1,0,0,0,0,0,0,2775.06821326462,0.0,20.1798729382098
1744,restaurant_7348.png,88.549,0.08264,0.5284,0.3686,0.08365,0.3361,0.2727,0.3344,0.3606,-2.663,0.03104,1.247,3.496,restaurant,0.3835550383952478,0.2638760761300479,0.4662686648370624,0.271443408364971,0.2146285355538147,0.2038009089517909,0.3499887268878904,0.2805754698852045,0.7806087696205,0.2263306123629357,0.2209265107638463,0.2328291506382562,0,0,0,1,0,1,1,0,1,0,0,0,0,3675.11894494661,0.0,24.9585770353431
1745,restaurant_7357.png,100.548,0.07881,0.4401,0.5017,0.1208,0.2782,0.2316,0.4426,0.4043,-2.756,0.01292,1.417,4.113,restaurant,0.5730980459083261,0.2803510380735394,0.5759429331310569,0.2711200662995425,0.2501304300658605,0.2154339551032717,0.2829158042115174,0.2284558917355623,0.6952221848828098,0.2600813274265099,0.2489289642346438,0.285298876283834,0,0,0,1,0,1,0,0,0,0,1,0,0,3512.98041711692,1128.34001354118,11.3538311619313
1746,restaurant_7384.png,130.26,0.1083,0.5726,0.506,0.04595,0.1798,0.2622,0.4932,0.477,-2.505,0.008404,1.497,3.943,restaurant,0.4547280760489028,0.2814558162510802,0.439820255494133,0.2598126381076231,0.2503874797186161,0.2246117108463632,0.3055581078509594,0.2317862708657082,0.7314103339616429,0.2389005472205559,0.260752618955735,0.2776336211033152,0,0,0,1,1,1,1,0,1,0,1,0,0,3726.12489598395,665.390074197855,18.4089400840335
1747,restaurant_7402.png,169.659,0.1144,0.3328,0.6529,0.1219,0.2683,0.2379,0.5279,0.4742,-2.455,0.004295,1.584,4.175,restaurant,0.4643438497738932,0.2701212066795035,0.5238731851012793,0.2772932908200783,0.2760717138825346,0.2327464762116745,0.3343512948869517,0.2992197581288316,0.6493354933074362,0.2604769304137718,0.2713068255989019,0.3457427283763584,0,1,0,1,0,1,0,0,1,0,0,0,0,3245.27049659841,0.0,14.592324562865
1748,restaurant_7411.png,139.098,0.06191,0.09135,0.5885,0.2153,0.08896,0.2469,0.4726,0.4063,-2.806,0.01707,1.46,3.599,restaurant,0.523407836900166,0.2431737349767287,0.520935010372086,0.2625927896254658,0.2372567546600956,0.2131010199268807,0.4333494248655735,0.2313806480751584,0.5848710352732661,0.3767715781659915,0.3678845150437869,0.3261085197427283,0,1,0,1,0,1,0,0,1,0,0,0,0,3891.08535433948,0.0,17.6420407103413
1749,restaurant_7429.png,120.571,0.07562,0.6123,0.4805,0.09819,0.2399,0.2661,0.4293,0.3779,-3.256,0.02798,1.318,3.734,restaurant,0.4337391279691994,0.2910906522179836,0.5431861473892745,0.2801837150385105,0.2866907952791957,0.2330086785930167,0.3906133721215409,0.3193193490662757,0.7659967643907297,0.1789339652777578,0.2241546700000921,0.2616071557365019,0,0,0,1,1,1,1,0,0,0,0,0,0,2774.94386718567,0.0,12.8661961838993
1750,restaurant_7433.png,156.837,0.001043,0.361,0.3703,0.2006,0.2611,0.3225,0.4915,0.3979,-2.845,0.01751,1.372,3.865,restaurant,0.3943987317216681,0.2631722538618687,0.4452675679457722,0.267765397386436,0.2265456360773199,0.210641045148468,0.3117377970442811,0.2364039009842793,0.7484569041344385,0.2123245807709536,0.1973960677296463,0.2728065104199341,0,1,0,1,0,1,0,0,0,0,0,0,0,4005.40028165013,788.366724691624,10.6157173079198
1751,restaurant_7442.png,139.119,0.05321,0.2872,0.5101,0.2282,0.1965,0.2752,0.453,0.4676,-2.921,0.0196,1.363,3.851,restaurant,0.4966186568889715,0.2606261112159945,0.5533442544719631,0.2623131101302966,0.2312157988686748,0.2179146131700861,0.2734788304871985,0.2251134916518748,0.7192561004787669,0.2417226269763185,0.2365632362556812,0.2940944884830413,0,1,0,1,0,1,1,0,1,0,0,0,0,4095.7998071999,521.47067972044,20.4059075032583
1752,restaurant_7490.png,128.902,0.0666,0.6394,0.5333,0.08099,0.2242,0.3358,0.4456,0.4577,-2.735,0.01206,1.433,4.089,restaurant,0.4206428172994973,0.2928639046731912,0.5635822550325809,0.2818773718756426,0.2203040212113069,0.2170885514063312,0.3671205282437783,0.31136720687836,0.7493333463770091,0.2782885981132871,0.2606309722800428,0.2477634448386795,0,0,0,1,0,1,0,0,1,0,0,0,1,3479.76823879079,0.0,25.3724426010895
1753,restaurant_7492.png,113.854,0.9983,0.5982,0.5644,0.09825,0.319,0.2587,0.3704,0.3029,-2.868,0.009857,1.305,3.984,restaurant,0.4162418038018178,0.2559025324351816,0.4569247430562712,0.2721882576939992,0.230007176431152,0.2128586389311554,0.3471233309946195,0.2252831047741161,0.7981806275219496,0.2130797044439968,0.2222899519400876,0.2105008872602226,0,0,1,1,0,1,1,0,0,1,0,0,0,2909.64095467845,171.65955164164,18.6816549763568
1754,restaurant_7496.png,202.936,0.06143,0.3405,0.4874,0.06813,0.2953,0.3325,0.4938,0.4797,-2.625,0.03503,1.473,3.938,restaurant,0.3810713638892442,0.2237993866122329,0.5557630124999333,0.2484839978079252,0.2118544785023938,0.1961499784965048,0.3840003492781489,0.2471533937409768,0.6326899330501073,0.1997748229639474,0.2868285056995965,0.2837461976703364,0,1,0,1,0,1,0,0,0,0,1,0,0,3221.59684356804,0.0,27.6151349140868
1755,restaurant_7516.png,137.074,0.07973,0.52,0.4133,0.121,0.2962,0.238,0.4517,0.4753,-2.486,0.00908,1.479,3.951,restaurant,0.4196176731468112,0.2872695846474267,0.5366935282587947,0.2825275577828174,0.2106706184630404,0.2018278343354277,0.3900225751037556,0.3535422028927188,0.7666260761968522,0.2353037753340499,0.2336298546363667,0.2529353965891102,0,1,1,1,0,1,1,0,0,0,0,0,0,3742.70990936124,590.886550687094,19.8803288406667
1756,restaurant_7521.png,135.892,0.08571,0.5286,0.5655,0.09221,0.3111,0.218,0.4841,0.475,-2.627,0.007083,1.416,4.105,restaurant,0.3771845187869749,0.2685599319711046,0.4404591258174862,0.2963635827427604,0.2581068396130713,0.2419905334676649,0.4109429572197697,0.2901447028120124,0.7473288286094123,0.2692192859974036,0.2459154491512493,0.2936936067569491,0,1,1,1,0,1,1,1,1,0,1,0,1,2674.59368864968,155.13406910565,17.2814244239366
1757,restaurant_7523.png,122.477,0.1151,0.4077,0.3566,0.1186,0.2781,0.2722,0.4607,0.4254,-2.766,0.02454,1.366,4.135,restaurant,0.438914497072757,0.3044446943077583,0.4755951725489408,0.2755122397356212,0.2279566694472211,0.2301292032532012,0.3327774491334668,0.2673087165903611,0.7557317429125557,0.2616740057472306,0.2128474087389915,0.2965308839383091,0,1,1,1,1,1,1,1,1,0,0,1,1,2636.24369473898,141.210088682483,13.5840009016933
1758,restaurant_7531.png,143.51,0.1377,0.32,0.3875,0.2331,0.2295,0.2675,0.4745,0.4514,-2.59,0.01297,1.502,3.887,restaurant,0.544208336396391,0.2790686462956625,0.5507144126525286,0.2663817517968264,0.2524989101577715,0.2282910235306336,0.3371951472126628,0.2715251348508356,0.7111638624504445,0.1915444528900895,0.2248158492261261,0.323180119105505,0,1,1,1,0,1,0,0,0,0,0,0,0,5306.07343105075,137.350336072095,6.38909651804383
1759,restaurant_7536.png,112.132,0.07529,0.4093,0.4286,0.1671,0.2638,0.229,0.4543,0.4478,-2.411,0.007411,1.453,3.802,restaurant,0.4700826894273549,0.296010320839972,0.4795223064505159,0.3144084673421166,0.26508789141281,0.2616994575892901,0.3221788174382721,0.2969141310507941,0.727731619179144,0.2352355069127626,0.2473423736277908,0.2937584502691113,0,1,1,1,1,1,1,0,1,0,1,0,0,3953.95784008096,0.0,27.4070856061307
1760,restaurant_7568.png,155.37,0.06205,0.4408,0.496,0.07755,0.3123,0.2807,0.4546,0.429,-2.426,0.007721,1.477,4.004,restaurant,0.4576232672698513,0.2674544871145988,0.610263008911126,0.276704883874569,0.2249691023041302,0.2044938017307385,0.2788203171158459,0.2377567746747534,0.7320970814600161,0.2629750948434765,0.2221001501452884,0.2794605361597393,0,1,0,1,0,1,1,0,0,0,0,0,0,2627.28613678349,0.0,13.3297635853929
1761,restaurant_7569.png,108.38,0.06112,0.5615,0.3348,0.02084,0.1483,0.2389,0.44,0.4278,-2.723,0.01095,1.356,4.251,restaurant,0.4159735190836805,0.2822549879514807,0.5786626138083205,0.2854781925689656,0.2243137350141934,0.2149608314639071,0.2901334776173442,0.2515138000627382,0.7812041559914745,0.2411113139719579,0.2169725086554841,0.2432247442563296,0,0,0,1,0,1,1,1,0,0,0,0,1,2268.26769159781,339.35725006812,22.4236880416163
1762,restaurant_7582.png,164.591,0.02426,0.455,0.5208,0.08422,0.2882,0.324,0.3986,0.3882,-2.816,0.01194,1.345,3.402,restaurant,0.5811263352628401,0.3011410657939729,0.5036885306170844,0.2742342370202892,0.2791606797628174,0.2589021557279883,0.329535807355983,0.2169516430735018,0.7979846110989971,0.2697930578409656,0.1934024536247442,0.2928645537182653,0,1,0,1,0,1,0,0,1,0,0,0,0,4373.99486089183,281.435102486665,16.3373226499135
1763,restaurant_7586.png,134.553,0.0465,0.2823,0.3444,0.1648,0.1857,0.2949,0.4444,0.4172,-2.69,0.01084,1.452,4.308,restaurant,0.3569024097463202,0.3248244643896201,0.6141724500445044,0.2710686687360198,0.2389966448052719,0.2187419486293218,0.3751155026209866,0.3628691704036969,0.7599450794826907,0.2248106623835831,0.2017911908793647,0.2897576596803541,0,1,0,1,0,1,1,0,1,0,0,0,1,2627.98225586993,0.0,16.8805444918378
1764,restaurant_7606.png,119.016,0.05359,0.2583,0.4957,0.1293,0.2475,0.2998,0.3432,0.428,-2.846,0.007474,1.308,3.837,restaurant,0.52581200860732,0.3159390769437989,0.4502734686040088,0.2822438243596742,0.2911343052310558,0.2716371890229992,0.3141295589873041,0.2438387480536424,0.7532632577325443,0.2692608724370081,0.2028317776739395,0.3625102825842844,0,1,0,1,1,1,1,0,0,0,0,0,0,3300.80152344744,432.990497863206,10.3603320433825
1765,restaurant_7621.png,104.184,0.076,0.4309,0.556,0.1155,0.2486,0.1895,0.4815,0.353,-2.489,0.02307,1.447,4.113,restaurant,0.5348830332174309,0.294982576949257,0.5258541428212339,0.2831542126387998,0.2795713802129083,0.2539273218557432,0.3445445716234379,0.2802766285850906,0.7618525982134587,0.3194309274052491,0.2419904544053092,0.2946692268036854,0,1,1,1,0,1,0,1,0,0,0,0,1,3224.35163301414,0.0,12.3150546857208
1766,restaurant_7625.png,102.408,0.04522,0.4567,0.4193,0.0651,0.1959,0.2378,0.4536,0.3073,-2.776,0.01655,1.389,4.059,restaurant,0.4224486201621142,0.2769593619775248,0.5757270372600062,0.2723973074269212,0.2370131268327726,0.2267863941967759,0.2833559798851279,0.2290170380524865,0.7112481866401913,0.2295704164559182,0.2398929107818747,0.285027848797081,0,1,0,1,1,1,0,0,0,0,1,0,0,3185.09570943708,1122.5695607784,17.3411359796015
1767,restaurant_7654.png,119.349,0.1006,0.4782,0.2733,0.1249,0.2952,0.2064,0.4567,0.3805,-2.476,0.01877,1.509,3.89,restaurant,0.3007232727958828,0.3078398018528115,0.4336583941931183,0.2750664721834372,0.2043487539302466,0.220324625910849,0.4089753080367816,0.2605672913074982,0.7702711307119662,0.2511119698214022,0.2004788090049102,0.2622671052411267,0,0,0,1,0,1,1,0,0,0,0,0,1,3216.20139971155,327.021407097492,13.2513369592046
1768,restaurant_7660.png,113.751,0.06533,0.4936,0.3673,0.1762,0.3127,0.2836,0.4204,0.4452,-2.628,0.01444,1.428,4.15,restaurant,0.3844599299007813,0.2837585196038067,0.5503140841909049,0.2773088872725929,0.2317791632490185,0.2258299377007016,0.3983728954458814,0.3048685593974007,0.7550847000255775,0.2854561365852756,0.2427752536240558,0.2821866423092139,0,1,0,1,0,1,0,0,0,0,1,0,0,2800.51031954507,779.15131445358,10.5860476302273
1769,restaurant_7663.png,143.075,0.8656,0.3505,0.3691,0.1728,0.1837,0.2855,0.4654,0.4321,-2.681,0.02297,1.403,3.933,restaurant,0.4149568750003917,0.3139739401059433,0.5473988957634004,0.2889929293344639,0.2586217457735046,0.2573624906573651,0.4753193280792164,0.3492997106072156,0.801424725516517,0.2194906138800837,0.1910198914742027,0.270212859981182,0,1,1,1,1,1,1,0,1,0,1,0,1,2800.67839287624,0.0,41.8020957402479
1770,restaurant_7665.png,110.463,0.08665,0.2713,0.5856,0.09412,0.1814,0.2748,0.4168,0.3905,-2.631,0.009173,1.326,4.054,restaurant,0.5211409295052067,0.3055873495967051,0.4817085135359824,0.276904429812301,0.2952190142077356,0.2933120359571911,0.3859546176202664,0.2563489528551455,0.7417519503018402,0.275758458348844,0.2738436279393721,0.3033760047567362,0,1,0,1,0,1,1,0,1,0,0,0,1,3307.68908394797,684.607317779953,24.0087224231196
1771,restaurant_7667.png,119.206,0.0758,0.4621,0.5314,0.1356,0.2396,0.1952,0.4495,0.4323,-2.942,0.03311,1.426,4.103,restaurant,0.3643996952377694,0.3239931777640041,0.5517084077900932,0.2942487904072516,0.2891870661968442,0.2525812819922294,0.3471111664637058,0.3640732431670359,0.7571357581110008,0.2823610599540471,0.2460411163191097,0.2781553088280208,0,1,0,1,1,1,0,0,1,0,0,0,1,3142.18680396784,0.0,17.0104522255665
1772,restaurant_7676.png,131.599,0.0929,0.4732,0.4999,0.1316,0.2872,0.2348,0.4372,0.4229,-2.636,0.00463,1.477,4.142,restaurant,0.4681134674564593,0.2849930501985942,0.513870935382043,0.2464979302867503,0.2352279107992267,0.207704629380837,0.2914807098892281,0.2636951260487515,0.6801688181109009,0.2437410677863418,0.2623211523308643,0.2924601744184175,0,1,0,1,1,1,1,0,0,0,1,0,1,3163.63770652169,170.25798693378,13.1476492851532
1773,restaurant_7693.png,147.623,0.1352,0.3208,0.4341,0.1319,0.1871,0.2872,0.4445,0.4704,-2.732,0.0129,1.401,4.191,restaurant,0.4172006982020058,0.2548931916466974,0.5325047245189087,0.2747142283901567,0.2298327173292648,0.2063944250672228,0.3256001859727354,0.2229108238549358,0.6861415477550963,0.2449714833784191,0.2410125382465617,0.361372703592462,0,1,0,1,0,1,0,0,1,0,1,1,1,2953.18303743242,140.372743933956,11.9647665213938
1774,restaurant_7719.png,157.946,0.05697,0.5577,0.4558,0.1412,0.269,0.247,0.4533,0.4637,-2.722,0.01287,1.539,4.044,restaurant,0.402210031891574,0.3182273078570083,0.5798314195968477,0.2672619614932758,0.2469466449478925,0.2354482519787344,0.3594378014304424,0.3287594629471987,0.8154778027996319,0.1991453054214106,0.1530354643131849,0.2644218656927291,0,0,0,1,0,1,0,1,0,0,0,0,1,2940.98946923567,0.0,11.2346642786648
1775,restaurant_7722.png,115.725,0.07269,0.2776,0.582,0.1897,0.3001,0.2597,0.3776,0.2968,-2.776,0.009396,1.406,4.255,restaurant,0.4373993459359847,0.2527066531847688,0.4916302582636744,0.2797015791006204,0.2261843034097125,0.2108707828869275,0.3799193755666991,0.2551705992985204,0.7808748561101676,0.2652638273061939,0.2077149680668198,0.2730628239025253,0,0,1,1,0,1,0,0,1,0,0,0,0,2487.56556729057,522.784240031345,17.7630732620339
1776,restaurant_7795.png,135.594,0.01214,0.3728,0.5564,0.4858,0.2242,0.2551,0.4661,0.4108,-2.942,0.008576,1.491,4.428,restaurant,0.3726730513121527,0.3068696557576963,0.468183581468757,0.2777125515235351,0.2903062446215599,0.2507750179685338,0.3342192030337494,0.3449660946491205,0.6980694399305524,0.2581388398100029,0.2430211996075339,0.2806987541011727,0,0,0,1,0,1,0,0,0,0,1,0,0,1906.61385246654,0.0,15.1096431984611
1777,restaurant_7800.png,148.071,0.08686,0.3379,0.5351,0.1313,0.2657,0.2738,0.3879,0.4053,-2.712,0.005499,1.414,4.147,restaurant,0.3938223730261569,0.2761183766555658,0.5213927567429806,0.2843254237220821,0.2235600912810143,0.223720099618196,0.3733112058561952,0.3239555612276379,0.7392624065944223,0.2417133448227188,0.2472193233659167,0.27421885199823,0,1,1,1,1,1,1,1,1,0,0,0,1,3764.91007835879,0.0,19.9548637546737
1778,restaurant_7805.png,186.005,0.1474,0.2475,0.5658,0.2112,0.2381,0.2821,0.4785,0.419,-3.084,0.02748,1.408,3.874,restaurant,0.4201576490170634,0.2537918353638799,0.5060157745872261,0.2760211313388342,0.2472570582453285,0.243490879488552,0.3574095865838084,0.2904244667256471,0.6049889196314194,0.251536152216164,0.3163874025063854,0.2747998134313875,0,1,0,1,0,1,1,0,1,0,1,0,0,4015.78372943714,259.096066184132,22.6232092770166
1779,restaurant_7814.png,126.291,0.03915,0.4456,0.2704,0.1286,0.2565,0.2574,0.4596,0.3689,-2.875,0.01677,1.374,3.913,restaurant,0.5750984463738985,0.2996839849654125,0.5937580446817327,0.2813237634069869,0.2588109388970522,0.2366018978928292,0.3388788253374564,0.211426756890251,0.7833208755856995,0.2437798527559941,0.2139270670283055,0.2897968457100197,0,1,0,1,1,1,0,0,0,0,1,0,0,2884.51751910673,188.142715151414,6.10004487972205
1780,restaurant_7823.png,117.558,0.3164,0.452,0.3499,0.2453,0.3548,0.2758,0.5076,0.3794,-2.719,0.00717,1.424,3.841,restaurant,0.5116144584550734,0.2823433344403173,0.6092709890903669,0.2661264844042684,0.2773531007556424,0.2363070391683387,0.3100510115061024,0.2359229024012052,0.6380365009183685,0.2949592845193207,0.2860895120682248,0.3813069956789717,0,1,0,1,1,1,1,0,0,0,0,0,1,3447.56285997773,0.0,18.7655048988197
1781,restaurant_7832.png,113.62,0.04468,0.5865,0.383,0.08131,0.2033,0.2752,0.462,0.4556,-2.607,0.0109,1.377,3.943,restaurant,0.3417325895763412,0.2742340710646996,0.4548774252659006,0.2509293388559088,0.1989470529084037,0.1964866412803038,0.4080846963710068,0.3677551955356242,0.7061064610212757,0.2820110410085907,0.2990577970731226,0.2470084747483016,0,0,0,1,0,1,0,0,1,0,0,0,1,3027.96360206411,0.0,14.5669215535892
1782,restaurant_7838.png,95.188,0.05855,0.507,0.2764,0.03414,0.1485,0.235,0.4275,0.3664,-2.77,0.008004,1.391,4.274,restaurant,0.3928429800112772,0.2678306079039379,0.5469497349225532,0.2731962598343818,0.2287541893697173,0.1960220197108292,0.3280425930171564,0.2337758645298641,0.7429536284965661,0.2384244900227935,0.2402243644682311,0.2408639169966074,0,0,1,1,1,1,1,1,1,0,0,0,0,2043.33516251345,206.479428001302,23.8590936749789
1783,restaurant_7842.png,106.275,0.08773,0.3658,0.4194,0.1287,0.2911,0.2705,0.367,0.3367,-2.923,0.01186,1.239,3.604,restaurant,0.427438925370649,0.2740664797607876,0.523979958593832,0.289925814331929,0.2237489774373117,0.2026972161671148,0.2999936940786506,0.1882490369785686,0.6905848131984518,0.2840502691805455,0.2998216766645422,0.2678478215064961,0,1,0,1,1,1,0,0,0,0,1,0,1,3961.136557919,278.381024131819,10.4039017500951
1784,restaurant_7849.png,173.304,0.06353,0.5746,0.564,0.04453,0.2124,0.2768,0.5248,0.4851,-2.679,0.02425,1.441,4.105,restaurant,0.4709442939165608,0.2940798679628253,0.6247089266762672,0.2742502387607107,0.2573196405535943,0.2364436131029537,0.375271052935573,0.3136364645873357,0.7511852949011609,0.2578095536192774,0.2730080181836055,0.2884119030022199,0,0,0,1,0,1,0,0,0,0,0,0,1,2677.38124824628,135.892204334059,25.0631738024969
1785,restaurant_7856.png,145.456,0.1058,0.6164,0.5323,0.07249,0.2732,0.269,0.4417,0.4607,-2.579,0.008703,1.447,3.857,restaurant,0.4833381736501944,0.2829877377373713,0.5639861407448395,0.2829758645114668,0.2278081278952895,0.2227307716101094,0.3272877717622918,0.2654233031114831,0.7598187031747949,0.262284685844024,0.2174948907177619,0.2742210186014533,0,1,0,1,0,1,1,0,0,0,0,0,0,2744.16057836837,148.87763211693,24.6709556400414
1786,restaurant_7859.png,134.633,0.06241,0.7599,0.3675,0.09655,0.1707,0.2253,0.4891,0.4562,-2.464,0.01882,1.626,4.248,restaurant,0.4110173787536695,0.3010453069517444,0.5193400239150834,0.2772515095414656,0.2472272201829447,0.2316499484620779,0.3573732712890957,0.2968184901240732,0.6480301882445334,0.2855745574130161,0.2863688177092726,0.308339978620078,0,1,0,1,1,1,1,0,1,0,1,0,1,2682.94928726526,418.222974412052,25.0173422438313
1787,restaurant_7864.png,169.491,0.4683,0.3642,0.3941,0.2945,0.2194,0.2276,0.5399,0.5407,-2.429,0.008991,1.643,4.027,restaurant,0.3868737692526879,0.2628967262589503,0.4934539781107311,0.2494473457274751,0.2286745237070859,0.1999170174794642,0.3374921178039143,0.3197299253691629,0.5547107525652442,0.1833369241728044,0.2787260747235591,0.3345297655903448,0,1,0,1,1,1,1,0,0,0,0,0,1,3859.1498793817,143.581343533071,21.3583326293191
1788,restaurant_7925.png,92.636,0.09589,0.4103,0.3846,0.0587,0.18,0.2132,0.4108,0.3814,-2.696,0.007922,1.475,4.231,restaurant,0.4146491605367381,0.2885883939720138,0.5311464598955514,0.2731393641971797,0.2365030568654508,0.2206551549482093,0.2948207612281033,0.2709578898790151,0.7510708736384716,0.278664220497585,0.2273208419562661,0.2889921929117015,0,1,0,1,1,1,1,0,1,0,1,0,1,3449.04856827878,526.009112301537,23.0395293708412
1789,restaurant_7932.png,104.276,0.001075,0.3087,0.3851,0.1538,0.2232,0.2096,0.4281,0.4409,-2.762,0.005022,1.414,4.155,restaurant,0.3575125988615728,0.2689021390137067,0.5548590656352254,0.2595146064510244,0.2066588920799104,0.2121610221883473,0.2926013043361769,0.2695037797224173,0.6643128093025151,0.2513565912453772,0.2916850504208613,0.2944904868698842,0,0,0,1,1,1,1,1,1,0,1,0,1,2897.23116126575,154.09071891085,6.32245745671804
1790,restaurant_7943.png,106.609,0.06763,0.6283,0.4336,0.1173,0.3261,0.2548,0.3408,0.4159,-2.747,0.01299,1.319,3.675,restaurant,0.5150304797009767,0.3282403473323579,0.5085851472546249,0.2990121655965314,0.2758710327625152,0.2621190457086976,0.2817101973054724,0.2423074939597019,0.7363868043910652,0.2440731906902163,0.2726727126981126,0.2651072882626483,0,1,0,1,1,1,1,0,1,0,1,0,1,3588.76417116339,530.109699039677,13.7399004258529
1791,restaurant_7944.png,135.342,0.02255,0.3873,0.4018,0.2031,0.1909,0.2982,0.4259,0.3976,-2.864,0.01486,1.402,4.171,restaurant,0.4101305410169172,0.2964746968946576,0.5598988057105274,0.2754797914395727,0.2277087209632413,0.2189993275767246,0.2999338082806677,0.2420252576104907,0.8347292773032751,0.2346138074500965,0.1786559906913757,0.2741922016086653,0,1,0,1,1,1,0,0,0,0,0,0,0,2969.87628212955,330.639771115739,29.2264690429394
1792,restaurant_7949.png,115.14,0.06846,0.6753,0.5902,0.1068,0.2148,0.3242,0.4761,0.4682,-2.657,0.01222,1.404,3.764,restaurant,0.5174559522264731,0.2924659330618547,0.6083424851900562,0.263167449129628,0.2527843209337655,0.2240280468569759,0.3071133148955669,0.2508895012956814,0.7202144274813357,0.2821201180663124,0.2706200076988551,0.2732591912804771,0,1,1,1,0,1,1,0,0,0,0,0,0,3904.8715400048,0.0,27.0464750372975
1793,restaurant_7958.png,117.309,0.09319,0.197,0.583,0.1612,0.1735,0.2553,0.4156,0.4066,-2.591,0.01249,1.435,3.912,restaurant,0.4059265843066961,0.2594935841391148,0.3796010884463942,0.250196203281919,0.2242006407951048,0.2157993256364077,0.317596554438605,0.2955371566342131,0.7533669181892162,0.2110369169023934,0.1979377945234101,0.2931403839300018,0,1,0,1,1,1,0,0,0,0,1,0,1,3641.31012566266,0.0,28.12733344955
1794,restaurant_8001.png,109.105,0.07361,0.5098,0.3736,0.07434,0.1531,0.2793,0.4815,0.3935,-2.786,0.01797,1.426,3.971,restaurant,0.4917464058521196,0.3315405247681077,0.5974379950850565,0.3028981732447294,0.2879677640534414,0.2888385601752666,0.3472620386836608,0.3200888541011107,0.6929619320366944,0.3325111909936803,0.2926222341832762,0.3321896396239374,0,0,1,1,1,1,1,0,1,0,0,0,1,3481.29704593661,981.55404040012,56.165123955074
1795,restaurant_8008.png,124.559,0.07039,0.3028,0.5527,0.1605,0.2394,0.2244,0.4682,0.4094,-2.601,0.007087,1.458,4.278,restaurant,0.3760145083937494,0.2584868275512377,0.3930485377532984,0.2691073582024458,0.2295897740978875,0.2272875524877704,0.3898580420381059,0.3301373126551687,0.6561303526158025,0.3468469271232433,0.3104576325330535,0.2968864370045411,0,0,0,1,0,1,1,0,1,0,1,0,1,3081.18485555509,386.054248703206,16.0877880247846
1796,restaurant_8017.png,120.024,0.02552,0.3231,0.5128,0.1917,0.2502,0.2699,0.6009,0.4364,-3.064,0.01214,1.244,4.011,restaurant,0.5292301195054117,0.2561963407212969,0.5423684429552977,0.2544505416284621,0.2105905885380603,0.1886383869866483,0.2172537223251686,0.1636003578082438,0.8117658092214967,0.2342874916869628,0.1898360689083233,0.2610541916895572,0,0,0,1,1,1,0,0,0,0,0,0,1,3911.84377120754,0.0,19.2525206712754
1797,restaurant_8049.png,92.068,0.07533,0.44,0.402,0.1165,0.2039,0.1861,0.4885,0.459,-2.478,0.01312,1.496,3.958,restaurant,0.3836148810801286,0.264942161714393,0.479301725586837,0.2514891500908015,0.2181432290529731,0.2139068787018056,0.2563155657987302,0.2687969290928528,0.7621104438701787,0.1984592247142993,0.1975327128479851,0.2407447135035372,0,0,0,1,1,1,1,1,1,0,0,0,1,2840.06713485871,408.444023153735,8.13468958466433
1798,restaurant_8062.png,110.575,0.09484,0.3061,0.3944,0.1774,0.257,0.2746,0.5204,0.415,-2.754,0.009508,1.291,3.961,restaurant,0.5986338148572753,0.3197613417141259,0.5079035632237521,0.3079966245615371,0.3147891392291911,0.2975169201236156,0.3789994455548413,0.2338886165201232,0.7186645859879645,0.3016259896330494,0.2556538040688174,0.3661950210434063,0,1,0,1,1,1,0,0,0,0,0,0,1,2848.27784442764,168.097361855943,16.8496888348482
1799,restaurant_8071.png,122.178,0.04173,0.8615,0.5821,0.04779,0.1961,0.2582,0.564,0.4535,-2.758,0.01438,1.44,3.835,restaurant,0.4097881567521556,0.3245337930414561,0.5502334958619621,0.2655153444484297,0.2519358497015654,0.2145538245573365,0.3662882069691416,0.2879155352920095,0.7356174511877617,0.2383757872799916,0.2203135272780087,0.261167851607616,0,0,0,1,0,1,1,1,1,1,1,0,1,3383.96015447153,111.318701677227,9.24055271994329
