license,original,owner,id,secret,image_name,title,description
1,https://live.staticflickr.com/3171/2780215527_58b6ea16d1_o.jpg,Cle0patra,2780215527,d0e16e8262,office__282.png,Office move 1,{'_content': 'The last moments.'}
1,https://live.staticflickr.com/2873/12345303994_470181a128_o.jpg,¡Carlitos,12345303994,19cf8abff3,office__283.png,The new office,"{'_content': 'Vancouver, BC'}"
1,https://live.staticflickr.com/2088/2100485153_d21a898d43_o.jpg,Nebraska Library Commission,2100485153,931214259f,office__284.png,Linda's Desk,"{'_content': ' Linda Jensen,  Staff Assistant\nNebraska Library Commission'}"
1,https://live.staticflickr.com/7228/7189171775_7dbfcbf59c_o.jpg,Uninen,7189171775,7e314e95e8,office__285.png,My Office,{'_content': ''}
1,https://live.staticflickr.com/2239/2191782004_63ebce8913_o.jpg,pollyalida,2191782004,6e4ae9869b,office__286.png,Messy office - before.,"{'_content': 'After: <a href=""http://flickr.com/photos/pollyalida/2190995227/"">flickr.com/photos/pollyalida/2190995227/</a>'}"
1,https://live.staticflickr.com/3090/2656777535_9d4b5a74c7_o.jpg,RobertFrancis,2656777535,87e4106084,office__287.png,Day Two (I),"{'_content': 'A view of my new office, \n\n06162008140'}"
1,https://live.staticflickr.com/3028/2555194928_94182cd1ab_o.jpg,davidciani,2555194928,a467765c9e,office__288.png,internship-2,{'_content': ''}
1,https://live.staticflickr.com/33/242816294_25d406dfb2_o.jpg,zen,242816294,25d406dfb2,office__289.png,my office,{'_content': ''}
2,https://live.staticflickr.com/3283/2861119930_455e87ccee_o.jpg,clubjuggler,2861119930,708f334e7b,office__274.png,IMG_0633,{'_content': 'My office as seen from the corner by the window.'}
2,https://live.staticflickr.com/2165/2130445654_9f25a3f816_o.jpg,Felipe Barriga Richards,2130445654,14eb18ed13,office__275.png,My Cubicle,{'_content': ''}
2,https://live.staticflickr.com/8520/8680665510_4e803a69dc_o.jpg,Matt Hamm,8680665510,a034b25412,office__276.png,New office space,{'_content': ''}
2,https://live.staticflickr.com/1099/1253083713_c2d4e8a714_o.jpg,freerangelibrarian,1253083713,93cb11678d,office__277.png,My office,{'_content': ''}
2,https://live.staticflickr.com/6203/6087220011_9da92e6753_o.jpg,lunita lu,6087220011,98c51388b8,office__278.png,my office space,{'_content': ''}
2,https://live.staticflickr.com/4047/4314152708_c9dbd4e1a9_o.jpg,NewChengdu,4314152708,0bce56e0ed,office__279.png,Conference room,{'_content': 'Conference room'}
2,https://live.staticflickr.com/4094/4882094794_bd05160533_o.jpg,bookgrrl99,4882094794,07988893cd,office__280.png,MPOW,"{'_content': ""My little corner of the workspace. I can walk 15 steps to our kitchenette, 50 metres to a cafe or 150 metres to Haigh's. ""}"
2,https://live.staticflickr.com/2245/2056479019_e92703227c_o.jpg,AZso,2056479019,b4a93510d3,office__281.png,Mutasd a desktopod 2007,{'_content': ''}
3,https://live.staticflickr.com/2932/13994521819_8dfa8a4c27_o.jpg,Raul P,13994521819,3f208b2e80,office__262.png,Offices,{'_content': ''}
3,https://live.staticflickr.com/7271/7736218064_23b58eef97_o.jpg,Lawrence Sinclair,7736218064,a198851793,office__263.png,SF Office,{'_content': ''}
3,https://live.staticflickr.com/7393/8726425128_887f95c6ee_o.jpg,Raul P,8726425128,a9288117c2,office__264.png,My home office in Aguascalientes,{'_content': ''}
3,https://live.staticflickr.com/4114/4860727032_9f9e7c6e52_o.jpg,writingortyping,4860727032,9f3764cb2b,office__265.png,New office,{'_content': ''}
3,https://live.staticflickr.com/595/21204399191_9e8eba6f14_o.jpg,Raul P,21204399191,862a8a4a3f,office__266.png,My office at CIDE Region Centro,{'_content': ''}
3,https://live.staticflickr.com/7194/6921446493_a0d094d5d4_o.jpg,andyp uk,6921446493,220dc13704,office__267.png,Team Karma Phone Central,"{'_content': 'For a full write-up, <a href=""http://andypiper.co.uk/2012/02/22/ideomake-1/"" rel=""nofollow"">read about the Makeathon on my blog</a>'}"
3,https://live.staticflickr.com/2326/1826177597_8160c4752d_o.jpg,jisc_infonet,1826177597,23f01513cd,office__268.png,"Pilot Collaboratory CILASS, The University of Sheffield","{'_content': ""This space in the University was refurbished as a pilot for the Centre for Inquiry-based Learning in the Arts and Social Sciences project.  The space was highly successful in helping to develop the Centre and continues in the same vein today.  New technologies include the huddleboards, as shown in the centre of this image.  These boards, for ideas generation etc., can be moved around the room as required increasing the flexibility of the space.  If 'docked' under the copy cam work can be copied and digitized, transformed into digital image formats and uploaded onto the web all in an instant.  This technology was reasearched and had proven benefits for Wallenberg Hall at Stanford University in America and was trialled in this pilot space.  Large wall mounted plasma screens allow goups of up to 12 students to work together.  Furniture is easily reconfigurable or even removed increasing the types of use for the room.""}"
3,https://live.staticflickr.com/5180/5464911012_929dcc7dcd_o.jpg,Sandrine Salerno,5464911012,b1b8f61f88,office__269.png,Bureau,{'_content': ''}
3,https://live.staticflickr.com/7309/10323101723_c3beb5a5a3_o.jpg,Raul P,10323101723,a1dbe0108b,office__270.png,My office at CIDE Region Centro during and after writing a paper,{'_content': ''}
3,https://live.staticflickr.com/127/328264881_a25a9ae6da_o.jpg,jisc_infonet,328264881,a25a9ae6da,office__271.png,"Flipchart, Learning Grid, University of Warwick","{'_content': 'Staff and students have the use of portable PCs, large plasma screens, electricity points, flip charts and meeting table for 6 in this space.  Whilst this area is divided up using the movable metal screens the area does not feel cramped and would provide some element of privacy for group collaborative work.  '}"
3,https://live.staticflickr.com/2103/2124086560_d0ccd432a5_o.jpg,amy_kearns,2124086560,664c52af02,office__272.png,Working - true multi-tasking!,{'_content': 'Two computers open and going - and one a Mac and the other my desktop PC'}
3,https://live.staticflickr.com/8259/8643309867_8d107c11a2_o.jpg,Raul P,8643309867,00758e220a,office__273.png,My office desk (clean and spotless after clearing up my to-do list),{'_content': ''}
4,https://live.staticflickr.com/3223/3069911856_d50113c132_o.jpg,adam*b,3069911856,014849bcd7,office__253.png,Office 2.0,"{'_content': 'After buying my new MacBook Pro, I decided to slowly clean the office up. Not as clean as it could be, but better than before.'}"
4,https://live.staticflickr.com/3743/14271770761_38b7e34821_o.jpg,danxoneil,14271770761,d037eeaf3a,office__254.png,Office,{'_content': '                               '}
4,https://live.staticflickr.com/3439/3208507584_f6f7c73525_o.jpg,abdulfarukhi,3208507584,d3df88b5fc,office__255.png,My office,"{'_content': 'My office, the cubicle. Hey, two windows though - not bad.'}"
4,https://live.staticflickr.com/5019/5445666190_e33dd46d8a_o.jpg,binturong2,5445666190,15bca834b4,office__256.png,Old office,{'_content': ''}
4,https://live.staticflickr.com/8237/8391042619_bd22723b5e_o.jpg,NCVO,8391042619,e46181ef16,office__257.png,Room 2C,{'_content': ''}
4,https://live.staticflickr.com/2928/14236675794_28b810d344_o.jpg,K2 Space,14236675794,6b411dc7af,office__258.png,Platinum_Equity_28,{'_content': 'Meeting room at the Platinum Equity office in London'}
4,https://live.staticflickr.com/7352/8792124233_b1e7b2a1a9_o.jpg,newberlinstreetlife,8792124233,e5b4799464,office__259.png,Y3D_office_07.JPG,"{'_content': '3D Berlin Headquarter:\nVirtual Berlin\n3D Drucker Beratung, Verkauf &amp; Verleih\nInternet Solutions\nWebdesign\n3D Hackerspace\n\nHannoversche Str.3 in Berlin Mitte\n\n<a href=""http://www.YOUin3D.com"" rel=""nofollow"">www.YOUin3D.com</a>\n<a href=""http://www.BERLINin3D.com"" rel=""nofollow"">www.BERLINin3D.com</a>\n'}"
4,https://live.staticflickr.com/8673/16485522295_b437103baf_o.jpg,tjdee,16485522295,d0307bb5f2,office__260.png,"Adjustable desks. Four desks, four heights @trove","{'_content': 'via Instagram <a href=""http://ift.tt/174SSe0"" rel=""nofollow"">ift.tt/174SSe0</a>'}"
4,https://live.staticflickr.com/2934/14205613536_3c0cb8ea6f_o.jpg,K2 Space,14205613536,59debe596f,office__261.png,FGI 27,{'_content': 'Meeting room at the FGI office in London'}
5,https://live.staticflickr.com/3123/3241827363_be521942d9_o.jpg,mastermaq,3241827363,1b7497df14,office__249.png,New Questionmark Office,{'_content': ''}
5,https://live.staticflickr.com/5246/5329506755_29f8cfb856_o.jpg,rudis,5329506755,c1fdcc60d6,office__250.png,High office table is high,{'_content': ''}
5,https://live.staticflickr.com/103/285013318_df5926401f_o.jpg,Olivier Bruchez,285013318,df5926401f,office__251.png,Alcohol at work,{'_content': 'Never code while drunk... Note: this is not my workspace. :-)'}
5,https://live.staticflickr.com/1516/26136189015_b6f629b9da_o.jpg,ritzotencate,26136189015,11cb463105,office__252.png,Social Labs Alfa,"{'_content': ' Social Labs Alfa Groningen: <a href=""https://www.facebook.com/sociallabsalfa/"" rel=""nofollow"">www.facebook.com/sociallabsalfa/</a>'}"
6,https://live.staticflickr.com/6133/6007534531_ab493bc60d_o.jpg,Stefan Leijon,6007534531,8da0b0d272,office__246.png,IMG_1970,{'_content': ''}
6,https://live.staticflickr.com/58/214065070_4b04d77ba4_o.jpg,Marc van der Chijs,214065070,4b04d77ba4,office__247.png,My study at home,{'_content': ''}
6,https://live.staticflickr.com/5596/14562228680_23cc560bb2_o.jpg,{Futuretester | Jason Tester},14562228680,6104391001,office__248.png,IMG_8578,{'_content': ''}
6,https://live.staticflickr.com/8674/16732612912_db8b91a3d9_o.jpg,Ben Kraan Architecten,16732612912,fb5fabc248,office__199.png,39101 almere herinrichting Rabotoren (Landdrostdreef) int 02 2015,"{'_content': 'Ben Kraan Architecten BNA\n<a href=""http://www.benkraan.nl/"" rel=""nofollow"">www.benkraan.nl</a>'}"
2,https://live.staticflickr.com/282/17782411524_81e0756ed8_o.jpg,Heinrichs1,17782411524,33f773a7f8,dining room__55.png,Home - Floor 1 - Dining room,{'_content': ''}
2,https://live.staticflickr.com/3599/3594583908_bc807bc9d1_o.jpg,ThreeRiversRecon,3594583908,dc43619d7a,dining room__56.png,425 Merry Way dining room,{'_content': ''}
2,https://live.staticflickr.com/2927/14242778320_58210d170e_o.jpg,heatheronhertravels,14242778320,fc818da813,dining room__57.png,"Promenade View Holiday Cottage in Mumbles, South Wales","{'_content': 'This photo links to my travel blog at <a href=""http://www.heatheronhertravels.com/beaches-of-the-gower-luxury-mumbles-cottage/"" rel=""nofollow"">www.heatheronhertravels.com/beaches-of-the-gower-luxury-m...</a>\n \nWeekend at Mumbles, Wales staying at Promenade View Holiday Home <a href=""https://www.facebook.com/PromenadeViewBB"" rel=""nofollow"">www.facebook.com/PromenadeViewBB</a> Bookable through <a href=""http://www.homefromhome.com/cottage-details/53B"" rel=""nofollow"">www.homefromhome.com/cottage-details/53B</a>\n \nThis photo may be used for non commercial purposes on condition that you credit Heatheronhertravels.com and link to <a href=""http://www.heatheronhertravels.com/"" rel=""nofollow"">www.heatheronhertravels.com/</a> For commercial use please contact me for permission'}"
2,https://live.staticflickr.com/3057/2658067704_286c3a63fb_o.jpg,Megan Lawrie Cole,2658067704,443b02c7dc,dining room__58.png,"Rob's House, Salvage",{'_content': ''}
2,https://live.staticflickr.com/190/497000178_8c10e29d87_o.jpg,jeffhurlow,497000178,60b0b2e4af,dining room__59.png,dining3.jpg,{'_content': ''}
2,https://live.staticflickr.com/3397/5788671608_c2bf18e933_o.jpg,josh-ferris,5788671608,cd6516b813,dining room__60.png,flickrshare-1710,{'_content': ''}
2,https://live.staticflickr.com/2594/3909938873_4bcfb4a911_o.jpg,ArtisanGroup,3909938873,c6b2d2449b,living room__13.png,5804 Revelstoke Living Room,"{'_content': '5804 Revelstoke Drive, Colorado Springs CO 80924 - Wolf Ranch home.'}"
2,https://live.staticflickr.com/3267/5788140031_b1c0fd9b45_o.jpg,josh-ferris,5788140031,c7aa06a0d3,dining room__61.png,flickrshare-2120,{'_content': ''}
2,https://live.staticflickr.com/3943/15463283469_537bcf282b_o.jpg,Schilling 2,15463283469,e1f41947ea,kitchen__1.png,IMG_7249_Pobjie 2_Oct_2014_,{'_content': ''}
2,https://live.staticflickr.com/2654/3684552695_16213a1fa4_o.jpg,Dana Moos,3684552695,49df98ab7d,dining room__62.png,owners' house kitchen and living room,"{'_content': ""Rockwood Cottages is a 3.5 acre parcel on Moosehead Lake with a view of Mt.Kineo, offering 8 housekeeping cottages and an owner's home. A great place to vacation for a short stay or a couple weeks. A BBQ pit, play horseshoes, take a canoe out on the lake, bring your own boat, hike on Kineo, take a moose safari...this is a nature lovers paradise. A wonderful opportunity to own a recreational business.""}"
3,https://live.staticflickr.com/145/358759058_a895d4931d_o.jpg,fragmented,358759058,a895d4931d,dining room__46.png,dining room / 01,{'_content': 'we had fun squishing everyone around the table recently for christmas eve dinner! it worked out great :)'}
3,https://live.staticflickr.com/688/20628657344_acbbee60ca_o.jpg,Gryyphyn,20628657344,18dd126468,living room__8.png,Fall Creek Model 09,{'_content': 'Fall Creek Model Home'}
3,https://live.staticflickr.com/6131/5998216347_4832f1ed6f_o.jpg,jessjamesjake,5998216347,8c557e9f2a,living room__9.png,"Reading Corner, Long Shot","{'_content': ""You've seen the detail shots, now here's the entire room. The books are in the wood display, the LPs are in the record stand, and our lovely house tree (it's a weeping fig) keeps everything green and fresh feeling.""}"
3,https://live.staticflickr.com/3306/3407015121_a48cdf825b_o.jpg,Intiaz Rahim,3407015121,622e1e8c87,kitchen__0.png,Kitchen,{'_content': ''}
3,https://live.staticflickr.com/6046/6300621008_5b4121b0c4_o.jpg,market208,6300621008,1b51e9b6d0,dining room__47.png,South East Boise Home Near Barber Park,"{'_content': '  <a href=""http://posterous.com"" rel=""nofollow"">Posted via email</a>  from <a href=""http://jeremyrerickson.com/south-east-boise-home-near-barber-park"" rel=""nofollow"">Jeremy Erickson Work Stream</a>  '}"
3,https://live.staticflickr.com/2886/10319300433_4f54890115_o.jpg,Darryl Kenyon,10319300433,918a85cb3a,dining room__48.png,Huntley II Model at On Top Of The World Ocala,{'_content': 'OLYMPUS DIGITAL CAMERA'}
3,https://live.staticflickr.com/3888/14736070688_a36b14ae70_o.jpg,Ron Kikuchi,14736070688,e40464ec51,living room__10.png,Lakes of Parkway-Shadow Gardens,{'_content': 'Living Room view towards Kitchen.\nLake Front Home in Lakes of Parkway by Ron Kikuchi'}
3,https://live.staticflickr.com/6151/6169284027_5a6a1a1c82_o.jpg,market208,6169284027,07c0004132,dining room__49.png,The Hawthorn Fall Parade of Homes 2011 in Spurwing Greens,"{'_content': '  <a href=""http://posterous.com"" rel=""nofollow"">Posted via email</a>  from <a href=""http://blackstead.posterous.com/the-hawthorn-fall-parade-of-homes-2011-in-spu"" rel=""nofollow"">Blackstead Building Company</a>  '}"
3,https://live.staticflickr.com/3677/9647853481_00d2ab8861_o.jpg,Darryl Kenyon,9647853481,def1357a31,dining room__50.png,P7260452,{'_content': 'OLYMPUS DIGITAL CAMERA'}
3,https://live.staticflickr.com/3341/3240693099_8c763ba204_o.jpg,brenner_ron,3240693099,7fe5a851ba,dining room__51.png,dining,"{'_content': 'Interior view of home designed by Ron Brenner Architects in Stillwater, MN.  Brenner specializes in home designs that are under 3000 SF of space. Our goal is to provide meaningful and functional design for the average american family. You can obtain more information by visiting <a href=""http://www.ronbrennerarchitects.com"" rel=""nofollow"">www.ronbrennerarchitects.com</a> \n\nPart of a collection of \nSimple and Unique House Plans\nby simply elegant home designs. You can see more information or purchase this plan at <a href=""http://www.simplyeleganthomedesigns.com/"" rel=""nofollow"">www.simplyeleganthomedesigns.com/</a>\n\nThis image is the exclusive intellectual property of Ron Brenner Architects, LLC.  It is intended for personal use only and may not be reproduced or distributed.\n'}"
3,https://live.staticflickr.com/7144/6460533617_09a35aefc4_o.jpg,market208,6460533617,9c3e9398aa,dining room__52.png,Primrose 27,"{'_content': 'Introducing the &quot;Primrose&quot; by Tresidio Homes. This brand new floor plan is located directly across from the gorgeous clubhouse and pool in Hazelwood Village. Complete with the high standard amenities that you will always find in Tresidio Homes. Walk-in tile shower in the master, hardwood and tile flooring, granite counters and beautiful architecture inside and out. MUST SEE KITCHEN! Butcher Block Kitchen Island. You have got to see to believe this fabulous home.'}"
3,https://live.staticflickr.com/769/22051293792_d378a95cb5_o.jpg,Carbo Productions,22051293792,c08ed50936,living room__11.png,IMG_4599,{'_content': 'Casual Space near Kitchen. '}
3,https://live.staticflickr.com/7001/6460510787_f121665c7c_o.jpg,market208,6460510787,9dc1ddf176,living room__12.png,Primrose 5,"{'_content': 'Introducing the &quot;Primrose&quot; by Tresidio Homes. This brand new floor plan is located directly across from the gorgeous clubhouse and pool in Hazelwood Village. Complete with the high standard amenities that you will always find in Tresidio Homes. Walk-in tile shower in the master, hardwood and tile flooring, granite counters and beautiful architecture inside and out. MUST SEE KITCHEN! Butcher Block Kitchen Island. You have got to see to believe this fabulous home.'}"
3,https://live.staticflickr.com/3218/2936537154_4694994906_o.jpg,dalechumbley,2936537154,c2a6ae6e0a,office__2.png,fifteenthousand,"{'_content': 'This fabulous estate is located in Salmon Creek Woods, a private gated community.  This home sits in the back of the development nestled on over 500 feet of Salmon Creek frontage.  This 5 acres and over 5,000 square foot home is absolutely amazing.\n\nYou can get all the information at <a href=""http://www.fifteenthousand.com"">www.fifteenthousand.com</a> or <a href=""http://www.ChumbleyTeam.com"">www.ChumbleyTeam.com</a>.'}"
3,https://live.staticflickr.com/3617/3387863922_372fd85643_o.jpg,Intiaz Rahim,3387863922,3a0bc181c8,dining room__53.png,Dining Area,{'_content': ''}
3,https://live.staticflickr.com/8588/16574279755_1a820769bb_o.jpg,Ron Kikuchi,16574279755,a70eeff039,dining room__54.png,07_Canary Isle Circle,{'_content': 'Bayou Park Estates in Cinco Ranch-A Private Gated Community\n'}
4,https://live.staticflickr.com/5057/5483806015_3ec7df179b_o.jpg,waferboard,5483806015,298895f27e,living room__3.png,Main floor living room South West,{'_content': '110227-08'}
4,https://live.staticflickr.com/7186/6837492986_ccdeb27f88_o.jpg,Rachel Tayse,6837492986,1d6d52bf0e,dining room__33.png,dining room looking to backyard,{'_content': ''}
4,https://live.staticflickr.com/8545/28862162474_5632731cf8_o.jpg,Reg Natarajan,28862162474,9b6f8aa7a5,dining room__34.png,Home in Colombia,{'_content': ''}
4,https://live.staticflickr.com/8064/8164238193_9d50625aaa_o.jpg,Kendyl Young,8164238193,ebb40ee2f2,dining room__35.png,1708 Highland Ave.,"{'_content': '<a href=""http://1708HighlandAve.com"" rel=""nofollow"">1708HighlandAve.com</a>\n'}"
4,https://live.staticflickr.com/6009/5947066652_dc7ddb795d_o.jpg,sherwoodrealestate,5947066652,2c83920a50,dining room__36.png,Ashburn | Sherwood Real Estate,"{'_content': 'Real Estate properties in Sherwood, New Construction, Gated Communities and Lots for Sale'}"
4,https://live.staticflickr.com/6017/5946638949_195ed7f4ac_o.jpg,sherwoodrealestate,5946638949,b7a12cb9d8,dining room__37.png,Villa Toscana | Sherwood Real Estate,"{'_content': 'Sherwood Country Club Gated Communities in Westlake Village &amp; Thousand Oaks, California'}"
4,https://live.staticflickr.com/5138/5449761876_fbec6885b4_o.jpg,sherwoodrealestate,5449761876,a8335cbe5f,living room__4.png,Bordeaux | Sherwood Country Club,{'_content': 'Sherwood Country Club'}
4,https://live.staticflickr.com/6027/5946510403_f4da949210_o.jpg,sherwoodrealestate,5946510403,bc5a6520bb,living room__5.png,Ashburn | Sherwood Real Estate,"{'_content': 'Real Estate properties in Sherwood, New Construction, Gated Communities and Lots for Sale'}"
4,https://live.staticflickr.com/6122/5947283184_50e9541229_o.jpg,sherwoodrealestate,5947283184,6a6e9b0024,dining room__38.png,San Michel | Sherwood Real Estate,"{'_content': 'Sherwood Country Club Gated Communities in Westlake Village &amp; Thousand Oaks, California'}"
4,https://live.staticflickr.com/5180/5449889258_950c1c4d76_o.jpg,sherwoodrealestate,5449889258,2471b9a931,dining room__39.png,Cantabria | Sherwood Real Estate,{'_content': 'Cantabria'}
4,https://live.staticflickr.com/7342/16232696048_6b4a6c3a2d_o.jpg,miamism,16232696048,88b85b7fdf,living room__6.png,429 SW 28 Rd - Roads for Sale,{'_content': ''}
4,https://live.staticflickr.com/5594/14776557530_02912294ab_o.jpg,okchomeseller,14776557530,cc5492ab01,dining room__40.png,Rose Creek | 3108 Rose Creek Dr Edmond OK,"{'_content': 'Awesome One Level Floor Plan! Large corner lot in Rose Creek. Deer Creek schools. One level home with a very spacious feel. Two living areas. Wood floors throughout most of the home. Kitchen has island, double ovens, pull out shelves and walkin pantry along with breakfast bar and bay window breakfast area. Very large master suit and master closet. Private study. Indoor tornado shelter! Oversized 3 car garage with built-in storage! '}"
4,https://live.staticflickr.com/8207/8210707878_f7d7b8a825_o.jpg,thekirbster,8210707878,9267144c95,office__1.png,Home Office,{'_content': ''}
4,https://live.staticflickr.com/1446/24609088824_2268ca17b9_o.jpg,okchomeseller,24609088824,29faf756b5,dining room__41.png,Sweetwater | 9449 Lake Way Run Edmond OK,"{'_content': 'Between the windmill and the pond lies an amazing custom home that will be your own private resort!  This home is on the first lot sold in Sweetwater so it is a prime lot for sure! Nearly every area has a vista view of the pond and wooded addition. Built as a ‘dream home’ it features amenities and upgrades galore. Study includes a built-in desk/credenza and a cast-stone fireplace. The formal dining has a built-in hutch. The entry has a view of the formal living room and its balcony overlooking the pond. There is an open kitchen, breakfast and family room. Thermidor appliances in the kitchen. There is 1911 sq ft of unfinished basement offering great storage and/or shop. It is plumbed for adding another bathroom if desired. There’s also a large safe room in the basement. In back is a covered patio with outdoor fireplace and balcony above. The foam insulation provides very low utility bills.'}"
4,https://live.staticflickr.com/6140/5947149112_78f71966cf_o.jpg,sherwoodrealestate,5947149112,f675226faa,dining room__42.png,Haverhill | Sherwood Real Estate,"{'_content': 'Sherwood Country Club Gated Communities in Westlake Village &amp; Thousand Oaks, California'}"
4,https://live.staticflickr.com/3283/3120393033_66044b4f97_o.jpg,brad.coy,3120393033,81fc196775,dining room__43.png,500 Landsdale - Sherwood Forest,"{'_content': ""Exceptional remodel in this beautiful modern home. Incredible panoramic views to South Bay and Ocean. This beautiful architecturally pleasing home has a wonderful warmth to it. The attention to upscale detail is noticed throughout. There are hardwood floors on the top two floors, two fireplaces and an elevator. The beautiful kitchen opens to the dining room which has access to a full deck. The master suite accesses a sunny panoramic view deck, huge sumptuous bathroom and it's own library/den complete with fireplace.""}"
4,https://live.staticflickr.com/6133/5946732499_3e3936aa92_o.jpg,sherwoodrealestate,5946732499,cbaf12b084,dining room__44.png,San Michel | Sherwood Real Estate,"{'_content': 'Sherwood Country Club Gated Communities in Westlake Village &amp; Thousand Oaks, California'}"
4,https://live.staticflickr.com/5110/5693688608_5e7982680a_o.jpg,Kendyl Young,5693688608,d6d6117054,dining room__45.png,Dining Area-1,"{'_content': '<a href=""http://www.KendylYoung.com"" rel=""nofollow"">www.KendylYoung.com</a>'}"
4,https://live.staticflickr.com/3693/10856736133_f7a622bc1e_o.jpg,LakeMartinVoice,10856736133,b61de96c3c,living room__7.png,"136 Libby Lane on Lake Martin, AL - 35",{'_content': ''}
5,https://live.staticflickr.com/3055/2994950151_332b038859_o.jpg,dionhinchcliffe,2994950151,e5e80741e8,living room__2.png,Wide angle shot of the domicile,{'_content': 'Our old apartment in DC'}
5,https://live.staticflickr.com/7395/9043673278_32036de559_o.jpg,chinaresidencies,9043673278,ab4d76b54b,office__0.png,Home Shop,{'_content': 'Home Shop is a co-working space and creative community in Beijing.'}
5,https://live.staticflickr.com/2869/10143630534_af8740982b_o.jpg,mckibbin,10143630534,401c619ff0,dining room__30.png,Solar Decathlon,{'_content': 'Net Zero home for 2013 Solar Decathlon'}
5,https://live.staticflickr.com/3301/3244865856_1032d75662_o.jpg,Alexandratx,3244865856,9c30e22323,restaurant__0.png,DSC_1225,{'_content': ''}
5,https://live.staticflickr.com/92/262258603_764a43e4d2_o.jpg,Kelly Sue,262258603,764a43e4d2,dining room__31.png,Diningroom,{'_content': 'Roughly the same layout as ours.'}
5,https://live.staticflickr.com/2744/4245591727_b6752a9434_o.jpg,Weidner Apartment Homes,4245591727,8bfd509231,dining room__32.png,Parkmoor Village,"{'_content': '<a href=""http://www.weidner.com"" rel=""nofollow"">www.weidner.com</a>'}"
6,https://live.staticflickr.com/1374/1028705051_258974c73a_o.jpg,Ryan-o,1028705051,903f98b933,dining room__0.png,Our Dining Room Set!,"{'_content': ""Well, same set, wrong house. But it's fun to live vicariously!""}"
6,https://live.staticflickr.com/8418/8919875436_8cf63cb87f_o.jpg,The Rent Giant,8919875436,340d9f4ca3,dining room__1.png,"Rental Homes in Phoenix, Arizona","{'_content': '<a href=""http://www.therentgiant.com"" rel=""nofollow"">www.therentgiant.com</a>\nRental Homes in Phoenix, Arizona\n\n© 2013 Arizona Regional Multiple Listing Service, All rights reserved. The data relating to real estate for sale on this website comes in part from the Arizona Regional Multiple Listing Service. Real estate listings held by brokerage firms other than Marcus And Murphy Real Estate LLC are marked with the Arizona Regional Multiple Listing Service logo and detailed information about them includes the name of the listing brokers. All information deemed reliable but not guaranteed and should be independently verified. All properties are subject to prior sale, change or withdrawal. Neither listing broker(s) nor Marcus And Murphy Real Estate LLC shall be responsible for any typographical errors, misinformation, misprints and shall be held totally harmless. Listing courtesy of HomeSmart.'}"
6,https://live.staticflickr.com/8552/9010330597_04b43efba5_o.jpg,The Rent Giant,9010330597,aec636f607,dining room__2.png,"Rental homes in Phoenix, Arizona.","{'_content': '<a href=""http://www.therentgiant.com"" rel=""nofollow"">www.therentgiant.com</a>\nRental Homes in Phoenix, Arizona\n\n© 2013 Arizona Regional Multiple Listing Service, All rights reserved. The data relating to real estate for sale on this website comes in part from the Arizona Regional Multiple Listing Service. Real estate listings held by brokerage firms other than Marcus And Murphy Real Estate LLC are marked with the Arizona Regional Multiple Listing Service logo and detailed information about them includes the name of the listing brokers. All information deemed reliable but not guaranteed and should be independently verified. All properties are subject to prior sale, change or withdrawal. Neither listing broker(s) nor Marcus And Murphy Real Estate LLC shall be responsible for any typographical errors, misinformation, misprints and shall be held totally harmless. Listing courtesy of HomeSmart.'}"
6,https://live.staticflickr.com/3835/15032761188_19159d9778_o.jpg,njhomepictures,15032761188,103ce2c951,dining room__3.png,DSC_6035,{'_content': ''}
6,https://live.staticflickr.com/8579/15804737360_369ca1f4a3_o.jpg,njhomepictures,15804737360,e26c20da4a,dining room__4.png,DSC_7100,{'_content': ''}
6,https://live.staticflickr.com/2922/14122229707_86c6d1f68a_o.jpg,njhomepictures,14122229707,fbce52429f,dining room__5.png,DSC_6198,{'_content': ''}
6,https://live.staticflickr.com/2196/1858307109_ec9fe0bbe7_o.jpg,sergeant killjoy,1858307109,a42e95cfca,dining room__6.png,she's ready...,{'_content': 'for Thanksgiving'}
6,https://live.staticflickr.com/8569/15804344052_64e4b3bdaa_o.jpg,njhomepictures,15804344052,e0771bcdfd,dining room__7.png,DSC_4193,{'_content': ''}
6,https://live.staticflickr.com/7535/30246666736_3d5293689e_o.jpg,njhomepictures,30246666736,b12eb4a34f,dining room__8.png,DSC_6075,{'_content': 'Budget Blinds of Westfield  work examples'}
6,https://live.staticflickr.com/5455/9324597210_30225acf20_o.jpg,njhomepictures,9324597210,15bd0cd979,dining room__9.png,_DSC0075,{'_content': ''}
6,https://live.staticflickr.com/7351/11076820894_78c175fdd1_o.jpg,njhomepictures,11076820894,f5d59af101,dining room__10.png,DSC_1472,{'_content': ''}
6,https://live.staticflickr.com/5586/15105584426_efb571b458_o.jpg,njhomepictures,15105584426,0867be09b6,dining room__11.png,DSC_4875,{'_content': ''}
6,https://live.staticflickr.com/7456/12127219164_a1dcf0049b_o.jpg,njhomepictures,12127219164,0b895955d5,dining room__12.png,DSC_4623,{'_content': ''}
6,https://live.staticflickr.com/3913/15077645885_f75aa1010a_o.jpg,njhomepictures,15077645885,358e019b2c,dining room__13.png,DSC_4130,{'_content': ''}
6,https://live.staticflickr.com/5470/13954511487_32f6b120d1_o.jpg,njhomepictures,13954511487,82c07daf3c,dining room__14.png,DSC_3263,{'_content': ''}
6,https://live.staticflickr.com/462/18580101336_d2f0600f36_o.jpg,njhomepictures,18580101336,f9e8a0772b,dining room__15.png,DSC_1975,{'_content': ''}
6,https://live.staticflickr.com/5487/11442350765_f18827c163_o.jpg,njhomepictures,11442350765,84bc61bb26,dining room__16.png,DSC_3115,{'_content': ''}
6,https://live.staticflickr.com/3851/14635914465_223abfe88d_o.jpg,njhomepictures,14635914465,2250feb60e,dining room__17.png,DSC_0208,{'_content': ''}
6,https://live.staticflickr.com/2903/14412961464_3972f9c3ee_o.jpg,njhomepictures,14412961464,b7fa50cc4c,dining room__18.png,DSC_7567,"{'_content': '166 Walnut St, Nutley'}"
6,https://live.staticflickr.com/3942/15112347024_16fe78a0e0_o.jpg,njhomepictures,15112347024,fc9d7bf028,dining room__19.png,DSC_3959,{'_content': ''}
6,https://live.staticflickr.com/7361/14050216855_62e7b5f851_o.jpg,njhomepictures,14050216855,e48d2be3c9,dining room__20.png,DSC_1820,"{'_content': '1 Schindler Ct, Somerset NJ listed with David Santini, Golden Key Realty'}"
6,https://live.staticflickr.com/3751/9972947635_dee4511202_o.jpg,njhomepictures,9972947635,467d7e9216,dining room__21.png,_DSC0120,{'_content': ''}
6,https://live.staticflickr.com/3894/14423140438_f65a306f0c_o.jpg,njhomepictures,14423140438,aa51969b76,dining room__22.png,DSC_9645,{'_content': ''}
6,https://live.staticflickr.com/3674/9630454278_f3783dcca9_o.jpg,njhomepictures,9630454278,1afdfa8539,dining room__23.png,_DSC0255,{'_content': ''}
6,https://live.staticflickr.com/7356/14138239012_8325b3d1d2_o.jpg,njhomepictures,14138239012,197d49eeb7,dining room__24.png,DSC_3245,{'_content': ''}
6,https://live.staticflickr.com/5469/9290740935_cfae0eb54b_o.jpg,njhomepictures,9290740935,6a3a487390,dining room__25.png,_DSC0273,{'_content': ''}
6,https://live.staticflickr.com/7034/13416385515_01000c14a8_o.jpg,njhomepictures,13416385515,38f782ce9c,living room__0.png,DSC_8125,{'_content': ''}
6,https://live.staticflickr.com/403/19378506339_a08f8cb827_o.jpg,njhomepictures,19378506339,e6c6f7f847,dining room__26.png,DSC_4635,{'_content': ''}
6,https://live.staticflickr.com/5542/10601188773_12e1ec2b41_o.jpg,njhomepictures,10601188773,cece0d907a,dining room__27.png,_DSC0288,{'_content': ''}
6,https://live.staticflickr.com/7352/15835849884_1f544d96a4_o.jpg,njhomepictures,15835849884,befe5d1801,dining room__28.png,DSC_9478,{'_content': ''}
6,https://live.staticflickr.com/3671/11076908233_262fd5c406_o.jpg,njhomepictures,11076908233,61f9402cf0,dining room__29.png,DSC_1486,{'_content': ''}
6,https://live.staticflickr.com/3706/11442490583_004f3b33e9_o.jpg,njhomepictures,11442490583,c59d53804e,living room__1.png,DSC_3107,{'_content': ''}
6,https://live.staticflickr.com/5161/5279696154_ff12ae2395_o.jpg,artrocious,5279696154,f9c5c716c0,restaurant__31.png,Interior,{'_content': 'Design DNA site image\n\nPhotoshoot'}
6,https://live.staticflickr.com/8479/8191791685_d79d29cbe6_o.jpg,Traveloscopy,8191791685,c46c83c3a8,restaurant__32.png,Scarlett Interior,"{'_content': 'Pullman Bangkok Hotel G\n\nsource/credit: Accor\n\nThis image has been supplied to <a href=""http://www.traveloscopy.com"" rel=""nofollow"">www.traveloscopy.com</a> on the understanding it is copyright released and/or royalty free.\ntags: PR, travel, hotels, resorts, Accor, Pullman, Bangkok\n'}"
6,https://live.staticflickr.com/8250/8511991944_b5622a2f75_o.jpg,Cathy Chaplin | GastronomyBlog.com,8511991944,3b71cf1836,restaurant__33.png,Sotto Interior (bar),{'_content': 'Sotto Interior (bar)'}
6,https://live.staticflickr.com/7268/7436239240_7fa46c52b6_o.jpg,NwongPR,7436239240,b51d331a97,restaurant__34.png,"Interior, front room near windows","{'_content': 'Bistro Pastis\nVancouver, BC Canada'}"
6,https://live.staticflickr.com/450/19522060866_091ef109b3_o.jpg,Ben Kraan Architecten,19522060866,c9919a1624,restaurant__35.png,39135 Nieuwerbrug inrichting Wierickehuis (graaf adelbrechtlaan) int 02 2015,"{'_content': 'Ben Kraan Architecten BNA\n<a href=""http://www.benkraan.nl/"" rel=""nofollow"">www.benkraan.nl</a>'}"
5,https://live.staticflickr.com/774/23806591792_c8febe8196_o.jpg,James E. Petts,23806591792,13551775a9,dining room__83.png,1830s period room,"{'_content': 'Christmas past exhibition, Geffrye Museum'}"
5,https://live.staticflickr.com/3875/14565337364_9f90766be6_o.jpg,David Lacarta,14565337364,e9622617cc,dining room__84.png,Interior,{'_content': ''}
5,https://live.staticflickr.com/3260/2844576600_327202c792_o.jpg,Ewan-M,2844576600,7c9a8b3f6f,restaurant__22.png,"Ship and Whale, Rotherhithe, SE16","{'_content': 'A view to the south. The bar is on the left of this photo and the entrance to the top right. Toilets are through the door on the top left. (<a href=""http://www.flickr.com/photos/55935853@N00/2844319932/"">View of exterior.</a>)'}"
5,https://live.staticflickr.com/4024/4262463018_053749137d_o.jpg,Ewan-M,4262463018,da63c117a9,restaurant__23.png,"King Charles I, Pentonville, N1","{'_content': 'The interior of this small one-room pub just near <a href=""http://www.flickr.com/photos/55935853@N00/3904088645/"">King\'s Cross station</a>. You won\'t see it this empty unless you visit on a weekday afternoon. It\'s usually completely rammed. (<a href=""http://www.flickr.com/photos/55935853@N00/3131069423/"">View of exterior.</a>)'}"
5,https://live.staticflickr.com/7257/7115561657_ca0285ea81_o.jpg,Ewan-M,7115561657,8fbb5ba8d0,restaurant__24.png,"Queen's Head, Soho, W1","{'_content': 'The upstairs room at this pleasant Soho pub. There\'s a small bar down the end with a few draught keg beers. Staff seemed happy to run down and fetch other drinks. (<a href=""http://www.flickr.com/photos/55935853@N00/2994995926/"">View of exterior.</a>)'}"
5,https://live.staticflickr.com/3661/3611293049_95db3a0826_o.jpg,Ewan-M,3611293049,95eb41d340,restaurant__25.png,"Grand Junction Arms, Harlesden, NW10","{'_content': 'The back room at this canalside pub. (<a href=""http://www.flickr.com/photos/55935853@N00/3634159236/"">Photo of glass partition by toilet door.</a>) (<a href=""http://www.flickr.com/photos/55935853@N00/3434367514/"">View of exterior.</a>)'}"
5,https://live.staticflickr.com/8314/8050564018_2b49ea49e1_o.jpg,Ewan-M,8050564018,07f2ab144e,restaurant__26.png,"Wenlock and Essex, Islington, N1","{'_content': 'A view inside this venue, which on a Monday early evening was hardly at its busiest. Good range of beer, seemed rather nice. (<a href=""http://www.flickr.com/photos/55935853@N00/5043247291/"">View of exterior</a>.)'}"
5,https://live.staticflickr.com/7759/26860977403_f38e5151bc_o.jpg,steevithak,26860977403,6c201e6e7e,restaurant__27.png,2016-06-04_10-51-47,"{'_content': ""Interior of the new Newk's Eatery in Irving, TX""}"
5,https://live.staticflickr.com/2636/3834408457_d583c6f49d_o.jpg,Ewan-M,3834408457,cd2e58618e,restaurant__28.png,"Good Companions, Warlingham, CR6","{'_content': 'A very basic pub room. (<a href=""http://www.flickr.com/photos/55935853@N00/3736363574/"">View of exterior.</a>)'}"
5,https://live.staticflickr.com/8317/8050563748_a6c78fd862_o.jpg,Ewan-M,8050563748,0977c3ee9d,restaurant__29.png,"Wenlock and Essex, Islington, N1","{'_content': 'The bar area at this decent Islington drinking hole. (<a href=""http://www.flickr.com/photos/55935853@N00/8050564018/"">Wider shot of interior.</a>) (<a href=""http://www.flickr.com/photos/55935853@N00/5043247291/"">View of exterior</a>.)'}"
5,https://live.staticflickr.com/3050/2575454916_bbdd69917e_o.jpg,Toprural,2575454916,410950a8f3,restaurant__30.png,"Hotel Los Arcos de Quejana, Quejana, Álava, País Vasco (Espagne)","{'_content': 'Hotel Los Arcos de Quejana, Quejana, Álava, País Vasco, (Espagne)\n<a href=""http://www.toprural.com/hotel-rural/hotel-los-arcos-de-quejana_f-es-01-4646.htm"">www.toprural.com/hotel-rural/hotel-los-arcos-de-quejana_f...</a>'}"
4,https://live.staticflickr.com/5621/29813588502_3b770c1121_o.jpg,Paintzen,29813588502,e2973efea2,dining room__76.png,Dining Room Interior Design,"{'_content': 'You are free to:\n \nShare — copy and redistribute the material in any medium or format\n \nAdapt — remix, transform, and build upon the material for any purpose, even commercially.\n \nYou must give appropriate credit and provide a link to <a href=""http://www.paintzen.com"" rel=""nofollow"">www.paintzen.com</a> home page, or our commercial painting page here: <a href=""https://www.paintzen.com/commercial"" rel=""nofollow"">www.paintzen.com/commercial</a> \nor residential painting page: <a href=""https://www.paintzen.com/residential"" rel=""nofollow"">www.paintzen.com/residential</a>'}"
4,https://live.staticflickr.com/1677/25001543071_c5af1b3fbc_o.jpg,coffee shop soulja,25001543071,56221a3c7c,dining room__77.png,Interiors,{'_content': 'A few shots taken for a friend to showcase their property'}
4,https://live.staticflickr.com/5459/9756625495_078909f247_o.jpg,Gnilenkov Aleksey,9756625495,bd6643668d,dining room__78.png,Interior,{'_content': ''}
4,https://live.staticflickr.com/8413/8754154845_12aa0aabb5_o.jpg,Gnilenkov Aleksey,8754154845,2f957d2f43,dining room__79.png,Interior,{'_content': ''}
4,https://live.staticflickr.com/1596/24727185879_8d9d6daeb9_o.jpg,coffee shop soulja,24727185879,7a2e40111e,dining room__80.png,Interiors,{'_content': 'A few shots taken for a friend to showcase their property'}
4,https://live.staticflickr.com/3538/3640110857_2335f58ba5_o.jpg,Jeremy Levine Design,3640110857,db80356eba,dining room__81.png,Dining Room with Recycled Wood Ceiling,"{'_content': 'Recycled Wood Ceiling\n\nProject Name: Red Box\nProject Type: 2 story addition to one story home\nLocation: Eagle Rock, CA\nDesigner: Jeremy levine design\n<a href=""http://www.jeremylevine.com"" rel=""nofollow"">www.jeremylevine.com</a> \n&gt;\n\nA two story addition to an existing house utilizing passive and active green technology, including:  grey water recycling, solar energy, passive thermal, daylighting, interior pocket courtyard with bamboo garden, drought tolerant landscaping, etc.\n'}"
4,https://live.staticflickr.com/3746/14304799554_c9e65c1f84_o.jpg,cwcontentworks,14304799554,a82c912028,restaurant__16.png,Prego interior 2,{'_content': ''}
4,https://live.staticflickr.com/5588/15002046069_b5063cf86b_o.jpg,Visit Edinburgh,15002046069,a299c697ee,restaurant__17.png,"The Dome, Edinburgh","{'_content': 'Interior - The Club Room\nplease credit The Dome, Edinburgh'}"
4,https://live.staticflickr.com/4082/4876898450_982aa1a9e0_o.jpg,@boetter,4876898450,aa85a64ce6,restaurant__18.png,De Kas interior,{'_content': ''}
4,https://live.staticflickr.com/4063/4719538436_f68caee2d7_o.jpg,Infrogmation,4719538436,8e88d823d1,restaurant__19.png,Rosa Nautica Interior,"{'_content': '&quot;La Rosa Nautica&quot; Peruvian restaurant, Boca Raton, Florida. \n'}"
4,https://live.staticflickr.com/8455/8020248269_c2e49c158e_o.jpg,kurmanstaff,8020248269,94473ce841,restaurant__20.png,Prairie Grass Cafe Dining Room 2733_cmyk,{'_content': 'Prairie Grass Cafe\n 601 Skokie Blvd\n Northbrook IL 60062\n  847-205-4433 \n \nPhoto Credit: Michael Lande'}
4,https://live.staticflickr.com/1654/24385408220_fa44f50447_o.jpg,"RiversdaleEstateMedia, Tasmania",24385408220,1087040b0b,restaurant__21.png,Riversdale Estate French Orangery interior,"{'_content': ""Image courtesy of Christopher Hockings\n\nThe beauty of Tasmania's Riversdale Estate is in both its stunning surroundings and its unique versatility. Offering a range of indoor and outdoor spaces, it combines elegance, grandeur and modern functionality.\n \nWe offer a number of warm and unique spaces that can allow guests to move around the Estate in private surroundings. Each area has its own distinctive character.\n \nThe French Bistro – with its refined European décor – offers floor to ceiling windows that allow for views into the vineyard and waterways beyond, allowing guests an unrivalled location and vista. It provides a formal ambience while creating a sophisticated elegance.\n \nThe Private Dining Room – with its plush leather wing-back chairs and chesterfield sofas, large handcrafted dining table, fireplace and spectacular views of the vineyard – presents itself to smaller, more intimate weddings.\n \nThe Estate Garden – with its luscious green landscape and well-established trees – provides stunning water vistas and 360 degree views of the Estate and its 38ha vineyard. It is the ideal venue for weddings at any time of the year. Our garden pergolas offer perfect settings for wedding photography with the garden and water views in the background. A paved area in front of the Estate’s main building allows for wedding ceremonies of an unforgettable nature.\n \nThis image shows the French Orangery in all its splendour.\n \nMorning and afternoon tea in the Orangery is all about good taste. From the interior design of elegance and comfort of the music that blends so well with the warm chatter and the delicious and sumptuous delicacies served on fine china and silver platters: cucumber sandwiches, scones so light with clotted cream, perfectly formed pastries fused with flavours.\n \nBy day or night, spring or summer, autumn or winter, Riversdale Estate is the perfect choice for visitors to luxuriate in the welcoming atmosphere and the superb locally grown and prepared produce and wines.\n \nIf you would like information and pricing, please contact our Wedding and Events Coordinator Benjamin who can assist with planning your perfect day:\n \ne: weddings@riversdaleestate.com.au\n \nt: +61 3 6248 5555\n\n\n""}"
4,https://live.staticflickr.com/5326/30680650866_7953e60002_o.jpg,okchomeseller,30680650866,69b3a90186,dining room__82.png,Muirfield Village | 16237 Scotland Way Edmond OK,"{'_content': 'Stunning Muirfield Village home available now. Open floor plan with an impressive living room. The living room has a wood lined catedral ceiling and stone fireplace. The study has wood floors and nice built-in along with its own bathroom vanity. Large master suite includes wood floors and bathroom with dual vanities and large walk-in closet. A very nice guest bedroom suite. An interior staircase provides easy access to attic storage and addition living space can be added if desired. Muirfield Village includes yard maintenance, gates, clubhouse, fitness center and pool.'}"
3,https://live.staticflickr.com/3583/3406949727_660cb08883_o.jpg,Intiaz Rahim,3406949727,4827004b4a,dining room__72.png,Dining Room,{'_content': ''}
3,https://live.staticflickr.com/2257/1541471307_3e98acf2a6_o.jpg,Philip Fibiger,1541471307,b490f544f1,dining room__73.png,New Dining Room,"{'_content': ""We inherited Emily's grandparents' dining set when they moved. The scale fits our house perfectly and we're really into the style.""}"
3,https://live.staticflickr.com/5274/5889177410_dc4dde2e80_o.jpg,Felipe Andreoli Photography,5889177410,a76f9c4b54,dining room__74.png,Interiors,"{'_content': 'Interior design by Cristina Pasqua in São Paulo, Brazil'}"
3,https://live.staticflickr.com/2331/2436495850_af38a6ba29_o.jpg,Philip Fibiger,2436495850,9156a6260c,dining room__75.png,New Pendant,"{'_content': 'The new light completes our recent updates to the dining room. (Best fully appreciated in comparison to <a href=""http://www.flickr.com/photos/pfibiger/1541471307"">the old, Home Depot Tuscany chandelier</a>)'}"
3,https://live.staticflickr.com/8168/7112026087_7826e557b8_o.jpg,"The Park Hotels, India",7112026087,9da8830d00,restaurant__11.png,"Monsoon, the 24-hour restaurant with international menu, The Park Bangalore","{'_content': 'Taste the colours of authentic cuisines and subtle flavours across the globe.\n\nThis 24-hour restaurant located next to the lobby, provides a welcoming experience to the guests. Monsoon offers a creative Pan-Indian &amp; International menu with emphasis on subtle flavors and authentic ingredients making it an ideal destination in Bangalore for a meal anytime around the clock.'}"
3,https://live.staticflickr.com/8351/8341260489_a1f1af5edf_o.jpg,TaylorHerring,8341260489,8bf63a57b4,restaurant__12.png,Bounce (Interior),"{'_content': ""Bounce is London's hot, new ping pong restaurant and bar concept.""}"
3,https://live.staticflickr.com/5126/5321169059_4f4d2e0a2e_o.jpg,I-5 Design & Manufacture,5321169059,d37212310a,restaurant__13.png,Casino Bar Design | Casino Lounge Design | Bar Space Plan | Bar Lighting Design | Gold River Casino,"{'_content': 'At the Gold River Casino in Anadarko Oklahoma, I-5 Design and Manufacture created a custom décor package for the bar that included the overall space plan, a custom designed suspended ceiling structure with LED accent illumination above the counter area, new bar counters and cabinets, specialty etched wall panels installed on the back wall, as well as a new glass shelving system and much more. To view more <a href=""http://www.i5design.com/casino-design?"" rel=""nofollow"">casino decor</a> and design elements see the project profile.'}"
3,https://live.staticflickr.com/8303/7819993002_49218c14d5_o.jpg,wallyg,7819993002,00d526d686,restaurant__14.png,Buenos Aires - La Boca: La Perla Café,"{'_content': 'Bar La Perla, or La Perla Café, at Pedro de Mendoza 1899, dates from 1899.  The 2-story former brothel features  a rustic interior with wood ceiling and tables and paintings from local artists.'}"
3,https://live.staticflickr.com/3594/3466565942_c5911dc3b3_o.jpg,"Robert R Gigliotti, RRGPhotography.com",3466565942,2b30fb4706,restaurant__15.png,Saddle & Cycle Club Ballroom,{'_content': 'Multiple strobes were used with multiple exposures to bring into focus the out doors and interior ball room of the Saddle and cycle club of Chicago. '}
2,https://live.staticflickr.com/8677/27851082593_a465c6ab8c_o.jpg,Houseology,27851082593,dbac7644e8,dining room__64.png,Luxe Dining Room,{'_content': 'Entertain in style with this graceful grey dining room interior design scheme.'}
2,https://live.staticflickr.com/592/22731638898_83a72ec9d6_o.jpg,Library Fashionista,22731638898,dd99d61227,dining room__65.png,Dining Room,{'_content': ''}
2,https://live.staticflickr.com/709/22319387352_6c271f4185_o.jpg,highmarkb,22319387352,9d482c7e67,dining room__66.png,dining room remodeling ideas,"{'_content': 'Feel free to use this image for your page or blog post as long as you include an image credit with our name and a clickable (hyperlinked) and followed link to <a href=""#//www.highmark-builders.com/”"" rel=""nofollow"">Highmark Builders</a> website. <a href=""http://www.highmark-builders.com"" rel=""nofollow"">www.highmark-builders.com</a> '}"
2,https://live.staticflickr.com/6007/6008949019_0588b3e8ba_o.jpg,Polygon Homes,6008949019,4e447e39d5,dining room__67.png,Eclipse - Dining Room,"{'_content': 'Eclipse - North Delta Townhomes\n\nucked next to a forested green space just steps from a new lakeside park, you’ll find Eclipse, Polygon’s latest collection of townhome residences at the landmark master-planned community of Sunstone in North Delta.\n\nThis limited collection of three and four bedroom townhomes showcases welcoming Arts and Crafts architecture and evokes a storybook feeling with dramatic pitched roofs, charming gables and window boxes. Inside, contemporary interiors feature open-plan layouts, gourmet kitchens with granite countertops, warm laminate flooring, and sleek stainless steel appliances. For added convenience, large private decks invite outdoor entertaining, and attached garages welcome residents of every home.\n\nSituated in the heart of a family friendly community, close at hand are an array of hiking and biking trails, good schools, and shopping, and convenient commuter access to Vancouver and beyond. Every Eclipse resident will also benefit from membership to the Sunstone Club, a private residents-only clubhouse featuring over 12,000 square feet of resort-style amenities.\n\n<a href=""http://www.polyhomes.com/community/eclipse"" rel=""nofollow"">www.polyhomes.com/community/eclipse</a>\n\nPhoto Credit: Dave Delnea'}"
2,https://live.staticflickr.com/2593/3907933229_b2c27a1ecc_o.jpg,Dana Moos,3907933229,46e50722b1,dining room__68.png,dining room,"{'_content': ""This is Timbercliffe Cottage Bed and Breakfast in the beautiful harbor side village of Camden, Maine. The original section (the smaller portion to the right of the porch) was built by Jesse Thomas in 1790 and the large section (with the porch) was added by Captain Pendleton in 1860. The current owners performed major renovations between 2005 and 2006 including all new mechanical, new electric wiring, cable and data pulled to all rooms; the foundation was jacked up where needed, roof replaced, bathrooms renovated; all furniture, furnishings, window treatment, decor and light fixtures, are all new. The furnishings and interior paint colors were chosen to match the historic period. Hardwood floors were restored and new were installed. The feeling you get when you walk in is that you've stepped back in time but in comfortable luxury. The inn seems to tell a story...""}"
2,https://live.staticflickr.com/4053/5081686752_2dba3f430f_o.jpg,bittermelon,5081686752,bb1efc5eda,restaurant__7.png,Eater Inside: 25 Lusk,{'_content': 'main dining room (c) Jennifer Yin / Eater SF'}
2,https://live.staticflickr.com/8563/16490813612_76e4640af2_o.jpg,Les Roches,16490813612,59014f431b,restaurant__8.png,"Le Tacot, fine dining restaurant","{'_content': 'Les Roches fine dining restaurant is managed by students under the supervision of our instructors. \n\n<a href=""http://www.lesroches.edu"" rel=""nofollow"">www.lesroches.edu</a>\n\nClick <a href=""http://www.lesroches.edu/les_roches_bluche/en/en-en/home/index.cfm?page=/les_roches_bluche/home/request-info"" rel=""nofollow"">here</a> to receive our brochure.\n\nHere at Les Roches, we ensure that our students are well versed in kitchen, service and rooms division.\n\nThese three areas are taught outside a traditional class environment as students learn by doing. This learning style is called hands-on or craft-based learning. \n\nHands-on learning is critical to gain knowledge and skills you need to lead hospitality organizations in the future. These are the parts of the program that may students enjoy most, where they learn leadership skills and build confidence.\n\nTo find out more about Craft Based Learning please visit our <a href=""http://www.lesroches.edu/les_roches_bluche/en/en-en/home/academic-programs/sha-diploma"" rel=""nofollow"">Academic Programs</a> webpage.\n\nConnect with Les Roches on <a href=""http://www.facebook.com/lesroches"" rel=""nofollow"">Facebook</a>, <a href=""http://twitter.com/LesRochesNews"" rel=""nofollow"">Twitter</a>, <a href=""http://blog.lesroches.edu/pamela/"" rel=""nofollow"">Les Roches Student Blog</a> and <a href=""http://www.youtube.com/user/LesRochesCast"" rel=""nofollow"">Youtube</a>.\n'}"
2,https://live.staticflickr.com/3219/2367673555_d9c7bc5b78_o.jpg,Michael_thru_50mm,2367673555,0b91e62465,restaurant__9.png,富錦街 No.108,{'_content': ''}
2,https://live.staticflickr.com/617/23038017225_90dea9c21e_o.jpg,Kotomi_,23038017225,5695f771dc,dining room__69.png,Yoko Kloeden Design - interior photo-shoot,"{'_content': '<a href=""http://www.yokokloeden.com"" rel=""nofollow"">www.yokokloeden.com</a>'}"
2,https://live.staticflickr.com/8187/8445192959_80b3c226ed_o.jpg,Kotomi_,8445192959,0f809604da,dining room__70.png,Museum Van Loon,"{'_content': '<a href=""http://www.museumvanloon.nl/"" rel=""nofollow"">www.museumvanloon.nl/</a>\n'}"
2,https://live.staticflickr.com/65/218477753_e26398954d_o.jpg,uncleboatshoes,218477753,e26398954d,restaurant__10.png,Rax Interior,{'_content': 'heavy.  not a single customer at 1pm.  ETERNAL SALAD BAR.'}
2,https://live.staticflickr.com/5520/9351052519_19ede4bced_o.jpg,Polygon Homes,9351052519,9d10c22b07,dining room__71.png,Laureates Walk - Dining Area,"{'_content': 'Tucked away on 34th Avenue, Laureates Walk is the first and only townhomes at Harvard Gardens. An exclusive collection of just 40 homes, there is a mix of two, three, and four bedroom homes. Laureates Walk is the only homes of their kind at Harvard Gardens and espouse a strong, secure, and prestigious architectural character while providing the latest contemporary finishings.\n\n<a href=""http://www.polyhomes.com/community/laureates-walk-townhomes-south-surrey"" rel=""nofollow"">www.polyhomes.com/community/laureates-walk-townhomes-sout...</a>'}"
1,https://live.staticflickr.com/3196/2810479045_976be2f450_o.jpg,Tricky (rick harrison),2810479045,3cb37c2391,restaurant__1.png,"Cotton Factory, Huddersfield","{'_content': ""On friday i had to shoot some video &amp; photos for a work project, we were using The Cotton Factory bar as a base, as it was really nicely designed i thought i'd take a few photos in the odd spare moments.\n\nThis is one of the upstairs rooms/bars.""}"
1,https://live.staticflickr.com/4064/4337312684_c5f9b19285_o.jpg,ZagatBuzz,4337312684,80b021e469,restaurant__2.png,La Mangeoire - Interior,"{'_content': 'A French throwback located in Midtown, <a href=""http://www.zagat.com/Verticals/PropertyDetails.aspx?VID=8&amp;R=51391"" rel=""nofollow"">La Mangeiore</a> serves Provençal fare from chef Christian Delouvrier.'}"
1,https://live.staticflickr.com/3227/2810479431_bfd40bdc02_o.jpg,Tricky (rick harrison),2810479431,ea2f758ff0,restaurant__3.png,"Cotton Factory, Huddersfield","{'_content': ""On friday i had to shoot some video &amp; photos for a work project, we were using The Cotton Factory bar as a base, as it was really nicely designed i thought i'd take a few photos in the odd spare moments.\n\nThis is the downstairs, rear bar.""}"
1,https://live.staticflickr.com/1411/1018128757_52149d347b_o.jpg,Kake .,1018128757,664d76b70b,restaurant__4.png,"Interior of the Lord Nelson, Isle of Dogs","{'_content': 'Inside the Lord Nelson, a pub at the south end of the Isle of Dogs.'}"
1,https://live.staticflickr.com/8175/7985289904_f69d2f170e_o.jpg,Marjal Resorts,7985289904,cc9a013391,restaurant__5.png,Interior pub/cafeteria,"{'_content': ' <a href=""http://www.marjalcostablanca.com/el-camping/bares-y-terrazas/"" target=""_blank"" rel=""nofollow"">Bares y terrazas del camping</a>.'}"
1,https://live.staticflickr.com/7055/6963674064_ea29b8b0e1_o.jpg,Quiltsalad,6963674064,996f63c5e9,dining room__63.png,Great Room Remodel,{'_content': 'My daughter re-did her Living Room/Kitchen area and it really turned out great.'}
1,https://live.staticflickr.com/3494/3858468459_a828bca586_o.jpg,ZagatBuzz,3858468459,c8154aa5ea,restaurant__6.png,Bindi - Interior,"{'_content': '<a href=""http://www.zagat.com/Verticals/PropertyDetails.aspx?VID=8&amp;R=128380"" rel=""nofollow"">Bindi</a> is a cash-only, BYOB  &quot;Indian meet New American&quot; restaurant in Washington Square West. '}"
1,https://live.staticflickr.com/1282/865908564_24935c2042_o.jpg,Kerri9494,865908564,687fe54127,dining room__239.png,"A cleaner, better lighted place.",{'_content': 'This is my new dining room. Finally finished. Aaaahhh.'}
1,https://live.staticflickr.com/2457/3581405477_53bb3bdbd0_o.jpg,DJOtaku,3581405477,244b699611,dining room__240.png,The Dining Room is Complete,"{'_content': ""Danielle said it wasn't complete unti she added the table runner.  So we spent three days looking for it.  Turns out it was in the bedroom closet the whole time.""}"
1,https://live.staticflickr.com/2740/4503337811_1f401bc533_o.jpg,camknows,4503337811,10bf257e3b,dining room__241.png,Dinner Table,"{'_content': 'The dinner table on Easter.\n\n<a href=""http://camknows.blogspot.com/2010/04/foto-friday-4910.html"" rel=""nofollow"">http://camknows.blogspot.com/2010/04/foto-friday-4910.html</a>'}"
1,https://live.staticflickr.com/2938/13959142161_5371afe2e9_o.jpg,tehchix0r,13959142161,e977c8b8d6,dining room__242.png,Almost time for Easter dinner (Project 365: 110/365),{'_content': 'Our table is set for Easter dinner with my in-laws! Sometimes Kevin and I pretend to be adults. :) '}
1,https://live.staticflickr.com/1675/23650440503_1219c44bd1_o.jpg,Hoeilander.be,23650440503,33a5dff970,dining room__243.png,Hof ten Doore (9 van 10)23 december 2015,{'_content': ''}
1,https://live.staticflickr.com/5085/5237078631_4beaf303a9_o.jpg,alexbartok,5237078631,ac9ff54e51,dining room__244.png,"Ready, set, go!",{'_content': ''}
2,https://live.staticflickr.com/1/132004797_bf04054c45_o.jpg,Still Burning,132004797,bf04054c45,dining room__232.png,Dining Table,{'_content': 'From another angle. '}
2,https://live.staticflickr.com/716/23618062666_acca0827fd_o.jpg,junctionimage,23618062666,c0e3015399,dining room__233.png,Dining Table 1,{'_content': ''}
2,https://live.staticflickr.com/1687/25426026626_5c2389b38c_o.jpg,junctionimage,25426026626,e26730d938,dining room__234.png,Dining Table 2,{'_content': ''}
2,https://live.staticflickr.com/3255/2704372852_f648364027_o.jpg,Patrick Q,2704372852,e4361e27fe,dining room__235.png,dining,"{'_content': ""July Update - taken before a trip to Ikea and before going to my parents' to get a few more truckloads. I picked up this entire dining set in good condition, a table with leaf, chairs, buffet, and china cabinet at the thrift store for a whopping $300.""}"
2,https://live.staticflickr.com/2512/4214942136_599932f240_o.jpg,larkspurlazuli,4214942136,be5fbf1fe8,dining room__236.png,That 70's Place dining room,"{'_content': ""A splendid place for us to play cards.  I think Whist was the game of choice (it's obviously too big for a four player game).""}"
2,https://live.staticflickr.com/5215/5427658875_6506b2cb06_o.jpg,sdobie,5427658875,5165278c1c,dining room__237.png,Thanksgiving Dinner 2010,{'_content': '2015-06-17: 1000 views\n2016-11-24: 2000 views'}
2,https://live.staticflickr.com/3775/14281334495_3458c65e17_o.jpg,claybitner,14281334495,808fc00d82,dining room__238.png,077 - Kitchen Table,{'_content': ''}
3,https://live.staticflickr.com/56/127291028_ec81393e92_o.jpg,natala007,127291028,ec81393e92,dining room__224.png,my new dining table!,"{'_content': ""it's really lovely. i particularly love the mis-matched chairs. they have these neat art deco - nouveau circles on them. ""}"
3,https://live.staticflickr.com/2333/2172399944_33416e8e37_o.jpg,hownowdesign,2172399944,60c6ce93ba,dining room__225.png,Dining room,{'_content': 'Table built by our friend Rachael.  Chairs are Heywood Wakefield school chairs.  Artwork by Phil Hendrickson.  '}
3,https://live.staticflickr.com/80/273179256_e50e8ffea0_o.jpg,punkbyte,273179256,e50e8ffea0,dining room__226.png,DSCF3732.JPG,{'_content': 'Well finally filled one of the empty rooms. We went shopping for a bed and came home with a dining room table.'}
3,https://live.staticflickr.com/4147/5206991636_332f3b60f5_o.jpg,godutchbaby,5206991636,41c95052af,dining room__227.png,thanksgiving table,{'_content': ''}
3,https://live.staticflickr.com/26/36081381_e4fbdb9b40_o.jpg,Eric Rice,36081381,e4fbdb9b40,dining room__228.png,New table at which to eat and conversate,{'_content': 'I love this table so much. I eat here. I conference here.'}
3,https://live.staticflickr.com/124/333397941_4370120f24_o.jpg,goldendomer,333397941,4370120f24,dining room__229.png,The Dining Room Table,{'_content': ''}
3,https://live.staticflickr.com/5563/30432500154_b6b3026245_o.jpg,ktbuffy,30432500154,b6d3b57df8,dining room__230.png,IMG_0562_Nov.jpg,{'_content': ''}
3,https://live.staticflickr.com/3134/3136375323_4960edff64_o.jpg,Oliver Hine,3136375323,3b76228374,dining room__231.png,IMG_1194,{'_content': ''}
4,https://live.staticflickr.com/4050/4422739605_438202def1_o.jpg,WordRidden,4422739605,6a04b1cdfb,dining room__221.png,Dining table,{'_content': 'Looking through to the kitchen.'}
4,https://live.staticflickr.com/702/23037122243_a89768b24f_o.jpg,nan palmero,23037122243,80b6ac339c,dining room__222.png,West Elm Dining Table,{'_content': ''}
4,https://live.staticflickr.com/6152/6265572695_43d20f04a6_o.jpg,VillaEarlySunset,6265572695,a2357a9a5a,dining room__223.png,Ferienhaus Early Sunset Dinning,{'_content': 'The holiday house “Villa Early Sunset” with Gulf Access is one of the many salt water canals with access to the Gulf of Mexico. Cape Coral is located next to Fort Myers (25 minutes from the international airport with direct flights) and because of the many channels and the “American Venice “.\n\nFerienvilla mit Boot in Cape Coral - Modern ausgestattetes Ferienhaus mieten von privat - Luxusurlaub in Cape Coral - exklusiv eingerichtete vier Schlafzimmer - drei Badezimmer - beheizter Pool mit Spa/Jacuzzi - Direkter Zugang zum Golf von Mexiko. Mit dem Boot erreicht man in wenigen Minuten das offene Meer.'}
5,https://live.staticflickr.com/7171/6712855765_85e6ebb938_o.jpg,cj&erson,6712855765,1f9557f9d6,dining room__218.png,House-3,{'_content': 'Dining Area.'}
5,https://live.staticflickr.com/5557/14824862950_a0550c0d56_o.jpg,hardwarehank,14824862950,2256098cf9,dining room__219.png,Cutting Board,{'_content': 'A custom burned cutting board by Greenwood Creations'}
5,https://live.staticflickr.com/5135/5415962595_97bfb0dfdd_o.jpg,Counselman Collection,5415962595,ac2597b920,dining room__220.png,Our_Room_2011D,"{'_content': 'Kalahari Nightmare\nWe had our winter family camping trip together at Kalahari again this year January, but I do not know if we will ever go back.  For those of you that do not know, Pam had a traumatic experience at Kalahari, being locked in a glass elevator that had no air holes in it. It lowered her down from the upper deck to the lower deck, and by the time I walked down the stairs, I found a good-Samaritan woman trying to get Pam out banging on the door and pressing the buttons. They keep it nice and warm in there and the glass elevator was even hotter, and I was trying everything to get her out to no avail. It took forever to get any help there and then even the supervisor did not know what to do because they never had anyone stuck before. After experimenting and trying everything many times, we finally got the door open, just as the water park manager came up. This person was only interested in getting his defense ready with his people and would not even talk to us about Pam’s care or blood pressure. I walked Pam to his office and then called for the EMT’s to check her out. She seemed to settle down and we went back out in the park, sat down, and watched the grandchildren. I talked to the front desk manager about the water park manager and at least he slipped a nice apology under our door that night. I could still tell Pam was not herself so Friday morning I left the kids there and I drove her home, as she had a migraine from her blood pressure being up. We got home about noon Friday and she slept most of the day, but then about midnight she woke me up in excruciating pain. I tried to get her in a wheelchair, but she was in so much pain I could not move her. I finally convinced her that we needed an ambulance, and fortunately, my nice neighbor had plowed my driveway, and the ambulance was able to load her in through the garage and take her to Wood County hospital. Her right leg where her new knee was replaced was swollen and red hot all the way to her ankle, and super painful to any touch or movement. They were giving her straight morphine and it did not help at all for the first 24-hours.  They finally got Pam’s blood pressure down, and her headache has subsided.  They are still pouring antibiotics into her to fight any infection, and treating her for a possible blood clot with CT, MRI scans, she is still in pain, and is now a little less miserable than she was.  They think she might have even picked up an alleged germ off the floor at Kalahari through a cut on her foot. You have to remember they keep the place hot all the time, with hundreds and hundreds of people walking around bare-footed, it is suspected to be one huge Petri dish, full of bacteria, viruses, and fungi. The photos may look nice, but this is the downside of the whole place.  Just remember, you can have a lot of fun at Kalahari, but please take precautions, and protect your feet.  \nAnd just so I do not have to repeat it, and probably fifty some friends have privately asked, did they comp us for all the anxiety they put us through?  I did not even know what comp meant, and I am not the type to pursue litigation, the answer is NO, they did not give us anything for our trouble, and I paid the entire bill.  All I wanted was an apology from the nasty man, and I received that.  All these post medical problems you face after going to a place like this, is just something you have to live with on your own.  All we can do is keep spreading the word until it hits them in the pocketbook.  Then at the end of February, Pam had an allergic reaction to all the antibiotics and we had to rush her to Toledo Hospital.  She spent two weeks there and during that time they performed another emergency surgery on her, removing her brand new knee joint they had installed just last fall.  She is really laid up now, and we do not know when she will get out.  That bug attacked the titanium steel in her new knee joint, and they had to chisel it back out and fill it with some kind of medical cement.  She is surviving now that they are giving her plenty of analgesics for the pain.  Finally, March 6th, 2011, we got to bring Pamela home this week.  The recovery hospital unit they were going to send her to, was full, so since we have our little apartment custom designed like a nursing home with all large three-foot doors, single level floors and ramps, they allowed us to bring her home.  Since they removed her new knee joint they put in last September 2010, they just have a block spacer installed there now, and she wears a soft cast so she cannot bend it.  Our son customized her recliner chair raising it up about four-inches so she could get up, and then she uses her walker to move around.  We have nurses come in daily to check and change the dressing, plus we are still giving her strong IV antibiotics daily, and she has her vicodin as an analgesic so she can tolerate the pain.  They are thinking that maybe in May they will be able to reinstall her new knee joint.  I told her that is good timing because football tryouts are usually in July.  The doctors now tell us if you have replacement joints, stay away from hot tubs and water parks, because they are a disease haven ready to attack your hip, shoulder, or knee joint replacement.\n\n'}"
1,https://live.staticflickr.com/6/8348170_c9891583e7_o.jpg,cmurtaugh,8348170,c9891583e7,dining room__183.png,dining room,{'_content': 'I made the dining table'}
1,https://live.staticflickr.com/5143/5701203771_ee77d54657_o.jpg,urbanmkr,5701203771,ba519fe43a,dining room__184.png,the non-dining room is no longer a non,{'_content': ''}
1,https://live.staticflickr.com/4004/4422545520_a6eb504e6f_o.jpg,Favaro JR.,4422545520,82c92dc880,dining room__185.png,Dining room,{'_content': 'Projeto: Arquitetas Alessandra Medeiros e Kelita Padovese\n*ficou muito escura'}
1,https://live.staticflickr.com/3040/2922527289_45c345b465_o.jpg,michaelhenley,2922527289,6dfb891ff0,restaurant__44.png,Dining Room,{'_content': ''}
1,https://live.staticflickr.com/1356/606396907_cc3e813fd5_o.jpg,Teitelbaum,606396907,6dc5462387,dining room__186.png,Dining Room,{'_content': 'The dining room has an arched doorway from living room and lots of light.\n(9’8”x11’9”)'}
1,https://live.staticflickr.com/2114/1958567239_4f819e3195_o.jpg,josquin2000,1958567239,922a3cebde,dining room__187.png,dining room,"{'_content': ""here's an oldie but goodie of the dining room.  I'm glad we've moved some of these things...  Simon would've knocked 'em all down anyway.""}"
1,https://live.staticflickr.com/2740/4535859776_fb7a27541c_o.jpg,mhaithaca,4535859776,1348d0bba5,restaurant__45.png,Dining Room,"{'_content': ""They didn't really get much dinner traffic. Not surprising.""}"
1,https://live.staticflickr.com/4133/5205140486_bf37010e5f_o.jpg,jdmorrisonwv,5205140486,88225702f1,dining room__188.png,Dining Room,{'_content': ''}
1,https://live.staticflickr.com/4029/4494105581_344d39687b_o.jpg,gregverdino,4494105581,626de0ccd9,dining room__189.png,Dining Room,{'_content': ''}
1,https://live.staticflickr.com/5284/5325511704_d7a313b2f1_o.jpg,fortinbras,5325511704,097809637e,dining room__190.png,Dining Room,{'_content': ''}
1,https://live.staticflickr.com/8105/8589619570_31b1119064_o.jpg,sfoskett,8589619570,144f132360,dining room__191.png,Dining Room,{'_content': ''}
1,https://live.staticflickr.com/6034/6297294440_0a04524242_o.jpg,Terriko,6297294440,9ff115bee7,dining room__192.png,Dining Room,"{'_content': 'Note the angry bird shrine, and the holiday critters on the table.  The middle two were made by my friend M.  The outer two show that J has a compulsion to buy halloween-related stuff.'}"
1,https://live.staticflickr.com/2850/10518623854_5ed730a709_o.jpg,twentysixcats,10518623854,7191635204,dining room__193.png,Dining room,{'_content': ''}
1,https://live.staticflickr.com/2709/4474779428_d94b2ae414_o.jpg,gregverdino,4474779428,bef13a0f3e,dining room__194.png,Dining Room,{'_content': ''}
1,https://live.staticflickr.com/8175/7946926828_5a2b6e39c4_o.jpg,thethingsitdoes,7946926828,6a4865e3af,dining room__195.png,Kennedy Dining Room,{'_content': ' Dining room at the birthplace of JFK.'}
1,https://live.staticflickr.com/3905/14808035266_12a847a14c_o.jpg,library_chic,14808035266,e341ff706e,dining room__196.png,dining room,{'_content': ''}
1,https://live.staticflickr.com/1104/5161576892_e4c580e7f0_o.jpg,Camlin Photography,5161576892,e3efb93230,dining room__197.png,Dining Room,{'_content': 'This is the model home for the house we will be getting built.'}
1,https://live.staticflickr.com/69/214531019_118fd61440_o.jpg,skreuzer,214531019,118fd61440,dining room__198.png,Dining Room,{'_content': ''}
1,https://live.staticflickr.com/4048/4572279487_c4cf1dc74d_o.jpg,Ms. Russell,4572279487,684f831fe5,dining room__199.png,Dining room,{'_content': 'New rug ordered on Tuesday night and was on my doorstep on Friday.  I love it!  Great colors!'}
1,https://live.staticflickr.com/21/98873868_d8ad928a00_o.jpg,wfbakker2,98873868,d8ad928a00,dining room__200.png,Dining Room Lights,"{'_content': 'Low-voltage lights on a rail, in the dining room'}"
1,https://live.staticflickr.com/3034/3090920850_34cef795ac_o.jpg,Pond Frog,3090920850,820f5bc563,dining room__201.png,Dining Room,{'_content': ''}
1,https://live.staticflickr.com/2044/5806112599_998f6c9927_o.jpg,SunlandRV,5806112599,9db02fb401,dining room__202.png,Dining Room,{'_content': ''}
1,https://live.staticflickr.com/179/418427161_ade2fff9ce_o.jpg,ecs0624,418427161,5a3dfdabc4,dining room__203.png,dining room,{'_content': ''}
1,https://live.staticflickr.com/237/516916400_9741465805_o.jpg,Whitney GH,516916400,d82d0769fa,dining room__204.png,Dining Room,"{'_content': ""Oh my god, y'all, Elvis ate here!""}"
1,https://live.staticflickr.com/3069/2644828068_2a9218db5a_o.jpg,Vicious Bits,2644828068,2943b5768c,dining room__205.png,Dining Room,{'_content': ''}
1,https://live.staticflickr.com/8/9057194_ce74b33fd3_o.jpg,seanabrady,9057194,ce74b33fd3,dining room__206.png,Dining Room,{'_content': ''}
1,https://live.staticflickr.com/177/415118215_502c5cc7e6_o.jpg,nick.slate,415118215,9cabd3b34e,dining room__207.png,Dining room,{'_content': ''}
1,https://live.staticflickr.com/2297/1658439696_cfcdd37ab4_o.jpg,xac,1658439696,4a69176311,dining room__208.png,Dining Room,{'_content': ''}
1,https://live.staticflickr.com/8/9057200_86efa10451_o.jpg,seanabrady,9057200,86efa10451,dining room__209.png,Dining Room,{'_content': ''}
1,https://live.staticflickr.com/3177/3066758112_b6cf5eac4c_o.jpg,mikejestes,3066758112,0536ff3da4,dining room__210.png,Dining room,{'_content': ''}
1,https://live.staticflickr.com/5047/5284392785_75448e4385_o.jpg,Squiggle,5284392785,240ba02c5f,dining room__211.png,New Dining Room (normal perspective),{'_content': 'It looks very bare with no curtains and without the usual dozen pictures around the walls. The extreme wide angle (10mm) also makes the room look emptier than it is and makes the far table look a lot smaller than it is.'}
1,https://live.staticflickr.com/5613/15547578649_6c531f2200_o.jpg,Joel Abroad,15547578649,b17ae15393,dining room__212.png,Crowninshield family dining room,"{'_content': 'Crowninshield family dining room, Peabody Essex Museum, Salem, Massachusetts, November 2014'}"
1,https://live.staticflickr.com/3576/3770425590_80a65afd74_o.jpg,ZagatBuzz,3770425590,a0108caaf0,restaurant__46.png,Azucar- Main Dining Room,"{'_content': 'Practically hidden in a Silver Spring mall, <a href=""http://www.zagat.com/Verticals/PropertyDetails.aspx?VID=8&amp;R=104206"" rel=""nofollow"">Azucar</a> offers an interesting array of Latin American specialties.'}"
1,https://live.staticflickr.com/1213/1064005711_76a5dbb363_o.jpg,jim_ftw,1064005711,3a055fb0fa,dining room__213.png,Liz's Dining Room Table,{'_content': ''}
1,https://live.staticflickr.com/8049/8420220085_5ff7a5c86e_o.jpg,ashebrook,8420220085,ee3c08132f,dining room__214.png,dining room 2,{'_content': '                               '}
2,https://live.staticflickr.com/2563/3907934169_d69bd28aa6_o.jpg,Dana Moos,3907934169,581d1dd89e,dining room__159.png,dining room,"{'_content': ""This is Timbercliffe Cottage Bed and Breakfast in the beautiful harbor side village of Camden, Maine. The original section (the smaller portion to the right of the porch) was built by Jesse Thomas in 1790 and the large section (with the porch) was added by Captain Pendleton in 1860. The current owners performed major renovations between 2005 and 2006 including all new mechanical, new electric wiring, cable and data pulled to all rooms; the foundation was jacked up where needed, roof replaced, bathrooms renovated; all furniture, furnishings, window treatment, decor and light fixtures, are all new. The furnishings and interior paint colors were chosen to match the historic period. Hardwood floors were restored and new were installed. The feeling you get when you walk in is that you've stepped back in time but in comfortable luxury. The inn seems to tell a story...""}"
2,https://live.staticflickr.com/2849/8755266996_d0d821a1d9_o.jpg,felibrilu,8755266996,bf81ca37ec,dining room__160.png,Dining room,{'_content': '                               '}
2,https://live.staticflickr.com/7005/6734131427_3522c80424_o.jpg,alykat,6734131427,83598f1375,dining room__161.png,Dining Room,"{'_content': '&quot;The Big House,&quot; Wedgefield, S.C.'}"
2,https://live.staticflickr.com/3157/3056821109_4bdbbb5f90_o.jpg,jenza,3056821109,437f014876,dining room__162.png,dining room,{'_content': ''}
2,https://live.staticflickr.com/2104/2472182605_f7ca495a5a_o.jpg,The_Smiths,2472182605,d272ac333c,dining room__163.png,Dining Room,{'_content': ''}
2,https://live.staticflickr.com/1001/727672403_1391007f0d_o.jpg,TranceMist,727672403,649e868d7d,restaurant__43.png,Dining Room,{'_content': 'The dining room in Slangevegt where our lunch will be'}
2,https://live.staticflickr.com/156/387164939_ddc2090aa9_o.jpg,jystewart,387164939,ddc2090aa9,dining room__164.png,Dining Room,{'_content': ''}
2,https://live.staticflickr.com/54/138274745_7c04f087d0_o.jpg,Still Burning,138274745,7c04f087d0,dining room__165.png,Dining Room,{'_content': 'I changed the table around again since the last photo - I like it better this way. :) New table runner (Ikea) on the table though! '}
2,https://live.staticflickr.com/3044/2627999376_989269b189_o.jpg,BOBXNC,2627999376,2e51f01d21,dining room__166.png,Dining Room,{'_content': 'The Foreman Cottage was built around a hunderd years ago.  the Dining Room is a very comfortabel and casual place.'}
2,https://live.staticflickr.com/53/126623320_d709a6f762_o.jpg,Kurt Naks,126623320,d709a6f762,dining room__167.png,Dining Room,{'_content': ''}
2,https://live.staticflickr.com/8873/27851072193_f95df0ff93_o.jpg,Houseology,27851072193,c6c63eab18,dining room__168.png,Chic Dining Room,{'_content': 'Create the perfect space to relax and enjoy good food and good company with our relaxed but elegant dining room decorating ideas.'}
2,https://live.staticflickr.com/2210/2465708861_912e0f17ff_o.jpg,robglinka,2465708861,bb8786830b,dining room__169.png,Dining Room (13x12),{'_content': 'Glinka Home Sale'}
2,https://live.staticflickr.com/3125/2632420347_7328ff74b7_o.jpg,The_Smiths,2632420347,597b2e0f2d,dining room__170.png,Dining Room,{'_content': ''}
2,https://live.staticflickr.com/8383/29699289902_c7368205ff_o.jpg,highmarkb,29699289902,07cc217ebf,dining room__171.png,dining room,"{'_content': 'Feel free to use this image for your page or blog post as long as you include an image credit with our name and a clickable (hyperlinked) and followed link to <a href=""#//www.highmark-builders.com/”"" rel=""nofollow"">Highmark Builders</a> website. <a href=""http://www.highmark-builders.com"" rel=""nofollow"">www.highmark-builders.com</a> '}"
2,https://live.staticflickr.com/5298/5533478048_d34896c4d1_o.jpg,Polygon Homes,5533478048,c3696a59ff,dining room__172.png,Tyneridge Dining Room,"{'_content': 'Tyneridge homes by Polygon:  Inside, spacious three and four bedroom homes have been designed with young families in mind. Outside, private yards and patios offer places of quiet reflection or refreshing activity, while the kids burn off youthful energy in one of the local parks. \n\n<a href=""http://www.polyhomes.com"" rel=""nofollow"">www.polyhomes.com</a> \n\nPhoto Credit:  Dave Delnea Images'}"
2,https://live.staticflickr.com/2351/1977218074_61e5cd560b_o.jpg,infinitooples,1977218074,42298d46d6,dining room__173.png,Dining Room,{'_content': ''}
2,https://live.staticflickr.com/8227/8553434218_5ec92b6772_o.jpg,ArtisanGroup,8553434218,ea13120365,dining room__174.png,Dining Room,{'_content': 'OLYMPUS DIGITAL CAMERA'}
2,https://live.staticflickr.com/5537/9242608074_6e83e1cf90_o.jpg,Matthew Kraus,9242608074,ececf3ebf4,dining room__175.png,(04) Dining Room,{'_content': ''}
2,https://live.staticflickr.com/3385/3659408413_d34d355beb_o.jpg,Dana Moos,3659408413,d1fb3a2131,dining room__176.png,Dining Room at Kismet,"{'_content': 'Built in 1889, this grand Victorian was recently restored by her third owners and converted to a bed and breakfast spa. Relax, Replenish, Rejuvenate. Where old world meets new. Japanese Soaking Tubs with heated tiles...body exfoliation treatments...a beautiful yoga studio overlooking the park...traditional afternoon tea service...Maine artisan cheeses and wine...and organic dinners. A full service wellness retreat for the mind, body and soul...The Kismet way. On the market. Contact me for details.'}"
2,https://live.staticflickr.com/2431/3701130513_29c2d3e5b5_o.jpg,rincewinduu,3701130513,b21d9d41f0,dining room__177.png,Common Dining Room,{'_content': ''}
2,https://live.staticflickr.com/659/22863624849_9afe1fe291_o.jpg,junctionimage,22863624849,ef511c9385,dining room__178.png,Dining Room 1,{'_content': ''}
2,https://live.staticflickr.com/218/447204579_13b655e8b7_o.jpg,The_Smiths,447204579,51323a4717,dining room__179.png,Dining Room 2,{'_content': ''}
2,https://live.staticflickr.com/8327/8079650070_0be90f2598_o.jpg,gecko57942,8079650070,fa4510379f,dining room__180.png,0018 - Dining Room,{'_content': ''}
2,https://live.staticflickr.com/7097/7212719922_209acb4c5e_o.jpg,AmandagettingitDunn,7212719922,1bd88d1630,dining room__181.png,Formal Dining Room 1,{'_content': ''}
2,https://live.staticflickr.com/30/48143837_4f42ca253f_o.jpg,christopherl,48143837,4f42ca253f,dining room__182.png,Dining Room Table,{'_content': ''}
3,https://live.staticflickr.com/3533/3316607625_412ebff75e_o.jpg,Brian Leon Photography,3316607625,22ac42534b,dining room__133.png,Dining Room II,{'_content': ''}
3,https://live.staticflickr.com/3263/3291379343_a968fef4c1_o.jpg,Intiaz Rahim,3291379343,97f81598de,dining room__134.png,Dining Room,{'_content': ''}
3,https://live.staticflickr.com/7412/8718171727_05ab8057ba_o.jpg,mirsasha,8718171727,c451223d16,dining room__135.png,Dining room,{'_content': ''}
3,https://live.staticflickr.com/238/447605894_7bf9e7cd9b_o.jpg,decaf,447605894,5e9c1d99cd,dining room__136.png,dining room,{'_content': ''}
3,https://live.staticflickr.com/2071/2291248029_2ed03e2b24_o.jpg,miss_leslie,2291248029,c7b0a82495,dining room__137.png,dining room,{'_content': ''}
3,https://live.staticflickr.com/45/179689536_3f910fd53e_o.jpg,Buttontree Lane,179689536,3f910fd53e,dining room__138.png,Dining room,{'_content': 'AKA Sewing Room'}
3,https://live.staticflickr.com/5137/5491514717_d1f66e6e33_o.jpg,Siegfried_Alexander,5491514717,e537664563,dining room__139.png,Dining Room,{'_content': ''}
3,https://live.staticflickr.com/3014/2988630527_fa3daac215_o.jpg,Wondermonkey2k,2988630527,65f98f6224,dining room__140.png,Dining Room,{'_content': ''}
3,https://live.staticflickr.com/5502/14386339337_9de07a1970_o.jpg,Calmudge0n,14386339337,400e96ff92,dining room__141.png,Dining Room,{'_content': 'No longer does the dining room seem separate from the kitchen; one flows into the other.'}
3,https://live.staticflickr.com/7166/6690359597_3f007df33f_o.jpg,Spherical Bull,6690359597,8207482812,dining room__142.png,Dining Room,"{'_content': 'At our house on Stanfill Rd., in Jackson, TN'}"
3,https://live.staticflickr.com/2170/2155659048_99c1106d10_o.jpg,mehulmvora,2155659048,15fd3413ac,dining room__143.png,Dining room,{'_content': ''}
3,https://live.staticflickr.com/1352/537251183_29b5a515ff_o.jpg,Erik Eckel,537251183,077039ec33,dining room__144.png,Dining Room,"{'_content': ""We're slowly getting moved in to the new house. Boxes and boxes remain to be unpacked, but each day shows improvement.""}"
3,https://live.staticflickr.com/1017/562240200_844092b5d8_o.jpg,julessilver,562240200,8760494115,dining room__145.png,Our Dining Room,{'_content': 'Decided to stick to the colours that we had for now :-)'}
3,https://live.staticflickr.com/5519/14572747985_8ab9fbc0f8_o.jpg,Calmudge0n,14572747985,4469c7f3a4,dining room__146.png,Dining Room,{'_content': 'The dining room benefits from the open concept as well.  An expanded traffic path to the kitchen and opening of the wall make the space feel much larger.'}
3,https://live.staticflickr.com/6170/6186927071_57b459d506_o.jpg,Melanie K Reed Photography,6186927071,e36e40644a,dining room__147.png,Dining Room,{'_content': 'Wall Art purchase pending'}
3,https://live.staticflickr.com/5186/5690694098_bcedd76120_o.jpg,sueadlerrealtor,5690694098,8753b5c882,dining room__148.png,Dining Room,{'_content': ''}
3,https://live.staticflickr.com/1288/1388666365_ccf4dcb997_o.jpg,william couch,1388666365,9ae56e0ea8,dining room__149.png,Dining Room,{'_content': ''}
3,https://live.staticflickr.com/5229/5637050143_86447c6649_o.jpg,gmayster01,5637050143,83e9422e63,dining room__150.png,Estimated time of arrival ...,"{'_content': 'My guess 10AM\n\nJocountry2009 ( Joanne\'s flickr name )\nAKA Joanne or country\nDepending on the conversation\nMy old flame from 30 years ago\nIs coming this morning for a visit\nThis occasion will provide our first meet in 30 years !\net , and ,\nJoanne is coming for a week of holidaying in our fair city .\nBeing a good Samaritan ...\nJoanne is not staying at a local hotel\nI am ready to pass a woman\'s inspection\nAs you can see from the picture\nToo bad it\'s raining ...\nHe He He !\n\n\nWe may have to stay indoors\n:-)\ng\nMontreal\n\n<a href=""http://www.youtube.com/watch?v=WA2RWn6PXWY&amp;feature=related"" rel=""nofollow"">www.youtube.com/watch?v=WA2RWn6PXWY&amp;feature=related</a> - Sax Domination\nSax not ....\n:-)'}"
3,https://live.staticflickr.com/1042/1188225577_a1d2d8040c_o.jpg,mjecker,1188225577,3def02d2b9,dining room__151.png,dining room,{'_content': ''}
3,https://live.staticflickr.com/171/451647647_c694626201_o.jpg,Hendrixson,451647647,519c587457,dining room__152.png,Dining Room,{'_content': ''}
3,https://live.staticflickr.com/3543/3497557361_473313f935_o.jpg,nathalie.cone,3497557361,8da823dd31,dining room__153.png,the dining room,"{'_content': ""the light in here totally rocks. it's a huge dining room. still 50/50 over whether or not we should paint all of the dark wood trim throughout the house. i love the character of the original dark wood trim, but then again i freakin' love white trim.""}"
3,https://live.staticflickr.com/3099/2418172569_938732eb25_o.jpg,ckpicker,2418172569,2f01e3ecd6,dining room__154.png,Dining Room,"{'_content': ""None of this furniture was actually Lewis's, but this is kind of what the room looked like.""}"
3,https://live.staticflickr.com/2351/2417025319_0ac3c35812_o.jpg,soozums,2417025319,9be2a96568,dining room__155.png,dining room with flash,{'_content': ''}
3,https://live.staticflickr.com/3061/2867091108_be8d38b78d_o.jpg,purpletwinkie,2867091108,28b5ba11f8,restaurant__42.png,tables are set,{'_content': 'Jerry did a very nice job setting the tables.'}
3,https://live.staticflickr.com/5291/5530970424_464c80c8f0_o.jpg,whiteknuckled,5530970424,99d1f61c83,dining room__156.png,Dining room & kitchen southeast,{'_content': ''}
3,https://live.staticflickr.com/3461/3897850004_d3502d2516_o.jpg,Maggie Valley Club,3897850004,fdf16b3f7c,dining room__157.png,Condo 3031 Dining Room,"{'_content': 'The dining room right off the kitchen allows plenty of space for a nice family dinner, game night or entertaining visitors.'}"
3,https://live.staticflickr.com/3230/3065415436_651a337ed3_o.jpg,tomkellyphoto,3065415436,65c47deff1,dining room__158.png,Thanksgiving Dining Room Setting,{'_content': 'New dining room windows spotlight the setting for Thanksgiving dinner.'}
4,https://live.staticflickr.com/7186/6837492776_c4a7880881_o.jpg,Rachel Tayse,6837492776,d2f99bc584,dining room__103.png,dining room,{'_content': ''}
4,https://live.staticflickr.com/2884/9683184552_29f7c1c807_o.jpg,Kendyl Young,9683184552,f9d04d4ecf,dining room__104.png,Dining room,{'_content': ''}
4,https://live.staticflickr.com/776/31840818171_4f586ff8ac_o.jpg,Stradablog,31840818171,ac24edfdc9,dining room__105.png,Dining Room,{'_content': 'Samsung camera pictures'}
4,https://live.staticflickr.com/3726/9505797620_15d4ca96a1_o.jpg,Kendyl Young,9505797620,005b581f83,dining room__106.png,Dining Room,{'_content': ''}
4,https://live.staticflickr.com/5329/9617746574_8c06f19a83_o.jpg,Kendyl Young,9617746574,468a38b1bc,dining room__107.png,Dining Room,{'_content': ''}
4,https://live.staticflickr.com/5231/14125676457_7fe0c2c4cc_o.jpg,Kendyl Young,14125676457,d55f529b77,dining room__108.png,Dining Room,{'_content': ''}
4,https://live.staticflickr.com/2837/9593004778_9d5554f8ca_o.jpg,maine-homeseller,9593004778,40930cf334,dining room__109.png,Dining Room,{'_content': ''}
4,https://live.staticflickr.com/8504/8340019321_943217f391_o.jpg,akasped,8340019321,d7f44543ff,dining room__110.png,Dining Room,{'_content': ''}
4,https://live.staticflickr.com/75/196134522_7070bcf12e_o.jpg,Rochelle Hartman,196134522,7070bcf12e,dining room__111.png,Dining room,{'_content': ''}
4,https://live.staticflickr.com/7032/6797290831_8b2fbdd0c8_o.jpg,ktmadeblog,6797290831,934cfa9927,dining room__112.png,Dining room,{'_content': ''}
4,https://live.staticflickr.com/2369/2155154337_f89739a2a7_o.jpg,permanently scatterbrained,2155154337,7c1147176d,dining room__113.png,dining room.,{'_content': 'mmm....history.'}
4,https://live.staticflickr.com/616/22687741109_23e390556e_o.jpg,jordan klein,22687741109,e670282f96,dining room__114.png,Dining Room,{'_content': ''}
4,https://live.staticflickr.com/7078/7281895280_ca0ccbab40_o.jpg,Kendyl Young,7281895280,30a71532b1,dining room__115.png,Dining Room,"{'_content': 'Coved ceilings, generous size and a bank of windows overlooking the front porch and courtyard.'}"
4,https://live.staticflickr.com/8163/7646444956_32bf3e456f_o.jpg,Ken_Mayer,7646444956,bb20ba41e2,dining room__116.png,Dining room,{'_content': ''}
4,https://live.staticflickr.com/6223/6355928969_e0414889b7_o.jpg,"148 Straith Street Staunton, VA 24401",6355928969,ebc3e23e43,dining room__117.png,Large dining room,"{'_content': 'Large, inviting dining room with french door to living room and swinging door to kitchen.'}"
4,https://live.staticflickr.com/7220/7161815450_d7dce78fce_o.jpg,thekirbster,7161815450,d773289889,dining room__118.png,Dining Room,{'_content': ''}
4,https://live.staticflickr.com/6201/6126431581_e7679e5c24_o.jpg,VirginMoney,6126431581,054a086284,restaurant__37.png,Dining room tables,{'_content': ''}
4,https://live.staticflickr.com/5605/15419202647_cbc350f3d5_o.jpg,kylestrobel,15419202647,a91faaa294,dining room__119.png,Dining Room,{'_content': ''}
4,https://live.staticflickr.com/5125/5358691441_f2f6ebee82_o.jpg,tvol,5358691441,ecb16df832,dining room__120.png,dining room,{'_content': ''}
4,https://live.staticflickr.com/2685/4043667513_9a27fba60e_o.jpg,Dana Moos,4043667513,df1bda69e5,restaurant__38.png,Danforth Dining Room,"{'_content': 'The Harvest Brunch at Danforth Inn in Portland Maine featured Chef Carmen Gonzalez of New York. A Puerto Rican native, Chef Carmen combines the flavors of her heritage with her love for Maine ingredients. She offered a starter of Maine Lobster with Key Lime Mayonnaise and Avocado Relish on Tostones, Sweet Plantain and Guisado of Peekytoe Crabmeat Piononos. Then table service included three types of fried root chips (Plantain, Yuca and Sweet Potato) with a Smoked Haddock Spread, Apple and Mango Fritters, Maine Cod Eggs Benedict with Shredded Yautia and Green Banana Pancakes, Oyster, Sausage and Roasted Tomato Casserole with Yuca and Roasted Garlic Mofongo, Pulled Pork and Braised Pork Belly with Sweet Plantain Hash with Fried Quail Egg. Dessert was a trio of Silver Dollar Pancakes with Warm Green Papaya Salad, Crispy Churros dusted with Cinnamon Sugar and a Warm Chocolate Drizzle and Torrejas with Fresh Maine Pears and Requeson. There were wines paired with the courses. It was fabulous and delicious!'}"
4,https://live.staticflickr.com/3042/2834109016_c5d74fe1ff_o.jpg,Kendyl Young,2834109016,cd21a4e0f5,dining room__121.png,"Dining Room, Reverse",{'_content': 'From this angle you can see the entry to the &quot;cook&quot;s kitchen straight ahead.'}
4,https://live.staticflickr.com/6121/5986947876_f86c84bf98_o.jpg,Kendyl Young,5986947876,ebaf39baca,dining room__122.png,Dining Room 2,{'_content': ''}
4,https://live.staticflickr.com/2443/3759365793_7c292db036_o.jpg,Kendyl Young,3759365793,1cf3574b24,dining room__123.png,Formal Dining Room,{'_content': ''}
4,https://live.staticflickr.com/7031/6397721627_490beeeb67_o.jpg,suttonls,6397721627,157cb5d25c,dining room__124.png,Dining Room,"{'_content': 'Move-in week, February 2011'}"
4,https://live.staticflickr.com/3434/5826261201_148dd80d33_o.jpg,AnguillaHouse,5826261201,660f4c2b17,dining room__125.png,living dining room,"{'_content': 'Find out more at <a href=""http://www.AnguillaHouseForSale.com"" rel=""nofollow"">www.AnguillaHouseForSale.com</a>'}"
4,https://live.staticflickr.com/8502/8406249457_8445d52e45_o.jpg,Tim Goodacre,8406249457,bdbb7f4817,dining room__126.png,Dining Room (Large),{'_content': ''}
4,https://live.staticflickr.com/6126/5986948194_c640a3cf17_o.jpg,Kendyl Young,5986948194,876ef489fa,dining room__127.png,Dining Room 3,{'_content': ''}
4,https://live.staticflickr.com/2736/4477151960_d8aca30267_o.jpg,Hotel Montecatini Terme,4477151960,c524c85b76,restaurant__39.png,Dining room 3,"{'_content': '<a href=""http://www.taddeihotels.it/mediterraneo"" rel=""nofollow"">www.taddeihotels.it/mediterraneo</a>'}"
4,https://live.staticflickr.com/4030/4287804972_8fabaebb19_o.jpg,Orin Zebest,4287804972,7d9112eb5a,dining room__128.png,Dining Room Elegance,{'_content': ''}
4,https://live.staticflickr.com/3002/2921680796_4359494f29_o.jpg,Muffet,2921680796,53afe36f3f,dining room__129.png,dining room (kitchen),{'_content': ''}
4,https://live.staticflickr.com/3914/14442693288_f191989c1a_o.jpg,kurmanstaff,14442693288,4d943a6799,restaurant__40.png,Bistrot Zinc dining room,{'_content': ''}
4,https://live.staticflickr.com/2597/3963615343_8aef38f199_o.jpg,MSVG,3963615343,f6b12cf9f3,restaurant__41.png,IMG_5798,{'_content': ''}
4,https://live.staticflickr.com/2850/10235091913_464d4436c1_o.jpg,Kendyl Young,10235091913,b3ec6e94a5,dining room__130.png,Dining Room 2,{'_content': ''}
4,https://live.staticflickr.com/7311/9614507873_59ec8d684e_o.jpg,Kendyl Young,9614507873,ab2b4afb93,dining room__131.png,Dining Room 2,{'_content': ''}
4,https://live.staticflickr.com/2276/2522698811_2a23db7b0d_o.jpg,cents79,2522698811,1e31160070,dining room__132.png,Dining Room (Image 1),{'_content': ''}
5,https://live.staticflickr.com/167/408230158_092692e4a1_o.jpg,markomni,408230158,4e80bdf323,dining room__95.png,dining_room_01,"{'_content': ""This is our new dining room set. There is still plastic wrap on the china cabinet's hardware, and I still need to install the crown molding, but otherwise the dining room is setup as we would normally have it.""}"
5,https://live.staticflickr.com/5813/21232829549_ee96401b9a_o.jpg,pathwithpaws,21232829549,a6646562ae,dining room__96.png,dining room,{'_content': ''}
5,https://live.staticflickr.com/1030/1394225543_a44b7f8ff6_o.jpg,Ryan Harvey,1394225543,af99f5db62,dining room__97.png,Dining Room,{'_content': ''}
5,https://live.staticflickr.com/7420/8724825818_71c89e7635_o.jpg,mahinui,8724825818,0f5bf3726b,dining room__98.png,dining room,{'_content': ''}
5,https://live.staticflickr.com/172/462292758_fde9ab383d_o.jpg,Nathan Y,462292758,746be3230c,dining room__99.png,Dining Room,{'_content': ''}
5,https://live.staticflickr.com/3072/3040779377_d04f27af37_o.jpg,JeffChristiansen,3040779377,738178a59f,dining room__100.png,Dining Room,{'_content': ''}
5,https://live.staticflickr.com/7329/13939760219_4ce64d9604_o.jpg,brettgb,13939760219,709ec2ea20,dining room__101.png,Dining Room 2,{'_content': ''}
5,https://live.staticflickr.com/7003/6639868297_9005f784e7_o.jpg,Elvert Barnes,6639868297,4a11dc0d7a,dining room__102.png,01.Home.MadisonPark.HyattsvilleMD.4January2012,"{'_content': 'Dining Room by IKEA in West Hyattsville MD on Wednesday night, 4 January 2012 by Elvert Barnes Photography\n\nSee photo at Elvert Barnes / 365 Project at <a href=""http://365project.org/elvertbarnes/365/2012-01-04"" rel=""nofollow"">365project.org/elvertbarnes/365/2012-01-04</a>'}"
6,https://live.staticflickr.com/2800/4183537232_71428cf7cf_o.jpg,jjandames,4183537232,0c73f3cec4,dining room__85.png,Dining Room,{'_content': ''}
6,https://live.staticflickr.com/6219/6326467917_4dbe1dfc6d_o.jpg,Triumph Mountain Properties,6326467917,91b34ff1af,dining room__86.png,Dining Room,{'_content': ''}
6,https://live.staticflickr.com/4076/4771510683_936d7892da_o.jpg,Sergiobanks,4771510683,248d01bcfb,dining room__87.png,Dining_Room,{'_content': ''}
6,https://live.staticflickr.com/8171/8067401737_9508a986f2_o.jpg,osiristhe,8067401737,d5699c72fb,dining room__88.png,Office & Dining Room,{'_content': ''}
6,https://live.staticflickr.com/6165/6217487757_cd6641b913_o.jpg,Triumph Mountain Properties,6217487757,b5d14cf32d,dining room__89.png,1385 Dining Room,{'_content': ''}
6,https://live.staticflickr.com/2637/3850357447_eda487c7a6_o.jpg,vastateparksstaff,3850357447,1f424bda0d,dining room__90.png,Bel Air Dining Room,{'_content': ''}
6,https://live.staticflickr.com/2296/1570608586_2b937754ea_o.jpg,Corey Ann,1570608586,e5c9865d07,dining room__91.png,The Saltaire Dining Room,{'_content': ''}
6,https://live.staticflickr.com/543/19325478698_3dec4c7c43_o.jpg,BrianKhoury,19325478698,21cd0c58b9,dining room__92.png,5-dining room,{'_content': ''}
6,https://live.staticflickr.com/5222/5619619496_b84cc7055e_o.jpg,Cambridge Brewing Co.,5619619496,a5b1134cda,restaurant__36.png,CBC Back Room - Catered Party,{'_content': 'The rear dining room at CBC set up for a function'}
6,https://live.staticflickr.com/7082/7159848101_c5dcefceb3_o.jpg,Let's Unwind holiday lets,7159848101,52be521d76,dining room__93.png,The Salty Dog dining area,"{'_content': 'There is plenty of room at The Salty Dog holiday cottage to prepare delicious meals and even entertain friends. The dining table can be extended to seat 8 people. <a href=""http://www.lets-unwind.com"" rel=""nofollow"">www.lets-unwind.com</a>'}"
6,https://live.staticflickr.com/452/19882221620_299c7a8652_o.jpg,sowwwell,19882221620,66961381ae,dining room__94.png,1. Dining Room Before  3,{'_content': ''}
1,https://live.staticflickr.com/206/471891404_16b0bd0476_o.jpg,scottfidd,471891404,801423003b,office__186.png,Office,{'_content': ''}
1,https://live.staticflickr.com/5479/18833430435_cfcdccb1ab_o.jpg,JimTiffinJr,18833430435,4e6579069b,office__187.png,Science Teachers Open Office at MICDS,"{'_content': 'Campus scene.\n\nImages from the Summit for Transformative Learning conference at Mary Institute and Saint Louis Country Day School (MICDS) in St. Louis, Missouri from June 7-9, 2015. Pictures are of some of the workshops personally attended, and school spaces visited.'}"
1,https://live.staticflickr.com/2541/4010455563_d0bb35f049_o.jpg,CascadeAndSTAN,4010455563,9fefe6207d,office__188.png,IMG_0542,{'_content': ''}
1,https://live.staticflickr.com/4137/4789754127_ac1c6c2089_o.jpg,thatcanadiangirl,4789754127,41bcb78cd5,office__189.png,Vero's desk,"{'_content': ""The new Pepsmedia office at The Mill in the Copley Hill Business Park\n\nIt's still a work in progress as we start populating the office, but it'll be lovely when it's done :)""}"
1,https://live.staticflickr.com/4088/5181733761_8c9186a442_o.jpg,copelco,5181733761,1882664584,office__190.png,,{'_content': ''}
1,https://live.staticflickr.com/90/247540391_d3bdd140d6_o.jpg,mich_bsd,247540391,d3bdd140d6,office__191.png,DSC_0035.JPG,{'_content': ''}
1,https://live.staticflickr.com/118/265171890_a3aa4e9699_o.jpg,Yves Hanoulle,265171890,a3aa4e9699,office__192.png,IMG_0656,{'_content': ''}
1,https://live.staticflickr.com/5103/5640499939_2b805a55ff_o.jpg,monojussi,5640499939,3aafb8e53a,office__193.png,My Chinese Office,{'_content': 'I share the office with Paul and Topy. In this picture Topy is taking a nap on the couch after lunch.'}
1,https://live.staticflickr.com/4043/4398780625_16542b07bc_o.jpg,eston,4398780625,6b8d21d118,office__194.png,The new workspace,"{'_content': 'The startup workspace. Roll over to view tags. I wanted to somehow build a kick-ass, superproductive design workstation on a startup budget. I mostly succeeded by cutting in places I could whilst still maintaining good hardware (e.g., the Wacom, the replica chair from Craigslist, the 13&quot; laptop, bringing in my own auxiliary components.)'}"
1,https://live.staticflickr.com/2610/4148502955_1c2283edf7_o.jpg,jfilip,4148502955,81535acdda,office__195.png,0675 - old office 2,"{'_content': ""Mike's old office.""}"
1,https://live.staticflickr.com/2042/2283075798_c5fbffc1ac_o.jpg,Darkumber,2283075798,1f0a485246,office__196.png,NY Office,"{'_content': ""My very bare and spartan New York office.  One block from Time's Square.""}"
1,https://live.staticflickr.com/3436/3937905342_386843f071_o.jpg,Aphex Twin,3937905342,7f98d45d94,office__197.png,My office,{'_content': 'Still quite empty... \nÉcole Polytechnique. '}
1,https://live.staticflickr.com/4115/4850054146_91a6b01b96_o.jpg,Shana L. McDanold,4850054146,3c27e78b3b,office__198.png,Corner of my desk,{'_content': 'Where I spend my time not in meetings'}
2,https://live.staticflickr.com/5306/5615049200_b83ff5b7f5_o.jpg,-DjD-,5615049200,0c737485ae,office__173.png,Office,{'_content': ''}
2,https://live.staticflickr.com/164/432327236_43fd3ad7f6_o.jpg,Paul and Christa,432327236,64ee5054cf,office__174.png,SW Corner of Office,{'_content': 'A better view of some of my workspace.'}
2,https://live.staticflickr.com/2096/2521439606_dba3ac29a5_o.jpg,NickDawson,2521439606,27e2b49a49,office__175.png,The Horror!,{'_content': 'unabashed squalor ....'}
2,https://live.staticflickr.com/3314/3328708571_b52ac56a1a_o.jpg,russelldavies,3328708571,e2949229a2,office__176.png,goodbye to all that,{'_content': ''}
2,https://live.staticflickr.com/119/309128313_a83ec85d61_o.jpg,jamesmelzer,309128313,a83ec85d61,office__177.png,My Office #3 (comfy chairs),{'_content': ''}
2,https://live.staticflickr.com/179/415969118_dead0eae47_o.jpg,craig1black,415969118,f4ced00120,office__178.png,IT people must work here,"{'_content': ""This isn't my office but you can tell IT people work in this office. Stuff everywhere! My office isn't great either but it's not this bad. :-)""}"
2,https://live.staticflickr.com/5261/5732781571_f1b431098d_o.jpg,tom_bennett,5732781571,5b5ed779ff,office__179.png,IMG_4569,{'_content': 'HomeAway UK HQ'}
2,https://live.staticflickr.com/6236/6268562391_7d2eaea13f_o.jpg,eltpics,6268562391,8f8cf51c6a,office__180.png,Office,{'_content': '@sandymillin'}
2,https://live.staticflickr.com/2581/5732782967_020804ec4c_o.jpg,tom_bennett,5732782967,34b8f2f713,office__181.png,IMG_4574,{'_content': 'HomeAway UK HQ'}
2,https://live.staticflickr.com/2859/13822471715_0c623d437e_o.jpg,hjw223,13822471715,c4c9daf51d,office__182.png,SH Office,{'_content': ''}
2,https://live.staticflickr.com/3234/2711875106_b3f5da1a7c_o.jpg,.Katjastrophe,2711875106,6fa991c548,office__183.png,admin office,{'_content': 'quite nice'}
2,https://live.staticflickr.com/5609/15538489252_3d3e071857_o.jpg,captivatedbyhisgrace,15538489252,31fce80fbd,office__184.png,Home Office,{'_content': 'We converted a back storage room into a ideal little office.  No windows or skylight -- I loose track of time as I am working on computer projects or CAD drawings. About 50% of my work is out of my home office.'}
2,https://live.staticflickr.com/4128/4951271629_3d524a1730_o.jpg,Newcastle Libraries,4951271629,a2be33f87e,office__185.png,ICT Suite (Mac room),"{'_content': 'Rooms at City Library are <a href=""http://community.newcastle.gov.uk/libraries/?page_id=576"" rel=""nofollow"">available to book.</a> '}"
3,https://live.staticflickr.com/1357/1232026524_d223ef44bb_o.jpg,Erik Eckel,1232026524,3f9c8da5e7,office__160.png,Home Office v 2.0,"{'_content': 'Lauren finished repainting the home office. I picked up a second knee-space credenza (needed the storage and desktop space). I\'m much happier with the new layout.\n\nYou can view the original setup <a href=""http://www.flickr.com/photos/erikeckel/537132858/"">here</a>.\n\nI\'m much happier with the new layout. I still need to tidy up cables, which I will, and pick up a flat-panel to replace the tube TV. The SonicWALL router still needs deployment, too, but all that\'ll be done within a week, I suspect.\n\nHow many PCs and servers do you see? There are five here (with room for at least three more client systems at any given time).'}"
3,https://live.staticflickr.com/7179/6950161389_e1ea227dc5_o.jpg,jcn,6950161389,ede5723308,office__161.png,20120303D_3302e,"{'_content': 'The &quot;Control Room&quot; conference room has great views of SoHo.\n\nIndaba Media HQ\nNew York, NY'}"
3,https://live.staticflickr.com/3380/4622530548_175508b121_o.jpg,sxates,4622530548,8c6aa28d1b,office__162.png,Office,{'_content': ''}
3,https://live.staticflickr.com/51/186559544_a2df5cadc0_o.jpg,sxates,186559544,a2df5cadc0,office__163.png,Zipper/Foing office,{'_content': ''}
3,https://live.staticflickr.com/8496/8349459450_5801ce4d24_o.jpg,silviamallafre,8349459450,903147177e,office__164.png,TI_09,{'_content': 'Despacho cerrado jefe de departamento. Sigue el mismo diseño de muebles y revestimientos que el resto del espacio'}
3,https://live.staticflickr.com/8422/7838671308_fcd9ea719e_o.jpg,Lawrence Sinclair,7838671308,0aa40fd16c,office__165.png,East Agile Vietnam,{'_content': 'East Agile old Office off Vuon Chuoi in Ho Chi Minh City.'}
3,https://live.staticflickr.com/17/89834629_1df9d42ba6_o.jpg,Gerard Van der Leun,89834629,1df9d42ba6,office__166.png,Office,{'_content': ''}
3,https://live.staticflickr.com/3565/3332754001_ebba9efbd2_o.jpg,motti82,3332754001,a9ec03d66c,office__167.png,Empty Office,{'_content': 'The calm before the storm'}
3,https://live.staticflickr.com/69/178214274_cb91b25214_o.jpg,shinnygogo,178214274,cb91b25214,office__168.png,New Office,{'_content': 'Very boring...'}
3,https://live.staticflickr.com/7319/9752688231_bda4607f75_o.jpg,Raul P,9752688231,1b6c3de416,office__169.png,Dr. Raul Pacheco-Vega's office at CIDE Region Centro,{'_content': ''}
3,https://live.staticflickr.com/8152/7336562506_20c0ebd7f0_o.jpg,mark h nichols,7336562506,ca87574ec1,office__170.png,New office,{'_content': 'view from doorway'}
3,https://live.staticflickr.com/3834/9474374846_597ac562ef_o.jpg,Jeffrey,9474374846,8afd1fa7af,office__171.png,Conference table – repaired at last!,"{'_content': ""Our glass conference table shattered in July. It appeared to be a spontaneous event. Nobody was around when it happened. Bo Concept, who designed and sold us the table, have replaced the top with thicker, stronger glass, and better underlying struts. They performed the repairs, and provided the parts, at no additional charge. That's standing by a product.""}"
3,https://live.staticflickr.com/3205/3023420354_370f7591ff_o.jpg,tinyTypewriter,3023420354,7ba310aabb,office__172.png,my desk,"{'_content': 'an allegory for my life, perhaps?'}"
4,https://live.staticflickr.com/105/279427635_55d656cc64_o.jpg,ford,279427635,55d656cc64,office__139.png,office,{'_content': ''}
4,https://live.staticflickr.com/2593/3694774577_f1a5b2ced8_o.jpg,kuratowa_1,3694774577,95bbfec0a1,office__140.png,Front Office,{'_content': 'Front Office'}
4,https://live.staticflickr.com/89/237451994_fb287be0e6_o.jpg,tandemracer,237451994,3cda1881d4,office__141.png,Office,{'_content': ''}
4,https://live.staticflickr.com/3334/3592421693_7664b64278_o.jpg,roboticpenguin,3592421693,1859ba3a7a,office__142.png,Office v3 #5,{'_content': ''}
4,https://live.staticflickr.com/58/200066361_509f6bb6ba_o.jpg,squidish,200066361,509f6bb6ba,office__143.png,"my new hangout, day 3",{'_content': ''}
4,https://live.staticflickr.com/8513/8389092025_7ae15e426d_o.jpg,Editor B,8389092025,ac0e370995,office__144.png,Office,"{'_content': ""My office has an odd L-shape. I need a wider angle lens to capture it properly. I've got a couple such lenses sitting on the shelf shown here but they're for older cameras and aren't compatible with what I'm shooting now.\n\nAnyway, here you can see how I've re-done one &quot;wing&quot; of my office.""}"
4,https://live.staticflickr.com/1359/536036926_0815cbc940_o.jpg,tvol,536036926,07417f075f,office__145.png,cc office san francisco,{'_content': ''}
4,https://live.staticflickr.com/3026/2908495918_d2d1a988fb_o.jpg,THX0477,2908495918,128610926e,office__146.png,"My work space, cluttered as it is.","{'_content': ""Yes, I have giant utensils.  Wanna' make somethin' of it?""}"
4,https://live.staticflickr.com/3696/10128371483_df0fcbd0bd_o.jpg,KkleinRN,10128371483,485173da83,office__147.png,IMG_1441,{'_content': ''}
4,https://live.staticflickr.com/3201/3036782381_b3afc2ac25_o.jpg,Nieve44/Luz,3036782381,54726f4c25,office__148.png,Now,{'_content': 'Still getting used to new diggs.  A bit smaller and no widow. :-('}
4,https://live.staticflickr.com/60/200126791_1433308f51_o.jpg,kennejima,200126791,1433308f51,office__149.png,DSCF6717.JPG,{'_content': ''}
4,https://live.staticflickr.com/3103/5848104576_b677704422_o.jpg,Daniel I Scully,5848104576,b732f83674,office__150.png,The Office,{'_content': 'Empty physics office'}
4,https://live.staticflickr.com/3554/3443296012_d45ae2b024_o.jpg,Phil Sexton,3443296012,8de6c433fe,office__151.png,Private Office - Tempe,"{'_content': 'Thanks for checking out this uber exciting photo of our Tempe real estate office.\n\nWant to see it on a map?  I recommend using the google map: <a href=""http://www.google.com/maps/ms?ie=UTF8&amp;hl=en&amp;msa=0&amp;msid=111992625873234046049.00045dbd1524e291534cd&amp;ll=33.545973,-112.052994&amp;spn=0.410323,0.617981&amp;z=11"" target=""_blank"">Greater Phoenix Real Estate Offices</a>'}"
4,https://live.staticflickr.com/3115/2842601737_218f5cd565_o.jpg,colleen_taugher,2842601737,662ca3046d,office__152.png,my cloud office,{'_content': ''}
4,https://live.staticflickr.com/8059/8159849262_aa254f1d80_o.jpg,dandeluca,8159849262,de5129fd40,office__153.png,my office,{'_content': ''}
4,https://live.staticflickr.com/3386/3442292017_4a8ed6d79e_o.jpg,Phil Sexton,3442292017,47196ff938,office__154.png,Private Office - Phoenix,"{'_content': 'Thanks for checking out this uber exciting photo of our Paradise Valley/Phoenix real estate office.\n\nWant to see it on a map?  I recommend using the google map: <a href=""http://www.google.com/maps/ms?ie=UTF8&amp;hl=en&amp;msa=0&amp;msid=111992625873234046049.00045dbd1524e291534cd&amp;ll=33.545973,-112.052994&amp;spn=0.410323,0.617981&amp;z=11"" target=""_blank"">Greater Phoenix Real Estate Offices</a>'}"
4,https://live.staticflickr.com/4117/4785298899_98b8a57f05_o.jpg,_G2,4785298899,093967782c,office__155.png,Jean's office,{'_content': ''}
4,https://live.staticflickr.com/4002/4472335306_c135ed32b2_o.jpg,VividImageInc,4472335306,18a9d47fc2,office__156.png,Workshop 2010,"{'_content': 'We actually started using the workshop in 2009, but in 2010 it is equipped with laptops, individual workstations, and a large screen tv with Internet, conference phone, and anything else you\'d need for a workshop room. Join us at our next workshop. <a href=""http://vimm.com"" rel=""nofollow"">vimm.com</a>'}"
4,https://live.staticflickr.com/1054/541091447_fabc90cf7a_o.jpg,pussbigeyes,541091447,c45a722511,office__157.png,Office 4,{'_content': ''}
4,https://live.staticflickr.com/2919/14230988435_97137890f3_o.jpg,K2 Space,14230988435,19306afbdf,office__158.png,JC_Flowers_14,{'_content': 'Private office at the J.C. Flowers &amp; Co office'}
4,https://live.staticflickr.com/3330/3443283656_38babbe80f_o.jpg,Phil Sexton,3443283656,0a7036105d,office__159.png,Work Area - Glendale,"{'_content': 'Thanks for checking out this uber exciting photo of our Arrowhead/Glendale real estate office.\n\nWant to see it on a map?  I recommend using the google map: <a href=""http://www.google.com/maps/ms?ie=UTF8&amp;hl=en&amp;msa=0&amp;msid=111992625873234046049.00045dbd1524e291534cd&amp;ll=33.545973,-112.052994&amp;spn=0.410323,0.617981&amp;z=11"" target=""_blank"">Greater Phoenix Real Estate Offices</a>'}"
5,https://live.staticflickr.com/2048/5697523860_7714dc3818_o.jpg,doryfour,5697523860,138a7a4142,office__133.png,New office space,{'_content': ''}
5,https://live.staticflickr.com/4077/4805637038_f66f340bce_o.jpg,doryfour,4805637038,be2988ab40,office__134.png,My New Office,"{'_content': 'In May, ArrowQuick moved to a new building, and I got my own office. <a href=""http://arrowquick.com/articles/video-tour-of-our-new-digs"" rel=""nofollow"">arrowquick.com/articles/video-tour-of-our-new-digs</a>'}"
5,https://live.staticflickr.com/2053/2474374484_1fc4630a69_o.jpg,南宮博士,2474374484,5d0d545a2e,office__135.png,我在戲谷的辦公桌,{'_content': ''}
5,https://live.staticflickr.com/8002/7564118114_39d81fefe5_o.jpg,getswipp,7564118114,df26602d9d,office__136.png,The New Swipp Digs,{'_content': 'One of four conference rooms. '}
5,https://live.staticflickr.com/3850/14335477609_2906c4255b_o.jpg,bfi Office Furniture,14335477609,c7051465e0,office__137.png,Haworth office furniture at neocon 2014,{'_content': '                               '}
5,https://live.staticflickr.com/8568/16046394431_2f7755e19a_o.jpg,KOREA.NET - Official page of the Republic of Korea,16046394431,de34eb32fb,office__138.png,FURSYS_Korean_Office_Furniture_02,"{'_content': 'FURSYS, Korean Office Furniture Maker\n\nDecember 18, 2014\n\nOgeum-dong, Songpa-gu, Seoul\n\nMinistry of Culture, Sports and Tourism\nKorean Culture and Information Service\nKorea.net (<a href=""http://www.korea.net"" rel=""nofollow"">www.korea.net</a>)\nOfficial Photographer: Jeon Han\n\nThis official Republic of Korea photograph is being made available only for publication by news organizations and/or for personal printing by the subject(s) of the photograph. The photograph may not be manipulated in any way. Also, it may not be used in any type of commercial, advertisement, product or promotion that in any way suggests approval or endorsement from the government of the Republic of Korea. \n\n--------------------------------\n\n퍼시스\n\n2014-12-18\n\n송파구 오금동\n\n문화체육관광부\n해외문화홍보원\n코리아넷\n전한\n'}"
1,https://live.staticflickr.com/1424/1332359314_4ab7cc7a90_o.jpg,Wendy Copley,1332359314,52baf8a3a4,office__57.png,My Office,{'_content': 'This is my office. See notes.'}
1,https://live.staticflickr.com/4103/5064233775_3649c57ce8_o.jpg,HammerIntoAnvil,5064233775,f098609b37,office__58.png,My Desk,{'_content': ''}
1,https://live.staticflickr.com/3531/4039722954_f32c9d771b_o.jpg,James Marwood,4039722954,f5380f74f4,office__59.png,The Office,{'_content': ''}
1,https://live.staticflickr.com/5060/5536039751_e39a9e02b8_o.jpg,dg,5536039751,a55d034edd,office__60.png,Work desk,{'_content': ''}
1,https://live.staticflickr.com/5111/5867118143_7cd3c68dfa_o.jpg,hrayr,5867118143,6a9059565d,office__61.png,Standing Desk,"{'_content': 'My first attempt at a standing desk, I hope this will take all my joint pain away!'}"
1,https://live.staticflickr.com/125/407259184_4be9b068d1_o.jpg,Travelin' Librarian,407259184,eaa37fe38b,office__62.png,Empte office,{'_content': ''}
1,https://live.staticflickr.com/2523/3701304515_11ffce5521_o.jpg,Bobbi Newman,3701304515,f14ff0fc19,office__63.png,My new office,{'_content': '-- Sent from my Palm Pre'}
1,https://live.staticflickr.com/3451/3199728685_7290df833e_o.jpg,mpbottrell,3199728685,9f3016f2eb,office__64.png,Front Profile of desk setup,{'_content': 'Here you can see the size of the desk and the layout.  '}
1,https://live.staticflickr.com/3378/3409594357_a977106074_o.jpg,Frenkieb,3409594357,9aefcd5e1e,office__65.png,My new desk,{'_content': 'The office moved to a new building last week so I have a new desk again. I made sure I kept the zebra chair.'}
1,https://live.staticflickr.com/65535/35130338873_95f565af0c_o.jpg,Keithius,35130338873,12d32a1fb9,office__66.png,keith's home office,{'_content': ''}
1,https://live.staticflickr.com/3624/3408359144_8108b284d6_o.jpg,Brenderous,3408359144,93c93c406e,office__67.png,"April 2, 2009 [15/365]",{'_content': 'New desk'}
1,https://live.staticflickr.com/3033/2831418418_3e7bae876e_o.jpg,klachak,2831418418,def2a51e4a,office__68.png,Office space,"{'_content': ""That's my office space. \nIt looks somewhat clean, because I rarely use it these days :-)""}"
1,https://live.staticflickr.com/5057/5392820503_0422a00af5_o.jpg,camknows,5392820503,c0b737a21d,office__69.png,My Cubicle,"{'_content': 'A big improvement, in my opinion. I love all the desk space. I could even use more, but it\'ll do for now. There are still some things I\'m going to change though. Eventually I\'m going to get rid of one of the shelves hanging up on the wall. Then I\'m going to get rid of the clunky CRT television and hang a 48-55&quot; LCD HDTV up on the wall where we can monitor network traffic and ESPN. Then I can move my printer over against the wall and use the extra space for more laptop building area. Or maybe stick a Mac there.\n\n<a href=""http://camknows.blogspot.com/2011/01/desks.html"" rel=""nofollow"">camknows.blogspot.com/2011/01/desks.html</a>'}"
1,https://live.staticflickr.com/2308/2262698873_c599fb4706_o.jpg,:nick,2262698873,4e860572b6,office__70.png,11 Feb 08 — Work,"{'_content': ""Another look at the new office. This table is only for the next month or so until we can get some proper desks. But, um, sweet!\n\nDoug's on the left, I'm on the right.""}"
1,https://live.staticflickr.com/2165/2081039060_01877efb52_o.jpg,James Marwood,2081039060,678e0587b4,office__71.png,Desks,{'_content': ''}
1,https://live.staticflickr.com/4688/38966284341_44f55eea10_o.jpg,Yves Hanoulle,38966284341,dccaba5bea,office__72.png,room with a view...,{'_content': ''}
1,https://live.staticflickr.com/4144/5040412055_893f67f345_o.jpg,annavsculture,5040412055,858866a8a5,office__73.png,My Desk!,{'_content': ''}
1,https://live.staticflickr.com/4003/4184980281_209c7899c7_o.jpg,Bobbi Newman,4184980281,0bc1ef55a9,office__74.png,I've taken to turning the monitor off,{'_content': '-- Sent from my Palm Pre'}
1,https://live.staticflickr.com/35/124340489_14bbaec7be_o.jpg,eclecticlibrarian,124340489,14bbaec7be,office__75.png,new monitor!,"{'_content': 'Finally got the promised flat screen monitor at work.  Surprisingly, the old wooden chair is more comfortable than the rolly executive computer chair I was using.'}"
1,https://live.staticflickr.com/2283/2053154628_c1f3927229_o.jpg,Nebraska Library Commission,2053154628,1f3d09a133,office__76.png,Shannon's Desk,{'_content': 'Shannon White\nNetwork Services Director\nNebraska Library Commission'}
1,https://live.staticflickr.com/4525/24101517867_df4142e6b5_o.jpg,Yves Hanoulle,24101517867,7024eff127,office__77.png,2017-12-07 14.42.43,{'_content': ''}
1,https://live.staticflickr.com/36/83228250_6e1af3e72d_o.jpg,thegloaming,83228250,6e1af3e72d,office__78.png,My Desk at Work,"{'_content': ""Where I spend most of my time - I recently moved from a cubicle which made up for not having a window with great company.  The window's nice too, though.""}"
2,https://live.staticflickr.com/1839/42359522980_5ecfcd24d8_o.jpg,C-Monster,42359522980,10c8584bcf,office__35.png,Desk,{'_content': ''}
2,https://live.staticflickr.com/2789/5840598407_a6c5f83334_o.jpg,karindalziel,5840598407,dae7a9af2d,office__36.png,Work desk,{'_content': ''}
2,https://live.staticflickr.com/4071/4595942318_74ce89f00a_o.jpg,Travelin' Librarian,4595942318,41f48e1007,office__37.png,My office desk - May 2010,{'_content': 'I was asked to point out the two non-work-related items that mean the most to me. The two noted items are the winners.'}
2,https://live.staticflickr.com/5006/5262669375_701608f7d4_o.jpg,sleepy chan,5262669375,49060915aa,office__38.png,My desk at work,{'_content': ''}
2,https://live.staticflickr.com/1694/25468285066_51a20eedb8_o.jpg,TomNatt,25468285066,9c4637fb17,office__39.png,And today the development team is... reduced...,{'_content': ''}
2,https://live.staticflickr.com/3570/3556201170_303d83072a_o.jpg,golf082,3556201170,e8ac63e25c,office__40.png,desk,{'_content': ''}
2,https://live.staticflickr.com/3035/2949851356_a7b6eb75a3_o.jpg,jacobian,2949851356,66ea4a0323,office__41.png,When I'm rich,"{'_content': ""Unfortunatly, one doesn't work and has to go back to Dell.\n\nStill, this would fucking rock.""}"
2,https://live.staticflickr.com/148/399564141_a8ee639db3_o.jpg,Sarah Mae,399564141,a8ee639db3,office__42.png,IMG_0918,"{'_content': ""We finally re-organized our office, now there's space""}"
2,https://live.staticflickr.com/5273/5877499035_b6cc58cae4_o.jpg,typeoneerror.com,5877499035,dc78687733,office__43.png,workspace,{'_content': 'desk'}
2,https://live.staticflickr.com/3301/3185423424_5a4cc4f1b5_o.jpg,muuranker,3185423424,e53588195c,office__44.png,IMG_4221,{'_content': 'the new to us desk has drawers that allow you to put things into them without opening them.'}
2,https://live.staticflickr.com/4144/5049697324_d6dc4b41d0_o.jpg,Sentience,5049697324,dc9b044227,office__45.png,New Desk,"{'_content': 'The dev team needed room to grow, so we moved into the nearest vacant room. I got Luke’s desk!'}"
2,https://live.staticflickr.com/221/510083368_55b309a04d_o.jpg,Chris Campbell,510083368,b6d46d25aa,office__46.png,My Emptying Desk,"{'_content': ""Things are clearing out and I'm really going to miss having a window in my office.""}"
2,https://live.staticflickr.com/3418/3204001963_74a908f55f_o.jpg,kellec,3204001963,bc2d4b94f4,office__47.png,DSC_0047.JPG,{'_content': ''}
2,https://live.staticflickr.com/15/92309456_3e3b62c275_o.jpg,The Raz,92309456,3e3b62c275,office__48.png,My desk at work,{'_content': ''}
2,https://live.staticflickr.com/3200/3120062091_5329878f05_o.jpg,alainnblog,3120062091,eebfdc7390,office__49.png,Control Center,"{'_content': ""There's never enough screen-estate.""}"
2,https://live.staticflickr.com/2731/4294446976_a7b801c081_o.jpg,Travelin' Librarian,4294446976,a51b45d2a1,office__50.png,Home Office Remodeling Project (17),{'_content': ''}
2,https://live.staticflickr.com/8295/29008079961_5e7faf7062_o.jpg,sdobie,29008079961,4828f6d519,office__51.png,Clean Desk - POTD #127,{'_content': ''}
2,https://live.staticflickr.com/4042/4293692709_7d0db663dc_o.jpg,Travelin' Librarian,4293692709,56e77a225d,office__52.png,Home Office Remodeling Project (13),{'_content': ''}
2,https://live.staticflickr.com/18/23614644_d95e949e92_o.jpg,Chris Campbell,23614644,d95e949e92,office__53.png,Carolyn's New Office,{'_content': ''}
2,https://live.staticflickr.com/8717/28613920816_07a403cf14_o.jpg,tonysladeuk,28613920816,0d43c5ac59,office__54.png,Nerve centre of Le-garagiste.com,{'_content': 'Lamp on desk and artwork by Zoe Rubens'}
2,https://live.staticflickr.com/146/382228168_578db4211f_o.jpg,freerangelibrarian,382228168,578db4211f,office__55.png,My desk,{'_content': 'Getting a little busier here! '}
2,https://live.staticflickr.com/142/390477886_4e80576e94_o.jpg,Juska Wendland,390477886,4e80576e94,office__56.png,Day 117,{'_content': 'My office at Arx'}
3,https://live.staticflickr.com/2292/2243594035_dd603dceae_o.jpg,phil_fry,2243594035,a960a2d4fd,office__10.png,Desk,{'_content': ''}
3,https://live.staticflickr.com/3016/2554215398_4d4668d015_o.jpg,hayley.bailey,2554215398,437d26a299,office__11.png,The Desk,{'_content': 'My new desk'}
3,https://live.staticflickr.com/4038/4192205698_88b171d712_o.jpg,rmsilver7,4192205698,73e9902a0d,office__12.png,New Desks!,{'_content': 'Two new desks from Staples Loft collection. They look beautiful but scratch VERY easily. '}
3,https://live.staticflickr.com/4129/5010845788_a1cbd18984_o.jpg,evilgurl,5010845788,ac8009bd01,office__13.png,my office,{'_content': ''}
3,https://live.staticflickr.com/883/27569428288_a7b47b39d8_o.jpg,Raul P,27569428288,2e25e7ab31,office__14.png,Old desk with side table,{'_content': ''}
3,https://live.staticflickr.com/3080/3231367568_ca2478381b_o.jpg,atomicShed,3231367568,d37f090673,office__15.png,desk... oh the mess,{'_content': 'I have no idea how it gets like this...\n\nbut theres still a ton of free space'}
3,https://live.staticflickr.com/142/379965905_be1d434d61_o.jpg,Lava,379965905,be1d434d61,office__16.png,Messy desk part II,{'_content': ''}
3,https://live.staticflickr.com/83/249415379_ceedf3dae0_o.jpg,Ed Bilodeau,249415379,ceedf3dae0,office__17.png,Better arrangement,{'_content': ''}
3,https://live.staticflickr.com/3557/3470739293_6c5d5cde16_o.jpg,Tom Carmony,3470739293,b870a60ace,office__18.png,Desk No. 1,"{'_content': 'These are a few shots of my primary home office setup. I work from this desk most of the time, save for super-sunny mornings like this one, where I retreat to Desk No. 2 (sans direct sunlight).'}"
3,https://live.staticflickr.com/104/304216956_1df0fd8001_o.jpg,tigerweet,304216956,5a03a2e4a1,office__19.png,Workstation,{'_content': 'I decided to take photos of my typical day. Here it is.'}
3,https://live.staticflickr.com/4008/4220695721_e5b1be4d00_o.jpg,Aktiv Phil,4220695721,772508a649,office__20.png,My home office (early Dec 2009),"{'_content': 'My home office just after I set it up properly - with a notebook PC and a desktop PC. New pics coming soon with upgraded hardware and a bit more effort in the styling department (new folders, etc... to give the place a bit more flair!)'}"
3,https://live.staticflickr.com/63/157317880_f550b1c330_o.jpg,Kaushal Karkhanis,157317880,f550b1c330,office__21.png,Office Space,{'_content': 'My office desk @ Microsoft Bangalore'}
3,https://live.staticflickr.com/2525/3685412928_bbefb416b9_o.jpg,Joh739,3685412928,1b9e4b3920,office__22.png,My desk,{'_content': 'This is my desk with a dual monitor setup. The computer runs Ubuntu and the Macbook Mac OS X.'}
3,https://live.staticflickr.com/46/144756286_6c351a14d9_o.jpg,atconc,144756286,6c351a14d9,office__23.png,desk @ work,{'_content': ''}
3,https://live.staticflickr.com/38/80079516_e4f3a46377_o.jpg,Phlogiston,80079516,e4f3a46377,office__24.png,Le bureau de Fabian,{'_content': ''}
3,https://live.staticflickr.com/2165/2520147465_e5ae9ea68b_o.jpg,derekdavis,2520147465,d37d7be160,office__25.png,Desk / Bookshelf,"{'_content': 'Ran to IKEA recently to replace most of the furniture in my office. New desk, bookshelf, chairs and lights.. hell, even the plants are new.'}"
3,https://live.staticflickr.com/2486/3709043107_44c3888227_o.jpg,AllOfUsAreLost,3709043107,2ca7ecc29a,office__26.png,Tidy desk!,"{'_content': 'Took the time to clear all the useless clutter from my desk, ready to get some paste-ups done.\n\nVery satisfying to have space again.'}"
3,https://live.staticflickr.com/6170/6180989213_c7fddef570_o.jpg,lfrankland,6180989213,6d69b4baab,office__27.png,New Desk Setup,{'_content': 'Computer controlled RGB lighting with surround sound '}
3,https://live.staticflickr.com/3848/14872064149_96a49afb75_o.jpg,Raul P,14872064149,cc7dc5b049,office__28.png,My #AcWri #GetYourManuscriptOut desk,{'_content': ''}
3,https://live.staticflickr.com/6164/6217959906_d42225c1d7_o.jpg,kirsten ♥,6217959906,294e868d6d,office__29.png,My Office,"{'_content': ""I share an office with three other desks, currently occupied by Alicia, the engineer that I'm replacing Luke, and my new mentor Neil.  The few signs on the wall are left over from the intern who had my desk this summer...  And I have a fruit basket :)  Apparently, they give fruit baskets to us every Monday and Wednesday.  Oh, and lunch in the office is free, too!""}"
3,https://live.staticflickr.com/1278/1396776942_d6445db726_o.jpg,itomi,1396776942,6b221b53d1,office__30.png,AOR WEST WING,{'_content': ''}
3,https://live.staticflickr.com/4261/35281341092_566dc9be5f_o.jpg,matthewf01,35281341092,15123d4daf,office__31.png,Battlestation - Jarvis Desk and Steelcase Gesture,"{'_content': ""Jarvis Bamboo 72&quot; standing desk with LCD + memory preset control Topo Mat ergonomic standing mat\nSteelcase Gesture chair with headrest\nTaotronics LED articulating lamp\nFicus ginseng bonsai plant\nCorsair 500R case (Phenom II X4 965 @ 3.8GHz, H110, 16GB DDR3, MSI R9 290 4GB)\nQNIX QX2710 WQHD monitor @ 96Hz\nIKEA Alex drawer unit\nDell XPS 15 laptop\nLogitech K800 Illuminated keyboard; Performance MX mouse\nNASA 'Visions of the Future' posters - 11x17 prints""}"
3,https://live.staticflickr.com/5024/5683467846_c33f80f553_o.jpg,jisc_infonet,5683467846,068b9ee3fe,office__32.png,"Hot Desk, GTi, University of Glamorgan",{'_content': 'The hot desks are all pleasantly appointed.  All offices have windows overlooking the local scenery.  Art work is featured throughout the space.  Wireless broadband is available to all client businesses as is the use of a telephone.'}
3,https://live.staticflickr.com/3910/14872245127_c5ee8b86b1_o.jpg,Raul P,14872245127,23722a77f1,office__33.png,My #AcWri #GetYourManuscriptOut desk,{'_content': ''}
3,https://live.staticflickr.com/3212/2759019315_6dddfcd443_o.jpg,christopherhuffman,2759019315,084a50378e,office__34.png,My desk,{'_content': ''}
4,https://live.staticflickr.com/2177/2634935191_26428cfd57_o.jpg,Channy Yun,2634935191,550e7eeab5,office__106.png,My office desk,{'_content': ''}
4,https://live.staticflickr.com/218/483097020_ffb856ee1c_o.jpg,Accretion Disc,483097020,babfb6726d,office__107.png,Church Office Desk,{'_content': 'where I crank out sermon after sermon'}
4,https://live.staticflickr.com/4099/4798928680_93f1bb4776_o.jpg,riojabear,4798928680,6556210f78,office__108.png,Old Office,{'_content': ''}
4,https://live.staticflickr.com/62/205198559_89b13f6bf3_o.jpg,Joelk75,205198559,89b13f6bf3,office__109.png,my office,{'_content': 'I need to decorate. The office across the hall has a window. Maybe someday...'}
4,https://live.staticflickr.com/4020/4271476788_1991988608_o.jpg,KevinJump,4271476788,5c55396248,office__110.png,My Desk at Work,{'_content': ''}
4,https://live.staticflickr.com/4117/4798296761_5b62a390c6_o.jpg,riojabear,4798296761,ee05aff32e,office__111.png,An almost bare office,{'_content': ''}
4,https://live.staticflickr.com/3482/3196831662_cc768df0cf_o.jpg,tsakshaug,3196831662,0c5e679ca6,office__112.png,my office 1/6/09,{'_content': 'my desk. sort of clean here'}
4,https://live.staticflickr.com/2758/4274209664_064be171a1_o.jpg,tsakshaug,4274209664,136ebe3340,office__113.png,My office,"{'_content': '4 computers now on the desk, a netbook, laptop, tablet and my desktop'}"
4,https://live.staticflickr.com/56/135640056_cd0d0f6556_o.jpg,trec_lit,135640056,cd0d0f6556,office__114.png,Argh,{'_content': 'My desk is insanely messy right now.  \n\nTaken with my RAZR cameraphone.  Not bad for 1.3 megapixels.'}
4,https://live.staticflickr.com/3037/2617103183_3fa3b83471_o.jpg,mah_japan,2617103183,b18afe9dac,office__115.png,I set up my desk.,{'_content': ''}
4,https://live.staticflickr.com/1173/580860903_bafcd78972_o.jpg,thepatrick,580860903,57d18ced1d,office__116.png,"Desk #something, Windsor",{'_content': ''}
4,https://live.staticflickr.com/3929/32905739524_22017054d4_o.jpg,erocsid,32905739524,7f2d7b4b48,office__117.png,2017-03-06 17.41.15,{'_content': ''}
4,https://live.staticflickr.com/3247/2681151618_9a5b169d8d_o.jpg,bandarji,2681151618,f24e2f122f,office__118.png,My MobiTV Desk,"{'_content': 'This was my office at MobiTV, in Emeryville.  Not a great view of the San Francisco Bay, but at least I had a window.'}"
4,https://live.staticflickr.com/3051/3310326170_5a67c19b4b_o.jpg,Laertes,3310326170,9dfe3f0df1,office__119.png,Jon's Office 2,{'_content': 'Desk'}
4,https://live.staticflickr.com/5443/10056628936_d276823194_o.jpg,MoBarger,10056628936,3cd36575bb,office__120.png,My desk,{'_content': ''}
4,https://live.staticflickr.com/6206/6151652329_54ef253162_o.jpg,adamdachis,6151652329,808d773536,office__121.png,DSC03762 Apartment Work Desk,{'_content': ''}
4,https://live.staticflickr.com/5319/7244708230_73fda34a53_o.jpg,jamalfanaian,7244708230,3cbae225b7,office__122.png,Messy Desk,"{'_content': ""Maybe it's time to start cleaning up...""}"
4,https://live.staticflickr.com/3265/3118851838_426d1c718f_o.jpg,jmlawlor,3118851838,362ab0f67e,office__123.png,Clean Desk,{'_content': ''}
4,https://live.staticflickr.com/623/22383958169_af973f6e8d_o.jpg,empracht,22383958169,ffcb0c3105,office__124.png,Juraj's desk,{'_content': ''}
4,https://live.staticflickr.com/4138/4824594750_f89a004250_o.jpg,Jemimus,4824594750,0fae1f7236,office__125.png,IMG_4221,{'_content': 'My desk'}
4,https://live.staticflickr.com/4098/4929843639_11c248a57a_o.jpg,DigitalDrew,4929843639,e116286eb5,office__126.png,L-shaped Desk-New PC (3months),{'_content': ''}
4,https://live.staticflickr.com/38/101691654_ca487ab8ae_o.jpg,kevmann16,101691654,ca487ab8ae,office__127.png,My Old Desk,{'_content': 'My desk before I moved to sit with the architects and techincal designers'}
4,https://live.staticflickr.com/110/256776207_ac214cfc4f_o.jpg,zappowbang,256776207,ac214cfc4f,office__128.png,Inés cleans out her desk....,{'_content': 'was it something i said?'}
4,https://live.staticflickr.com/3253/2436569753_1f195d9378_o.jpg,mandiees,2436569753,4683e03d98,office__129.png,021,"{'_content': ""Our new office, my desk is on the left and Damian's is on the right - as if you couldn't tell...""}"
4,https://live.staticflickr.com/7015/6759945719_d5fc129501_o.jpg,okchomeseller,6759945719,2f6d2e05f1,office__130.png,Built-in Desk,{'_content': ''}
4,https://live.staticflickr.com/1325/1462773557_926148087c_o.jpg,thomasrdotorg,1462773557,2a9c721bdf,office__131.png,DSC_0022,"{'_content': ""There was an impromptu bar set up at Kere's desk. Kere was not there.""}"
4,https://live.staticflickr.com/7362/15733696784_3c8f862543_o.jpg,Nicole Beauchamp,15733696784,f819f761f8,office__132.png,"At the end of the day or week try to tidy up and organize my desk for the upcoming days.This week just a few days away from @inmannews #icny included being elected president of the board of a non profit, multiple bidding situation, incoming referrals, mee","{'_content': 'via Instagram <a href=""http://ift.tt/1uHEzqc"" rel=""nofollow"">ift.tt/1uHEzqc</a>'}"
4,https://live.staticflickr.com/2906/14218861861_c75636458e_o.jpg,K2 Space,14218861861,b039dd3a9f,office__9.png,Arqiva_29,{'_content': 'Task seating and desking in the Arqiva office'}
5,https://live.staticflickr.com/2387/2439282538_5443549f5e_o.jpg,Dossy,2439282538,41f4978477,office__88.png,"My desk, mid-cleanup","{'_content': ""Here's what my desk looks like today, as I've been cleaning it up the last hour. It's still a disaster, but you should have seen what it looked like when I started!""}"
5,https://live.staticflickr.com/4004/4491753526_5f6f1325fb_o.jpg,driph,4491753526,9785d6de5b,office__89.png,Office desk,{'_content': 'The home setup.'}
5,https://live.staticflickr.com/2746/4276413497_7299862c11_o.jpg,Martin Cathrae,4276413497,19ec38a22c,office__90.png,State of the Office,"{'_content': ""Needs cleaning...  Especially that table o' junk there on the right...""}"
5,https://live.staticflickr.com/2188/2085094950_c76b370313_o.jpg,Steve Burt,2085094950,7567fdce3f,office__91.png,My Office,"{'_content': 'The charming view of my desk and office in the Eastbank Commerce Center in Portland, Oregon.'}"
5,https://live.staticflickr.com/8429/7787879316_cd6ee9f328_o.jpg,KRoark,7787879316,0b1d285d91,office__92.png,2012-08-15 08.25.57,"{'_content': ""this is what work looks like.\n3 computers, 2 mouses, 2 keyboards, 1 footrest, 1 coffee mug, 2 water bottles, 1 calendar, 4 McDonald's rodents that suddenly appeared one day, 1 large stack of papers, 1 damaged office chair... and other items.""}"
5,https://live.staticflickr.com/4065/5167875238_863420aa98_o.jpg,stevelyon,5167875238,5762ae505a,office__93.png,My desk.,{'_content': 'It looks like the Apple Store puked on my desk today.  '}
5,https://live.staticflickr.com/2346/1616854752_a060147598_o.jpg,Dossy,1616854752,876017580c,office__94.png,The disaster which is my home office,{'_content': 'I seriously need to clean my desk up.'}
5,https://live.staticflickr.com/1393/1138269217_6c057015a6_o.jpg,Seth W.,1138269217,98cce7f168,office__95.png,New Office Space,"{'_content': ""No walls, really. Very wide open. I have a desk lamp, which serves no real purpose. And we got new ORANGE chairs today, too. \n\nI don't care, really, as long as my Mac and 23&quot; Cinema Display are still with me.""}"
5,https://live.staticflickr.com/3198/2923262681_f050dae03d_o.jpg,William Hook,2923262681,f6632028a0,office__96.png,"Bedroom - Desk, Chair, and CDs / Books","{'_content': 'My desk, printer, and book case, which holds books and CDs.'}"
5,https://live.staticflickr.com/4760/39890507914_b0eee3da92_o.jpg,clembore,39890507914,b7fb860b1c,office__97.png,My Office Desk,{'_content': ''}
5,https://live.staticflickr.com/3589/3452272176_28ba6a40ea_o.jpg,Risager,3452272176,3fabbca25d,office__98.png,MySpace,"{'_content': '<a href=""http://lisarisager.dk"">I</a> work as a <a href=""http://stickleback.dk"">freelance webdesigner and webdeveloper. </a>\n\nMy workspace is in our living room. When I\'m not working <a href=""http://nerdyknitter.wordpress.com"">I\'m crafting</a>, and I like to keep my sewing and knitting stuff handy.\n\nFrom my space I can see my two cats sleeping (or sometimes yawning), <a href=""http://bedler.dk"">I can see Istedgade, Copenhagen, Denmark</a> outside my windows and the kettle is in the kitchen a few steps from me.\n\nI can also see and smile to my best friend when he\'s sitting in his space in the opposite corner of the room!'}"
5,https://live.staticflickr.com/2622/3954845528_e861ff8914_o.jpg,Dennis from Atlanta,3954845528,f63ba4d81b,office__99.png,Computer Desk,{'_content': 'My computer desk'}
5,https://live.staticflickr.com/1774/30121981518_ef284e257e_o.jpg,mikecogh,30121981518,953b52435d,office__100.png,Shared Office Space,"{'_content': 'Used at <a href=""https://www.boredpanda.com/walked-out-job-first-day-reddit/"" rel=""noreferrer nofollow"">www.boredpanda.com/walked-out-job-first-day-reddit/</a>'}"
5,https://live.staticflickr.com/5004/5316649805_5ef357ed4e_o.jpg,aplumb,5316649805,bbb7b35bf1,office__101.png,Thing-O-Matic Ready to Roll,{'_content': ''}
5,https://live.staticflickr.com/2332/2144616058_f42b31a127_o.jpg,mroach,2144616058,cab2675f17,office__102.png,Desk at work,{'_content': ''}
5,https://live.staticflickr.com/1199/732769534_ac0a311834_o.jpg,paulshannon,732769534,701b642185,office__103.png,07-07-05,"{'_content': ""My desk at work. Notice the 'badass' dual monitors. And the phone from 1973.""}"
5,https://live.staticflickr.com/5070/5890365558_0b81eac7f2_o.jpg,wbaiv,5890365558,7fae4e4ac3,office__104.png,"Tough work, someone has to...",{'_content': 'DSC_0783'}
5,https://live.staticflickr.com/7299/11903626074_64dfbfdbeb_o.jpg,mattbuck4950,11903626074,5d8d8fb6ff,office__105.png,IMGP1025,"{'_content': 'The office at 15 Westferry Circus after hours, when I had been working for several hours creating VBA to create 150 charts. This is my desk.'}"
6,https://live.staticflickr.com/755/20903104895_3e1a9cecd2_o.jpg,osiristhe,20903104895,c1c85f928b,office__79.png,Desk - Before,{'_content': 'Moving offices for the last time'}
6,https://live.staticflickr.com/2261/3528100744_e0681d00a1_o.jpg,TrishaLyn,3528100744,fb98299930,office__80.png,Office06,{'_content': ''}
6,https://live.staticflickr.com/171/448551710_fa819257e6_o.jpg,jbolles,448551710,8bf72a7c68,office__81.png,office desk,{'_content': ''}
6,https://live.staticflickr.com/155/435534229_a29fe22eec_o.jpg,paulgorman,435534229,0ee9ea69b7,office__82.png,DSCN0657,{'_content': 'My desk at work.'}
6,https://live.staticflickr.com/799/26067930337_cbf68a205a_o.jpg,amseaman,26067930337,12852ff514,office__83.png,my desk,{'_content': ''}
6,https://live.staticflickr.com/3816/13204150344_9568cab19b_o.jpg,aehdeschaine,13204150344,52cacb9578,office__84.png,From my first desk at PEM,{'_content': ''}
6,https://live.staticflickr.com/6142/6044557594_b7c55e8263_o.jpg,SA_Community,6044557594,a99c12a8aa,office__85.png,Settling in,"{'_content': ""After the office renovations it was time to move desks around. The SAcommunity team have been relocated to the centre of the office.... And now we're settling in.""}"
6,https://live.staticflickr.com/3074/3101737052_0de341987c_o.jpg,GYLo,3101737052,1eed90cef3,office__86.png,who has the time.,{'_content': ''}
6,https://live.staticflickr.com/81/243449757_00158f166e_o.jpg,killrbeez,243449757,00158f166e,office__87.png,new cube,"{'_content': ""well, here is my new desk/cube. i don't like the fact that the walls are so short. when i sit down, i can see the person sitting in front of me and he can be really distracting. gotta find something to prop up my monitors. at least i don't have to worry about the table shaking when other people type (like my last desk)""}"
2,https://live.staticflickr.com/3044/2635049623_51e74008d3_o.jpg,Snap Man,2635049623,e94128c4dc,living room__281.png,Zlotkin living room,"{'_content': 'Closter, New Jersey, July 2, 2008 (By Robin)'}"
2,https://live.staticflickr.com/1083/5102589862_8c4007c08a_o.jpg,Polygon Homes,5102589862,5f8869671f,living room__282.png,Equinox - Living Room,"{'_content': 'These three and four bedroom homes reflect distinctive Georgian-style architecture, showcasing extensive brickwork, wood trim detailing and black iron accents. Inside, contemporary, open-plan interiors range to over 1,600 square feet and feature gourmet kitchens with granite countertops, warm laminate flooring, and sleek stainless steel appliances. Large private decks invite outdoor entertaining, and attached garages welcome residents of every home. The homes at Equinox also boast a highly-desirable location with the master-planned Sunstone community in North Delta, sitting across from the breathtaking Sunstone Lake and Sunstone Park and just steps away from the 12,000 square-foot Sunstone Club. \n\nPhoto Credit: Dave Delnea'}"
2,https://live.staticflickr.com/2705/4259760839_071b5230e7_o.jpg,theotheramy,4259760839,029942de01,living room__283.png,The Living Room,{'_content': 'Two lovely concert posters: Andrew Bird by Human Shaped Robot above the Expedit shelves and Modest Mouse by The Heads of State above the couch.'}
2,https://live.staticflickr.com/3537/3402693008_8dec95f287_o.jpg,Polygon Homes,3402693008,094ed17e7c,living room__284.png,Hennessy Green Living room,{'_content': 'Photo Credit: Raef Grohne Architectural Photographer \n'}
2,https://live.staticflickr.com/56/135138429_9a37f0a6dc_o.jpg,sjmcdonough,135138429,9a37f0a6dc,living room__285.png,IMG 3274,{'_content': 'My living room.  Messy messy.'}
2,https://live.staticflickr.com/91/269553168_50bb32381b_o.jpg,dannyman,269553168,50bb32381b,living room__286.png,View towards the windows . . .,"{'_content': 'From the armchair you can have a conversation with people on the couch, watch the TV or the fireplace, have a conversation with someone in the crappy folding chair, or gaze out the windows toward the ocean.'}"
2,https://live.staticflickr.com/4099/4767277826_6674f6f276_o.jpg,sickmouthy,4767277826,4b486b308e,living room__287.png,The living room,"{'_content': ""We're rapidly out-growing our flat.  I think we need a proper house.""}"
2,https://live.staticflickr.com/2676/4125099151_dda149cede_o.jpg,dusty!,4125099151,b10d2d5e41,living room__288.png,living room,{'_content': ''}
2,https://live.staticflickr.com/3376/3429563995_f9677dc82e_o.jpg,Polygon Homes,3429563995,b6a260d571,living room__289.png,Kaleden Living Room,{'_content': 'Photo Credit: Dave Delnea Photography '}
2,https://live.staticflickr.com/8152/7451298716_325dd04008_o.jpg,Snap Man,7451298716,2743d2263f,living room__290.png,F Scott Fitzgerald birthplace living room,"{'_content': '481 Laurel Avenue, Saint Paul, Minnesota.  The building was known as San Mateo Flats in 1896 when Fitzgerald was born here, at home, in the second floor apartment.'}"
2,https://live.staticflickr.com/2881/9331037183_cd8ed7021f_o.jpg,Snap Man,9331037183,7d1f3f4a28,living room__291.png,"Individual living room, Inn at Spanish Peaks","{'_content': 'A Bed &amp; Breakfast in La Veta, Colorado, July 12, 2013 (by klk)'}"
2,https://live.staticflickr.com/3059/3043559129_734a25a349_o.jpg,susieblackmon,3043559129,709bcf310a,living room__292.png,Living Room,{'_content': ''}
2,https://live.staticflickr.com/7247/7450932598_c257c460e1_o.jpg,keithwills,7450932598,7e509b6f3f,living room__293.png,Living Room,{'_content': 'I spent some of my time in the quiet of our room on the couch reading while Hawaiian music played and the wind howled outside. '}
2,https://live.staticflickr.com/2006/2236217353_c07c0f2c59_o.jpg,-DjD-,2236217353,4dd234e619,living room__294.png,Living Room,{'_content': ''}
2,https://live.staticflickr.com/726/22528816773_82d5ddac0d_o.jpg,Library Fashionista,22528816773,058cb1be97,living room__295.png,Living Room,{'_content': 'The living room of our 1940 house with the original house blueprints hung on the wall over the buffet.'}
2,https://live.staticflickr.com/201/520163324_caed8d8005_o.jpg,The_Smiths,520163324,b428f27c62,living room__296.png,Living Room,{'_content': ''}
2,https://live.staticflickr.com/2739/4115047767_6efdbe5f98_o.jpg,Polygon Homes,4115047767,0ea7334055,living room__297.png,Meridian Gate - Living/Dining Room,"{'_content': 'Discover a community rich in both tradition and lifestyle in central Richmond. Discover Meridian Gate – the first of many new communities by Polygon in the up-and-coming Alexandra Gardens neighbourhood.\n\n<a href=""http://www.polyhomes.com/new_community.php?community_id=440"" rel=""nofollow"">Meridian Gate</a>'}"
2,https://live.staticflickr.com/3298/3501746657_c88b0733fc_o.jpg,Polygon Homes,3501746657,75519b2cb3,living room__298.png,Cardinal Pointe Living Room,{'_content': 'Photo Credit: Raef Grohne Architectural Photographer '}
2,https://live.staticflickr.com/45/140082695_cddfd800f6_o.jpg,clancy123,140082695,cddfd800f6,bedroom__299.png,home #2 in Tokyo!,"{'_content': 'I shared an apartment with lots of other people, but this was my fab room! I loved it there!'}"
2,https://live.staticflickr.com/4094/4788746865_36aa0ac1b1_o.jpg,K. Sawyer Photography,4788746865,37dbf63bba,living room__299.png,,{'_content': ''}
3,https://live.staticflickr.com/3575/3407711212_c7eeb519d2_o.jpg,Intiaz Rahim,3407711212,8db2ee6bc3,living room__257.png,Living Room,{'_content': ''}
3,https://live.staticflickr.com/3077/3241528030_69a8612a7f_o.jpg,brenner_ron,3241528030,b3121037c9,living room__258.png,living room,"{'_content': 'Interior view of home designed by Ron Brenner Architects in Stillwater, MN.  Brenner specializes in home designs that are under 3000 SF of space. Our goal is to provide meaningful and functional design for the average american family. You can obtain more information by visiting <a href=""http://www.ronbrennerarchitects.com"" rel=""nofollow"">www.ronbrennerarchitects.com</a> \n\nPart of a collection of \nSimple and Unique House Plans\nby simply elegant home designs. You can see more information or purchase this plan at <a href=""http://www.simplyeleganthomedesigns.com/"" rel=""nofollow"">www.simplyeleganthomedesigns.com/</a>\n\nThis image is the exclusive intellectual property of Ron Brenner Architects, LLC.  It is intended for personal use only and may not be reproduced or distributed.\n'}"
3,https://live.staticflickr.com/2476/4001929594_b4ca14fca6_o.jpg,Hotels-HPRG,4001929594,4ef8a0ba16,living room__259.png,Living Room,"{'_content': '<a href=""http://www.canal-apartment-paris.com"" rel=""nofollow"">www.canal-apartment-paris.com</a> (English)\n\n<a href=""http://www.appartement-canal-paris.com"" rel=""nofollow"">www.appartement-canal-paris.com</a> (French)'}"
3,https://live.staticflickr.com/3076/3164398280_e21441f80a_o.jpg,Dave & Holly,3164398280,9643052437,living room__260.png,Living Room - AFTER,{'_content': 'Cleaned up and repainted.  Refinished floor.  Removed old window a/c units. Sanded and detailed mantle.'}
3,https://live.staticflickr.com/5100/5419581973_44c6928b6b_o.jpg,petit hiboux,5419581973,1cab81464d,living room__261.png,"living room, again","{'_content': 'We finally added a <a href=""http://www.flickr.com/photos/petithiboux/5420184396/"">larger end table</a> between the couch and the armchair and I guess it\'s a slow Saturday night around these parts because I decided I just HAD to share this with you.'}"
3,https://live.staticflickr.com/7132/7641005692_9bc83575aa_o.jpg,whiteknuckled,7641005692,344124e25f,living room__262.png,2012-07-23 11.05.20,{'_content': ''}
3,https://live.staticflickr.com/1043/3163562231_e46c889202_o.jpg,Dave & Holly,3163562231,4eff7da74f,living room__263.png,Living Room - AFTER,{'_content': 'Cleaned up and repainted.  Refinished floor.  Removed old window a/c units. Sanded and detailed mantle.'}
3,https://live.staticflickr.com/4109/5017756213_f1cf82c4dc_o.jpg,Maggie Valley Club,5017756213,24406a65d7,living room__264.png,Condo C301 Living Room,"{'_content': 'Each living room is spacious and features a gas fireplace for your enjoyment.  The Persimmon Point condominiums were designed with your family in mind, offering all the conveniences of home.  Wireless internet and a washer/dryer make this unit convenient and accommodating.   A  fully-equipped kitchen and plenty of living space assure that you will be completely comfortable during your stay.'}"
3,https://live.staticflickr.com/5529/13629454885_f72ec4b1a9_o.jpg,dianecordell,13629454885,47e9b03d11,living room__265.png,Furniture arrangement,"{'_content': ""I'm thinking of some type of curtains to frame, not cover, the windows.""}"
3,https://live.staticflickr.com/3597/3689543870_c4cb69d66b_o.jpg,sardinista,3689543870,36b8dcb551,living room__266.png,Living room,{'_content': ''}
3,https://live.staticflickr.com/3202/2298713015_d2a43ae135_o.jpg,npatrick,2298713015,173206966f,living room__267.png,Living Room,{'_content': ''}
3,https://live.staticflickr.com/4116/4747443910_463a0b8d59_o.jpg,Victor Svensson,4747443910,3be3ee85fd,living room__268.png,Living room,{'_content': ''}
3,https://live.staticflickr.com/7231/7320134250_54635795c1_o.jpg,Darryl Kenyon,7320134250,77f82b9ac9,living room__269.png,P6015647,{'_content': 'Living room'}
3,https://live.staticflickr.com/147/356300252_c5a5eba9d4_o.jpg,caribb,356300252,c5a5eba9d4,living room__270.png,Before,{'_content': 'The old standard couch against the wall with matching end tables...'}
3,https://live.staticflickr.com/2037/2225283942_1bf7bf49ce_o.jpg,jaronbrass,2225283942,6d2070056f,living room__271.png,Living Room,{'_content': ''}
3,https://live.staticflickr.com/6068/6134127039_f8f9a6e7c9_o.jpg,pinprick,6134127039,a2c0aa8ae2,living room__272.png,new living room layout,"{'_content': 'obviously, everything in the house is still a work in progress.  i did pick up a new futon cover, though, for 1/2 off (it was only $25!) which made me happy.  '}"
3,https://live.staticflickr.com/6021/5924708528_4f6d5794cb_o.jpg,Philip Fibiger,5924708528,d24be4c7dd,living room__273.png,Living Room,"{'_content': 'Mostly redecorated at the beach, the only thing original to the house in this picture is the dining table &amp; chairs.'}"
3,https://live.staticflickr.com/7162/6689773117_aa0ceac178_o.jpg,lucasfoxbcn,6689773117,63fe247b5d,living room__274.png,living_room__apartment_buy_barcelona,"{'_content': 'View more details of this <b><a href=""http://www.lucasfox.com/Buy-property/Spain/Barcelona/Barcelona-city/eixample/Apartment/LFS2958.html"" rel=""nofollow""> Luxury Apartment For Sale </a></b>'}"
3,https://live.staticflickr.com/6234/6312644648_75dc30dc45_o.jpg,moccasinlanding,6312644648,f1988a202e,living room__275.png,Living room of Massachusetts 1948 Cape,"{'_content': 'View of living room setup from doorway to the bath/powder room, coat closet is out of view to right foreground. Traffic pattern is behind the loveseat in an &quot;L&quot; to the dining room ...the gallery of like-framed b&amp;w photos marching that direction. (not shown). Wooden 4&quot; plantation shutters cover the windows in lieu of drapes.'}"
3,https://live.staticflickr.com/4036/4332076532_7ff81d42fe_o.jpg,Architects Johannsen and Associates,4332076532,20e64849e4,living room__276.png,Living Room,{'_content': '© Architects Johannsen and Associates      \n© Michael Nicholson Photography'}
3,https://live.staticflickr.com/2498/3808238950_190dbce0e5_o.jpg,Maggie Valley Club,3808238950,0a739baf23,living room__277.png,Condo C202 Living Room,"{'_content': 'Each living room is spacious and features a gas fireplace for your enjoyment.  The Persimmon Point condominiums were designed with your family in mind, offering all the conveniences of home.  A washer/dryer, fully-equipped kitchen and plenty of living space assure that you will be completely comfortable during your stay.'}"
3,https://live.staticflickr.com/3631/3407711932_50915ccac1_o.jpg,Intiaz Rahim,3407711932,8b7f2b8905,living room__278.png,Living Room and Kitchen,{'_content': ''}
3,https://live.staticflickr.com/3227/2979726974_0af8eb9097_o.jpg,Meredith Harris,2979726974,04a8b8a91f,living room__279.png,Living room,"{'_content': ""It's so cozy. ""}"
3,https://live.staticflickr.com/3432/3926253433_c296c9d49d_o.jpg,Maggie Valley Club,3926253433,134826e05c,living room__280.png,Condo D202 Living Room,"{'_content': 'Each living room is spacious and features a gas fireplace for your enjoyment.  The Persimmon Point condominiums were designed with your family in mind, offering all the conveniences of home.  A washer/dryer, fully-equipped kitchen and plenty of living space assure that you will be completely comfortable during your stay.'}"
4,https://live.staticflickr.com/7034/6793049577_76c2207838_o.jpg,BFS Man,6793049577,7887de3fd9,living room__230.png,Living Room,{'_content': 'Photo of our living room taken with my new Olympus XZ-1'}
4,https://live.staticflickr.com/119/299974359_dc9bb62621_o.jpg,RyanGWU82,299974359,dc9bb62621,living room__231.png,Living Room,{'_content': ''}
4,https://live.staticflickr.com/7161/6759916377_55aab9351b_o.jpg,okchomeseller,6759916377,d46311b318,living room__232.png,Living Room,{'_content': ''}
4,https://live.staticflickr.com/6008/5986951028_0927589600_o.jpg,Kendyl Young,5986951028,d4520b356a,living room__233.png,Living Room,{'_content': ''}
4,https://live.staticflickr.com/7157/6759918091_191b531361_o.jpg,okchomeseller,6759918091,0e2b418de5,living room__234.png,Living Room,{'_content': ''}
4,https://live.staticflickr.com/8501/8338769774_a8538845ed_o.jpg,vastateparksstaff,8338769774,f342e53b84,living room__235.png,WE Winter Visit,{'_content': 'Uploaded by SA\ncabin 14\nUsed in blog SA'}
4,https://live.staticflickr.com/5104/5693687798_ea5e905992_o.jpg,Kendyl Young,5693687798,dc502759c3,living room__236.png,Living Room-1,"{'_content': '<a href=""http://www.KendylYoung.com"" rel=""nofollow"">www.KendylYoung.com</a>'}"
4,https://live.staticflickr.com/8389/8677620481_f033a18cbd_o.jpg,"Salvadonica, Chianti, Tuscany",8677620481,a042e2e003,living room__237.png,Living room,{'_content': ''}
4,https://live.staticflickr.com/6065/6050423303_0ca474e19b_o.jpg,brightcd,6050423303,2e5aa1f608,living room__238.png,Living Room,{'_content': ''}
4,https://live.staticflickr.com/2850/11808830734_d5f8dc70c6_o.jpg,akasped,11808830734,ee4be2b18c,living room__239.png,Living Room,{'_content': 'Staying warm during the Vortex of 2014'}
4,https://live.staticflickr.com/75/390521391_5c9db56bc4_o.jpg,vsmoothe,390521391,5c9db56bc4,living room__240.png,Walking into living room,{'_content': 'View when you first walk in from the hall'}
4,https://live.staticflickr.com/8679/16344289165_aa8175774d_o.jpg,jalexartis,16344289165,86ce9019e6,living room__241.png,20150123_001621484_iOS,{'_content': 'Living Room'}
4,https://live.staticflickr.com/7374/10836155325_7ea8630b41_o.jpg,Living Rooms London,10836155325,b736a471e8,living room__242.png,Europa House Living Room,"{'_content': 'One of our 2 Bedroom serviced residences in Europa House, located on Randolph avenue Maida Vale \n\nSee more at: \n<a href=""http://www.living-rooms.co.uk/hotel/europa/rooms"" rel=""nofollow"">www.living-rooms.co.uk/hotel/europa/rooms</a>'}"
4,https://live.staticflickr.com/8429/7609516670_66cfb51a8f_o.jpg,Ceylon Tea Trails,7609516670,56166337d6,living room__243.png,Tientsin Living Room.jpg,{'_content': ''}
4,https://live.staticflickr.com/4105/5607707549_85585dcbfd_o.jpg,Jeff Marquis,5607707549,5a48cde4ce,living room__244.png,Living Room,{'_content': ''}
4,https://live.staticflickr.com/2484/3718624522_a7291d8a5c_o.jpg,voleskym,3718624522,a558f07ba0,living room__245.png,Family Room,{'_content': 'About a month ago I painted a large painting for our living room. '}
4,https://live.staticflickr.com/1247/5114767445_6cf0e68dee_o.jpg,feedpeoplenotdumpsters,5114767445,043fe4e121,living room__246.png,living room,{'_content': ''}
4,https://live.staticflickr.com/4108/5024687401_260f51c23d_o.jpg,Wonderlane,5024687401,4f755a7ca0,living room__247.png,"Living room; sofa, chairs table, lamps, painting, dining room, hallway, staged house, U District, Seattle, Washington, USA",{'_content': ''}
4,https://live.staticflickr.com/3482/3738252922_f1bb9c750b_o.jpg,Shawn Hargreaves,3738252922,0c7d1c8c3b,living room__248.png,Living room,{'_content': ''}
4,https://live.staticflickr.com/3250/3012698018_7a6fde03fc_o.jpg,@boetter,3012698018,4052d12f43,living room__249.png,Living room,{'_content': ''}
4,https://live.staticflickr.com/8759/16613276674_4410ec0dac_o.jpg,KurtAlderman,16613276674,79e609315d,living room__250.png,Living Room,"{'_content': ""Of all the properties I've shot, this is my favorite.""}"
4,https://live.staticflickr.com/7378/9303963542_9beca4f106_o.jpg,Kendyl Young,9303963542,2297ba77f6,living room__251.png,Living Room,{'_content': ''}
4,https://live.staticflickr.com/5514/10836323704_2fe957a5c0_o.jpg,Living Rooms London,10836323704,407070d93d,living room__252.png,Europa House living room,"{'_content': 'Living room with a garden view in our  2 Bedroom apartments at Europa House, located on Randolph avenue Maida Vale \n\nSee more at: \n<a href=""http://www.living-rooms.co.uk/hotel/europa/rooms"" rel=""nofollow"">www.living-rooms.co.uk/hotel/europa/rooms</a>'}"
4,https://live.staticflickr.com/5782/22125941328_dcd01e46e3_o.jpg,christianbroscabinets,22125941328,91588b4d8e,living room__253.png,remodeled family room,"{'_content': 'Feel free to use this image for your page or blog post as long as you include an image credit with a clickable (hyperlinked) and followed link to <a href=""#//www.christianbroscabinets.com/”"" rel=""nofollow"">Christian Bros Cabinets</a>'}"
4,https://live.staticflickr.com/129/384259974_7314a474bb_o.jpg,melissa_rae_dale,384259974,7314a474bb,living room__254.png,Living room,{'_content': 'Brand new couch &amp; loveseat.  Yeah!  Also notice the giant window behind the couch.  Yeah.  Ugh.  Hard to find a curtain for that.'}
4,https://live.staticflickr.com/5489/10235087713_0c6aaec682_o.jpg,Kendyl Young,10235087713,626e5a02e6,living room__255.png,Living Room,{'_content': ''}
4,https://live.staticflickr.com/8456/29813589182_70bc926538_o.jpg,Paintzen,29813589182,fdb0fda8b5,living room__256.png,Modern Living Room Design,"{'_content': 'You are free to:\n \nShare — copy and redistribute the material in any medium or format\n \nAdapt — remix, transform, and build upon the material for any purpose, even commercially.\n \nYou must give appropriate credit and provide a link to <a href=""http://www.paintzen.com"" rel=""nofollow"">www.paintzen.com</a> home page, or our commercial painting page here: <a href=""https://www.paintzen.com/commercial"" rel=""nofollow"">www.paintzen.com/commercial</a> \nor residential painting page: <a href=""https://www.paintzen.com/residential"" rel=""nofollow"">www.paintzen.com/residential</a>'}"
5,https://live.staticflickr.com/3211/5752945344_7c9b938b4e_o.jpg,moon angel,5752945344,dfe84d2bcc,living room__215.png,living room,"{'_content': 'rent my apartment? <a href=""http://www.facebook.com/note.php?note_id=10150185490518382"" rel=""nofollow"">www.facebook.com/note.php?note_id=10150185490518382</a>\n\nAlso - if you like my couch (or one just like it), it\'s available in the Star Auctions here: <a href=""http://www.starauctions.ca/cgi-bin/ncommerce3/ProductDisplay?prrfnbr=154284803&amp;prmenbr=12629084&amp;aunbr=154631513"" rel=""nofollow"">www.starauctions.ca/cgi-bin/ncommerce3/ProductDisplay?prr...</a>'}"
5,https://live.staticflickr.com/2727/4454947745_4e43f4ff4e_o.jpg,chacrebleu,4454947745,ecb34e6a98,living room__216.png,Living room,{'_content': ''}
5,https://live.staticflickr.com/3301/3442539526_3ee07a57c4_o.jpg,DesignFolly,3442539526,514542836b,living room__217.png,Traditional Elegant Living Room,"{'_content': 'A traditional formal room is kept from being too stiff through the use of slipcovers, a tableskirt and pretty pillows.  A  gorgeous Oushak-style carpet pulls it all together.'}"
5,https://live.staticflickr.com/7393/12570254704_87000fec01_o.jpg,Christine Puccio,12570254704,db0ca00d7e,living room__218.png,Living Room,{'_content': 'Flat Screen HD TV'}
5,https://live.staticflickr.com/8379/8614272151_a4e8538407_o.jpg,noluckmurphy,8614272151,205a44de88,living room__219.png,Living Room With Fireplace,{'_content': 'The large living room is great for entertaining and is open to the dining room.'}
5,https://live.staticflickr.com/7210/6781713580_f0d47b5edf_o.jpg,Weidner Apartment Homes,6781713580,672ba9b11d,living room__220.png,Living Room,{'_content': ''}
5,https://live.staticflickr.com/2175/2099364614_cb8e37b644_o.jpg,daryl_mitchell,2099364614,59d8ec22d5,living room__221.png,Living Room 2,{'_content': 'Our almost-finished living room with our new bentwood arm chair.'}
5,https://live.staticflickr.com/8249/8614271485_ffa0b38e27_o.jpg,noluckmurphy,8614271485,8a6ba56f07,living room__222.png,Living Room View 2,{'_content': ''}
5,https://live.staticflickr.com/63/203186727_70ff57d6b7_o.jpg,viralbus,203186727,70ff57d6b7,living room__223.png,The living room,{'_content': 'The living room.'}
5,https://live.staticflickr.com/5084/5232766197_a8fe97697d_o.jpg,Weidner Apartment Homes,5232766197,56c7bb9d02,living room__224.png,Living Room,{'_content': ''}
5,https://live.staticflickr.com/8232/8579248540_ec2548d8b3_o.jpg,ladycompassion,8579248540,d94177c96b,living room__225.png,Living Room / Dining Room,"{'_content': ""It's so open and spacious. Here's the view from the Living Room into the Dining Area.""}"
5,https://live.staticflickr.com/5016/5398270301_6ed9b77d73_o.jpg,bnilsen,5398270301,4cedf2bd2a,living room__226.png,Living Room,{'_content': ''}
5,https://live.staticflickr.com/2457/4045378780_99a40a463f_o.jpg,urbaneapts,4045378780,c69e3864c3,living room__227.png,Urbane Apts / Lounge Space  / Adams,{'_content': 'Urbane Lounge Space on Adams\nUrbaneLobby.com\nUrbaneBlog.com\nBY: KENNY CORBIN'}
5,https://live.staticflickr.com/164/428762478_3141114dcc_o.jpg,culturecat,428762478,caf5ca45a7,living room__228.png,living room,{'_content': ''}
5,https://live.staticflickr.com/3160/2628934000_c6af00cdbc_o.jpg,memoreks,2628934000,19fa3f7fc3,living room__229.png,Living Room,"{'_content': ""This is my living room. It's an odd shape, with the wall to the left of the picture sloping inward towards where the camera is. However, its about twice the size of my old living room. I've gone with red as my feature colour, as you can tell from the blinds, cushions, rug and lamp.""}"
6,https://live.staticflickr.com/8030/8067401108_c29dc8c38d_o.jpg,osiristhe,8067401108,b6a2031109,living room__206.png,Living Room,{'_content': ''}
6,https://live.staticflickr.com/2284/2201672145_56e619410e_o.jpg,meashman,2201672145,d6265e6224,living room__207.png,Second Living Room 2,"{'_content': 'Martha Stewart couches, original marble fireplace, bird prints.'}"
6,https://live.staticflickr.com/8027/7301135616_1f3b455ff2_o.jpg,PortoBay Trade,7301135616,6a712d54f5,living room__208.png,hotel PORTOBAY SERRA GOLF . Living Room,"{'_content': 'Learn more at:\n<a href=""https://www.portobay.com/en/hotels/madeira-hotels/portobay-serra-golf/"" rel=""noreferrer nofollow"">www.portobay.com/en/hotels/madeira-hotels/portobay-serra-...</a>'}"
6,https://live.staticflickr.com/4002/4441890875_1687b07a94_o.jpg,osiristhe,4441890875,94e6cb1141,living room__209.png,"Living Room, angled",{'_content': ''}
6,https://live.staticflickr.com/4118/4772201652_8e0765dbeb_o.jpg,Sergiobanks,4772201652,4ba226a497,living room__210.png,Living_Room,{'_content': ''}
6,https://live.staticflickr.com/2725/4420985861_5aff7dc0e4_o.jpg,Monica Campi,4420985861,295cc6f5f8,living room__211.png,sala,{'_content': ''}
6,https://live.staticflickr.com/2585/3669985123_8da0f73824_o.jpg,Daniel M. Hendricks,3669985123,26f17003bd,living room__212.png,Living Room,{'_content': ''}
6,https://live.staticflickr.com/3946/15509368898_ae9c130063_o.jpg,JoeInSouthernCA,15509368898,86c9f86bd0,living room__213.png,Putting the New Place Together:  Living Room From Door to the Kitchen,{'_content': ''}
6,https://live.staticflickr.com/8871/18722894826_cb88b527f7_o.jpg,Neil E. Das,18722894826,db17360f4e,living room__214.png,kraus living room-5,{'_content': ''}
1,https://live.staticflickr.com/4122/4751841969_f50007ed2c_o.jpg,Quiltsalad,4751841969,f8113be70f,living room__72.png,Home,{'_content': ''}
1,https://live.staticflickr.com/6052/6273599977_d431aaf296_o.jpg,Riemer Palstra,6273599977,9115bf58e8,living room__73.png,Home,{'_content': 'Testshots Thuis.'}
1,https://live.staticflickr.com/4106/5072274295_e7691473a8_o.jpg,CyberMacs,5072274295,120b82e965,living room__74.png,New home in Istanbul,{'_content': 'The new home when we arrived'}
1,https://live.staticflickr.com/1335/874873368_70bc5e2898_o.jpg,adventurejournalist,874873368,fbf67a4df4,living room__75.png,"Home, and with some changes to the living room","{'_content': 'It was feeling a little too heavy and formal. Fixed with a few finds from the trip. <a href=""http://www.flickr.com/photos/tonyapoole/731078096/in/set-72157594487094908/"">[previously]</a>'}"
1,https://live.staticflickr.com/3445/5747639469_cdb3a822cf_o.jpg,bsktcase,5747639469,056f42c407,living room__76.png,Pictures of home,{'_content': 'For exchange host family application!'}
1,https://live.staticflickr.com/4100/4870231377_a5bfba503b_o.jpg,kfergos,4870231377,c308010f83,living room__77.png,Library,{'_content': ''}
1,https://live.staticflickr.com/8503/29429539421_771f691821_o.jpg,Widow Creek Photography,29429539421,f845627486,living room__78.png,The Study,{'_content': ''}
1,https://live.staticflickr.com/1173/765412768_7eeab2e02a_o.jpg,toniwbusch,765412768,456d183727,living room__79.png,IMG_1817,{'_content': ''}
1,https://live.staticflickr.com/7038/7134960009_c21eab1ff9_o.jpg,KoKong 果剛,7134960009,bf11b86041,living room__80.png,home_001,{'_content': ''}
1,https://live.staticflickr.com/5734/22547670795_1379604913_o.jpg,konarheim,22547670795,7f66d6d606,living room__81.png,,{'_content': ''}
1,https://live.staticflickr.com/5733/22401797589_f107468a2c_o.jpg,konarheim,22401797589,f868071520,living room__82.png,,{'_content': ''}
1,https://live.staticflickr.com/166/426203167_880a03f643_o.jpg,iChris,426203167,2c157f952b,living room__83.png,Condo Living Room,{'_content': ''}
1,https://live.staticflickr.com/356/19083578093_003959ec20_o.jpg,@CarShowShooter,19083578093,5a1ce687c1,bedroom__277.png,Asheville Real Estate Photography,"{'_content': '141 Old Forest Road, Asheville, North Carolina\n(L/R Enfused - Exposure Fusion)'}"
1,https://live.staticflickr.com/62/191085590_7296067363_o.jpg,Vicky Lee,191085590,7296067363,office__4.png,DSC06509,{'_content': '搬家完成百分之80的樣子'}
1,https://live.staticflickr.com/7306/9523165403_b74414c8f2_o.jpg,Kathleen Seide,9523165403,de015bcb54,dining room__257.png,Blues Creek Home,"{'_content': '5409 NW 80th Ave, Gainesville FL 32615\n\nNow Available - Blues Creek is a great community to live in because of the trees and nature trails, nearby shopping and dining, and great schools.  This home is large and even has two master suites (great if you are living with extended family).\n\nMLS 345123\n<a href=""http://www.We-Promise.com/345123"" rel=""nofollow"">www.We-Promise.com/345123</a>'}"
1,https://live.staticflickr.com/7432/9523165239_2278b19953_o.jpg,Kathleen Seide,9523165239,d935bca007,living room__84.png,Blues Creek Home,"{'_content': '5409 NW 80th Ave, Gainesville FL 32615\n\nNow Available - Blues Creek is a great community to live in because of the trees and nature trails, nearby shopping and dining, and great schools.  This home is large and even has two master suites (great if you are living with extended family).\n\nMLS 345123\n<a href=""http://www.We-Promise.com/345123"" rel=""nofollow"">www.We-Promise.com/345123</a>'}"
2,https://live.staticflickr.com/84/233280276_886e578e3e_o.jpg,petitshoo,233280276,886e578e3e,living room__58.png,living room makeover,{'_content': ''}
2,https://live.staticflickr.com/156/432097445_d56bfedc3c_o.jpg,soulrider67,432097445,4e12b12577,living room__59.png,Buddha alone...but facing the Sun,{'_content': ''}
2,https://live.staticflickr.com/3066/5788192835_07f0127550_o.jpg,josh-ferris,5788192835,3cb4bd9ae4,living room__60.png,Model Home - Living Room (Alternative View),"{'_content': 'Taken in a new home community in Carmel, NY. Home is located in a luxury active adult community.'}"
2,https://live.staticflickr.com/627/21709627714_9ae5d2d9b2_o.jpg,highmarkb,21709627714,701b0e0c52,living room__61.png,Twin cities custom home builder | Highmark Builders,"{'_content': 'Feel free to use this image for your page or blog post as long as you include an image credit with our name and a clickable (hyperlinked) and followed link to <a href=""#//www.highmark-builders.com/”"" rel=""nofollow"">Highmark Builders</a> website. <a href=""http://www.highmark-builders.com"" rel=""nofollow"">www.highmark-builders.com</a> '}"
2,https://live.staticflickr.com/1436/5102590010_31a727240b_o.jpg,Polygon Homes,5102590010,e3832f8056,living room__62.png,Equinox - Living Room,"{'_content': 'These three and four bedroom homes reflect distinctive Georgian-style architecture, showcasing extensive brickwork, wood trim detailing and black iron accents. Inside, contemporary, open-plan interiors range to over 1,600 square feet and feature gourmet kitchens with granite countertops, warm laminate flooring, and sleek stainless steel appliances. Large private decks invite outdoor entertaining, and attached garages welcome residents of every home. The homes at Equinox also boast a highly-desirable location with the master-planned Sunstone community in North Delta, sitting across from the breathtaking Sunstone Lake and Sunstone Park and just steps away from the 12,000 square-foot Sunstone Club. \n\nPhoto Credit: Dave Delnea'}"
2,https://live.staticflickr.com/5067/5788190327_90d4e83df2_o.jpg,josh-ferris,5788190327,1268edbf52,living room__63.png,Model Home - Living Room Overlooking Kitchen,"{'_content': 'Taken in a new home community in Carmel, NY. Home is located in a luxury active adult community.'}"
2,https://live.staticflickr.com/8087/8517576078_909b1539fc_o.jpg,Polygon Homes,8517576078,55fc64141f,dining room__254.png,Tamarack - Kitchen Nook,"{'_content': 'Tamarack - Coquitlam Apartment Residences\n\nPerched on a gentle mountain slope with views over Town Centre Park, you’ll find Tamarack by Polygon; the final collection of apartment homes at Coquitlam’s sought-after master-planned community of Dayanee Springs.\n\nThese one and two bedroom apartment residences reflect a modern take on Whistler-inspired architecture with heavy timber details, cultured stone and cedar shingle accents. Contemporary interiors showcase open plan layouts with gourmet kitchens featuring granite countertops, warm laminate flooring, and sleek stainless steel appliances.\n\nSituated at the base of Coquitlam’s Westwood Plateau, Tamarack is conveniently close to every urban and natural amenity. From an adventurous hike on one of the many local trails to a traveling art exhibit at the Evergreen Cultural Centre, to a day of shopping at Coquitlam Centre, it’s all within walking distance.\n\n<a href=""http://www.polyhomes.com/community/tamarack_apartments_coquitlam"" rel=""nofollow"">www.polyhomes.com/community/tamarack_apartments_coquitlam</a>'}"
2,https://live.staticflickr.com/2349/5788747042_bf5f6bd810_o.jpg,josh-ferris,5788747042,4a00e6be7d,living room__64.png,Model Home - Dining Room,"{'_content': 'Taken in a new home community in Carmel, NY. Home is located in a luxury active adult community.'}"
2,https://live.staticflickr.com/2732/4479082787_ff9fabbc53_o.jpg,Polygon Homes,4479082787,0137402dc9,dining room__255.png,Spyglass by Polygon Homes,"{'_content': 'Spyglass 3-4 Bedroom Townhomes in North Delta, BC\nLook around and discover a new way of living at Spyglass – Polygon’s latest collection of townhome residences at the master-planned community of Sunstone in North Delta.  This charming collection of three and four bedroom homes is reflective of East Coast shingle-style architecture, ranges from 1,350 – 2,050 square feet, and includes access to over 12,000 square feet of resort-inspired amenities at the residents-only Sunstone Club.\n\n<a href=""http://www.polyhomes.com/new_community.php?community_id=529"" rel=""nofollow"">Spyglass by Polygon</a>\n'}"
2,https://live.staticflickr.com/5225/5788190891_b7735a5884_o.jpg,josh-ferris,5788190891,7b9a3873cf,dining room__256.png,Model Home - Dining Room,"{'_content': 'Taken in a new home community in Carmel, NY. Home is located in a luxury active adult community.'}"
2,https://live.staticflickr.com/625/22146105229_33a2404b8d_o.jpg,highmarkb,22146105229,df5df2f786,living room__65.png,Interior Design services | Highmark Builders,"{'_content': 'Feel free to use this image for your page or blog post as long as you include an image credit with our name and a clickable (hyperlinked) and followed link to <a href=""#//www.highmark-builders.com/”"" rel=""nofollow"">Highmark Builders</a> website. <a href=""http://www.highmark-builders.com"" rel=""nofollow"">www.highmark-builders.com</a> '}"
2,https://live.staticflickr.com/8306/7840674498_a85755cd9a_o.jpg,bennylin0724,7840674498,2a96f0006b,living room__66.png,404_Riverstone_Living_Rm,"{'_content': 'New Listing, view property details: <a href=""http://v3.torontomls.net/Live/Pages/Public/Link.aspx?Key=642cec2734c642658d7a5ef568dd01d5&amp;App=TREB"" rel=""nofollow"">v3.torontomls.net/Live/Pages/Public/Link.aspx?Key=642cec2...</a>'}"
2,https://live.staticflickr.com/8142/7451302942_d5c13981c1_o.jpg,Snap Man,7451302942,7bdaa46598,living room__67.png,F Scott Fitzgerald birthplace living room,"{'_content': '481 Laurel Avenue, Saint Paul, Minnesota.  The building was known as San Mateo Flats in 1896 when Fitzgerald was born here, at home, in the second floor apartment.'}"
2,https://live.staticflickr.com/3606/3402690438_7600600af7_o.jpg,Polygon Homes,3402690438,88ecaec521,living room__68.png,The Hennessy Club Interior,{'_content': 'Photo Credit: Shannon Fagan Photography'}
2,https://live.staticflickr.com/5296/5532896713_42bcb94eca_o.jpg,Polygon Homes,5532896713,1dbb4d5534,living room__69.png,Tyneridge townhome living room,"{'_content': 'Tyneridge homes by Polygon:  Inside, spacious three and four bedroom homes have been designed with young families in mind. Outside, private yards and patios offer places of quiet reflection or refreshing activity, while the kids burn off youthful energy in one of the local parks. \n\n<a href=""http://www.polyhomes.com"" rel=""nofollow"">www.polyhomes.com</a> \n\nPhoto Credit:  Dave Delnea Images'}"
2,https://live.staticflickr.com/3614/3439163552_e79ea1c825_o.jpg,ArtisanGroup,3439163552,ea454d5d0a,bedroom__276.png,7127 Mitchellville Bedroom 3,"{'_content': '7127 Mitchellville, Peyton CO 80831\n'}"
2,https://live.staticflickr.com/2758/4387753956_ae1cf77a00_o.jpg,karendelucas,4387753956,a8f5a6ba48,living room__70.png,Karina-3,"{'_content': 'For Sale:  <a href=""http://www.detailsofhome.com/"" rel=""nofollow"">www.detailsofhome.com/</a>'}"
2,https://live.staticflickr.com/6135/6002984019_aefcc3b5de_o.jpg,larskflem,6002984019,569c5364e1,living room__71.png,,{'_content': ''}
2,https://live.staticflickr.com/5055/5533478300_37d213ac51_o.jpg,Polygon Homes,5533478300,3a52b5c32f,kitchen__3.png,Tyneridge townhome Kitchen & Seating,"{'_content': 'Tyneridge homes by Polygon:  Inside, spacious three and four bedroom homes have been designed with young families in mind. Outside, private yards and patios offer places of quiet reflection or refreshing activity, while the kids burn off youthful energy in one of the local parks. \n\n<a href=""http://www.polyhomes.com"" rel=""nofollow"">www.polyhomes.com</a> \n\nPhoto Credit:  Dave Delnea Images'}"
3,https://live.staticflickr.com/3108/3287648747_472a86a1be_o.jpg,Rob Harrison,3287648747,c503b8bb14,living room__48.png,Harding Home,"{'_content': 'The living room is more like an inglenook--not a huge space.\n\nHARRISON architects\n<a href=""http://www.harrisonarchitects.com"" rel=""nofollow"">www.harrisonarchitects.com</a>'}"
3,https://live.staticflickr.com/3087/2729279201_5689e37e78_o.jpg,supafly,2729279201,c9d8194c33,dining room__252.png,our old/new dining table,"{'_content': ""found on Craig's list""}"
3,https://live.staticflickr.com/2164/2210248861_f1acf157e2_o.jpg,shangrilaista,2210248861,0be7de3e86,living room__49.png,Library room,"{'_content': ""Here's the redo our library/office renovation.   ""}"
3,https://live.staticflickr.com/5329/30590893052_47b93031df_o.jpg,Granit Architects,30590893052,9a7c344250,living room__50.png,Hillbury Road,"{'_content': 'Extension and refurbishment of a family home in Balham, South London. '}"
3,https://live.staticflickr.com/5163/5301879840_732ffd4d16_o.jpg,Susan Sharpless Smith,5301879840,626a2bc240,living room__51.png,Wide Angle Views of Rooms,{'_content': 'More testing the new wide angle lens capabilities!'}
3,https://live.staticflickr.com/164/358914824_8ef0db71b5_o.jpg,fragmented,358914824,8ef0db71b5,bedroom__274.png,guest room / 01,"{'_content': ""eventually we'd like to get the same blinds on these windows that are in the rest of the house but for now, these window treatments that beth made are great. i love the light in here, too. joren made the shelves on the walls.""}"
3,https://live.staticflickr.com/4074/4742312978_94e7960216_o.jpg,Covet Chicago,4742312978,91c65fbce1,living room__52.png,,{'_content': ''}
3,https://live.staticflickr.com/5817/21251313715_e219072064_o.jpg,Gryyphyn,21251313715,25ceaae718,bedroom__275.png,Fall Creek Model 08,{'_content': 'Fall Creek Model Home'}
3,https://live.staticflickr.com/4121/4742628891_aba74f3274_o.jpg,Covet Chicago,4742628891,439513c16a,living room__53.png,,{'_content': ''}
3,https://live.staticflickr.com/195/496744776_7186959392_o.jpg,interpunct,496744776,0f34dee025,living room__54.png,home,{'_content': ''}
3,https://live.staticflickr.com/7498/27120382883_6d83f8709e_o.jpg,Lee Live: Photographer (Personal),27120382883,e982314d31,living room__55.png,Home-16061708,{'_content': ''}
3,https://live.staticflickr.com/34/71347835_bdc7697ef4_o.jpg,Terry Lorber,71347835,bdc7697ef4,living room__56.png,from the dining room,{'_content': ''}
3,https://live.staticflickr.com/7352/27452780110_1b1e5c3b1b_o.jpg,Lee Live: Photographer (Personal),27452780110,a1b4f53c1b,dining room__253.png,Home-16061720,{'_content': ''}
3,https://live.staticflickr.com/3587/3407824756_9cde0b61f8_o.jpg,Intiaz Rahim,3407824756,b0faece215,living room__57.png,Living Room,{'_content': ''}
4,https://live.staticflickr.com/8300/7985589786_9e02a2d57c_o.jpg,Kendyl Young,7985589786,bb4caf2a5b,living room__33.png,1408 Highland Ave. Glendale,"{'_content': '<a href=""http://www.1408Highland.com"" rel=""nofollow"">www.1408Highland.com</a> \n'}"
4,https://live.staticflickr.com/3178/2767341336_a5fd7fe027_o.jpg,MaryTClark,2767341336,b82ea39e82,living room__34.png,After paint/Before shutters,"{'_content': 'We are still reluctant to drill into the plaster to hang things. But the addition of the shutters was just so wonderful. When closed, the room is total movie-watching dark! '}"
4,https://live.staticflickr.com/8301/7985613612_ebba0de6a1_o.jpg,Kendyl Young,7985613612,8b3d73d266,living room__35.png,1408 Highland Ave. Glendale,"{'_content': '<a href=""http://www.1408Highland.com"" rel=""nofollow"">www.1408Highland.com</a>\n'}"
4,https://live.staticflickr.com/3486/3256499520_f2dcc0bdc2_o.jpg,brad.coy,3256499520,c7bbc20441,dining room__248.png,101 Chula Vista Dr. - San Rafael,{'_content': 'Luxurious hill top home'}
4,https://live.staticflickr.com/4083/5082569276_e68636ca75_o.jpg,Boffo Family of Companies,5082569276,9bc3b7bc56,living room__36.png,Townewalk Homes - Living Room,{'_content': 'Townewalk Homes - Living Room'}
4,https://live.staticflickr.com/5124/5341175035_1fa2c13650_o.jpg,Robert Stinnett,5341175035,400c61b151,office__3.png,Home Office Refresh,{'_content': 'We totally redid the desk (including reinforcing it); replaced the outlets with more modern square outlets; replaced the lightswitches; rerouted tons of cables to be hidden and oiled down the wood trimming.  Total cost:  $18 and about 6 hours labor.'}
4,https://live.staticflickr.com/7196/6859957080_5b8e86d408_o.jpg,Gnilenkov Aleksey,6859957080,8f1ca6d839,living room__37.png,Interior photos,"{'_content': 'Camera: Nikon D700, \nLens: Nikon Nikkor 14/2.8'}"
4,https://live.staticflickr.com/2492/3772042246_5b93b055b8_o.jpg,Dick Penn,3772042246,e77f64f5ec,living room__38.png,Home now,{'_content': ''}
4,https://live.staticflickr.com/8478/8200835364_ca528574a4_o.jpg,Kendyl Young,8200835364,92b5dbc3cc,dining room__249.png,Highland 1708 bfast rm sm,"{'_content': '<a href=""http://www.1708HighlandAve.com"" rel=""nofollow"">www.1708HighlandAve.com</a>\n'}"
4,https://live.staticflickr.com/3049/2812512516_518a3c94b1_o.jpg,hatch.m,2812512516,58a9abee97,living room__39.png,Just Reconstructed #1,{'_content': 'My home have just reconstructed. The red sofa is new from IKEA.'}
4,https://live.staticflickr.com/6145/5947062624_f6c1587008_o.jpg,sherwoodrealestate,5947062624,1c441e0b45,bedroom__273.png,Ashburn | Sherwood Real Estate,"{'_content': 'Real Estate properties in Sherwood, New Construction, Gated Communities and Lots for Sale'}"
4,https://live.staticflickr.com/6204/6066924925_38dababc51_o.jpg,sherwoodrealestate,6066924925,df1a3fe011,living room__40.png,Ashburn,"{'_content': 'French Colonial. Sherwood Real Estate - Typically two-story. Roof pitch is moderate, not as steep as French “Eclectic”, either hipped or side gabled. Stucco-sided home with expansive two-story porches and narrow wooden columns tucked under the roofline. Could also be known as “Plantation Style”. Narrow door and window openings having paired shutters. Common to have porch under the main roof'}"
4,https://live.staticflickr.com/7389/8725470535_3f05e43c77_o.jpg,Kendyl Young,8725470535,3c618ec47f,living room__41.png,Living Room,"{'_content': '<a href=""http://1636BenLomondAve.com"" rel=""nofollow"">1636BenLomondAve.com</a> Glendale CA Spanish Home for Sale'}"
4,https://live.staticflickr.com/3515/3760164740_45d68d57e3_o.jpg,Kendyl Young,3760164740,bb87b087da,living room__42.png,Living Room,"{'_content': 'The formal Living Room features a mullioned Bay Window, recessed lights and Bamboo floors.  The Eco Friendly bamboo flooring is continued throughout the house.  Th doorway to the right leads to the Family Room and Kitchen'}"
4,https://live.staticflickr.com/6124/5947065114_393d3dfc39_o.jpg,sherwoodrealestate,5947065114,3acb4b1676,living room__43.png,Ashburn | Sherwood Real Estate,"{'_content': 'Real Estate properties in Sherwood, New Construction, Gated Communities and Lots for Sale'}"
4,https://live.staticflickr.com/5253/5449152213_64a2627f56_o.jpg,sherwoodrealestate,5449152213,51862fbf55,living room__44.png,Bordeaux | Sherwood Country Club,{'_content': 'Sherwood Country Club'}
4,https://live.staticflickr.com/3911/14776561240_b0504c88ea_o.jpg,okchomeseller,14776561240,e35ac8aa1b,living room__45.png,Rose Creek | 3108 Rose Creek Dr Edmond OK,"{'_content': 'Awesome One Level Floor Plan! Large corner lot in Rose Creek. Deer Creek schools. One level home with a very spacious feel. Two living areas. Wood floors throughout most of the home. Kitchen has island, double ovens, pull out shelves and walkin pantry along with breakfast bar and bay window breakfast area. Very large master suit and master closet. Private study. Indoor tornado shelter! Oversized 3 car garage with built-in storage! '}"
4,https://live.staticflickr.com/7375/8725464267_80c13d2a5f_o.jpg,Kendyl Young,8725464267,8bb1c9f186,living room__46.png,Bedroom 3,"{'_content': '<a href=""http://1636BenLomondAve.com"" rel=""nofollow"">1636BenLomondAve.com</a> Glendale CA Spanish Home for Sale'}"
4,https://live.staticflickr.com/7406/27123690262_98dd9cd50f_o.jpg,okchomeseller,27123690262,052c55b5c4,dining room__250.png,Gaillardia | 14808 Hollyhock Oklahoma City,"{'_content': ""You won't want to leave home and miss this view! This home sits on one of the most prime lots in Gaillardia. This is a beautiful traditional home. The entry features a dramatic curved staircase and large dining room with soaring ceilings. The living room has a full wall of windows overlooking the back porch and its' water and golf course views. The breakfast area has bay windows and a built-in desk hidden away. The kitchen is highlighted by a brick arch over the 6 burner cooktop and includes a walk-in pantry. The master and guest bedrooms are both downstairs. Upstairs is a beautiful study/den upstairs with wood floors, beam ceiling and half bath. The 3rd bed is upstairs with a balcony and full bath. There's also an unfinished area upstairs that could be made into a media room or extra bedroom. Did we mention the view?""}"
4,https://live.staticflickr.com/8498/8309670069_edd0f953fe_o.jpg,mendoza.frank,8309670069,5bc001a967,living room__47.png,A lonely Christmas day in 2012.,{'_content': ''}
4,https://live.staticflickr.com/5100/5449149615_206ab993e2_o.jpg,sherwoodrealestate,5449149615,0ab66d1219,dining room__251.png,Bordeaux | Sherwood Country Club,{'_content': 'Sherwood Country Club'}
5,https://live.staticflickr.com/3540/3373773483_6571b9c875_o.jpg,DesignFolly,3373773483,f82c413bf0,living room__30.png,Beach House with Vintage Style,"{'_content': 'We thought it was important to preserve the &quot;undone&quot; look of this beach house in a makeover,  Sheer linen at the window, a crisp khaki cotton slipcover, and a tough-as-nails synthetic sisal rug are practical and stylish.'}"
5,https://live.staticflickr.com/606/23547012329_4ba581a8c4_o.jpg,James E. Petts,23547012329,c092de2b3f,dining room__246.png,1790s period room,"{'_content': 'Christmas past exhibition, Geffrye Museum'}"
5,https://live.staticflickr.com/3123/3166432879_659a30444b_o.jpg,DesignFolly,3166432879,972f50631c,living room__31.png,Handkerchief Linen with Striped Border,{'_content': ''}
5,https://live.staticflickr.com/2890/10144039513_f51568ee09_o.jpg,mckibbin,10144039513,c1b3431c16,living room__32.png,Solar Decathlon,{'_content': 'Net Zero home for 2013 Solar Decathlon'}
5,https://live.staticflickr.com/182/392077301_42f99036cd_o.jpg,Skaneateles Suites,392077301,42f99036cd,dining room__247.png,5 Lakeview Kitchen,"{'_content': '2 1/2 BR Single family home in executive neighborhood in Skaneateles, NY'}"
6,https://live.staticflickr.com/7144/6702729277_45c2b13f8d_o.jpg,JoeInSouthernCA,6702729277,d19f938e64,living room__14.png,"Living Room Landscape:  Chole, East 14th and Union, Seattle WA",{'_content': 'My new place in Seattle.'}
6,https://live.staticflickr.com/4024/4514651474_6a61e60a73_o.jpg,Weld House LLC,4514651474,467f7763fc,kitchen__2.png,Amazing home,"{'_content': 'This downtown Dallas townhome is amazing and owned by two really generous and nice people, thanks Jacquelyn and Jeff!'}"
6,https://live.staticflickr.com/5342/9011510254_9fe9fab682_o.jpg,The Rent Giant,9011510254,1f02f0f28a,living room__15.png,"Rental homes in Phoenix, Arizona.","{'_content': '<a href=""http://www.therentgiant.com"" rel=""nofollow"">www.therentgiant.com</a>\nRental Homes in Phoenix, Arizona\n\n© 2013 Arizona Regional Multiple Listing Service, All rights reserved. The data relating to real estate for sale on this website comes in part from the Arizona Regional Multiple Listing Service. Real estate listings held by brokerage firms other than Marcus And Murphy Real Estate LLC are marked with the Arizona Regional Multiple Listing Service logo and detailed information about them includes the name of the listing brokers. All information deemed reliable but not guaranteed and should be independently verified. All properties are subject to prior sale, change or withdrawal. Neither listing broker(s) nor Marcus And Murphy Real Estate LLC shall be responsible for any typographical errors, misinformation, misprints and shall be held totally harmless. Listing courtesy of HomeSmart.'}"
6,https://live.staticflickr.com/5445/9011514218_ba8662c0c2_o.jpg,The Rent Giant,9011514218,ac0f8c2e62,living room__16.png,"Rental homes in Phoenix, Arizona.","{'_content': '<a href=""http://www.therentgiant.com"" rel=""nofollow"">www.therentgiant.com</a>\nRental Homes in Phoenix, Arizona\n\n© 2013 Arizona Regional Multiple Listing Service, All rights reserved. The data relating to real estate for sale on this website comes in part from the Arizona Regional Multiple Listing Service. Real estate listings held by brokerage firms other than Marcus And Murphy Real Estate LLC are marked with the Arizona Regional Multiple Listing Service logo and detailed information about them includes the name of the listing brokers. All information deemed reliable but not guaranteed and should be independently verified. All properties are subject to prior sale, change or withdrawal. Neither listing broker(s) nor Marcus And Murphy Real Estate LLC shall be responsible for any typographical errors, misinformation, misprints and shall be held totally harmless. Listing courtesy of HomeSmart.'}"
6,https://live.staticflickr.com/3138/2495684577_90088811b2_o.jpg,fredozalo,2495684577,c2eccfdb82,living room__17.png,Kendall Home,{'_content': ''}
6,https://live.staticflickr.com/6/6247689_cfa056a5a2_o.jpg,lucy tartan,6247689,cfa056a5a2,dining room__245.png,genuine untidiness.,{'_content': 'Martha would go into a downward spiral of RAGE.'}
6,https://live.staticflickr.com/1220/3269610079_c9794dfb4d_o.jpg,Christopher Barson,3269610079,c1cf2ffb27,living room__18.png,Christopher Barson Interior Associates Project: Spout Run Residence,"{'_content': ""I took the shots of this room minutes after the draperies and area rug were installed. This shot is not a view of the finished product....artwork and accessories were selected and installed months later. However, I cherish this shot because when my client arrived home on hour later, she called me on my cell phone...crying...tears of joy...she was so pleased and overwhelmed by my design and overall transformation of the space. She went through 3 decorators before she met me. I second-day-aired the red checked silk banding for the draperies ( from London) to meet her deadline...it was well worth it. She's a wonderful client and truly beautiful person.""}"
6,https://live.staticflickr.com/5214/5533443138_05e03b3629_o.jpg,SelectSeattleHomes,5533443138,2b39ce9fc6,living room__19.png,"select seattle homes, select seattle condos, monte johnson, jim dickinson seattle, realtor seattle real estate agents, seattle real estate","{'_content': 'select seattle homes, select seattle condos, monte johnson, jim dickinson seattle, realtor seattle real estate agents, seattle real estate'}"
6,https://live.staticflickr.com/5093/5532848963_92b570a2db_o.jpg,SelectSeattleHomes,5532848963,be07d051a7,living room__20.png,"select seattle homes, select seattle condos, monte johnson, jim dickinson seattle, realtor seattle real estate agents, seattle real estate","{'_content': 'select seattle homes, select seattle condos, monte johnson, jim dickinson seattle, realtor seattle real estate agents, seattle real estate'}"
6,https://live.staticflickr.com/3440/3264398415_534feeeb83_o.jpg,Christopher Barson,3264398415,e84bc127c9,living room__21.png,Christopher Barson Interior Associates Project: Northwest Washington DC Residence,{'_content': ''}
6,https://live.staticflickr.com/8180/8015974772_dcb7e236a1_o.jpg,Debbie Kirkland Realtor,8015974772,1ff367def7,living room__22.png,Formal Living Room,{'_content': ''}
6,https://live.staticflickr.com/6215/7024718565_50ec206e10_o.jpg,stevebennettbuilders,7024718565,303b23a0c5,living room__23.png,Media room with retracting 12'x10' theatre screen and ceiling mounted projector,"{'_content': '<a href=""http://www.stevebennettbuilders.com/custom-homes"" rel=""nofollow"">www.stevebennettbuilders.com/custom-homes</a>'}"
6,https://live.staticflickr.com/112/272100549_41d5c11b6b_o.jpg,twodromance,272100549,41d5c11b6b,restaurant__52.png,DSC05814,{'_content': ''}
6,https://live.staticflickr.com/7406/9010329767_c60f9de931_o.jpg,The Rent Giant,9010329767,7cd42c9602,living room__24.png,"Rental homes in Phoenix, Arizona.","{'_content': '<a href=""http://www.therentgiant.com"" rel=""nofollow"">www.therentgiant.com</a>\nRental Homes in Phoenix, Arizona\n\n© 2013 Arizona Regional Multiple Listing Service, All rights reserved. The data relating to real estate for sale on this website comes in part from the Arizona Regional Multiple Listing Service. Real estate listings held by brokerage firms other than Marcus And Murphy Real Estate LLC are marked with the Arizona Regional Multiple Listing Service logo and detailed information about them includes the name of the listing brokers. All information deemed reliable but not guaranteed and should be independently verified. All properties are subject to prior sale, change or withdrawal. Neither listing broker(s) nor Marcus And Murphy Real Estate LLC shall be responsible for any typographical errors, misinformation, misprints and shall be held totally harmless. Listing courtesy of HomeSmart.'}"
6,https://live.staticflickr.com/4147/5058447545_0395234fc3_o.jpg,"Nick Bastian Tempe, AZ",5058447545,82d383c7ed,living room__25.png,Chateau On Central,{'_content': ''}
6,https://live.staticflickr.com/8441/8015971306_14dbcae013_o.jpg,Debbie Kirkland Realtor,8015971306,6bd0012e2a,living room__26.png,Downstairs Family Room,{'_content': ''}
6,https://live.staticflickr.com/3766/8990357109_2e9f417c25_o.jpg,The Rent Giant,8990357109,78e5ea5d56,living room__27.png,"Rental homes in Phoenix, Arizona.","{'_content': '<a href=""http://www.therentgiant.com"" rel=""nofollow"">www.therentgiant.com</a>\nRental Homes in Phoenix, Arizona\n\n© 2013 Arizona Regional Multiple Listing Service, All rights reserved. The data relating to real estate for sale on this website comes in part from the Arizona Regional Multiple Listing Service. Real estate listings held by brokerage firms other than Marcus And Murphy Real Estate LLC are marked with the Arizona Regional Multiple Listing Service logo and detailed information about them includes the name of the listing brokers. All information deemed reliable but not guaranteed and should be independently verified. All properties are subject to prior sale, change or withdrawal. Neither listing broker(s) nor Marcus And Murphy Real Estate LLC shall be responsible for any typographical errors, misinformation, misprints and shall be held totally harmless. Listing courtesy of HomeSmart.'}"
6,https://live.staticflickr.com/5458/9041346316_76dbbbfe20_o.jpg,Federation of Master Builders,9041346316,8473a4c3e1,living room__28.png,Master-Builder-of-the-Year-2012-South-West-New-Homes-Awards-Winner,{'_content': ''}
6,https://live.staticflickr.com/8716/16824655709_bb85526948_o.jpg,njhomepictures,16824655709,1acc7398f5,bedroom__271.png,DSC_5108,{'_content': ''}
6,https://live.staticflickr.com/3681/8919876640_ae5f2fbe56_o.jpg,The Rent Giant,8919876640,6f25e008e7,bedroom__272.png,"Rental Homes in Phoenix, Arizona","{'_content': '<a href=""http://www.therentgiant.com"" rel=""nofollow"">www.therentgiant.com</a>\nRental Homes in Phoenix, Arizona\n\n© 2013 Arizona Regional Multiple Listing Service, All rights reserved. The data relating to real estate for sale on this website comes in part from the Arizona Regional Multiple Listing Service. Real estate listings held by brokerage firms other than Marcus And Murphy Real Estate LLC are marked with the Arizona Regional Multiple Listing Service logo and detailed information about them includes the name of the listing brokers. All information deemed reliable but not guaranteed and should be independently verified. All properties are subject to prior sale, change or withdrawal. Neither listing broker(s) nor Marcus And Murphy Real Estate LLC shall be responsible for any typographical errors, misinformation, misprints and shall be held totally harmless. Listing courtesy of HomeSmart.'}"
6,https://live.staticflickr.com/5450/9020263160_9ea6d6f8fb_o.jpg,The Rent Giant,9020263160,9d6307b4e6,living room__29.png,"Rental homes in Phoenix, Arizona.","{'_content': '<a href=""http://www.therentgiant.com"" rel=""nofollow"">www.therentgiant.com</a>\nRental Homes in Phoenix, Arizona\n\n© 2013 Arizona Regional Multiple Listing Service, All rights reserved. The data relating to real estate for sale on this website comes in part from the Arizona Regional Multiple Listing Service. Real estate listings held by brokerage firms other than Marcus And Murphy Real Estate LLC are marked with the Arizona Regional Multiple Listing Service logo and detailed information about them includes the name of the listing brokers. All information deemed reliable but not guaranteed and should be independently verified. All properties are subject to prior sale, change or withdrawal. Neither listing broker(s) nor Marcus And Murphy Real Estate LLC shall be responsible for any typographical errors, misinformation, misprints and shall be held totally harmless. Listing courtesy of HomeSmart.'}"
1,https://live.staticflickr.com/4079/4751844831_174557a58f_o.jpg,Quiltsalad,4751844831,72227e900e,living room__188.png,Home,{'_content': ''}
1,https://live.staticflickr.com/6222/6274124182_21007f3458_o.jpg,Riemer Palstra,6274124182,aa952859ca,living room__189.png,Home,{'_content': 'Testshots Thuis.'}
1,https://live.staticflickr.com/2443/3921162275_f3f54a0db8_o.jpg,PilotGirl,3921162275,31a89aae31,living room__190.png,Putney Home,{'_content': 'Putney Home'}
1,https://live.staticflickr.com/2059/2489019568_f1f71db664_o.jpg,dacran,2489019568,05aa5512a4,office__7.png,home office 2,{'_content': ''}
1,https://live.staticflickr.com/7143/6831296111_4794225abd_o.jpg,rushaw,6831296111,fdf49cbf42,living room__191.png,"The ""new"" home theater","{'_content': 'The old one, in disrepair, is on the screen.'}"
1,https://live.staticflickr.com/86/273560846_25d83efe2a_o.jpg,pricecs,273560846,25d83efe2a,living room__192.png,The new Living Room,"{'_content': ""I'm really digging the new room configuration.\n\nChilling with my wife in the Red room is pretty cool.""}"
1,https://live.staticflickr.com/49/133634394_489b919f94_o.jpg,dmolsen,133634394,489b919f94,living room__193.png,New Paint #2,"{'_content': ""A slightly better view of the back wall. Not that we haven't pulled the blue tape down yet from the corner. We still have some touch up work to do.""}"
1,https://live.staticflickr.com/220/470753159_a9c41d6966_o.jpg,quinnums,470753159,5f73fc1769,living room__194.png,new place in progress,{'_content': ''}
1,https://live.staticflickr.com/27/48680977_7a1ea16016_o.jpg,kgantz,48680977,7a1ea16016,living room__195.png,Better Homes & Gardens Shot,{'_content': ''}
1,https://live.staticflickr.com/3374/3544903051_44032a4515_o.jpg,Sambatyon,3544903051,a5d26cf80f,dining room__285.png,Cocina / Sala de estar / Comedor / etc,"{'_content': 'Después de tanto evitarlo, finalmente entre mi madre y jenny lograron convencerme de poner fotos de mi habitación. Ahí tienen'}"
1,https://live.staticflickr.com/3086/2759215135_506dbb4cc4_o.jpg,Gamethyme,2759215135,37eff8d7df,living room__196.png,Jeff's House,{'_content': 'My uncle Jeff builds log homes for a living.  This is where he lives.'}
1,https://live.staticflickr.com/3635/3489254031_8af6c22c11_o.jpg,aimeedars,3489254031,0afeee99b2,living room__197.png,Empty Living Room,{'_content': ''}
1,https://live.staticflickr.com/5098/5485016829_ef6d525681_o.jpg,MASH DEZIGN,5485016829,49ac6144c8,living room__198.png,Wohnzimmer,{'_content': 'Nachher'}
1,https://live.staticflickr.com/3114/5871687291_aa62e932c0_o.jpg,banter,5871687291,dfe6f4af68,dining room__286.png,living room,{'_content': ''}
1,https://live.staticflickr.com/2431/3983305874_22e3bc2351_o.jpg,Saint Hsu,3983305874,6eca881ba9,living room__199.png,IMG_6137,{'_content': ''}
1,https://live.staticflickr.com/6032/5891311194_cbdefa040c_o.jpg,marco bono,5891311194,098c54993b,living room__200.png,Living room,{'_content': ''}
1,https://live.staticflickr.com/224/451087859_1917c48c0c_o.jpg,Stewf,451087859,41e5198cb2,living room__201.png,Amy Butler Home,"{'_content': 'The Mid-Century Modernist: <a href=""http://midcenturymodernist.com/2007/architecture-and-interiors/houses-homes/amy-butler-home-in-granville-ohio/"" rel=""nofollow"">Amy Butler Home in Granville, Ohio</a>\nPhotos © David Butler'}"
1,https://live.staticflickr.com/2716/4436526949_b0ab44a298_o.jpg,pinwheel,4436526949,8716ba5754,living room__202.png,Home sweet,{'_content': ''}
1,https://live.staticflickr.com/5236/5822187134_6a66e5465d_o.jpg,Su02420,5822187134,5b6e32dfef,dining room__287.png,Diningroom,{'_content': ''}
1,https://live.staticflickr.com/4038/4428618263_2f86a9a897_o.jpg,Favaro JR.,4428618263,9a304b3cf6,living room__203.png,Home Theater,{'_content': ''}
1,https://live.staticflickr.com/8194/8423723095_c9f4dccffa_o.jpg,Kathleen Seide,8423723095,a6c3a94f9c,living room__204.png,Huntington Home,"{'_content': '5707 NW 43 Road, Gainesville, FL 32606'}"
1,https://live.staticflickr.com/1167/1398470583_53494658c4_o.jpg,gusdiaz,1398470583,7c3455c637,bedroom__296.png,Sweet Home,{'_content': ''}
1,https://live.staticflickr.com/2685/4070928443_3cb6bca5d0_o.jpg,marispacifica,4070928443,6cbf59f3e5,bedroom__297.png,DSC_0009,{'_content': ''}
1,https://live.staticflickr.com/3897/14158363897_69c16af5e2_o.jpg,Kathleen Seide,14158363897,8a7c4e15a8,bedroom__298.png,Duckpond Home,{'_content': 'MLS 353321 - 525 NE 7th Terr\nGainesville FL 32601'}
1,https://live.staticflickr.com/3768/9525947788_bea67bd518_o.jpg,Kathleen Seide,9525947788,9ee9e0654c,living room__205.png,Blues Creek Home,"{'_content': '5409 NW 80th Ave, Gainesville FL 32615\n\nNow Available - Blues Creek is a great community to live in because of the trees and nature trails, nearby shopping and dining, and great schools.  This home is large and even has two master suites (great if you are living with extended family).\n\nMLS 345123\n<a href=""http://www.We-Promise.com/345123"" rel=""nofollow"">www.We-Promise.com/345123</a>'}"
1,https://live.staticflickr.com/7197/7150576303_257af740c8_o.jpg,PKMousie,7150576303,0534203321,dining room__288.png,Model Home 3902,{'_content': ''}
2,https://live.staticflickr.com/2181/1570774701_76c43266bf_o.jpg,amycgx,1570774701,389b78bb34,dining room__280.png,Home,{'_content': ''}
2,https://live.staticflickr.com/3310/3439161408_657cc0214e_o.jpg,ArtisanGroup,3439161408,f2b87a488f,dining room__281.png,7127 Mitchellville Dining Kitchen,"{'_content': '7127 Mitchellville, Peyton CO 80831\n\n'}"
2,https://live.staticflickr.com/2335/2289945531_8a70f85997_o.jpg,karendelucas,2289945531,f656dce3ee,living room__168.png,For sale,{'_content': 'I am officially moving in with Neil and recently put my home on the market.  Before I could start showing it though...I had to take out about 1/2 my books and stuff.'}
2,https://live.staticflickr.com/6084/6138747236_03835b7c11_o.jpg,Jay.en Vantage,6138747236,bcf3c5c674,living room__169.png,IMGP0137,{'_content': ''}
2,https://live.staticflickr.com/4095/4868141802_4997bd8bcd_o.jpg,Magalie L'Abbé,4868141802,8a6b91413c,living room__170.png,,"{'_content': 'Full story <a href=""http://magtravels.wordpress.com/2010/08/06/going-going-gone/"" rel=""nofollow"">here</a>.'}"
2,https://live.staticflickr.com/4066/4362327917_83a63ef89a_o.jpg,ArtisanGroup,4362327917,8637a11859,living room__171.png,8174 Regiment  Family Room1,"{'_content': '8174 Regiment Court, Colorado Springs CO 80920 - Briargate'}"
2,https://live.staticflickr.com/92/244651282_1f7822581f_o.jpg,roselia,244651282,1f7822581f,living room__172.png,IMG_2686,{'_content': 'AFTER - the new setup '}
2,https://live.staticflickr.com/3130/5788744424_5f8b682f62_o.jpg,josh-ferris,5788744424,6f57f18986,dining room__282.png,Model Home - Kitchen,"{'_content': 'Taken in a new home community in Carmel, NY. Home is located in a luxury active adult community.'}"
2,https://live.staticflickr.com/1123/1358865134_d24a5655e3_o.jpg,dawneday,1358865134,b3adadf8be,dining room__283.png,IMG_0162,{'_content': ''}
2,https://live.staticflickr.com/2700/4136139849_47eede726a_o.jpg,Patrick Q,4136139849,1230c8b05d,living room__173.png,living room 9.4.2009  002,{'_content': 'I moved out that clock about a minute after I snapped this.'}
2,https://live.staticflickr.com/29/53641683_08c60f0338_o.jpg,JBSibley,53641683,08c60f0338,living room__174.png,PICT0331.JPG,{'_content': 'Stepping out of the kitchen looking towards the living room. Note the REAL WOOD fireplace to the right - very rare.'}
2,https://live.staticflickr.com/1056/1030479338_df0168382b_o.jpg,kuantanboy,1030479338,542900d9d0,living room__175.png,Pomelo Home 4,"{'_content': 'Modernica: Fiberglass Rocker in Moss, Case Study Daybed, George Nelson Cigar Lotus Lamp (background) Pear Lamp on Tripod (foreground)\nBlu Dot: Series 11 Console (foreground) Nick Dining Table, Buttercup Armchair (background)\nEmeco: Navy 1006 Chairs in Brushed Aluminum'}"
2,https://live.staticflickr.com/2486/4033204937_2cd0d84699_o.jpg,Jukie Bot,4033204937,a08d9c7999,bedroom__293.png,,{'_content': 'my bedroom is a mess.'}
2,https://live.staticflickr.com/3226/3154889790_1ff5a0d0fa_o.jpg,Patrick Q,3154889790,3619f877b4,living room__176.png,I kept Christmas decorations at minimum this year,{'_content': ''}
2,https://live.staticflickr.com/7250/7577570362_5aea472084_o.jpg,Magalie L'Abbé,7577570362,9c9a659636,living room__177.png,living room,{'_content': ''}
2,https://live.staticflickr.com/3621/3593774609_4626cd4160_o.jpg,ThreeRiversRecon,3593774609,c52f87c324,living room__178.png,425 Merry Way den angle 2,{'_content': ''}
2,https://live.staticflickr.com/5207/5246368470_33d9831748_o.jpg,Patrick Rasenberg,5246368470,bb254d49f9,living room__179.png,Hotel Shanti Home,"{'_content': 'Op elke etage van het hotel is een kamer waar je even kunt zitten met een paar mensen, tv kunt kijken of een krant kunt lezen.'}"
2,https://live.staticflickr.com/7508/15886043228_08445f439d_o.jpg,freerangelibrarian,15886043228,46bda2a704,living room__180.png,New home,{'_content': ''}
2,https://live.staticflickr.com/5222/5652623485_3a95e6502d_o.jpg,Pierre Roudier,5652623485,dea5e2e0ff,living room__181.png,at home,{'_content': ''}
2,https://live.staticflickr.com/3703/10918446574_dc49f85d15_o.jpg,Kielbasi Posse,10918446574,7dd5ff6726,living room__182.png,rylan_home_livingroom,{'_content': ''}
2,https://live.staticflickr.com/5061/5788191749_7333628904_o.jpg,josh-ferris,5788191749,4a06d4da1b,bedroom__294.png,Model Home - Guest Bedroom (Alternative View),"{'_content': ""View from door. This was a hard room to photograph because the tripod didn't fit within the confined space well. Taken in a new home community in Carmel, NY. Home is located in a luxury active adult community.""}"
2,https://live.staticflickr.com/1137/3267003563_f8b05f1720_o.jpg,ArtisanGroup,3267003563,3abbf847d2,living room__183.png,415 Garwood LivingRoom,"{'_content': '415 Garwood Court, Colorado Springs CO 80911 - Security'}"
2,https://live.staticflickr.com/1098/3267003421_c758ca245d_o.jpg,ArtisanGroup,3267003421,084bfc7d14,dining room__284.png,415 Garwood DiningLiving,"{'_content': '415 Garwood Court, Colorado Springs CO 80911 - Security'}"
2,https://live.staticflickr.com/7408/16490814622_f05738b0ff_o.jpg,Les Roches,16490814622,85755f1dba,restaurant__53.png,"Le Tacot, fine dining restaurant","{'_content': 'Les Roches fine dining restaurant is managed by students under the supervision of our instructors. \n\n<a href=""http://www.lesroches.edu"" rel=""nofollow"">www.lesroches.edu</a>\n\nClick <a href=""http://www.lesroches.edu/les_roches_bluche/en/en-en/home/index.cfm?page=/les_roches_bluche/home/request-info"" rel=""nofollow"">here</a> to receive our brochure.\n\nHere at Les Roches, we ensure that our students are well versed in kitchen, service and rooms division.\n\nThese three areas are taught outside a traditional class environment as students learn by doing. This learning style is called hands-on or craft-based learning. \n\nHands-on learning is critical to gain knowledge and skills you need to lead hospitality organizations in the future. These are the parts of the program that may students enjoy most, where they learn leadership skills and build confidence.\n\nTo find out more about Craft Based Learning please visit our <a href=""http://www.lesroches.edu/les_roches_bluche/en/en-en/home/academic-programs/sha-diploma"" rel=""nofollow"">Academic Programs</a> webpage.\n\nConnect with Les Roches on <a href=""http://www.facebook.com/lesroches"" rel=""nofollow"">Facebook</a>, <a href=""http://twitter.com/LesRochesNews"" rel=""nofollow"">Twitter</a>, <a href=""http://blog.lesroches.edu/pamela/"" rel=""nofollow"">Les Roches Student Blog</a> and <a href=""http://www.youtube.com/user/LesRochesCast"" rel=""nofollow"">Youtube</a>.\n'}"
2,https://live.staticflickr.com/6114/6322661340_84debe621c_o.jpg,tom$,6322661340,eb3502ec59,living room__184.png,Kreuzberg Apartment 11 - Living Room,{'_content': 'Kreuzberg Apartment 11 - Living Room'}
2,https://live.staticflickr.com/6005/6008948599_bc372d0a7d_o.jpg,Polygon Homes,6008948599,9b21057414,living room__185.png,Eclipse - Living Room,"{'_content': 'Eclipse - North Delta Townhomes\n\nucked next to a forested green space just steps from a new lakeside park, you’ll find Eclipse, Polygon’s latest collection of townhome residences at the landmark master-planned community of Sunstone in North Delta.\n\nThis limited collection of three and four bedroom townhomes showcases welcoming Arts and Crafts architecture and evokes a storybook feeling with dramatic pitched roofs, charming gables and window boxes. Inside, contemporary interiors feature open-plan layouts, gourmet kitchens with granite countertops, warm laminate flooring, and sleek stainless steel appliances. For added convenience, large private decks invite outdoor entertaining, and attached garages welcome residents of every home.\n\nSituated in the heart of a family friendly community, close at hand are an array of hiking and biking trails, good schools, and shopping, and convenient commuter access to Vancouver and beyond. Every Eclipse resident will also benefit from membership to the Sunstone Club, a private residents-only clubhouse featuring over 12,000 square feet of resort-style amenities.\n\n<a href=""http://www.polyhomes.com/community/eclipse"" rel=""nofollow"">www.polyhomes.com/community/eclipse</a>\n\nPhoto Credit: Dave Delnea'}"
2,https://live.staticflickr.com/5270/5788139339_266185049f_o.jpg,josh-ferris,5788139339,b88f5c3889,living room__186.png,flickrshare-2114,{'_content': ''}
2,https://live.staticflickr.com/5227/5788187165_c8cc4ec96f_o.jpg,josh-ferris,5788187165,543790a1d3,bedroom__295.png,flickrshare-2615,{'_content': ''}
2,https://live.staticflickr.com/4093/4750754353_ef610d9ff8_o.jpg,-DjD-,4750754353,9b4a798c43,living room__187.png,Living Room,{'_content': ''}
3,https://live.staticflickr.com/5695/21064317549_0a6c34d33c_o.jpg,Gryyphyn,21064317549,45d31998d9,living room__154.png,Fall Creek Model 05,{'_content': 'Fall Creek Model Home'}
3,https://live.staticflickr.com/7261/7610230676_e079689d93_o.jpg,Granit Architects,7610230676,7ab8b53a75,living room__155.png,Beckwith Road,{'_content': 'House renovation in London.'}
3,https://live.staticflickr.com/1088/530237030_d443d686d6_o.jpg,davewoodward,530237030,e74fc3a274,living room__156.png,couch,{'_content': ''}
3,https://live.staticflickr.com/1130/1199847033_2a2d3232ae_o.jpg,Anthony Citrano,1199847033,d08bbfbcd8,bedroom__289.png,venice-loft-aug-19-2007_0559.jpg,{'_content': 'master bedroom'}
3,https://live.staticflickr.com/214/515550944_d1be8a2774_o.jpg,Duane Storey,515550944,3fe089fc52,living room__157.png,Done,"{'_content': ""Ok, it's still a tad messy, but I basically rotated my whole living room 90 degrees... I think it's a little cozier now, and definitely a lot brighter.""}"
3,https://live.staticflickr.com/3211/3070592216_e57f16bedf_o.jpg,durian,3070592216,4b98741212,living room__158.png,Living room and dining room,{'_content': ''}
3,https://live.staticflickr.com/3240/3059592393_8fd833130e_o.jpg,my name is julie,3059592393,7286bfc163,living room__159.png,IMG_2937,{'_content': 'view from the kitchen doorway.'}
3,https://live.staticflickr.com/5707/30073536853_1e82d07252_o.jpg,Granit Architects,30073536853,43eb844c9a,living room__160.png,Hillbury Road,"{'_content': 'Extension and refurbishment of a family home in Balham, South London. '}"
3,https://live.staticflickr.com/7163/6691832335_928fbca210_o.jpg,nrahul_fax,6691832335,10112e973a,dining room__279.png,DSC_0303,{'_content': ''}
3,https://live.staticflickr.com/3205/2963896934_2d28df0365_o.jpg,為人民服務,2963896934,82344c0940,living room__161.png,P1030937,{'_content': ''}
3,https://live.staticflickr.com/1160/537132858_d288d80c4f_o.jpg,Erik Eckel,537132858,e52f6d362b,office__6.png,Home Office,"{'_content': ""We're slowly getting moved in to the new house. Boxes and boxes remain to be unpacked, but each day shows improvement.""}"
3,https://live.staticflickr.com/4117/4784722647_eb7e4933ae_o.jpg,ChipTait,4784722647,d5754b5ca6,living room__162.png,living2,{'_content': ''}
3,https://live.staticflickr.com/41/127765759_e90fe340fa_o.jpg,Skyco,127765759,e90fe340fa,living room__163.png,Fireplace room II,"{'_content': 'Looking out, from the fireplace.'}"
3,https://live.staticflickr.com/5544/14395678481_0d2b37b0cf_o.jpg,Granit Architects,14395678481,5b110584a8,living room__164.png,Lonsdale Road,"{'_content': 'Renovation of a semi-detached home in Barnes, South West London.'}"
3,https://live.staticflickr.com/72/162696085_9d042dd789_o.jpg,bhsher,162696085,9d042dd789,bedroom__290.png,IMG_4445.JPG,{'_content': ''}
3,https://live.staticflickr.com/4118/4784722031_0a03af5326_o.jpg,ChipTait,4784722031,a61d57f061,living room__165.png,living1,{'_content': ''}
3,https://live.staticflickr.com/5081/5357449976_92b4490a6c_o.jpg,market208,5357449976,41fef41580,living room__166.png,Thompson Home 15,{'_content': 'John and Darci Thompsons Home'}
3,https://live.staticflickr.com/5245/5357455462_9ae924de8d_o.jpg,market208,5357455462,5dfc06ed50,living room__167.png,Thompson Home 36,{'_content': 'John and Darci Thompsons Home'}
3,https://live.staticflickr.com/3297/3406845403_79275aaaa4_o.jpg,Intiaz Rahim,3406845403,02391f25d7,bedroom__291.png,Minto 5th Avenue,{'_content': ''}
3,https://live.staticflickr.com/3426/3386159036_7c2262b130_o.jpg,Intiaz Rahim,3386159036,8376e07a2d,bedroom__292.png,Bedroom 3,{'_content': ''}
4,https://live.staticflickr.com/1212/1284532743_876e0f25d1_o.jpg,Giustino,1284532743,b9248167ea,living room__127.png,Home 007,{'_content': 'Living room'}
4,https://live.staticflickr.com/4062/4242230456_dd4d8c4323_o.jpg,wjarrettc,4242230456,a70e865ab8,dining room__274.png,Untitled-11,{'_content': ''}
4,https://live.staticflickr.com/4060/4632004205_32b8c57a9b_o.jpg,milesgehm,4632004205,d6fd63cc28,dining room__275.png,20100521 bday 04,"{'_content': ""It was a special someone's special day!""}"
4,https://live.staticflickr.com/4118/4744219702_313ff0648e_o.jpg,Patrick Denker,4744219702,01f462fc5c,living room__128.png,IMG_0026,{'_content': ''}
4,https://live.staticflickr.com/7275/8164271082_b0289c5a3b_o.jpg,Kendyl Young,8164271082,9909d2ff0b,living room__129.png,1708 Highland Ave.,"{'_content': '<a href=""http://1708HighlandAve.com"" rel=""nofollow"">1708HighlandAve.com</a>\n'}"
4,https://live.staticflickr.com/3926/15250000941_6668120e73_o.jpg,Indirect Images,15250000941,627eca0417,living room__130.png,Home Photography,{'_content': 'Pictures taken for online real estate listings.             '}
4,https://live.staticflickr.com/3389/3309469649_953229282c_o.jpg,Laertes,3309469649,aed9b4d3e8,kitchen__4.png,Kitchen 2,{'_content': ''}
4,https://live.staticflickr.com/5543/10114580065_b7f51f150a_o.jpg,Sidneiensis,10114580065,2b434b5988,living room__131.png,My home,{'_content': ''}
4,https://live.staticflickr.com/8345/8199742921_41409d8632_o.jpg,Kendyl Young,8199742921,36f24b68bf,living room__132.png,Highland 1708 fr 2sm,"{'_content': '<a href=""http://www.1708HighlandAve.com"" rel=""nofollow"">www.1708HighlandAve.com</a>\n'}"
4,https://live.staticflickr.com/4080/5447226414_59a326bc61_o.jpg,mazaletel,5447226414,74840c5b7f,dining room__276.png,house updates,"{'_content': ""we're finally to the point of doing finish work in the kitchen and decided it was worth getting some decent photos of the progress.""}"
4,https://live.staticflickr.com/5671/24043226096_02c620bf88_o.jpg,Indirect Images,24043226096,ebc3779502,living room__133.png,George's Rock Road,"{'_content': 'Sandwich, MA'}"
4,https://live.staticflickr.com/607/22322406461_2244603da1_o.jpg,christianbroscabinets,22322406461,07b1cb6d8e,living room__134.png,Remodeled basements,"{'_content': 'Feel free to use this image for your page or blog post as long as you include an image credit with a clickable (hyperlinked) and followed link to <a href=""#//www.christianbroscabinets.com/”"" rel=""nofollow"">Christian Bros Cabinets</a>'}"
4,https://live.staticflickr.com/2720/4210679852_bee1cb782f_o.jpg,coolmikeol,4210679852,8a40f55222,living room__135.png,Hawaii Vacation Home,{'_content': ''}
4,https://live.staticflickr.com/3782/9481049743_bf4db97f2d_o.jpg,vanjus,9481049743,8cf1352e48,living room__136.png,home style (359),{'_content': ''}
4,https://live.staticflickr.com/11/14992023_059ac9dc40_o.jpg,Eric Wahlforss,14992023,059ac9dc40,living room__137.png,parent's home,{'_content': ''}
4,https://live.staticflickr.com/2818/9484473656_16e5060ef6_o.jpg,vanjus,9484473656,fd75907071,living room__138.png,home style (201),{'_content': ''}
4,https://live.staticflickr.com/5532/9484333956_016a076732_o.jpg,vanjus,9484333956,90ba49c2c6,living room__139.png,home style (235),{'_content': ''}
4,https://live.staticflickr.com/2817/9485518530_0e85f5ded6_o.jpg,vanjus,9485518530,a9d43eded3,living room__140.png,home style (489),{'_content': ''}
4,https://live.staticflickr.com/7395/9482487047_1773f82f52_o.jpg,vanjus,9482487047,289e8b5d97,living room__141.png,home style (542),{'_content': ''}
4,https://live.staticflickr.com/86/228442045_9fbcec66a9_o.jpg,paulbettner,228442045,9fbcec66a9,bedroom__288.png,DSCF0403,{'_content': ''}
4,https://live.staticflickr.com/8385/29266437015_a126cf0953_o.jpg,Quickpics.net,29266437015,fee31488f6,living room__142.png,Clayton Homes 2,{'_content': ''}
4,https://live.staticflickr.com/2812/9485203800_f4f0cf8794_o.jpg,vanjus,9485203800,2752ffcfd8,living room__143.png,home style (559),{'_content': ''}
4,https://live.staticflickr.com/3838/14752426679_df29553007_o.jpg,sherwoodrealestate,14752426679,8d4887c494,living room__144.png,"102 Queens Garden Drive, Thousand Oaks",{'_content': ''}
4,https://live.staticflickr.com/5441/9487545344_ef3f6858bb_o.jpg,vanjus,9487545344,0001ee1a85,living room__145.png,home style (621),{'_content': ''}
4,https://live.staticflickr.com/3813/9484252836_ec2bd01e49_o.jpg,vanjus,9484252836,bfa508dc32,living room__146.png,home style (253),{'_content': ''}
4,https://live.staticflickr.com/650/22324264361_9bcca4fa70_o.jpg,christianbroscabinets,22324264361,9658e4d1c1,dining room__277.png,custom dining room cabinets,"{'_content': 'Feel free to use this image for your page or blog post as long as you include an image credit with a clickable (hyperlinked) and followed link to <a href=""#//www.christianbroscabinets.com/”"" rel=""nofollow"">Christian Bros Cabinets</a>'}"
4,https://live.staticflickr.com/5074/5861756460_263a8fcdcf_o.jpg,Kendyl Young,5861756460,c473289453,living room__147.png,Living Room,{'_content': ''}
4,https://live.staticflickr.com/3300/3309435683_c3902f9cfa_o.jpg,Laertes,3309435683,ecb7015807,living room__148.png,Goss Living Room 2,{'_content': 'Looking toward front door.'}
4,https://live.staticflickr.com/5729/22313675585_a20607f071_o.jpg,christianbroscabinets,22313675585,bc1d4768ab,dining room__278.png,new dining room,"{'_content': 'Feel free to use this image for your page or blog post as long as you include an image credit with a clickable (hyperlinked) and followed link to <a href=""#//www.christianbroscabinets.com/”"" rel=""nofollow"">Christian Bros Cabinets</a>'}"
4,https://live.staticflickr.com/8195/28645569043_5d049b4346_o.jpg,Quickpics.net,28645569043,e82403c25c,living room__149.png,Clayton Homes 3,{'_content': ''}
4,https://live.staticflickr.com/5160/5861775136_3f590c8a0f_o.jpg,Kendyl Young,5861775136,0281012e1e,living room__150.png,Family Room,{'_content': ''}
4,https://live.staticflickr.com/3842/14730096879_82002d4cae_o.jpg,sherwoodrealestate,14730096879,725d84ab14,living room__151.png,Monaco - Sherwood Development Company,{'_content': 'Real Estate in Southern California'}
4,https://live.staticflickr.com/3525/3979841384_e8257a745b_o.jpg,Tim Knopf,3979841384,f6cca3f93f,living room__152.png,Leaganul Bucovienei,{'_content': 'our three day home in Suceava...'}
4,https://live.staticflickr.com/2856/8764695224_829905fdd9_o.jpg,sderle,8764695224,9454463a9b,living room__153.png,home.,{'_content': ''}
5,https://live.staticflickr.com/5149/5605051405_f6d0be64a2_o.jpg,mi hoo,5605051405,a9fa226aa2,living room__118.png,At home,{'_content': '\n'}
5,https://live.staticflickr.com/8203/28400049494_102a0a1f02_o.jpg,fabola,28400049494,903a25e264,dining room__272.png,Adam and Dani’s New Home,"{'_content': 'Our first visit to Adam and Dani’s new home in North Oakland. It’s a lovely little cottage on a large lot, in a nice location that’s quiet and close to shopping areas. We are so happy for them, this looks like the perfect starter home, with room to grow. It was a long search for them, in an overheated real estate market, but they persevered, made good choices and found the right place at last. Look forward to many more festivities with them in their new abode.'}"
5,https://live.staticflickr.com/6147/5924340909_1d478e3260_o.jpg,hardwarehank,5924340909,810b6327c1,office__5.png,Langley,{'_content': ''}
5,https://live.staticflickr.com/1046/1411153351_ab6270bbae_o.jpg,Ioan Sameli,1411153351,1ec7deb538,living room__119.png,Living room,{'_content': ''}
5,https://live.staticflickr.com/213/507888414_adda587dd7_o.jpg,One-Fat-Man,507888414,af00f43967,living room__120.png,The Lounge,{'_content': ''}
5,https://live.staticflickr.com/3137/2915101272_40f90259e8_o.jpg,Marco Cimmino,2915101272,ff92d44498,dining room__273.png,p1010068.jpg,{'_content': ''}
5,https://live.staticflickr.com/5515/9228869994_98b7a17504_o.jpg,pstrosahl,9228869994,eba73b9971,living room__121.png,Home Interiors- 24,{'_content': ''}
5,https://live.staticflickr.com/3650/3620044586_45afa7d362_o.jpg,Chung Shao Tung,3620044586,ab4cbffd38,living room__122.png,HOME SWEET HOME,{'_content': ''}
5,https://live.staticflickr.com/2661/4246686861_e3845fd56f_o.jpg,Weidner Apartment Homes,4246686861,d4cdf6e61b,living room__123.png,Forest Hills,"{'_content': '<a href=""http://www.weidner.com"" rel=""nofollow"">www.weidner.com</a>'}"
5,https://live.staticflickr.com/2723/4256908725_3fa3994bdd_o.jpg,Weidner Apartment Homes,4256908725,f6477de71c,living room__124.png,Parkside Village,"{'_content': '<a href=""http://www.weidner.com"" rel=""nofollow"">www.weidner.com</a>'}"
5,https://live.staticflickr.com/2464/3903388457_80de0a4295_o.jpg,Ballyhoura,3903388457,0c67149192,living room__125.png,Open Space living room,"{'_content': 'Photo hancraftes by touristr.com\nSee more details on the Ballyhoura Country page:\n<a href=""http://www.ballyhouracountry.com/destinations/14-ballyorgan/accomodations/3-ballyhoura-forest-homes"" rel=""nofollow"">www.ballyhouracountry.com/destinations/14-ballyorgan/acco...</a>'}"
5,https://live.staticflickr.com/8812/17226610962_183736c812_o.jpg,Archivo Murciélago Blanco,17226610962,227074ee83,living room__126.png,Bo La Paz 1207 (138),{'_content': '                               '}
6,https://live.staticflickr.com/8664/15639501103_1280a2106f_o.jpg,jjandames,15639501103,2c36876446,living room__85.png,Home in Bama,{'_content': ''}
6,https://live.staticflickr.com/28/62423027_2d380141b9_o.jpg,Momom Liu,62423027,2d380141b9,living room__86.png,P1020457,{'_content': ''}
6,https://live.staticflickr.com/3132/3110351943_fef11c5d31_o.jpg,publicrelations,3110351943,4ba996538e,living room__87.png,Kat Burki Home,"{'_content': ""Kat Burki Home recently held a sneak preview of her home furnishings and accessories at Pierce Mattie PR's Media Oasis.""}"
6,https://live.staticflickr.com/8759/18097265455_f00a5207b0_o.jpg,he who would be lost,18097265455,e6ab5f4031,living room__88.png,"sacramento, california (2015)",{'_content': ''}
6,https://live.staticflickr.com/5592/14326049258_065b44fce5_o.jpg,njhomepictures,14326049258,e816377ed5,living room__89.png,DSC_8992,{'_content': ''}
6,https://live.staticflickr.com/3949/15592053686_c35f0e9d70_o.jpg,njhomepictures,15592053686,54a9d4d8d2,dining room__258.png,DSC_1042-2,{'_content': ''}
6,https://live.staticflickr.com/3866/15334576331_6fc2c5d7e4_o.jpg,njhomepictures,15334576331,d12054d6c6,bedroom__278.png,DSC_7540,{'_content': ''}
6,https://live.staticflickr.com/5562/14749191838_9f49064694_o.jpg,njhomepictures,14749191838,3ae2d430ef,living room__90.png,DSC_2519,{'_content': ''}
6,https://live.staticflickr.com/7454/9541050323_8e797ae894_o.jpg,njhomepictures,9541050323,f3f5be8e63,bedroom__279.png,_DSC0094,{'_content': ''}
6,https://live.staticflickr.com/8413/30246676976_b8238cbed5_o.jpg,njhomepictures,30246676976,1d7ff862ec,dining room__259.png,DSC_6071,{'_content': 'Budget Blinds of Westfield  work examples'}
6,https://live.staticflickr.com/2940/14089716333_1a3fb3822a_o.jpg,njhomepictures,14089716333,c728d559cd,dining room__260.png,DSC_2158,{'_content': ''}
6,https://live.staticflickr.com/5550/14198215171_28637a546b_o.jpg,njhomepictures,14198215171,7ab46d102f,dining room__261.png,DSC_4382,{'_content': ''}
6,https://live.staticflickr.com/3707/12182329063_c8566042de_o.jpg,njhomepictures,12182329063,7d6ce9fc7c,dining room__262.png,DSC_4954,{'_content': ''}
6,https://live.staticflickr.com/7441/12121946684_46337e02d9_o.jpg,njhomepictures,12121946684,4662541c09,living room__91.png,DSC_4394,{'_content': ''}
6,https://live.staticflickr.com/5489/9543809198_745d533a32_o.jpg,njhomepictures,9543809198,54e5414c33,dining room__263.png,_DSC0052,{'_content': ''}
6,https://live.staticflickr.com/5528/14249432841_b9cfbe3cdd_o.jpg,njhomepictures,14249432841,c039ccdc85,bedroom__280.png,DSC_5609,{'_content': ''}
6,https://live.staticflickr.com/2933/14412747331_e7b1aca3b5_o.jpg,njhomepictures,14412747331,589cbb5b9e,living room__92.png,DSC_7444,"{'_content': '770 Hawthorne Ave, Bound Brook (Bridgewater)\n'}"
6,https://live.staticflickr.com/3862/15083662990_932522ec4f_o.jpg,njhomepictures,15083662990,f0bcd5953b,living room__93.png,DSC_6742,{'_content': ''}
6,https://live.staticflickr.com/3756/11442377684_55cc18814d_o.jpg,njhomepictures,11442377684,221de47ff9,living room__94.png,DSC_3109,{'_content': ''}
6,https://live.staticflickr.com/5558/14924646332_d814d4d2cf_o.jpg,njhomepictures,14924646332,155a41d74d,living room__95.png,DSC_2679,{'_content': ''}
6,https://live.staticflickr.com/7326/9209233120_8d3b22be4d_o.jpg,njhomepictures,9209233120,533bb378a4,dining room__264.png,_DSC0406,{'_content': ''}
6,https://live.staticflickr.com/7313/16458393915_77d3c42ba0_o.jpg,njhomepictures,16458393915,3fde8bab4a,bedroom__281.png,DSC_9496,{'_content': ''}
6,https://live.staticflickr.com/3801/14125899368_07849d0cc7_o.jpg,njhomepictures,14125899368,b7bc68eb38,living room__96.png,DSC_6482,"{'_content': '15 Gold Lane, Oak Ridge NJ listed with Lori Caruso,Re/Max Diamond Properties'}"
6,https://live.staticflickr.com/2822/9972941935_faf61ef174_o.jpg,njhomepictures,9972941935,9b62c7b235,living room__97.png,_DSC0116,{'_content': ''}
6,https://live.staticflickr.com/7209/26649261273_6ef1fa5b0d_o.jpg,njhomepictures,26649261273,18f5f273dc,dining room__265.png,IMG_2797,"{'_content': '10 Cook Rd, Bloomfield'}"
6,https://live.staticflickr.com/2916/14186197852_bc2138b46d_o.jpg,njhomepictures,14186197852,d42bc815b7,dining room__266.png,DSC_4159,{'_content': ''}
6,https://live.staticflickr.com/8583/15991321332_35f9a94cdc_o.jpg,njhomepictures,15991321332,fabd9220e1,living room__98.png,DSC_7097,{'_content': ''}
6,https://live.staticflickr.com/8606/16101008957_ba5e2a9af8_o.jpg,njhomepictures,16101008957,078565278d,living room__99.png,DSC_7522,{'_content': ''}
6,https://live.staticflickr.com/3844/14665470310_93eb7bc597_o.jpg,njhomepictures,14665470310,14beb31e98,dining room__267.png,DSC_1810_Without labels,{'_content': ''}
6,https://live.staticflickr.com/2919/14632657101_31668c0a14_o.jpg,njhomepictures,14632657101,74fa0e63e4,dining room__268.png,DSC_0204,{'_content': ''}
6,https://live.staticflickr.com/5494/12211064245_29e02e1f2f_o.jpg,njhomepictures,12211064245,abb1b5963c,bedroom__282.png,DSC_5358,{'_content': ''}
6,https://live.staticflickr.com/1526/25056285563_2aea072de5_o.jpg,njhomepictures,25056285563,ab294285ea,living room__100.png,IMG_5765,"{'_content': '906 Bayley Ct,Bridgewater'}"
6,https://live.staticflickr.com/7354/13909921417_b8be61d2f8_o.jpg,njhomepictures,13909921417,0cb68986eb,living room__101.png,DSC_2669,{'_content': ''}
6,https://live.staticflickr.com/3802/8783501868_4f8ff09e87_o.jpg,Federation of Master Builders,8783501868,6381e2a918,living room__102.png,NEW HOMES WALES (4),{'_content': ''}
6,https://live.staticflickr.com/8139/8978002203_fe7d8f392d_o.jpg,njhomepictures,8978002203,66451fd239,dining room__269.png,_DSC0299,{'_content': ''}
6,https://live.staticflickr.com/2939/14066095829_55f89042e5_o.jpg,njhomepictures,14066095829,f45fdc5bf7,bedroom__283.png,DSC_5614,{'_content': ''}
6,https://live.staticflickr.com/7455/12125103375_ce88d0edee_o.jpg,njhomepictures,12125103375,7bf0d5a948,living room__103.png,DSC_4388,"{'_content': '5 North 10th St, Surf City,  Long Beach Island (LBI) Listed through Ed Freeman, Re/Max Barnegate Bay'}"
6,https://live.staticflickr.com/5509/12182546714_1738f29b56_o.jpg,njhomepictures,12182546714,d84fa67517,living room__104.png,DSC_4959,{'_content': ''}
6,https://live.staticflickr.com/5799/29650780644_d41d3839c1_o.jpg,njhomepictures,29650780644,584323125d,living room__105.png,DSC_6228,{'_content': 'Budget Blinds of Westfield  work examples'}
6,https://live.staticflickr.com/5486/9473639336_35c5d8301a_o.jpg,njhomepictures,9473639336,db30b81f71,bedroom__284.png,_DSC0040,{'_content': ''}
6,https://live.staticflickr.com/7292/15900833283_3e3934ceeb_o.jpg,njhomepictures,15900833283,4b4b9975a0,living room__106.png,DSC_0425,{'_content': ''}
6,https://live.staticflickr.com/7380/13110174325_41f306344f_o.jpg,njhomepictures,13110174325,8abfb477ed,bedroom__285.png,DSC_7916,{'_content': ''}
6,https://live.staticflickr.com/2845/10087726936_997517827b_o.jpg,njhomepictures,10087726936,65475e379b,living room__107.png,_DSC0013,{'_content': ''}
6,https://live.staticflickr.com/3824/9973099233_f7c6a5e323_o.jpg,njhomepictures,9973099233,c4f9151ec6,living room__108.png,_DSC0136,{'_content': ''}
6,https://live.staticflickr.com/5494/9312742539_35532e1ebb_o.jpg,njhomepictures,9312742539,109e653fd2,bedroom__286.png,_DSC0238,{'_content': ''}
6,https://live.staticflickr.com/7362/16278661488_ac6fd35f26_o.jpg,njhomepictures,16278661488,9e7165e4e3,dining room__270.png,DSC_9566,{'_content': ''}
6,https://live.staticflickr.com/3743/9967042633_3fe9f79778_o.jpg,njhomepictures,9967042633,aa2bb17a80,living room__109.png,_DSC0027,{'_content': ''}
6,https://live.staticflickr.com/5769/23578635419_0a18e42947_o.jpg,njhomepictures,23578635419,5d49d2c2c6,dining room__271.png,DSC_3474,"{'_content': '10 Junction Point Lane, Monmouth Junction'}"
6,https://live.staticflickr.com/2941/15351924812_8d02c528ef_o.jpg,njhomepictures,15351924812,9bd1bb20be,living room__110.png,DSC_8019,{'_content': ''}
6,https://live.staticflickr.com/7724/16964713620_f159585848_o.jpg,njhomepictures,16964713620,fa98ca9eb5,living room__111.png,DSC_5843,{'_content': ''}
6,https://live.staticflickr.com/3726/12895332163_3715105307_o.jpg,njhomepictures,12895332163,8b233c50c0,living room__112.png,DSC_7288,{'_content': ''}
6,https://live.staticflickr.com/7527/16161372288_83b11b028a_o.jpg,njhomepictures,16161372288,0661ab4110,living room__113.png,DSC_8304,{'_content': ''}
6,https://live.staticflickr.com/1484/24959507394_54a88ae2b7_o.jpg,njhomepictures,24959507394,5f223e8936,living room__114.png,IMG_7033,"{'_content': '320 Pursel, Philipsburg'}"
6,https://live.staticflickr.com/1450/25244992113_438af835c0_o.jpg,njhomepictures,25244992113,f1862d3636,living room__115.png,IMG_5941,"{'_content': '1 Blue Fern Lane, Randolph'}"
6,https://live.staticflickr.com/7433/12125753426_6a79b485fd_o.jpg,njhomepictures,12125753426,886868dd85,bedroom__287.png,DSC_4404,"{'_content': '5 North 10th St, Surf City,  Long Beach Island (LBI) Listed through Ed Freeman, Re/Max Barnegate Bay'}"
6,https://live.staticflickr.com/1629/26128849536_d88c3e68d3_o.jpg,njhomepictures,26128849536,ebc5290393,living room__116.png,DSC_7568,"{'_content': '8 Coddington Lane, Califon'}"
6,https://live.staticflickr.com/2933/13952761440_29d7b015f6_o.jpg,njhomepictures,13952761440,8f81391ff7,living room__117.png,DSC_3113,{'_content': ''}
6,https://live.staticflickr.com/8282/7833816704_9ebc182e21_o.jpg,Travel Salem,7833816704,76b0686b72,restaurant__298.png,Lakeview Restaurant & Lounge at Creekside Golf Club,"{'_content': 'Creekside’s elegant, 20,000-square-foot clubhouse includes banquet facilities, a bar and grill, and breathtaking views of the course. With a menu that features regional cuisine, the restaurant overlooking the lake and ninth green creates the perfect setting for entertaining family, friends, or business associates.'}"
6,https://live.staticflickr.com/2709/4189679503_025784b07a_o.jpg,ashleyt,4189679503,8e9284d0cb,restaurant__299.png,Paris,{'_content': 'Latin Quarter restaurant'}
5,https://live.staticflickr.com/8726/16904142431_4379c74969_o.jpg,Hotel Zora Primosten,16904142431,a2d4f8da2c,restaurant__295.png,Restaurant_23,{'_content': ''}
5,https://live.staticflickr.com/4129/5032490499_1722d06e17_o.jpg,Luxury Train Club,5032490499,d93344a3e3,restaurant__296.png,Charter Train in China - restaurant,"{'_content': 'This is a Chinese charter train available from Train Chartering as a private train.  The Luxury Train Club also offers individuals the opportunity to travel on various routes in China, notably between Beijing and Lhasa.'}"
5,https://live.staticflickr.com/2880/34167018892_47cfb64b04_o.jpg,infomatique,34167018892,af88576449,restaurant__297.png,MR. DINH A NEW DINING EXPERIENCE [CAPEL STREET]--127344,"{'_content': 'Be aware that this restaurant is at the Bolton Street end of Capel Street [where O’Hagan Design was based many years ago].\n\nWhen it comes to eating out the choice in Dublin 1 and 2 is getting better by the day. I keep finding new restaurants every time I walk around the area. \n\nI reviewed this restaurant on Capel Street at least twice since it first opened as Hanoi Hanoi. When it first opened I was very excited because it was a genuine Vietnamese restaurant rather than being a Chinese Restaurant that somehow morphed into being Vietnamese by virtue of doing nothing more than slightly changing the menu. Anyone that I invited to join me for a meal was more than impressed.\n\nA while ago new management took over and they undertook many changes some of which were more successful than others and having learned from experience they shutdown for a week and then relaunched as Mr. Dinh and today was their first day.\n\nThey did a strange thing in that their core cuisine is now Hong Kong Chinese but they are also offering other Asian cuisines including Japanese and to a lesser extent Thai, Malaysian and Vietnamese. \n\nWhat I like is that they are not offering Fusion Asian which is frequently a bit of a con but rather they are offering Hong Kong style dining as you would expect if you were to visit Hong Kong.\n\nIn case you are not aware the excellent Hungry Mexican has relocated to Aston Quay but will not be open to the public until August. Also if you are a Pizza fan you must visit BoCo on Bolton Street.'}"
4,https://live.staticflickr.com/7078/6917192918_94e864b6f1_o.jpg,Thank You (25 Millions ) views,6917192918,fbbeff4552,restaurant__288.png,Houmas House Restaurant,"{'_content': 'Plantation &amp; Gardens\nNear New Orleans, Louisiana\n<a href=""http://www.HoumasHouse.com"" rel=""nofollow"">www.HoumasHouse.com</a>\n'}"
4,https://live.staticflickr.com/8443/8000943842_0a07fe484b_o.jpg,Financial Times photos,8000943842,02dc587377,restaurant__289.png,Prospect Restaurant,{'_content': 'Photo credit: Drew Altizer photography'}
4,https://live.staticflickr.com/5099/5594783891_4925edbf7b_o.jpg,ExquisiteFrance,5594783891,aacb4ddc04,restaurant__290.png,Il Moda Caffe - Paris 2ème,{'_content': ''}
4,https://live.staticflickr.com/8046/8127405121_a987aaa0d8_o.jpg,Alan Light,8127405121,be86b3b59b,restaurant__291.png,Orchard Green,"{'_content': 'October 26, 2012'}"
4,https://live.staticflickr.com/5017/5444740447_f2b14a5104_o.jpg,Alan Light,5444740447,d3ae813d1b,restaurant__292.png,Masala Indian Vegetarian Cuisine,"{'_content': 'Masala Indian Vegetarian Cuisine restaurant, Iowa City - Feb. 13, 2011'}"
4,https://live.staticflickr.com/6007/5918481542_1bf86c9f82_o.jpg,Tara Angkor Hotel,5918481542,88548a4280,restaurant__293.png,Frengipani Restaurant,"{'_content': 'The Tara Angkor Hotel is proud to present its newest restaurant “Frangipani’. Named after a flower which can be seen throughout the hotel’s garden, the restaurant is an excellent retreat in between and after tours. If you or your guests are looking for a calm and more defined meal to satisfy your appetite, the Frangipani restaurant offers a selective choice of European as well as Asian delicacies.\n\nOpen from 10 am to 10 pm\n'}"
4,https://live.staticflickr.com/5246/5371602063_86effcb7c4_o.jpg,Thank You (25 Millions ) views,5371602063,ee3f8c4909,restaurant__294.png,Holiday Inn ~ Restaurant,"{'_content': 'Restaurant / Breakfast Place ~ Holiday Inn Down Town ~ Van Ness &amp; Tulare ~ Fresno, California'}"
3,https://live.staticflickr.com/5125/5251696842_6a038a313f_o.jpg,spacebarpark,5251696842,5841a1033c,restaurant__281.png,,{'_content': ''}
3,https://live.staticflickr.com/4178/34747573705_2c1caaba7d_o.jpg,Kodamakitty,34747573705,c362ef331b,restaurant__282.png,Columbia Restaurant,"{'_content': 'Celebration, FL'}"
3,https://live.staticflickr.com/8171/7993141924_4ed4f72e50_o.jpg,Vlaanderen Lekker Land,7993141924,17a6982cdf,restaurant__283.png,Kristof Marrannes - restaurant,{'_content': '©Michael Dehaspe'}
3,https://live.staticflickr.com/4034/4211327637_59caa6afda_o.jpg,Miss Shari,4211327637,8a38f14f75,restaurant__284.png,Aria - Sirio Restaurant,{'_content': ''}
3,https://live.staticflickr.com/7433/26818562983_cb34fb19ef_o.jpg,joannova,26818562983,9da6c80d0f,restaurant__285.png,Novello_Boca Raton (10 of 32),"{'_content': '<a href=""http://joannova.com"" rel=""nofollow"">joannova.com</a> 2016\n'}"
3,https://live.staticflickr.com/7199/7085321899_f87bfa9649_o.jpg,Crowne Plaza Minneapolis West,7085321899,2af4509b5e,restaurant__286.png,PLYM.Restaurant,{'_content': ''}
3,https://live.staticflickr.com/4673/39752221011_3a16f07edd_o.jpg,Kayla Nicole ☮,39752221011,9920f34b8c,restaurant__287.png,Dushanbe Tea House,{'_content': ''}
2,https://live.staticflickr.com/58/215527037_22487d6089_o.jpg,dumbeast,215527037,22487d6089,restaurant__276.png,"Playa Azul Restaurant, Petaluma, CA",{'_content': 'Excellent decor.  Better Caldo de Pescados.'}
2,https://live.staticflickr.com/2808/10978744194_582a293029_o.jpg,Steigenberger Hotels and Resorts,10978744194,69c3476943,restaurant__277.png,Restaurant Nadar,"{'_content': '<a href=""http://www.steigenberger.com/Schiphol-Oost-Amsterdam/Steigenberger-Airport-Hotel"" rel=""nofollow"">» Steigenberger Airport Hotel, Amsterdam\n</a>'}"
2,https://live.staticflickr.com/8036/8029241603_8b5681c2cb_o.jpg,Steigenberger Hotels and Resorts,8029241603,7ac08ba512,restaurant__278.png,Steigenberger Hotel Dortmund,{'_content': 'Restaurant'}
2,https://live.staticflickr.com/2838/10671196383_54239759e4_o.jpg,ukdamian,10671196383,68ffe34264,restaurant__279.png,Kehlstein restaurant,{'_content': ''}
2,https://live.staticflickr.com/4097/4790483281_761a7bc89f_o.jpg,jojo 77,4790483281,b233e51425,restaurant__280.png,The restaurant,"{'_content': 'Arosa, Switzerland, July 2010'}"
1,https://live.staticflickr.com/1959/45114469112_dd5f93feab_o.jpg,Steve Tatum,45114469112,3ebac15b45,restaurant__267.png,The Cellar,{'_content': ''}
1,https://live.staticflickr.com/8042/8025430825_1c0bfae27e_o.jpg,Magic Ketchup,8025430825,22f99f1202,restaurant__268.png,"Spanish Restaurant in Coimbra, Portugal",{'_content': ''}
1,https://live.staticflickr.com/3751/9326861752_bd0eb9800d_o.jpg,Peter van den Akker,9326861752,54a9d7da12,restaurant__269.png,Restaurant BAUT,"{'_content': 'Moeilijk voor te stellen, vroeger zat hier een grote wielerzaak. Nu tijdelijk restaurant met tweedehands meubilair, maar ook met uitstekende keuken'}"
1,https://live.staticflickr.com/8200/29647410055_a9ef6bf523_o.jpg,Nicholas Eckhart,29647410055,af39cdf001,restaurant__270.png,Kmart Restaurant Interior,"{'_content': ""It appears that this restaurant has been overhauled at least once since it was a Grants restaurant (possibly a Bradford House restaurant). Kmart built full-service restaurants in some early 1960s stores. After that, Kmart mostly built cafeterias or cafes in their stores. However, in the late 1970s, Kmart took over numerous Grants or Grant City stores with full service restaurants and kept the full service restaurants open (like what happened at this store). Kmart also experimented with opening a handful of stores including full service restaurants in the 1990s; those stores were mostly Super Kmart locations. Most remaining Kmart Restaurants closed in the 1990s to early 2000s. Many were converted to Kmart Cafe, Nathan's, or Little Caesars, if not outright closed. Another Kmart restaurant location (under the name &quot;The Eatery&quot;) in Mount Dora, Florida held out until April 2013, when the Kmart store was liquidating. This restaurant is ran by Kmart. Kmart tried at one time to lease out some full-service restaurants for other people to run (such as in Moon Township, PA and Morgantown, WV), but those restaurants all ended up failing. \n\nThis Kmart has recently turned 40 years old!\n\nThis is Kmart store number 7120 in Belle Vernon, Pennsylvania; it opened as a Kmart on September 9th, 1976. The store took over a former Grant City department store (W.T. Grant Company's larger discount store format). What makes this Kmart so unique is that it is the LAST Kmart store to have a full-service restaurant.\n\n*Feel free to use this photo, or any others in this photostream, for any use that is non-commercial. Please make sure to provide credit for the photo(s). Please contact me at eckhartnicholas@yahoo.com for questions or permission for commercial use.*""}"
1,https://live.staticflickr.com/113/287821248_9b341f768c_o.jpg,aranmanoth,287821248,9b341f768c,restaurant__271.png,Chinese restaurant,{'_content': ''}
1,https://live.staticflickr.com/3321/3472103918_0a0a686712_o.jpg,AMWRanes,3472103918,2270b93524,restaurant__272.png,Trifon Zarezan Restaurant,"{'_content': 'Not really on the way to Plovdiv, but it was this trip.'}"
1,https://live.staticflickr.com/7806/31996095737_528c123075_o.jpg,Porto Convention and Visitors Bureau,31996095737,8b05865770,restaurant__273.png,Antiquum Restaurant,"{'_content': 'CC BY-NC-ND - Associação de Turismo do Porto e Norte, AR\n\n'}"
1,https://live.staticflickr.com/2946/15297777387_bd28403b63_o.jpg,cherrylet,15297777387,db580caf9f,restaurant__274.png,Chilam Balam,{'_content': ''}
1,https://live.staticflickr.com/7379/8924065478_f1850e28c1_o.jpg,travelitach,8924065478,7df8bf6cf2,restaurant__275.png,restaurant-book,{'_content': 'Bilder von Porto im Mai 2013'}
5,https://live.staticflickr.com/8158/7465899964_f88259b1a6_o.jpg,lorda,7465899964,d4040b7531,restaurant__264.png,Restaurant,{'_content': ''}
5,https://live.staticflickr.com/8708/16879189526_825be86bba_o.jpg,Hotel Zora Primosten,16879189526,58d17b4369,restaurant__265.png,Restaurant_35,{'_content': ''}
5,https://live.staticflickr.com/4086/4946607086_bb2d322327_o.jpg,Revolweb,4946607086,3abd8f9b6e,restaurant__266.png,Ristorante Le Puzelle - Santa Severina - Italy,{'_content': 'Agriturismo Le Puzelle Restaurant - Crotone - Calabria - Italy'}
3,https://live.staticflickr.com/6215/6260663722_b2f4f0accf_o.jpg,Hotels-HPRG,6260663722,93ae428142,restaurant__252.png,"Restaurant Moustache, Paris","{'_content': '3 rue Sainte Beuve,\n75006 Paris\nTél. 01 42 22 56 65\n\n<a href=""http://www.moustache-restaurant.com/"" rel=""nofollow"">www.moustache-restaurant.com/</a>'}"
3,https://live.staticflickr.com/7230/6880488236_f211f6ef66_o.jpg,El próximo viaje / Victoriamdq,6880488236,bae370aab9,restaurant__253.png,Restaurant,{'_content': ''}
3,https://live.staticflickr.com/5103/5699465860_b3dbef7704_o.jpg,ceruleansky,5699465860,d69e1b5e82,restaurant__254.png,Bistecca,"{'_content': 'inside Bistecca, a great Italian restaurant in Seoul'}"
3,https://live.staticflickr.com/42/83526869_88c195659a_o.jpg,caribb,83526869,88c195659a,restaurant__255.png,Restaurant Vasco,{'_content': 'This is a quaint Italian restaurant I found in the heart of Amsterdam. Excellent pasta!'}
3,https://live.staticflickr.com/4616/28242345739_6e657f2450_o.jpg,Dorfhotel Fasching ****Superior,28242345739,21d6a0c033,restaurant__256.png,Restaurant,"{'_content': 'Essen in gemütlicher Atmosphäre. #dorfhotelfasching #fischbach #urlaub #restaurantdorfhotelfasching \n<a href=""https://www.dorfhotel-fasching.at/kulinarium/kueche.html"" rel=""nofollow"">www.dorfhotel-fasching.at/kulinarium/kueche.html</a>\n\n(c) Dorfhotel Fasching - G.A. Service GmbH'}"
3,https://live.staticflickr.com/36/106598945_b0efef2c51_o.jpg,Jim O'Connell,106598945,d8383a430a,restaurant__257.png,Restaurant,{'_content': 'Had the worst ramen of my life here.'}
3,https://live.staticflickr.com/4054/4705986563_019545242a_o.jpg,ceetap,4705986563,4a80c6e972,restaurant__258.png,,{'_content': 'brooklyn'}
3,https://live.staticflickr.com/3222/3074315539_12608f1c91_o.jpg,Big Grey Mare,3074315539,c9c9b878b6,restaurant__259.png,Inside The Cocoamoda Restaurant,"{'_content': ""Some more pictures taken in Calvert, Texas.  It's a great little town to visit if you're ever out this way.""}"
3,https://live.staticflickr.com/7387/26818560243_4170f81112_o.jpg,joannova,26818560243,1166746eee,restaurant__260.png,Novello_Boca Raton (12 of 32),"{'_content': '<a href=""http://joannova.com"" rel=""nofollow"">joannova.com</a> 2016\n'}"
3,https://live.staticflickr.com/4177/34362807360_e5a2bfc148_o.jpg,Kodamakitty,34362807360,7f342baefb,restaurant__261.png,Columbia Restaurant,"{'_content': 'Celebration, FL'}"
3,https://live.staticflickr.com/8012/7703365140_98e92186d5_o.jpg,Meurthe & Moselle Tourisme,7703365140,1987aea504,restaurant__262.png,Salle de restaurant,"{'_content': ""Restaurant Meurthe &amp; Moselle Gourmande     \nRestaurant L'Union""}"
3,https://live.staticflickr.com/5162/5287076506_b453f52df9_o.jpg,Gexydaf,5287076506,9db3220142,restaurant__263.png,Ruby Tuesday,{'_content': ''}
2,https://live.staticflickr.com/2821/8800392478_5d891511d8_o.jpg,Romantik Hotel im Park,8800392478,c51e31fb77,restaurant__247.png,Restaurant,"{'_content': 'Im Restaurant mit Blick auf den Garten werden alle Sinne verwöhnt! #restaurant #park #garten #hotelimpark #romantikhotelimpark #badradkersburg #urlaub #genießen #erholung <a href=""https://www.hotel-im-park.at"" rel=""nofollow"">www.hotel-im-park.at</a>'}"
2,https://live.staticflickr.com/5545/10978976996_f724d8c549_o.jpg,Steigenberger Hotels and Resorts,10978976996,398dc74a30,restaurant__248.png,Restaurant,"{'_content': '<a href=""http://www.steigenberger.com/Bremen/Steigenberger-Hotel-Bremen"" rel=""nofollow"">» Steigenberger Hotel Bremen\n</a>'}"
2,https://live.staticflickr.com/8367/8509370506_68e3927c91_o.jpg,kevinspencer.org,8509370506,7f6ee9f99f,restaurant__249.png,"If You Have A Minute, Why Don't We Go?",{'_content': ''}
2,https://live.staticflickr.com/7384/9513448646_619dd28e8f_o.jpg,Inspirational Food,9513448646,a6fc4e6a40,restaurant__250.png,The dining room,{'_content': 'The dining room'}
2,https://live.staticflickr.com/2261/2198155034_c60468763a_o.jpg,mollydot,2198155034,533e8e39d0,restaurant__251.png,IMG_7160,"{'_content': 'We stopped off for an early dinner in a nice place in a park in Masterton. If it had been running, we could have seen a miniature train running around an island in the nearby lake.'}"
1,https://live.staticflickr.com/8716/17100243068_88d0eca6df_o.jpg,Hotel Angerer-Hof,17100243068,4f1a86796c,restaurant__237.png,Restaurant,"{'_content': 'Im Restaurant erwarten Sie Schmankerl aus der Region. #angererhof #apfellandstubenbergsee #essen \n<a href=""https://www.angerer-hof.at/restaurant.html"" rel=""nofollow"">www.angerer-hof.at/restaurant.html</a>'}"
1,https://live.staticflickr.com/2102/2534984462_548d39be13_o.jpg,mhaithaca,2534984462,62bcac3503,restaurant__238.png,Restaurant,{'_content': ''}
1,https://live.staticflickr.com/214/489738805_af4622e6e8_o.jpg,Barquisimeto - Ciudad Crepuscular,489738805,31388fa2cd,restaurant__239.png,Restaurant Casa Blanca,{'_content': 'Renders del Restaurant para el Hotel Los leones\r\nDiseño de Arquimedia C.A. Fecha estimada de Inauguración: Finales de Julio del 2007'}
1,https://live.staticflickr.com/8402/9004239925_e72c15107b_o.jpg,Palm Camayenne,9004239925,8189b62699,restaurant__240.png,Restaurant,{'_content': ''}
1,https://live.staticflickr.com/3653/3355062360_6d07f555e4_o.jpg,Les_Stockton,3355062360,1766856d24,restaurant__241.png,IMG_4259_1600x1067,{'_content': ''}
1,https://live.staticflickr.com/7393/16292646268_e373ce9936_o.jpg,NatBat,16292646268,8b8c69d3d8,restaurant__242.png,Lunch,{'_content': ''}
1,https://live.staticflickr.com/4230/35483802060_652a00b561_o.jpg,pindarninja,35483802060,22a1a61dff,restaurant__243.png,A cafe,{'_content': ''}
1,https://live.staticflickr.com/1374/1291889053_918d9b113c_o.jpg,emilychang,1291889053,cb62c87625,restaurant__244.png,herbivore,{'_content': ''}
1,https://live.staticflickr.com/3652/3472099964_ee735ab4a7_o.jpg,AMWRanes,3472099964,cd3e97405d,restaurant__245.png,Trifon Zarezan Restaurant,"{'_content': 'Not really on the way to Plovdiv, but it was this trip.'}"
1,https://live.staticflickr.com/4006/5166794544_f0d4c50d16_o.jpg,Jason Whittaker,5166794544,4ec4f39985,restaurant__246.png,Claridge's,{'_content': ''}
1,https://live.staticflickr.com/65535/51788538175_ffd6562077_o.jpg,Fernando Sa Rapita,51788538175,a1aebc2b6d,restaurant__161.png,DSC05650 Fosshótel Glacier Lagoon,{'_content': 'I like that lamp'}
1,https://live.staticflickr.com/65535/51787666731_a401102ef7_o.jpg,Fernando Sa Rapita,51787666731,b690ae4f98,restaurant__162.png,DSC04928 Bjargarsteinn Mathús,{'_content': 'A nice and fantastic restaurant in Grundarfjordur'}
1,https://live.staticflickr.com/65535/53744430364_fdd187717f_o.jpg,Tranquiligold,53744430364,db89e06504,restaurant__163.png,Berber Hospitality,"{'_content': 'Merzouga, Morocco.\nMerzouga is located on a trading route and was once a pilgrimage town for Berber tribes. The traditional architecture of the Berbers is characterized by buildings made from pise, or red mud clay bricks that have been dried in the sun. \n'}"
1,https://live.staticflickr.com/273/19701109443_009b05fe99_o.jpg,Ted's photos - Stand With Ukraine,19701109443,5372d3418d,restaurant__164.png,2015 - Hoorn - Cafe 't Schippershuis,"{'_content': ""Stopped by the patio of this restaurant next to the Main Tower  (Hoofdtoren) for a break and a beer.  Did not realize how inviting the interior was until we were paying the bill.\n\nIt is Cafe 't Schippershuis.  They advertise as &quot;Het enige echte kleine cafe aan de haven&quot;  -  The only real small cafe on the harbor.\n\n""}"
1,https://live.staticflickr.com/5635/31008141342_c60cfca9e1_o.jpg,Nicholas Eckhart,31008141342,4049bfff85,restaurant__165.png,Sonic Interior...,"{'_content': 'This Sonic in Athens, Ohio reuses a former Rax Roast Beef location. This Sonic location has an indoor dining room and drive-thru, but no drive-in stalls like a typical Sonic location would have. It is also worth mentioning that this location is close to Ohio University so it seemed pretty busy; I noticed a lot of people biked or walked here.\n\nSonic (Former Rax) - East Stimson Avenue - Athens, Ohio\n\n*Feel free to use this photo, or any others in this photostream, for any use that is non-commercial. Please make sure to provide credit for the photo(s). Please contact me at eckhartnicholas@yahoo.com for questions or permission for commercial use.*'}"
1,https://live.staticflickr.com/5658/30783581450_8b549402d3_o.jpg,Nicholas Eckhart,30783581450,ba8f441d49,restaurant__144.png,Uno Interior,"{'_content': 'The interior of the restaurant. \n\nAn Uno Chicago Grill location in Dublin, Ohio. I like Uno, but I have noticed a lot of them closing down lately. I hope this one will stay open...\n\n*Feel free to use this photo, or any others in this photostream, for any use that is non-commercial. Please make sure to provide credit for the photo(s). Please contact me at eckhartnicholas@yahoo.com for questions or permission for commercial use.*'}"
1,https://live.staticflickr.com/2521/4161871291_98be431808_o.jpg,ZagatBuzz,4161871291,edd8068601,restaurant__145.png,Barton G. The Restaurant - Interior,"{'_content': 'The flashy <a href=""http://www.zagat.com/Verticals/PropertyDetails.aspx?VID=8&amp;R=52621"" rel=""nofollow"">Barton G. The Restaurant</a> serves generous portions of New American cuisine in South Beach. '}"
1,https://live.staticflickr.com/8552/29932539312_192b829fb2_o.jpg,romleys,29932539312,d53421dee3,restaurant__146.png,"Howard Johnson's Motor Lodge and Restaurant Cookeville,TN","{'_content': ""Former Howard Johnson's Motor Lodge and Restaurant located at 2021 East Spring St. in Cookeville,TN.  The motor lodge is currently operating under the name Alpine Inn &amp; Suites with the restaurant currently occupied by a mexican restaurant operating under the name Fiesta Cancun Mexican Grill.  The motor lodge is hands down one of the most intact Howard Johnson's locations left in the Country.  The family which operates the Alpine Inn are the ORIGINAL owners of the Howard Johnson's and are very proud of their property keeping its original features yet keeping updated with the times.  Each room retains their original &quot;pamper panels&quot; which were bedside switches that lit up lights around the room with the push of a button.  Another notable feature was each room throughout the property still having their own private patio one of many features unique to the Howard Johnson's chain.  The interior of the gate lodge is still largely intact even the &quot;rapid reservation&quot; booth remains although local, tourist guides have been put in the place of the HJ directories.  The restaurant on site which has been occupied by a number of restaurants over the years still has its eye-catching signature orange roof.  The restaurant has been renovated over the years although their are a few holdovers most notably the copper hoods and modified dairy bar decor which now serves as the mirrored backdrop which now reflects the liquor bottles on display.  I would like to personally thank Martina and her son Peter for their excellent hospitality and rich knowledge of the Howard Johnson's chain!  I should note that due to limited space the gate lodge will be demolished on November 1st 2016 and replaced with a larger guest lobby.  Both Martina and her son Peter were very hesitant to get rid of their iconic gate lodge but decided it was for the better as the structure was becoming dated and succumbing to weather related damage over the years.""}"
1,https://live.staticflickr.com/1846/43706087764_591b38509d_o.jpg,romleys,43706087764,f5fe020de7,restaurant__147.png,"Howard Johnson's Restaurant Richmond Heights,MO","{'_content': ""Former Howard Johnson's Restaurant located at 7590 Clayton Rd. in Richmond Heights,MO.  The franchisee of this location ceased their affiliation with HJ in 1985 and renamed their establishment Layton's Restaurant.  The Giessow family had operated this HJ location since 1959 up until their retirement on June 30th 2004.  The Giessow's kept this property remarkably intact and retained numerous holdovers from HoJo's up until the day the closed the restaurant.  The orange roof was removed in the late 1980s and the exterior was slightly altered soon thereafter.  The interior of the restaurant retained numerous original fixtures dating back to when the restaurant opened for business back in 1955!  I had a talk with a landscaper working on the property who said there has been a bitter family dispute over the land where the once successful restaurant is located.  He stated that his company comes by every week to keep the property maintained and that the parking lot was repaved in 2017 yet the restaurant is still vacant. It is remarkable and somewhat eerie to see such an intact HJ property sitting empty yet fully intact with the daily specials still written on a whiteboard and even a few original HJ Ice Cream dishes on the dairy bar!""}"
1,https://live.staticflickr.com/4793/38901758410_66d792bc55_o.jpg,joeldinda,38901758410,e431060218,restaurant__148.png,Harrington's by the Bay,"{'_content': '<i>A thirteen-photo vacation album.</i>\n\nWe\'ve been eating at <a href=""http://www.harringtonsbythebay.com/"" rel=""nofollow"">Harrington\'s</a> (and its predecessor, Freshwater Lodge) for many years. The prices have increased over time, and the food\'s gotten fancier. \n\nWe keep going back, so they\'re doing something right.'}"
1,https://live.staticflickr.com/3338/5829639763_2a41ca47df_o.jpg,Kodjii,5829639763,1d38394452,restaurant__149.png,Tiki Bar.,"{'_content': 'One of the dinner area at the Forbes Island restaurant, San Francisco.'}"
1,https://live.staticflickr.com/2607/3771065245_d83aa32ab3_o.jpg,ZagatBuzz,3771065245,4c59817ac8,restaurant__150.png,Cafe Troia - Interior,"{'_content': '<a href=""http://www.zagat.com/Verticals/PropertyDetails.aspx?VID=8&amp;R=74473"" rel=""nofollow""> Cafe Troia </a> is a family-owned Italian restaurant in Towson.'}"
1,https://live.staticflickr.com/2724/4425773834_3228b8596d_o.jpg,ZagatBuzz,4425773834,2405e9748f,restaurant__151.png,Classic Cafe at Roanoke - Interior,"{'_content': 'Located in Roanoke, <a href=""http://www.zagat.com/Verticals/PropertyDetails.aspx?VID=8&amp;R=65062"" rel=""nofollow"">Classic Cafe at Roanoke</a> serves New American cuisine in a romantic setting indoors or outdoors. '}"
1,https://live.staticflickr.com/5743/29932544502_efa7115ee0_o.jpg,romleys,29932544502,351221e112,restaurant__152.png,"Howard Johnson's Motor Lodge and Restaurant Cookeville,TN","{'_content': ""Former Howard Johnson's Motor Lodge and Restaurant located at 2021 East Spring St. in Cookeville,TN.  The motor lodge is currently operating under the name Alpine Inn &amp; Suites with the restaurant currently occupied by a mexican restaurant operating under the name Fiesta Cancun Mexican Grill.  The motor lodge is hands down one of the most intact Howard Johnson's locations left in the Country.  The family which operates the Alpine Inn are the ORIGINAL owners of the Howard Johnson's and are very proud of their property keeping its original features yet keeping updated with the times.  Each room retains their original &quot;pamper panels&quot; which were bedside switches that lit up lights around the room with the push of a button.  Another notable feature was each room throughout the property still having their own private patio one of many features unique to the Howard Johnson's chain.  The interior of the gate lodge is still largely intact even the &quot;rapid reservation&quot; booth remains although local, tourist guides have been put in the place of the HJ directories.  The restaurant on site which has been occupied by a number of restaurants over the years still has its eye-catching signature orange roof.  The restaurant has been renovated over the years although their are a few holdovers most notably the copper hoods and modified dairy bar decor which now serves as the mirrored backdrop which now reflects the liquor bottles on display.  I would like to personally thank Martina and her son Peter for their excellent hospitality and rich knowledge of the Howard Johnson's chain!  I should note that due to limited space the gate lodge will be demolished on November 1st 2016 and replaced with a larger guest lobby.  Both Martina and her son Peter were very hesitant to get rid of their iconic gate lodge but decided it was for the better as the structure was becoming dated and succumbing to weather related damage over the years.""}"
1,https://live.staticflickr.com/4153/5192018484_3b854c05d8_o.jpg,Pablo Monteagudo,5192018484,a7525dc751,restaurant__153.png,Restaurante Cafu Du Monde – Quebec,{'_content': 'Salón interior'}
1,https://live.staticflickr.com/3598/3348668353_e4ee7d6c86_o.jpg,ZagatBuzz,3348668353,a4984c46e7,restaurant__154.png,Aureole,"{'_content': ""The interior at Charlie Palmer's restaurant  Aureole.""}"
1,https://live.staticflickr.com/4022/4438840873_4ab51c9ff2_o.jpg,ZagatBuzz,4438840873,488167c12a,restaurant__155.png,The Beachcomber Café - Newport - Interior,"{'_content': 'Located on in Malibu and Newport, <a href=""http://www.zagat.com/Verticals/PropertyDetails.aspx?VID=8&amp;R=109884"" rel=""nofollow"">The Beachcomber Cafe</a> serves &quot;solid&quot; hamburgers and breakfasts.'}"
1,https://live.staticflickr.com/2508/4337179006_9a6ca2b4b8_o.jpg,ZagatBuzz,4337179006,c838a76e9b,restaurant__156.png,Lake Club - Interior,"{'_content': 'A &quot;gem&quot; on an island off of Staten Island, <a href=""http://www.zagat.com/Verticals/PropertyDetails.aspx?VID=8&amp;R=63576"" rel=""nofollow"">Lake Club</a> serves a Continental-Eclectic menu perfect for special occasions.'}"
1,https://live.staticflickr.com/2797/4387179177_49ff16bbfb_o.jpg,ZagatBuzz,4387179177,644fc52afb,restaurant__157.png,Co-Si-Na Grill - Interior,"{'_content': '<a href=""http://www.zagat.com/Verticals/PropertyDetails.aspx?VID=8&amp;R=145822"" rel=""nofollow"">Co-Si-Na Grill</a> is an affordable taqueria in Andersonville that\'s open for lunch and dinner. '}"
1,https://live.staticflickr.com/2505/4005413494_dedffe5474_o.jpg,ZagatBuzz,4005413494,dc25cb0ab9,restaurant__158.png,Yerba Buena - Greenwich Village - Interior,"{'_content': 'Located in <a href=""http://www.zagat.com/Verticals/PropertyDetails.aspx?VID=8&amp;R=144624"" rel=""nofollow"">Greenwich Village</a> and the <a href=""http://www.zagat.com/Verticals/PropertyDetails.aspx?VID=8&amp;R=133725"" rel=""nofollow"">East Village</a>, chef Julian Medina\'s Yerba Buena offers a &quot;fresh approach&quot; to Pan-Latin.'}"
1,https://live.staticflickr.com/2679/4442094880_0d457dd3b3_o.jpg,ZagatBuzz,4442094880,cb7815c046,restaurant__159.png,Annalien - Interior,"{'_content': 'Located in Napa, <a href=""http://www.zagat.com/Verticals/PropertyDetails.aspx?VID=8&amp;R=100468"" rel=""nofollow"">Annalien</a> serves Vietnamese in &quot;\'Californian cuisine\' country&quot;.'}"
1,https://live.staticflickr.com/3087/3221471226_460d6e01ab_o.jpg,Scorpions and Centaurs,3221471226,8ce59a0800,restaurant__160.png,Interior - The Birch at Woburn,{'_content': ''}
2,https://live.staticflickr.com/4795/39170967890_e50bdc017c_o.jpg,acme london,39170967890,4771afb974,restaurant__132.png,2018-03-FL-175077,{'_content': '                               '}
2,https://live.staticflickr.com/1745/42802359371_0e1cf22c3b_o.jpg,acme london,42802359371,621753d74c,restaurant__133.png,2018-06-FL-190933,{'_content': '                               '}
2,https://live.staticflickr.com/850/43134296064_c0e029341b_o.jpg,acme london,43134296064,15e7374b94,restaurant__134.png,2018-08-FL-193925,{'_content': 'nor'}
2,https://live.staticflickr.com/969/40866144925_22c1ce3ee8_o.jpg,acme london,40866144925,89aaf0357b,restaurant__135.png,2018-04-FL-184029,{'_content': '                               '}
2,https://live.staticflickr.com/1772/43134293914_6b14935dd8_o.jpg,acme london,43134293914,d83b1eb287,restaurant__136.png,2018-08-FL-193928,{'_content': 'nor'}
2,https://live.staticflickr.com/4114/4781685703_6d79550912_o.jpg,bittermelon,4781685703,1ecc702884,restaurant__137.png,Citizens Band,{'_content': '(c) Jennifer Yin / Eater SF'}
2,https://live.staticflickr.com/884/40991770660_26ed5b6e0b_o.jpg,acme london,40991770660,a461006edf,restaurant__138.png,2018-06-FL-190936,{'_content': '                               '}
2,https://live.staticflickr.com/905/40866155665_c32e50fbea_o.jpg,acme london,40866155665,c07f483b27,restaurant__139.png,2018-04-FL-184027,{'_content': '                               '}
2,https://live.staticflickr.com/805/40938076792_c06bd6b231_o.jpg,acme london,40938076792,4ff34d8f40,restaurant__140.png,2018-03-FL-175084,{'_content': '                               '}
2,https://live.staticflickr.com/4908/30785245917_1e3d7d9b6d_o.jpg,acme london,30785245917,cc720d857f,restaurant__141.png,2018-11-FL-198802,{'_content': 'nor'}
2,https://live.staticflickr.com/65535/51925421879_d22851d0ff_o.jpg,raymondclarkeimages,51925421879,9398b03fa7,restaurant__142.png,Rat's Restaurant,{'_content': ''}
2,https://live.staticflickr.com/65535/48620582947_c06b1e3e3e_o.jpg,tahewitt,48620582947,4d81bcafc0,restaurant__143.png,Taqueria,{'_content': ''}
2,https://live.staticflickr.com/5541/11246744853_7688b40602_o.jpg,ChrisGoldNY,11246744853,6047e02a1b,restaurant__108.png,"Restaurant in the Lobby of the Raleigh Hotel in South Beach - Miami Beach, FL",{'_content': ''}
2,https://live.staticflickr.com/4671/39140016124_f2fb4b116c_o.jpg,ChrisGoldNY,39140016124,ff06dd228f,restaurant__109.png,"Cafe Select - SoHo, NYC",{'_content': ''}
2,https://live.staticflickr.com/978/41317158455_ba24327c90_o.jpg,acme london,41317158455,70bf37a503,restaurant__110.png,2018-05-FL-185510,{'_content': 'nor'}
2,https://live.staticflickr.com/3151/3030205143_2f1c0718f0_o.jpg,bittermelon,3030205143,047154a744,restaurant__111.png,gitane,"{'_content': 'lamps that evoke 70s swingers era, and mirrored credenza in the back topped with huge white salt n pepper shakers'}"
2,https://live.staticflickr.com/832/41317163035_595fe6bc03_o.jpg,acme london,41317163035,67b520396b,restaurant__112.png,2018-05-FL-185507,{'_content': 'nor'}
2,https://live.staticflickr.com/2628/4089578793_88cc3e06ac_o.jpg,bittermelon,4089578793,62c88dd8a2,restaurant__113.png,Mayes Oyster & Steak House,"{'_content': ""mirror mirror on the wall, who's the _________ of them all?""}"
2,https://live.staticflickr.com/3231/3031029982_cfbdfd543d_o.jpg,bittermelon,3031029982,308483a263,restaurant__114.png,gitane,{'_content': 'upstairs dining room. lots going on'}
2,https://live.staticflickr.com/2777/4051752698_717cfb4baa_o.jpg,bittermelon,4051752698,a57e90327e,restaurant__115.png,Quince,{'_content': ''}
2,https://live.staticflickr.com/2664/4014424053_e401b025d3_o.jpg,bittermelon,4014424053,dee9fbc2b9,restaurant__116.png,Burger Bar,{'_content': 'that there is the milkshake bar'}
2,https://live.staticflickr.com/982/41496686304_101858d962_o.jpg,acme london,41496686304,0ae7e03fdd,restaurant__117.png,2018-05-FL-185518,{'_content': 'nor'}
2,https://live.staticflickr.com/2460/4050984453_e9155b5586_o.jpg,bittermelon,4050984453,3384535830,restaurant__118.png,Quince,{'_content': ''}
2,https://live.staticflickr.com/3478/4050992571_e366c47003_o.jpg,bittermelon,4050992571,a3bffc3d08,restaurant__119.png,Quince,{'_content': ''}
2,https://live.staticflickr.com/3491/4050976997_f55d8cbff7_o.jpg,bittermelon,4050976997,9bfd66c6a8,restaurant__120.png,Quince,{'_content': ''}
2,https://live.staticflickr.com/5528/11246695066_4be8fbfba4_o.jpg,ChrisGoldNY,11246695066,28f7663e80,restaurant__121.png,"Restaurant in the Lobby of the Raleigh Hotel in South Beach - Miami Beach, FL",{'_content': ''}
2,https://live.staticflickr.com/5699/20654381132_bc8fd15d17_o.jpg,Kotomi_,20654381132,066d75ce3a,restaurant__122.png,Auberge des deux Tonneaux - Pierrefitte-en-Auge,{'_content': ''}
2,https://live.staticflickr.com/2656/4014425575_a32ee73148_o.jpg,bittermelon,4014425575,df75cbce83,restaurant__123.png,Burger Bar,{'_content': ''}
2,https://live.staticflickr.com/2680/4090343840_74b3ebc1d9_o.jpg,bittermelon,4090343840,6865c99c7e,restaurant__124.png,Mayes Oyster & Steak House,{'_content': 'dramatic draping'}
2,https://live.staticflickr.com/795/39170971940_3c9926ae4c_o.jpg,acme london,39170971940,44d8269894,restaurant__125.png,2018-03-FL-175075,{'_content': '                               '}
2,https://live.staticflickr.com/2778/4050982635_7c7fbaa349_o.jpg,bittermelon,4050982635,cc053aaf70,restaurant__126.png,Quince,{'_content': ''}
2,https://live.staticflickr.com/4879/46678823824_4422e58bc9_o.jpg,acme london,46678823824,ce284317cf,restaurant__127.png,2019-03-FL-204642,{'_content': 'nor'}
2,https://live.staticflickr.com/957/41765764081_6b412f7e29_o.jpg,acme london,41765764081,9749b78473,restaurant__128.png,2018-04-FL-184059,{'_content': '                               '}
2,https://live.staticflickr.com/2395/3586323372_08a4714e72_o.jpg,bittermelon,3586323372,dba5d23baa,restaurant__129.png,Flour + Water,{'_content': ''}
2,https://live.staticflickr.com/957/41316773685_58654621c4_o.jpg,acme london,41316773685,9ee54eeb4b,restaurant__130.png,2018-05-FL-185163,{'_content': 'rrem'}
2,https://live.staticflickr.com/2510/4151716590_02a97197f5_o.jpg,bittermelon,4151716590,0d71798cee,restaurant__131.png,Frances,{'_content': ''}
3,https://live.staticflickr.com/5161/5373004690_604b6b7ec7_o.jpg,Felipe Neves,5373004690,f15ee9aa87,restaurant__101.png,Bar do Beto I,{'_content': 'Catalog shots'}
3,https://live.staticflickr.com/8189/8400169519_2cb50cdb0e_o.jpg,One More Bite Blog,8400169519,6a6a9d5d49,restaurant__102.png,The Hart and the Hunter restaurant interior design,"{'_content': '<a href=""http://onemorebiteblog.blogspot.com/2013/01/the-hart-and-hunter-bountiful-brunch-at.html"" rel=""nofollow"">onemorebiteblog.blogspot.com/2013/01/the-hart-and-hunter-...</a>'}"
3,https://live.staticflickr.com/752/32717966736_7ef6d81378_o.jpg,onemorebiteblog,32717966736,2173334baf,restaurant__103.png,SHARE by Curtis Stone dining room Princess Cruises,"{'_content': '<a href=""http://onemorebiteblog.blogspot.com/2017/02/share-by-curtis-stone-Princess-Cruises-dining.html"" rel=""nofollow"">onemorebiteblog.blogspot.com/2017/02/share-by-curtis-ston...</a>'}"
3,https://live.staticflickr.com/5049/5373004686_0383c1a78b_o.jpg,Felipe Neves,5373004686,7cb38bcfd1,restaurant__104.png,Bar do Beto I,{'_content': 'Catalog shots'}
3,https://live.staticflickr.com/2933/33097529413_7d72f7759e_o.jpg,jpmm,33097529413,98da939f21,restaurant__105.png,Pippers,"{'_content': '<a href=""http://creativecommons.org/licenses/by-nc-nd/3.0/nl/"" rel=""nofollow""></a>Op dit werk is een <a href=""http://creativecommons.org/licenses/by-nc-nd/3.0/nl/"" rel=""nofollow"">Creative Commons Licentie</a> van toepassing.'}"
3,https://live.staticflickr.com/1363/1224262197_ffdbe8595b_o.jpg,bewarenerd,1224262197,4d9bb5042f,restaurant__106.png,2007-08-24   Supper at Tong Shui Cafe - 01 restaurant interior 1 pink,{'_content': ''}
3,https://live.staticflickr.com/65535/51690388727_4a7b0387d5_o.jpg,Photomatt28,51690388727,1dded8fd0a,restaurant__107.png,Blue Ribbon Restaurant - Cosmopolitan - Las Vegas,{'_content': 'Restaurant interiors at the Cosmopolitan Hotel in Las Vegas'}
3,https://live.staticflickr.com/4194/33905666073_6bb82db6c1_o.jpg,Ben Chen Photography,33905666073,fb80e989a9,restaurant__84.png,Interior,{'_content': ''}
3,https://live.staticflickr.com/4264/34267314364_8d84b0c789_o.jpg,Ben Chen Photography,34267314364,944cce02da,restaurant__85.png,Interior,{'_content': ''}
3,https://live.staticflickr.com/7428/11431293656_1bc791b13b_o.jpg,zuuev,11431293656,1aed8e408a,restaurant__86.png,Интерьер ресторана Sud & Cie при гостинице Ibis,{'_content': ''}
3,https://live.staticflickr.com/7327/9114046035_f464f28778_o.jpg,JPressClub,9114046035,f3f442b070,restaurant__87.png,Interior of the Touro Restaurant,{'_content': 'Our Club Restaurant &amp; Bar offers exquisite Mediterranean cuisine by Chef Ashkenazi.'}
3,https://live.staticflickr.com/7100/7303049252_219fd85b83_o.jpg,I-5 Design & Manufacture,7303049252,42ab5a4186,restaurant__88.png,Interior Design | Restaurant Design | Interior Restaurant Design | Creek Nation One Fire Casino | Council Oak Restaurant Okmulgee Oklahoma,"{'_content': 'Council Oak is the restaurant inside of Creek Nation Casino in Okmulgee Oklahoma. For this <a href=""http://www.i5design.com/restaurant-design/"" rel=""nofollow"">restaurant design </a> we wanted to create a haven away from the fast pace of the gaming floor. The torchieres installed on top of the custom designed half wall helped to create the calming warm environment. Everything from the lighting, furniture design and placement, flooring, wall coverings etc… was custom designed, manufactured and installed. To see more examples of <a href=""http://www.i5design.com/restaurant-design/"" rel=""nofollow"">restaurant design </a> click here.'}"
3,https://live.staticflickr.com/8061/8265801535_9e306ab0e6_o.jpg,Fito Rodríguez,8265801535,069320410d,restaurant__89.png,Niajo Restaurant Interior Design,{'_content': 'Designed by Fito Rodríguez.'}
3,https://live.staticflickr.com/7265/7488240228_63f211cee8_o.jpg,I-5 Design & Manufacture,7488240228,2b645b9f77,restaurant__90.png,Interior Casino Design | Buffet Design | Restaurant Design | Interior Buffet Design | Custom Lighting Design| Design | Santa Ana Star Casino,"{'_content': 'For the <a href=""http://www.i5design.com/casino-design/santa-ana-star-casino/"" rel=""nofollow"">Feast Buffet at Santa Ana Casino in Santa Fe New Mexico</a>, I-5 Design did a complete remodel. <a href=""http://www.i5design.com/casino-design/santa-ana-star-casino/"" rel=""nofollow"">Custom lighting design</a> was included in the overall package, consisting of custom chandeliers, perimeter lighting and illuminated custom stained glass. All the lighting elements for this <a href=""http://www.i5design.com/casino-design/santa-ana-star-casino/"" rel=""nofollow"">buffet design </a> were created with a southwest inspired design motif casting a warm glow into the seating areas below. To see more examples of <a href=""http://www.i5design.com/casino-design/"" rel=""nofollow"">casino design</a>, click here.'}"
3,https://live.staticflickr.com/3093/2728066750_f3bfa90592_o.jpg,Anguskirk,2728066750,644c7d17dc,restaurant__91.png,"Verd i Vent Restaurant, Maserof, Costa Blanca",{'_content': '\n\nThis picturesque restaurant beautifully situated in the Sierra Bernia has been converted from ancient farm buildings. It is reached by a lovely mountain drive from Jalon'}
3,https://live.staticflickr.com/2222/2412504240_72d42a07d0_o.jpg,sequelguy,2412504240,6b773f5f15,restaurant__92.png,Cafe Pirouette Interior,{'_content': ''}
3,https://live.staticflickr.com/5014/5436478153_afbb8df8f5_o.jpg,I-5 Design & Manufacture,5436478153,dddcdd23d3,restaurant__93.png,F & B Design | Interior Buffet Décor | Buffet Decor Design | Casino Buffet Upgrade | Casino Interior Buffet | Clearwater Casino,"{'_content': 'This is the interior of the Cedar Long House Buffet in the Clearwater Casino which is located in Poulsbo Washington. One of the main elements that transformed this previously dated interior into a warm and inviting buffet is the cedar wood ceiling beams and custom amber mica chandeliers.  Click here to see more <a href=""http://www.i5design.com/casino-design/"" rel=""nofollow"">casino upgrades</a>'}"
3,https://live.staticflickr.com/4745/25064316837_0694847e64_o.jpg,JLS Photography - Alaska,25064316837,1cd6e7e67b,restaurant__94.png,From my table,"{'_content': 'I usually cozy in a place where I can people watch, and I did the same inside the Braeburn Lodge. I met people from all over the world while enjoying my lunch. Some folks had arrived all the way from Australia. Enlarge the image to enjoy my view. Notice the barrel stove on the far side of the room. It can keep the place toasty warm no matter what the temperatures might be outside. '}"
3,https://live.staticflickr.com/2824/12111496956_d815c9173a_o.jpg,wenzday01,12111496956,9008ea2c9e,restaurant__95.png,Boston Lunch,{'_content': ''}
3,https://live.staticflickr.com/3808/8764026898_b3c8b769a9_o.jpg,britfatcat,8764026898,b7f4030791,restaurant__96.png,"廣州白雲賓館祥雲西餐廳（Xiangyun Western Restaurant, Baiyun Hotel, Canton）",{'_content': ''}
3,https://live.staticflickr.com/7711/26799019791_f57d46227c_o.jpg,Stratman2,26799019791,9d7c0b3ac0,restaurant__97.png,Casa Osiana dining room.,{'_content': ''}
3,https://live.staticflickr.com/4120/5431897539_6013580250_o.jpg,I-5 Design & Manufacture,5431897539,300e12cfab,restaurant__98.png,Casino Buffet Remodel | Casino Food & Beverage Design | Buffet Decor Design | Casino Restaurant Décor | Clearwater Casino,"{'_content': 'This is the interior of the Cedar Long House Buffet inside of the Clearwater Casino, located in Poulsbo, Washington. I-5 Design and Manufacture completely transformed the look of this buffet from cold and stark to warm and inviting by adding natural wood beams, river rock columns, custom mica chandeliers, custom carpet and much more. To view more <a href=""http://www.i5design.com/casino-design?"" rel=""nofollow"">casino decor</a> and design elements see the project profile.'}"
3,https://live.staticflickr.com/4059/4417136705_22f03139f0_o.jpg,quite peculiar,4417136705,4887e6cdb6,restaurant__99.png,the blues kitchen interior,{'_content': ''}
3,https://live.staticflickr.com/8008/7488174562_2c3c7e50b9_o.jpg,I-5 Design & Manufacture,7488174562,e6e5f3dfdf,restaurant__100.png,Interior Casino Design | Buffet Design | Restaurant Design | Interior Buffet Design | Wall Mural Design | Santa Ana Star Casino,"{'_content': 'I-5 Design &amp; Manufacture remodeled the Feast Buffet at Santa Ana Star Casino in Santa Fe, New Mexico. In the <a href=""http://www.i5design.com/casino-design/santa-ana-star-casino/"" rel=""nofollow"">buffet design </a> we created custom <a href=""http://www.i5design.com/casino-design/santa-ana-star-casino/"" rel=""nofollow"">wall murals </a> to display the variety of options and add visual interest at the buffet line. With specialty area signage the <a href=""http://www.i5design.com/casino-design/santa-ana-star-casino/"" rel=""nofollow"">interior buffet design </a> helped to create an easy flowing buffet space and a place for patrons to dine away from the fast pace gaming floor. To see more examples of <a href=""http://www.i5design.com/casino-design/"" rel=""nofollow"">casino design</a>, click here.'}"
4,https://live.staticflickr.com/3794/10818561416_3ea2e69dda_o.jpg,Sam Howzit,10818561416,c787368abc,restaurant__77.png,Interior,"{'_content': 'Interior of Encounter Restaurant &amp; Bar at Los Angeles International Airport. See: <a href=""http://www.encounterlax.com"" rel=""nofollow"">www.encounterlax.com</a>'}"
4,https://live.staticflickr.com/65535/52119457962_26b3a81945_o.jpg,sarahstierch,52119457962,9c99a08c3c,restaurant__78.png,Interior,"{'_content': ""Noble Roman's Craft Pizza &amp; Pub, Greenwood, Indiana""}"
4,https://live.staticflickr.com/65535/48735919396_5b239c2cea_o.jpg,monkeywing,48735919396,449d972899,restaurant__79.png,blender bar v14 wip,"{'_content': 'created in blender 3d - work in progress - inspired by amazing photos of coupette bar in London.  \n<a href=""https://drinkup.london/bars/14825/coupette/"" rel=""noreferrer nofollow"">drinkup.london/bars/14825/coupette/</a>\n\nTextures + models of chairs, bottles, coffee maker and globe ornament thanks to poliigon'}"
4,https://live.staticflickr.com/2325/5747392651_7be6e417a5_o.jpg,www.theedinburghblog.co.uk,5747392651,670b51280c,restaurant__80.png,"Interior of Mezbaan restaurant, Edinburgh","{'_content': 'Review soon <a href=""http://www.theedinburghblog.co.uk"" rel=""nofollow"">www.theedinburghblog.co.uk</a>'}"
4,https://live.staticflickr.com/8428/7894456136_a68fdfc02f_o.jpg,nSeika,7894456136,28a1c54c4c,restaurant__81.png,Hanami,"{'_content': ""Hanami restaurant on second floor of Cosmo supermarket building, Bulungan, Jakarta.\nMost of the menu are western food, so I think it's more a Japan style family restaurant rather than a Japanese food restaurant, despite of the name.""}"
4,https://live.staticflickr.com/65535/52462629173_27ebc81c56_o.jpg,Sharon Hahn Darlin,52462629173,7faa2cefc2,restaurant__82.png,"Elbasan, Albania",{'_content': 'Restorant Namanzgja'}
4,https://live.staticflickr.com/8089/8594860549_3b69fc1570_o.jpg,TheDeliciousLife,8594860549,a2c2e3a0e6,restaurant__83.png,SPACCA - Interior,{'_content': 'dining room shots of chiSPACCA'}
4,https://live.staticflickr.com/1889/30669310608_61c2704f2b_o.jpg,Park City Area Restaurant,30669310608,cb9ebdc214,restaurant__65.png,Bar interior,"{'_content': 'Free for commercial use with attribution.\n\nPlease link the photo credit to parkcityrestaurants.com.\n\n \nPhotos are provided in good faith that they will not be used in ways that are criminal, defamatory, hateful, degrading, unlawful or to promote or sell illegal drugs, pornography, or weapons.'}"
4,https://live.staticflickr.com/2852/12221933993_093a0f0324_o.jpg,outreachr.com,12221933993,fe0bd6c28e,restaurant__66.png,Gorgeous Luxe Restaurant,{'_content': ''}
4,https://live.staticflickr.com/5085/5271254760_9abe7720b5_o.jpg,Calgary Reviews,5271254760,b7afcc7342,restaurant__67.png,Calgary Alberta Canada Nellies Cosmic Cafe 17th Avenue Interior Decoration,"{'_content': '<a href=""http://www.calgaryreviews.ca/restaurants/nellies-cosmic-cafe-17th-avenue/"" rel=""nofollow"">Nellies Cosmic Cafe</a> at <a href=""http://www.calgaryreviews.ca/restaurants/nellies-cosmic-cafe-17th-avenue/"" rel=""nofollow"">Calgary Reviews</a>'}"
4,https://live.staticflickr.com/25/47302198_90da4f5e93_o.jpg,imjoshdotcom,47302198,90da4f5e93,restaurant__68.png,Mustard Seed Interior,{'_content': 'Interior of Mstard Seed restaurant'}
4,https://live.staticflickr.com/8356/29639242892_68075c2312_o.jpg,kurmanstaff,29639242892,604d91359a,restaurant__69.png,210 Interior KCI04269,{'_content': ''}
4,https://live.staticflickr.com/4258/35286887165_f3f87b1c81_o.jpg,Patrick Feller,35286887165,a0e35bb51a,restaurant__70.png,"Gulfway Motel & Restaurant, High Island, Texas 1706111300","{'_content': 'The grill\n\n1365 TX-124\nHigh Island, TX 77623\n\n409-286-5217\n\nUnder new ownership since the beginning of 2017\n\nThe Gulf of Mexico and Houston Audubon Society Bird Sanctuaries are within walking distance of the motel.'}"
4,https://live.staticflickr.com/2131/2144759204_83603bd066_o.jpg,dave_mcmt,2144759204,b9c78cc8f3,restaurant__71.png,"Airport Inn, Miles City","{'_content': 'An interior shot of the &quot;new&quot; Airport Inn Restaurant, Miles City, Montana.'}"
4,https://live.staticflickr.com/2701/4283588536_ff4990d594_o.jpg,permanently scatterbrained,4283588536,b78ca8c641,restaurant__72.png,interior of duck noodle soup restaurant,"{'_content': 'yes, it looks like a living room. yes, it pretty much is one.'}"
4,https://live.staticflickr.com/510/32553696522_a8266ba008_o.jpg,hazelnicholson,32553696522,80b7d96589,restaurant__73.png,Interior of Prezzo restaurant,{'_content': ''}
4,https://live.staticflickr.com/2916/14493818356_70f3100753_o.jpg,kurmanstaff,14493818356,ea10558cc9,restaurant__74.png,2006-02-08 19.43.04,{'_content': ''}
4,https://live.staticflickr.com/5052/30006661592_3efba88bd8_o.jpg,kurmanstaff,30006661592,2e19b0dd22,restaurant__75.png,210 interior facing stage from rear KCI04302,{'_content': ''}
4,https://live.staticflickr.com/5812/23326887515_3cb1f83d1a_o.jpg,*rb-photo*,23326887515,3fe20c0358,restaurant__76.png,The Set Table,{'_content': 'At Kasteel Engelenburg'}
5,https://live.staticflickr.com/4483/36992509734_2d16320bdf_o.jpg,Tim Evanson,36992509734,c30d87d2ce,restaurant__58.png,Old Prague Restaurant - Vermillion Ohio,{'_content': 'Interior of Old Prague Restaurant in Vermillion Ohio.'}
5,https://live.staticflickr.com/3629/3347432791_b7b1caa8c3_o.jpg,Joetography LLC,3347432791,11ab329189,restaurant__59.png,The first Wendy's 7-15-2006 (3),"{'_content': 'Here is the interior of the first Wendy’s restaurant, opened by Dave Thomas in downtown Columbus, Ohio on November 15, 1969.  Part of the room is decorated with the type of walls and tables used originally in the restaurant chain. \n\nThese pictures were taken in July, 2006.  Unfortunately, Wendy’s closed this location on March 2, 2007 because of struggling sales.'}"
5,https://live.staticflickr.com/2733/5833827591_4f4314e853_o.jpg,Ewan-M,5833827591,b45a599d30,restaurant__60.png,"Bica do Sapato, Lisbon","{'_content': 'The interior at Bica do Sapato, Av. Infante Dom Henrique.'}"
5,https://live.staticflickr.com/3611/3351036202_425f8aba61_o.jpg,stu_spivack,3351036202,9492b2ee1a,restaurant__61.png,Darna Interior,{'_content': ''}
5,https://live.staticflickr.com/7775/30415293325_37aca3c4de_o.jpg,infomatique,30415293325,ff2e5c4b2c,restaurant__62.png,HANOI HANOI RESTAURANT [INTERIOR]-121898,{'_content': ''}
5,https://live.staticflickr.com/65535/48712952833_e3d600b4a3_o.jpg,Sludge G,48712952833,15a299fc77,restaurant__63.png,Dessau  Das Kornhaus restaurant interior,"{'_content': '<a href=""https://www.bauhaus-dessau.de/en/architecture/bauhaus-buildings-in-dessau/kornhaus.html"" rel=""noreferrer nofollow"">www.bauhaus-dessau.de/en/architecture/bauhaus-buildings-i...</a>\nDas Kornhaus restaurant by Carl Fieger 1929-1930'}"
5,https://live.staticflickr.com/3796/11421765863_42df8ecb33_o.jpg,kurmanstaff,11421765863,e7ee80cbb9,restaurant__64.png,Interior 5,{'_content': ''}
5,https://live.staticflickr.com/4472/36878498974_8586ef3805_o.jpg,tm-md,36878498974,984282599e,restaurant__207.png,Restaurant Jacobsen,{'_content': ''}
5,https://live.staticflickr.com/3549/3351433581_174a45110d_o.jpg,stu_spivack,3351433581,7ac677f027,restaurant__208.png,Darna bar,{'_content': ''}
5,https://live.staticflickr.com/1880/44811965191_2df242c629_o.jpg,allochka22ru,44811965191,5dbb3b4261,restaurant__209.png,restaurant,{'_content': ''}
5,https://live.staticflickr.com/7661/27800212632_bd446c99ce_o.jpg,mastermaq,27800212632,6644a56200,restaurant__210.png,Chartier,{'_content': ''}
5,https://live.staticflickr.com/8397/8614158558_b0306b8733_o.jpg,MikeKalasnik,8614158558,2bb48c3f84,restaurant__211.png,Restaurant,{'_content': ''}
5,https://live.staticflickr.com/7524/27288959323_f0ac90c959_o.jpg,mastermaq,27288959323,8d20a76a86,restaurant__212.png,Farm to Table,{'_content': ''}
5,https://live.staticflickr.com/8/11703870_50d01b59ae_o.jpg,jmv,11703870,50d01b59ae,restaurant__213.png,Vintage diner; modern view,{'_content': 'Watch the Skytrain shuttle from Vancouver to Surrey as you enjoy your meal...'}
5,https://live.staticflickr.com/2864/32987785980_5ab2bd5434_o.jpg,mastermaq,32987785980,050eb8eeb4,restaurant__214.png,Grandin Fish & Chips,{'_content': ''}
5,https://live.staticflickr.com/4126/4946617712_758d47d9b7_o.jpg,Revolweb,4946617712,008f692627,restaurant__215.png,Ristorante Le Puzelle - Santa Severina - Italy,{'_content': 'Agriturismo Le Puzelle Restaurant - Crotone - Calabria - Italy'}
5,https://live.staticflickr.com/3780/10635390113_8f92120f95_o.jpg,markhealey,10635390113,747c9c8841,restaurant__216.png,Bosphorus Restaurant,{'_content': ''}
5,https://live.staticflickr.com/5055/5422352297_3c583f45e9_o.jpg,anniejay,5422352297,a65915327e,restaurant__217.png,restaurant_Chianti,{'_content': ''}
5,https://live.staticflickr.com/3123/2608978642_66cfce61a6_o.jpg,Effervescing Elephant,2608978642,1de31df4a4,restaurant__218.png,The restaurant,{'_content': ''}
5,https://live.staticflickr.com/8196/8117089096_f252d840e4_o.jpg,Mike_fleming,8117089096,96eed07721,restaurant__219.png,Porterhouse Restaurant,{'_content': ''}
5,https://live.staticflickr.com/8747/16974696082_92b3a33fd6_o.jpg,villedeverviers,16974696082,ef99830b07,restaurant__220.png,Harmonie - Salles,{'_content': 'Restaurant'}
5,https://live.staticflickr.com/4064/4644599168_c5d7404140_o.jpg,Occidental Grand Xcaret,4644599168,f2fbf9d0dd,restaurant__221.png,Grand Xcaret Restaurants,"{'_content': '<a href=""http://www.occidentalhotels.com/"" rel=""nofollow"">www.occidentalhotels.com/</a>'}"
5,https://live.staticflickr.com/1696/24186639620_98858c8dd1_o.jpg,Kent Wang,24186639620,8f3d14d5e9,restaurant__222.png,L'Arpege,{'_content': ''}
5,https://live.staticflickr.com/5155/14164087943_f181695501_o.jpg,Navjot Singh - British Journalist and Photographer,14164087943,c0e3828419,restaurant__223.png,Riviera Restaurant,"{'_content': 'Navjot Singh\nAll rights reserved\n<a href=""http://www.navjot-singh.com"" rel=""nofollow"">www.navjot-singh.com</a>\nnavjot@navjot-singh.com'}"
5,https://live.staticflickr.com/5183/5592609034_149d2f6b37_o.jpg,Hotel de la Paix Genève,5592609034,f3fd391c72,restaurant__224.png,Vertig'O restaurant,{'_content': 'Cadre moderne et cuisine raffinée proposée par le Chef Jérôme Manifacier. \n\nModern frame and refined cuisine offered by Chef Jérôme Manifacier '}
5,https://live.staticflickr.com/553/19617646983_40cd427de4_o.jpg,archer10 (Dennis),19617646983,d2e061422b,restaurant__225.png,Germany-00447 - Conference Room,"{'_content': ""PLEASE, NO invitations or self promotions, THEY WILL BE DELETED. My photos are FREE to use, just give me credit and it would be nice if you let me know, thanks.\n\nDown a few steps from the dining room is another large stone-walled room that was used for conferences and occasional parties. This room was the setting for the wedding of Eva Braun's sister, Gretl to SS Officer Hermann Fegelein, on June 3, 1944. The Führer had Fegelein shot for desertion on April 29, 1945, the day before his own suicide in Berlin.\n\nThe red marble fireplace that Mussolini gave to Hitler is still there, minus some pieces chipped off by souvenir hunters.\n---------------------------------------------------------------------------\nHitler's &quot;Eagle's Nest&quot; was designed and built for Adolf Hitler's 50th Birthday by his personal secretary and Head of the Nazi Party Chancellery Martin Bormann.  The monument is called &quot;Kehlsteinhaus&quot; in German because of it was originally intended to be a &quot;Teahouse&quot; for as a retreat and place to entertain friends and visiting dignitaries.\n\nThe Eagle's Nest wasn't damaged during the war, so it looks just like it did in April of 1945. \n\nToday it is open seasonally as a restaurant, beer garden, and tourist site.""}"
5,https://live.staticflickr.com/3592/3548843020_3a8daa5ddd_o.jpg,Monmar Comunicació,3548843020,0ab6db6ea5,restaurant__226.png,Restaurant Melba Vic,{'_content': ''}
5,https://live.staticflickr.com/4145/5436531952_6aa8ab968c_o.jpg,Hotel de la Paix Genève,5436531952,3d05ba38b9,restaurant__227.png,Vertig'O Restaurant,"{'_content': ""Au Vertig'O, le Chef Jérôme Manifacier offre une cuisine raffinée dans un cadre contemporain. Le Chef vous invite à un voyage gastronomique unique caractérisé par des saveurs authentiques, des déclinaisons audacieuses et des desserts inventifs. \n\nAt the Vertig'O, Chef Jérôme Manifacier offers a refined cuisine in a contemporary setting. The Chef invites you to a unique gastronomic trip through authentic flavours, audacious variations and creative desserts. ""}"
5,https://live.staticflickr.com/8422/28868989414_a3f752db70_o.jpg,Rick Chung,28868989414,9219a62a43,restaurant__228.png,Langkawi - Seafood restaurant,{'_content': ''}
5,https://live.staticflickr.com/5449/7176519122_64534a073f_o.jpg,Almada hotel,7176519122,df15663cbd,restaurant__229.png,Restaurant Serenata Detail,{'_content': ''}
5,https://live.staticflickr.com/7184/6978419409_b31a889299_o.jpg,mastermaq,6978419409,932d50a261,restaurant__230.png,Clever Rabbit,{'_content': ''}
5,https://live.staticflickr.com/7557/15121575913_6229e075f3_o.jpg,wongwt,15121575913,07700297ab,restaurant__231.png,聖靈醫院餐廳,{'_content': 'Weinstube Heilig-Geist Spital / Holy Spirit Hospital Restaurant'}
5,https://live.staticflickr.com/12/16696940_6736fdc335_o.jpg,stupidhead,16696940,6736fdc335,restaurant__232.png,IMG_4588,{'_content': ''}
5,https://live.staticflickr.com/3426/3244038963_81f7b839d3_o.jpg,Alexandratx,3244038963,dd4bf8c809,restaurant__233.png,DSC_1227,{'_content': ''}
5,https://live.staticflickr.com/959/42042537841_b9b735fbb9_o.jpg,hugh llewelyn,42042537841,002d00fb42,restaurant__234.png,ET 11 01,"{'_content': 'Restaurant car in DRG Class ET 11 01 (DB Class 923) 15,000 v ac 2-car emu No.ET 11 (DB No.Mu 5016; later No.923 001) built in 1935 by Esslingen. At Neustadt-Weinstrasse Eisenbahn Museum, 1 May 2018.'}"
5,https://live.staticflickr.com/559/32551865315_90c9963b4e_o.jpg,HerryB,32551865315,a83532e11e,restaurant__235.png,DSC07315 - NAMIBIA 2013,"{'_content': 'FRANS INDONGO LODGE: <a href=""http://www.indongolodge.com/d_unterkunft.htm"" rel=""nofollow"">www.indongolodge.com/d_unterkunft.htm</a>\n\nFORUM: <a href=""http://www.namibia-forum.ch/"" rel=""nofollow"">www.namibia-forum.ch/</a>\n\nNAMIBIA (Wiki): <a href=""https://de.wikipedia.org/wiki/Namibia"" rel=""nofollow"">de.wikipedia.org/wiki/Namibia</a>'}"
5,https://live.staticflickr.com/4492/37726260806_5540c5e43c_o.jpg,Janko Hoener,37726260806,6a3e4de358,restaurant__236.png,Diner styled restaurant in Dublin (124STOUT_5701),"{'_content': '<u>English:</u>\n\nI, Janko Hoener, created this photograph. If you intend to use it, please credit me with the following attribution line: <b>Janko Hoener / CC-BY-SA-4.0</b>. A link back to this page and informing me about your usage is appreciated.\n\n<u>Deutsch:</u>\n\nIch, Janko Hoener, habe dieses Foto erstellt. Wenn Sie es nutzen möchten, geben Sie bitte <b>Janko Hoener / CC-BY-SA-4.0</b> in der Bildunterschrift an. Über einen Link auf diese Seite und eine Benachrichtigung über die Nutzung freue ich mich.'}"
6,https://live.staticflickr.com/8747/17162069819_cf202759de_o.jpg,NwongPR,17162069819,31d2554c43,restaurant__166.png,"Marinaside, View of the Interior & Patio",{'_content': 'Photo credit: Emrys Horton'}
6,https://live.staticflickr.com/5139/5508000197_d093371057_o.jpg,Josh Friedman Luxury Travel,5508000197,2b1bbd0e5e,restaurant__167.png,Restaurant | Silversea,{'_content': ''}
6,https://live.staticflickr.com/4123/4807814823_27d8398065_o.jpg,Hotel de la Paix Genève,4807814823,47d52bd3a1,restaurant__168.png,Vertig'O restaurant,"{'_content': ""Au Vertig'O, le Chef Jérôme Manifacier offre une cuisine raffinée dans un cadre contemporain. Le Chef vous invite à un voyage gastronomique unique caractérisé par des saveurs authentiques, des déclinaisons audacieuses et des desserts inventifs. \n\nAt the Vertig'O, Chef Jérôme Manifacier offers a refined cuisine in a contemporary setting. The Chef invites you to a unique gastronomic trip through authentic flavours, audacious variations and creative desserts. ""}"
6,https://live.staticflickr.com/1440/747993162_b1fb099fd0_o.jpg,Tom Mascardo,747993162,bef0b0c541,restaurant__169.png,Cunard QM2. Brittania Restaurant,{'_content': 'A shot of the Brittania Restaurant looking towards the entrance.  '}
6,https://live.staticflickr.com/1431/748045714_7a1afd9371_o.jpg,Tom Mascardo,748045714,e2aa4337be,restaurant__170.png,Cunard QM2. Queen's Grill,"{'_content': ""A shot of the QM2's Queen's Grill.  Opposite the Queen's Grill, also aft on Deck 7, is the Princess Grill.  I'd say the design of this room is awfully understated / conservative.  \n\nConsidering the massive amounts of money passengers are paying to dine here, you would sort of think they'd try something a little more provocative, maybe even hiring a high-profile designer for the space.  I'd call the room inoffensive at best.  Let's at least hope the food is out of this world, which I hear it is :)""}"
6,https://live.staticflickr.com/4124/5051341916_afa7150159_o.jpg,Hotel Zugspitze,5051341916,4db57b04ee,restaurant__171.png,"Restaurant, Hotel Zugspitze, Garmisch-Partenkirchen","{'_content': '<b>Das Restaurant Joseph Naus Stub\'n im Hotel Zugspitze überzeugt durch seine rustikale und doch edle Atmosphäre. Die Karte solgt dem &quot;Solw Food&quot; Gedanken und präsentiert ein täglich wechselndes 5-Gang-Menü zu den bewährten Klassikern.</b>\n\nKurzinfo zum Hotel Zugspitze:\nIhr Urlaubshotel mitten in GARMISCH-Partenkirchen. 4-Sterne-Superior. Zentrale und doch ruhige Lage. 360 Grad Bergpanoramablick.\nWeitere Infos unter <a href=""http://www.hotel-zugspitze.de"" rel=""nofollow"">www.hotel-zugspitze.de</a>.'}"
6,https://live.staticflickr.com/4116/4756905861_5bb4688e25_o.jpg,Staribacher,4756905861,05227367af,restaurant__172.png,Staribachers Vestibül,{'_content': 'Konzipiert für eine „Kaffeejause“ am Nachmittag mit Wintergartenatmosphäre findet das Vestibül jedoch auch ganztägig seine Stammgäste und ist ein beliebter Ort für Geschäftstermine. Von unserem Vestibül aus hat man direkten Zugang in den Gastgarten.\n\n'}
6,https://live.staticflickr.com/4128/5050722737_d0893a0109_o.jpg,Hotel Zugspitze,5050722737,fbc99311c1,restaurant__173.png,Restaurant Joseph Naus Stub'n im Hotel Zugspitze,"{'_content': 'Kurzinfo zum Hotel Zugspitze:\nIhr Urlaubshotel mitten in GARMISCH-Partenkirchen. 4-Sterne-Superior. Zentrale und doch ruhige Lage. 360 Grad Bergpanoramablick.\nWeitere Infos unter <a href=""http://www.hotel-zugspitze.de"" rel=""nofollow"">www.hotel-zugspitze.de</a>.'}"
6,https://live.staticflickr.com/196/550499450_081cbef61c_o.jpg,grilled cheese,550499450,7962747314,restaurant__174.png,Jacob Wirth Restaurant,{'_content': ''}
6,https://live.staticflickr.com/1760/41955913484_02dd2040dd_o.jpg,Jorbasa,41955913484,034ab749f9,restaurant__175.png,Queen Mary 2 - Britannia Restaurant,"{'_content': 'Juni 2018\n\nJuni 2018\n\nDie RMS Queen Mary 2, kurz QM2 genannt, ist ein Transatlantikliner der Carnival Corporation &amp; plc. Das Schiff wurde primär für die linienmäßige Transatlantikpassage entworfen, wird jedoch auch für Kreuzfahrten eingesetzt. Der Konzern betreibt das Schiff unter seiner Kreuzfahrtmarke Cunard Line, mit der an die Tradition der ehemaligen britischen Reederei gleichen Namens angeknüpft wird. Die Queen Mary 2 ist das Flaggschiff der Cunard-Flotte und erinnert sowohl in ihrem Erscheinungsbild, als auch durch die Gepflogenheiten an Bord an die Transatlantikliner des frühen 20. Jahrhunderts. (Quelle s.u.)\n<a href=""https://de.wikipedia.org/wiki/Queen_Mary_2"" rel=""nofollow"">de.wikipedia.org/wiki/Queen_Mary_2</a>\n<a href=""https://en.wikipedia.org/wiki/RMS_Queen_Mary_2"" rel=""nofollow"">en.wikipedia.org/wiki/RMS_Queen_Mary_2</a>\n\n\n'}"
6,https://live.staticflickr.com/5096/5529124846_71865daa91_o.jpg,Mr.TinMD,5529124846,8d47cc35ce,restaurant__176.png,Saigonese Restaurant Interior,"{'_content': 'Interior of Saigonese Restaurant, at 11232 Grandview Avenue in Wheaton, MD. We had lunch there on Sunday. It was pretty good, but there was only one other person dining in there so that was a little weird.'}"
6,https://live.staticflickr.com/1080/567449725_d5a4df93fb_o.jpg,Tom Mascardo,567449725,e941381219,restaurant__177.png,Celebrity Infinity. United States Restaurant,"{'_content': 'A view of the restaurant, facing the entrance.  '}"
6,https://live.staticflickr.com/1884/44380939551_126a96c63d_o.jpg,Hotel du Vin & Bistro,44380939551,51e884675f,restaurant__178.png,Goram & Vincent restaurant,{'_content': 'Avon Gorge'}
6,https://live.staticflickr.com/3734/10759433693_297a48ab15_o.jpg,Hôtel Occitan Castres,10759433693,32a73c747a,restaurant__179.png,Salle de restaurant,{'_content': ''}
6,https://live.staticflickr.com/3254/3051466074_a886ea54a5_o.jpg,Jagdschloessl,3051466074,7817b1c07f,restaurant__180.png,Restaurant Hotel Jagdschloessl,"{'_content': 'Web: <a href=""http://www.jagdschloessl.at"">www.jagdschloessl.at</a>\nBlog: <a href=""http://www.schloesslpost.at"">www.schloesslpost.at</a>'}"
6,https://live.staticflickr.com/65535/38520027365_e57af8ea89_o.jpg,marada,38520027365,2337018399,restaurant__181.png,"Bunns Historical Restaurant - Delaware, Ohio",{'_content': ''}
6,https://live.staticflickr.com/4099/4777193198_8de51aba95_o.jpg,Ben Kraan Architecten,4777193198,5880ac679d,restaurant__182.png,17154 Krimpen aan den IJssel restaurant de Schelvenaer (Korenmolen) int 01 1993,"{'_content': 'Ben Kraan Architecten BNA\n<a href=""http://www.benkraan.nl/"" rel=""nofollow"">www.benkraan.nl</a>'}"
6,https://live.staticflickr.com/7090/6849449160_278cea452a_o.jpg,Traveloscopy,6849449160,09e2cf7c7f,restaurant__183.png,P&O Pacific Pearl Waterfront Restaurant,{'_content': ''}
6,https://live.staticflickr.com/8291/7833815732_c34fdee0b1_o.jpg,Travel Salem,7833815732,382bb06376,restaurant__184.png,Lakeview Restaurant & Lounge at Creekside Golf Club,"{'_content': 'Creekside’s elegant, 20,000-square-foot clubhouse includes banquet facilities, a bar and grill, and breathtaking views of the course. With a menu that features regional cuisine, the restaurant overlooking the lake and ninth green creates the perfect setting for entertaining family, friends, or business associates.'}"
6,https://live.staticflickr.com/4280/35015042400_dffafa4653_o.jpg,PortoBay Trade,35015042400,822f67a573,restaurant__185.png,resort VILA PORTO MARE . Il Basilico Restaurant,"{'_content': 'Lear more at: <a href=""http://www.ilbasilicorestaurant.com"" rel=""noreferrer nofollow"">www.ilbasilicorestaurant.com</a>'}"
6,https://live.staticflickr.com/5042/5318399723_5b733c5585_o.jpg,CHILLI CLUB,5318399723,ea5a230b3b,restaurant__186.png,CHILLI CLUB Bremen,"{'_content': 'Copyright © 2010 CHILLI CLUB Sandtorkai GmbH Official Flickr Photostream\n<a href=""http://www.chilliclub.de"" rel=""nofollow"">www.chilliclub.de</a>'}"
6,https://live.staticflickr.com/8370/8368431401_0ff15af1f8_o.jpg,Traveloscopy,8368431401,b899cce144,restaurant__187.png,Sasso Queenstown NZ,{'_content': 'Sasso Queenstown NZ'}
6,https://live.staticflickr.com/4737/38520031085_2b51a24091_o.jpg,marada,38520031085,f268a1113b,restaurant__188.png,"Bunns Historical Restaurant - Delaware, Ohio",{'_content': ''}
6,https://live.staticflickr.com/8529/8563306438_b05ae89c06_o.jpg,NwongPR,8563306438,9252d3e5a2,restaurant__189.png,Nicli Dining Room (11),"{'_content': 'Nicli Antica Pizzeria\nAssociazione Vera Pizza Napoletana certified\nin historic Gastown\n62 E. Cordova Street\nVancouver, BC Canada\nniclipizzeria.ca'}"
6,https://live.staticflickr.com/3063/2906546912_88444a137b_o.jpg,Svadilfari,2906546912,f2923688ae,restaurant__190.png,Lafayette House Interior,"{'_content': 'The interior of the Lafayette House in Foxboro, Massachusetts'}"
6,https://live.staticflickr.com/3321/3613420455_d9b515389f_o.jpg,imsorrybrendan,3613420455,08dc09d21e,restaurant__191.png,Montauk 419,{'_content': ''}
6,https://live.staticflickr.com/4007/4626481690_0763359f54_o.jpg,PortoBay Trade,4626481690,bea2664652,restaurant__192.png,hotel PORTOBAY FALÉSIA . Búzios Lounge Bar,"{'_content': 'Learn more at:\n<a href=""https://www.portobay.com/en/hotels/algarve-hotels/portobay-falesia/restaurants-and-bars/"" rel=""noreferrer nofollow"">www.portobay.com/en/hotels/algarve-hotels/portobay-falesi...</a>'}"
6,https://live.staticflickr.com/6179/6204077356_a02a6ac187_o.jpg,tobyct,6204077356,a2ed866e96,restaurant__193.png,Bouillon Racine,"{'_content': 'Bouillon Racine, Paris. France.\nInfo on the history - <a href=""http://www.bouillon-racine.com/en/restaurant/index.html"" rel=""nofollow"">www.bouillon-racine.com/en/restaurant/index.html</a>'}"
6,https://live.staticflickr.com/3466/3760176420_7de0ebaf4c_o.jpg,"Castles, Capes & Clones",3760176420,db9a1b5641,restaurant__194.png,New Orleans Creole Cafe in Old Town,{'_content': ''}
6,https://live.staticflickr.com/2563/3849117681_eed120919e_o.jpg,faungg's photos,3849117681,356ddfa030,restaurant__195.png,Luther's,"{'_content': 'A very beautiful restaurant in a small town, Beaufort, SC, loved the food. \n<a href=""http://faungg.wix.com/photography"" rel=""nofollow""> Personal photo website</a>'}"
6,https://live.staticflickr.com/8561/16237324914_d38625cb5d_o.jpg,-Jeffrey-,16237324914,c86f3a5846,restaurant__196.png,The Village Inn - Fine Dining,{'_content': ''}
6,https://live.staticflickr.com/3775/8809495408_f30c3799f3_o.jpg,faungg's photos,8809495408,ce27b7ac78,restaurant__197.png,Las Vegas,{'_content': ''}
6,https://live.staticflickr.com/2374/3534323289_6d0a3423a8_o.jpg,Svadilfari,3534323289,76a7b334bd,restaurant__198.png,Flying Rhino Cafe,{'_content': 'The Flying Rhino Cafe on Shrewsbury Street in Worcester Massachusetts.'}
6,https://live.staticflickr.com/8204/8261971324_fd0ae56769_o.jpg,Massachusetts Office of Travel & Tourism,8261971324,a13d646421,restaurant__199.png,The International Golf Resort - FirePlaceRoom,"{'_content': 'The Fireplace Room\n159 Ballville Road\nBolton, MA 01740\n978-779-1380\n<a href=""https://theinternational.com/fireplace-room-restaurant/"" rel=""nofollow"">theinternational.com/fireplace-room-restaurant/</a>'}"
6,https://live.staticflickr.com/4041/4663407578_4f13fe9e73_o.jpg,faungg's photos,4663407578,f194f22b1d,restaurant__200.png,141,{'_content': ''}
6,https://live.staticflickr.com/7019/6714110499_e577105dbc_o.jpg,LA VILLA am Starnberger See,6714110499,844a2f7f55,restaurant__201.png,LA VILLA Starnberger See,"{'_content': '- Festlich gedeckte Tafel im Restaurant -\n\n<a href=""http://www.lavilla.de"" target=""_blank"" rel=""nofollow"">LA VILLA am Starnberger See - Hotel für Tagungen und Hochzeiten</a>\n\n<a href=""http://www.facebook.com/LaVillaStarnbergerSee"" target=""_blank"" rel=""nofollow"">LA VILLA auf Facebook</a>'}"
6,https://live.staticflickr.com/4051/4338685789_bc48302c32_o.jpg,Travel Salem,4338685789,f70eeddb59,restaurant__202.png,Jonathan's,{'_content': ''}
6,https://live.staticflickr.com/8827/16986462608_e1c9034cdd_o.jpg,NwongPR,16986462608,83e915fbc2,restaurant__203.png,Provence Mediterranean Grill,{'_content': 'Photo Credit: Phillipe Roulston'}
6,https://live.staticflickr.com/5150/5615797523_b6fa8eb06f_o.jpg,Josh Friedman Luxury Travel,5615797523,93006b056b,restaurant__204.png,Crystal-Symphony-April-2011-San-Francisco-58,"{'_content': 'Prego, the Italian restaurant'}"
6,https://live.staticflickr.com/7285/16239684593_803f7ac5d5_o.jpg,-Jeffrey-,16239684593,8d0d161cfc,restaurant__205.png,The Village Inn- Oil Candle,{'_content': ''}
6,https://live.staticflickr.com/7188/6875868983_46259d60d6_o.jpg,jchongstudio,6875868983,149a60095e,restaurant__206.png,PrepKitchen Little Italy,{'_content': ''}
5,https://live.staticflickr.com/3402/3241823375_456ab15b64_o.jpg,mastermaq,3241823375,030ffee73d,office__237.png,New Questionmark Office,{'_content': ''}
5,https://live.staticflickr.com/2510/4017124966_3ec117dbde_o.jpg,jez`,4017124966,f4ca4d3962,office__238.png,Tidier!,"{'_content': 'Before: <a href=""http://www.flickr.com/photos/girlgeek/4016358905/"">www.flickr.com/photos/girlgeek/4016358905/</a>'}"
5,https://live.staticflickr.com/2219/2263532249_2a0b3fb3f2_o.jpg,Small Town OK,2263532249,de49a049aa,office__239.png,OFFICE_23SEPT06,{'_content': 'Office_23sept06'}
5,https://live.staticflickr.com/1117/1379070503_508041fb8d_o.jpg,HeatherLWilliams,1379070503,2686be06cb,office__240.png,my temporary office - Thanks Thekla!,{'_content': ''}
5,https://live.staticflickr.com/3625/3395316513_e0483143dc_o.jpg,generalising,3395316513,edbe1f6685,office__241.png,Turing's office,"{'_content': ""Alan Turing's office in Hut 8""}"
5,https://live.staticflickr.com/7537/16022567176_f648b21fbc_o.jpg,KOREA.NET - Official page of the Republic of Korea,16022567176,dfb7c5bb3f,office__242.png,FURSYS_Korean_Office_Furniture_01,"{'_content': 'FURSYS, Korean Office Furniture Maker\n\nDecember 18, 2014\n\nOgeum-dong, Songpa-gu, Seoul\n\nMinistry of Culture, Sports and Tourism\nKorean Culture and Information Service\nKorea.net (<a href=""http://www.korea.net"" rel=""nofollow"">www.korea.net</a>)\nOfficial Photographer: Jeon Han\n\nThis official Republic of Korea photograph is being made available only for publication by news organizations and/or for personal printing by the subject(s) of the photograph. The photograph may not be manipulated in any way. Also, it may not be used in any type of commercial, advertisement, product or promotion that in any way suggests approval or endorsement from the government of the Republic of Korea. \n\n--------------------------------\n\n퍼시스\n\n2014-12-18\n\n송파구 오금동\n\n문화체육관광부\n해외문화홍보원\n코리아넷\n전한\n'}"
5,https://live.staticflickr.com/8846/18014676063_c41241f477_o.jpg,seeweb,18014676063,b46e47161b,office__243.png,Control room,{'_content': ''}
5,https://live.staticflickr.com/7382/11904066836_c96e896bd1_o.jpg,mattbuck4950,11904066836,2b59f2bef5,office__244.png,IMGP1024,"{'_content': 'The office at 15 Westferry Circus after hours, when I had been working for several hours writing VBA to create 150 charts. \n\nThis photo was used in a Bulgarian article about the dirtiest things in an office - <a href=""http://zdraven.bg/%D0%BD%D0%B0%D0%B9-%D0%BC%D1%80%D1%8A%D1%81%D0%BD%D0%B8%D1%82%D0%B5-%D0%BD%D0%B5%D1%89%D0%B0-%D0%B2-%D0%BE%D1%84%D0%B8%D1%81%D0%B0/"" rel=""nofollow"">zdraven.bg/%D0%BD%D0%B0%D0%B9-%D0%BC%D1%80%D1%8A%D1%81%D0...</a> or <a href=""https://translate.google.com/translate?sl=auto&amp;tl=en&amp;js=y&amp;prev=_t&amp;hl=en&amp;ie=UTF-8&amp;u=http%3A%2F%2Fzdraven.bg%2F%25D0%25BD%25D0%25B0%25D0%25B9-%25D0%25BC%25D1%2580%25D1%258A%25D1%2581%25D0%25BD%25D0%25B8%25D1%2582%25D0%25B5-%25D0%25BD%25D0%25B5%25D1%2589%25D0%25B0-%25D0%25B2-%25D0%25BE%25D1%2584%25D0%25B8%25D1%2581%25D0%25B0%2F&amp;edit-text="" rel=""nofollow"">translate.google.com/translate?sl=auto&amp;tl=en&amp;js=y...</a>'}"
5,https://live.staticflickr.com/7558/15861067390_39c24138f6_o.jpg,KOREA.NET - Official page of the Republic of Korea,15861067390,9286cfc6dc,office__245.png,FURSYS_Korean_Office_Furniture_15,"{'_content': 'FURSYS, Korean Office Furniture Maker\n\nDecember 18, 2014\n\nOgeum-dong, Songpa-gu, Seoul\n\nMinistry of Culture, Sports and Tourism\nKorean Culture and Information Service\nKorea.net (<a href=""http://www.korea.net"" rel=""nofollow"">www.korea.net</a>)\nOfficial Photographer: Jeon Han\n\nThis official Republic of Korea photograph is being made available only for publication by news organizations and/or for personal printing by the subject(s) of the photograph. The photograph may not be manipulated in any way. Also, it may not be used in any type of commercial, advertisement, product or promotion that in any way suggests approval or endorsement from the government of the Republic of Korea. \n\n--------------------------------\n\n퍼시스\n\n2014-12-18\n\n송파구 오금동\n\n문화체육관광부\n해외문화홍보원\n코리아넷\n전한\n'}"
6,https://live.staticflickr.com/49/179004822_7e54feec73_o.jpg,davida3,179004822,7e54feec73,office__296.png,my office,{'_content': 'I did try to tidy the table'}
6,https://live.staticflickr.com/112/380713882_4a0f3eac90_o.jpg,carvalho,380713882,4a0f3eac90,office__234.png,Visitor's Office,"{'_content': '2007-01-31\n\nNice to have, but just not &quot;home&quot; if you know what I mean.'}"
6,https://live.staticflickr.com/4186/34485833721_ee397a018f_o.jpg,osiristhe,34485833721,254b8c85d2,office__235.png,Office,{'_content': 'California Commute'}
6,https://live.staticflickr.com/175/487312792_f42dfc5b06_o.jpg,mara,487312792,dcfaa0c2fe,office__297.png,Living room,"{'_content': 'Morris chair, art from China, chairs from Pier One, custom table made from an old sewing machine base. And a metal giraffe thingie.'}"
6,https://live.staticflickr.com/8144/7466017582_439ee64209_o.jpg,Robbert Michel,7466017582,27bba8f192,office__298.png,Office @ Tata,{'_content': ''}
6,https://live.staticflickr.com/4147/4953045502_5d8e7755d2_o.jpg,Adam Tinworth,4953045502,d914bd6544,office__299.png,It's Quiet. Too Quiet.,{'_content': ''}
6,https://live.staticflickr.com/1891/29234351657_4da9728d58_o.jpg,AugustusTours,29234351657,38efe6d6f0,office__236.png,"Dessau, Bauhaus, Büro Walter Gropius (c) AugustusTours, Brita Reichert",{'_content': ''}
5,https://live.staticflickr.com/3286/2610478690_0ee6bc70d8_o.jpg,Impact Hub,2610478690,e7a3211f33,office__207.png,green room,{'_content': 'workshop space'}
5,https://live.staticflickr.com/2767/4146916117_a8e0e07777_o.jpg,Numinosity by Gary J Wood,4146916117,aa4fc57f67,office__208.png,My New Office,{'_content': ''}
5,https://live.staticflickr.com/27/46414549_6a5861131f_o.jpg,joefutrelle,46414549,6a5861131f,office__209.png,the office,{'_content': '2122A NCSA'}
5,https://live.staticflickr.com/2484/3644857655_f124f5646e_o.jpg,abbamouse,3644857655,4d179f0f60,office__210.png,Jeff's messy office,{'_content': ''}
5,https://live.staticflickr.com/3199/2774847710_a297cec36a_o.jpg,TineyHo,2774847710,d26244b7f7,office__211.png,8-15-08 - The Office,{'_content': ''}
5,https://live.staticflickr.com/3568/3585210352_dbddafa98d_o.jpg,remysharp,3585210352,c11ac5274b,office__212.png,Office 2.1,{'_content': 'The office now - roll over for notes!'}
5,https://live.staticflickr.com/58/173235988_4f21ea16d6_o.jpg,Dr Stephen Dann,173235988,4f21ea16d6,office__213.png,Work Life,"{'_content': ""It's all under control, really.""}"
5,https://live.staticflickr.com/2721/4017124760_5a7ee0301d_o.jpg,jez`,4017124760,6c7ec844c1,office__214.png,Transformation,"{'_content': 'Before: <a href=""http://www.flickr.com/photos/girlgeek/4017122996/"">www.flickr.com/photos/girlgeek/4017122996/</a>'}"
5,https://live.staticflickr.com/24/46593746_a0928bbf97_o.jpg,e53,46593746,a0928bbf97,office__215.png,my-new-space3,{'_content': ''}
5,https://live.staticflickr.com/4095/4819454157_5a8852f9a3_o.jpg,Kelly McCarthy,4819454157,fea980d634,office__216.png,Finished Office (basement),"{'_content': 'Our Hamden, CT home. 2002 - 2008'}"
5,https://live.staticflickr.com/5522/9473959695_54315b40ce_o.jpg,mastermaq,9473959695,09386227ea,office__217.png,Mover Office,{'_content': '                               '}
5,https://live.staticflickr.com/6073/6130819670_c2c31c95b2_o.jpg,Oregon State University,6130819670,c6ffb32378,office__218.png,Office space,{'_content': 'An open office layout allows for collaboration and a welcome environment for students to visit with instructors.'}
5,https://live.staticflickr.com/97/212810201_94c1896def_o.jpg,Dossy,212810201,94c1896def,office__219.png,The office is now empty,"{'_content': ""It's eerie seeing my office this way, but I'm glad it's over now.  Time\nto start that long drive home across the Tappan-Zee ...""}"
5,https://live.staticflickr.com/7215/7308046546_9b9d3f7d58_o.jpg,xmacex,7308046546,cdaa7b1109,office__220.png,What a great office,{'_content': ''}
5,https://live.staticflickr.com/3128/2569629201_c3445bf225_o.jpg,Lars Plougmann,2569629201,9ee1544cef,office__221.png,Desk claimed,"{'_content': 'Being the first in the office on Monday morning, I claim a desk'}"
5,https://live.staticflickr.com/4087/5395484680_382bcafd64_o.jpg,Genista,5395484680,2c4c8e0353,office__222.png,"one world, one schreibtisch",{'_content': ''}
5,https://live.staticflickr.com/6227/6257452305_f3a32249f8_o.jpg,Nomen Obscurum,6257452305,34ed46c138,office__223.png,Lesesaal,"{'_content': 'Der Lesesaal ist nicht groß, aber gemütlich. Vier Nutzer finden Platz.'}"
5,https://live.staticflickr.com/7366/11778980846_a104537107_o.jpg,catherinecronin,11778980846,bf82b8dab2,office__224.png,new start,{'_content': ''}
5,https://live.staticflickr.com/2103/3537681756_3049f31216_o.jpg,mastermaq,3537681756,4617fc7a4e,office__225.png,Questionmark Open House in Edmonton,{'_content': ''}
5,https://live.staticflickr.com/8488/8160443625_84f19f1fa1_o.jpg,Patrick Strandberg,8160443625,6384c4b199,office__226.png,Här har man varit förr...,{'_content': ''}
5,https://live.staticflickr.com/3610/3323751124_bd6d14c2d5_o.jpg,love2dreamfish,3323751124,6d8c46424b,office__227.png,New room for the Coworking Movement,{'_content': ''}
5,https://live.staticflickr.com/4572/26508299029_787c7675da_o.jpg,tracie7779,26508299029,efde0d39cd,office__228.png,DSC_0068,"{'_content': '1st floor computer area and tutoring center of the Heldman Learning and Resource Center at West Los Angeles College (Los Angeles Community College District) in Culver City, California.'}"
5,https://live.staticflickr.com/5142/5864030655_32ae38b40a_o.jpg,Yolanda Arango,5864030655,7440484167,office__229.png,cambio de espacio,{'_content': ''}
5,https://live.staticflickr.com/3208/3075429396_04c5b6d524_o.jpg,Numinosity by Gary J Wood,3075429396,cf0895df8b,office__230.png,Our New Offices,"{'_content': ""That's my cubicle there.""}"
5,https://live.staticflickr.com/8255/8619205196_6aef2b88f4_o.jpg,tedeytan,8619205196,5763c6a6f7,office__231.png,USF Health in The Villages 21293,{'_content': ''}
5,https://live.staticflickr.com/6113/6243835032_4f86779720_o.jpg,Kingston Frontenac Public Library,6243835032,18f0c081bb,office__232.png,"Storrington, Interior",{'_content': ''}
5,https://live.staticflickr.com/122/315282193_17430ce4ee_o.jpg,star5112,315282193,17430ce4ee,office__233.png,My desk space,{'_content': ''}
6,https://live.staticflickr.com/36/115312057_4546811b94_o.jpg,okreitz,115312057,4546811b94,office__200.png,office,{'_content': ''}
6,https://live.staticflickr.com/6123/5963244587_f25aa82bf0_o.jpg,Audio-TechnicaUK,5963244587,8335ff4d7c,office__201.png,New Office - Sales & Marketing,{'_content': ''}
6,https://live.staticflickr.com/1306/1173160131_eb4f14c205_o.jpg,dearanxiety,1173160131,8e861a69d7,office__202.png,My new office,{'_content': ''}
6,https://live.staticflickr.com/4630/26411048898_885e340c71_o.jpg,UniversitatdeBarcelona,26411048898,d25336b313,office__203.png,Nou edifici de la Facultat de Dret,"{'_content': ""El nou edifici de la Facultat de Dret és una construcció de 16.024 metres quadrats que consta de quatre plantes, soterrani i un ampli ventall d'equipaments dissenyats per aconseguir l’excel·lència en l’activitat acadèmica. Disposa d’equipaments com ara una aula de mediació i una per a la simulació de judicis.""}"
6,https://live.staticflickr.com/8639/15601111947_57288b6244_o.jpg,Ben Kraan Architecten,15601111947,e50317e565,office__204.png,37104 Gouda kantoorgebouw Vosko (Kampenringweg) int 10 2014,"{'_content': 'Ben Kraan Architecten BNA\n<a href=""http://www.benkraan.nl/"" rel=""nofollow"">www.benkraan.nl</a>'}"
6,https://live.staticflickr.com/5224/5690519552_9d39072231_o.jpg,Turnstone Furniture,5690519552,b4f4205398,office__205.png,Bivi Environment,{'_content': 'Environment shot'}
6,https://live.staticflickr.com/5702/31050096111_6718c9bd0d_o.jpg,Marc van der Chijs,31050096111,f3afced67b,office__206.png,Advisory board meeting at TIAS,{'_content': ''}
6,https://live.staticflickr.com/99/298180480_606a9c852a_o.jpg,okreitz,298180480,606a9c852a,office__290.png,my interim desk,{'_content': ''}
6,https://live.staticflickr.com/160/435531038_2a9e30fe32_o.jpg,paulgorman,435531038,73e0acbce1,office__291.png,DSCN0649,{'_content': 'My office.'}
6,https://live.staticflickr.com/4008/4551609184_146b57c435_o.jpg,Marc van der Chijs,4551609184,2b7dfd3089,office__292.png,Spil Games headquarters in Hilversum (Holland),{'_content': ''}
6,https://live.staticflickr.com/151/429491627_a899bede5e_o.jpg,The Labour Party,429491627,528eab729a,office__293.png,My desk prior to clear out,{'_content': ''}
6,https://live.staticflickr.com/130/322631668_e1c9dbe285_o.jpg,aaronjwebb,322631668,e1c9dbe285,office__294.png,Office Where I Worked,{'_content': ''}
6,https://live.staticflickr.com/4050/5118691335_f53c5908fb_o.jpg,pauljoelhancock,5118691335,6f2632515c,office__295.png,IMG_1841,{'_content': ''}
1,https://live.staticflickr.com/6221/6245682967_40bd740ce9_o.jpg,orangebrompton,6245682967,29a77e5ff0,bedroom__240.png,bedroom,{'_content': 'Not that interesting to the world in general - hopefully this will be the &quot;before&quot; picture :-) Much decorating to do.'}
1,https://live.staticflickr.com/2478/3620179661_8b12fbaaa0_o.jpg,faeanna,3620179661,cca91711f1,bedroom__241.png,Bedroom,"{'_content': ""It's so sunny!""}"
1,https://live.staticflickr.com/3130/2538913483_9b31fb014e_o.jpg,twentysixcats,2538913483,227bd9dc6e,bedroom__242.png,Bedroom,{'_content': 'Some shots of the bedroom'}
1,https://live.staticflickr.com/33/63124586_0278234105_o.jpg,gillicious,63124586,0278234105,bedroom__243.png,Bedroom,"{'_content': ""I cleaned it, thought I'd take a photo. Pretty boring, eh?""}"
1,https://live.staticflickr.com/224/454947028_4b39e91a50_o.jpg,iChris,454947028,f03c461928,bedroom__244.png,Bedroom,{'_content': ''}
1,https://live.staticflickr.com/31/98276328_0c0e05d84e_o.jpg,Brian Sawyer,98276328,0c0e05d84e,bedroom__245.png,Master Bedroom,{'_content': ''}
1,https://live.staticflickr.com/4003/4176431932_ef32c3d173_o.jpg,Favaro JR.,4176431932,452da2780b,bedroom__246.png,Bedroom,{'_content': ''}
1,https://live.staticflickr.com/172/454946390_c6858854e9_o.jpg,iChris,454946390,4ae261955e,bedroom__247.png,Bedroom,{'_content': ''}
1,https://live.staticflickr.com/30/98276466_5e6c5f64c3_o.jpg,Brian Sawyer,98276466,5e6c5f64c3,bedroom__248.png,Master Bedroom,{'_content': ''}
1,https://live.staticflickr.com/7545/16020181587_33dedc5c76_o.jpg,hickmanwoods,16020181587,dc811f9256,bedroom__249.png,bedroom,{'_content': 'R&amp;Q Natural White Oak on the walls &amp; floor.  Custom made doors using our R&amp;Q lumber as well. '}
1,https://live.staticflickr.com/47/134976598_3708f5bf70_o.jpg,Scott the Hobo,134976598,3708f5bf70,bedroom__250.png,My Room,"{'_content': ""This is my bedroom in my brother's place in San Diego.  The bed, night stand, and lamps are from Ethan Allen.  The clock is from Target.  Grumpy is from Disney World courtesy of Stoney, and Chilly Willy is from Universal Studios.""}"
1,https://live.staticflickr.com/1297/750427268_34b7126d88_o.jpg,jsutcℓiffe,750427268,12515dda8f,bedroom__251.png,bedroom,"{'_content': 'The picture is a bit dark, but only because there are two huge, wonderful windows in here.'}"
1,https://live.staticflickr.com/7179/6873378211_70e2fa6014_o.jpg,Kathleen Seide,6873378211,700445ef19,bedroom__252.png,bedroom,{'_content': ''}
1,https://live.staticflickr.com/8163/6984023456_b58fa27abd_o.jpg,Favaro JR.,6984023456,fc34184a7f,bedroom__253.png,Bedroom,"{'_content': '@favarojr \nMarcenaria Imperium\n<a href=""http://www.favarojr.com.br"" rel=""nofollow"">www.favarojr.com.br</a>\n<a href=""http://www.facebook.com/favarojr"" rel=""nofollow"">Facebook</a>\n<a href=""https://twitter.com/#!/favarojr"" rel=""nofollow"">Twitter</a>\n<a href=""http://web.stagram.com/n/favarojr/"" rel=""nofollow"">Instagram</a>'}"
1,https://live.staticflickr.com/8801/28523866925_8d4b82d505_o.jpg,rbarenblat,28523866925,595a3dcd96,bedroom__254.png,Bedroom,{'_content': ''}
1,https://live.staticflickr.com/23/34995142_e3aca26bf6_o.jpg,bartt,34995142,e3aca26bf6,bedroom__255.png,Bedroom,"{'_content': ""Tatyana's side of our new bedroom. The doors to the closets are still missing. And the window frame's paint job needs to be completed.""}"
1,https://live.staticflickr.com/1284/724443797_08010cbec1_o.jpg,Russell Roesner,724443797,f7f859bcc9,bedroom__256.png,Bedroom,{'_content': ''}
1,https://live.staticflickr.com/1121/4725174786_61ba3d5c68_o.jpg,ekpatterson,4725174786,3bc235a869,bedroom__257.png,guest room,"{'_content': ""Formerly Kyle's room. All clean and painted. Has been for a while, actually, just haven't posted the photo.""}"
1,https://live.staticflickr.com/8056/8137591860_c1edb5b811_o.jpg,Cle0patra,8137591860,700c383cfd,bedroom__258.png,Bedroom,{'_content': '                               '}
1,https://live.staticflickr.com/2520/4196945736_857bdd91c8_o.jpg,Kiruba Shankar,4196945736,47488bd8d4,bedroom__259.png,Bedroom,{'_content': ''}
1,https://live.staticflickr.com/1040/3174613655_2d8a5262f6_o.jpg,random letters,3174613655,d0b0310fc7,bedroom__260.png,2/365,"{'_content': ""The first time I've ever been in my apartment with the sun shining. Brilliant!""}"
1,https://live.staticflickr.com/7262/7010102869_3b30939e61_o.jpg,G A I L E,7010102869,24b9e144bb,bedroom__261.png,bedroom,"{'_content': '2011 © <a href=""http://photography.gaileguevara.com/"" rel=""nofollow"">GAILE GUEVARA | PHOTOGRAPHY™</a> All rights reserved.\n\n:: DESIGN TEAM ::\nInterior Designer: \n<a href=""http://gaileguevara.com/"" rel=""nofollow""> Gaile Guevara </a>\nInterior Design Team: \n<a href=""http://www.layersandlayers.com/"" rel=""nofollow"">Layers &amp; Layers </a> + <a href=""http://www.annavignale.com/"" rel=""nofollow"">Anna Vignale</a>\n\n:: BUILDER ::\n<a href=""http://alchemyconstruction.ca/"" rel=""nofollow"">Alchemy Construction Ltd</a>\n\n:: FURNITURE &amp; ACCESSORIES :: \n<a href=""http://www.marthasturdy.com/"" rel=""nofollow"">Martha Sturdy</a> from <a href=""http://providehome.com/"" rel=""nofollow"">Provide Home </a>\n<a href=""http://www.missonihome.it/"" rel=""nofollow"">Missoni Home </a> from <a href=""http://providehome.com/"" rel=""nofollow"">Provide Home </a>\n<a href=""http://www.sukicheema.com/"" rel=""nofollow"">Suki Cheema</a> from <a href=""http://providehome.com/"" rel=""nofollow"">Provide Home </a>\n<a href=""http://www.daff.co/"" rel=""nofollow"">Daff</a> from <a href=""http://providehome.com/"" rel=""nofollow"">Provide Home </a>'}"
1,https://live.staticflickr.com/2222/1643068979_bbe3d7e2f7_o.jpg,dittoncordelia,1643068979,08c77ddba2,bedroom__262.png,Bedroom,{'_content': ''}
1,https://live.staticflickr.com/3457/3807567645_ab8068b39e_o.jpg,dorywithserifs,3807567645,365ab62cbe,bedroom__263.png,bedroom,{'_content': ''}
1,https://live.staticflickr.com/70/153174315_3de0d49040_o.jpg,LloydyWeb,153174315,3de0d49040,bedroom__264.png,Bedroom,{'_content': ''}
1,https://live.staticflickr.com/2088/2077830915_d173bd28f9_o.jpg,Marian Thacher,2077830915,95f308477b,bedroom__265.png,Bedroom,{'_content': ''}
1,https://live.staticflickr.com/2604/3660908821_12303da2e3_o.jpg,dony31,3660908821,26cf933bb5,bedroom__266.png,Bedroom,{'_content': ''}
1,https://live.staticflickr.com/2606/4200625858_b7244635d8_o.jpg,wundoroo,4200625858,366a0d868d,bedroom__267.png,Bedroom,{'_content': ''}
1,https://live.staticflickr.com/2244/2280220574_a8c711bf7b_o.jpg,Jthree,2280220574,5ef083e4fa,bedroom__268.png,Bedroom,{'_content': ''}
1,https://live.staticflickr.com/8142/7620559282_9a41fd3c01_o.jpg,Paul Hickman,7620559282,021e0c0dcf,bedroom__269.png,Bedroom,{'_content': ''}
1,https://live.staticflickr.com/3615/3322078576_c86263350b_o.jpg,nein09,3322078576,2efb88a66d,bedroom__270.png,bedroom,{'_content': ''}
2,https://live.staticflickr.com/3109/2759250456_974791e3fc_o.jpg,JasonUnbound,2759250456,df411f5be2,bedroom__174.png,Bedroom,{'_content': ''}
2,https://live.staticflickr.com/2081/1570771841_316f484250_o.jpg,amycgx,1570771841,76d22febea,bedroom__175.png,Bedroom,{'_content': ''}
2,https://live.staticflickr.com/186/401964199_1aeedd362c_o.jpg,Paul and Christa,401964199,1aeedd362c,bedroom__176.png,Our Bedroom,{'_content': 'A recent look at our beautiful bedroom.'}
2,https://live.staticflickr.com/7417/12271905795_14a6740520_o.jpg,Pictures of Clouds,12271905795,ec24586d98,bedroom__177.png,Bedroom 1 1,{'_content': ''}
2,https://live.staticflickr.com/3745/12272354924_5cf4216e9d_o.jpg,Pictures of Clouds,12272354924,1cbebc9c0d,bedroom__178.png,Bedroom 1 2,{'_content': ''}
2,https://live.staticflickr.com/30/55818629_d61385246d_o.jpg,Chris Shaffer,55818629,d61385246d,bedroom__179.png,Master bedroom facing west,{'_content': 'Will be our family room'}
2,https://live.staticflickr.com/7174/6734131751_5a890c3cbd_o.jpg,alykat,6734131751,713ebd89bd,bedroom__180.png,Bedroom,"{'_content': '&quot;The Big House,&quot; Wedgefield, S.C.'}"
2,https://live.staticflickr.com/2679/4135037560_9cd3784821_o.jpg,StayingLEVEL,4135037560,bfff6c74db,bedroom__181.png,Bedroom,"{'_content': 'LEVEL Furnished Living is downtown Vancouver\'s premier serviced apartment building redefining the traditional concept of extended stay accommodations with comfortable furnishings, state-of-the-art facilities, and a focus on customized service. \n\nSee the steps which went into making LEVEL a place of home comforts with hotel service.\n\n<a href=""http://www.stayinglevel.com"" rel=""nofollow"">www.stayinglevel.com</a>'}"
2,https://live.staticflickr.com/6017/5976033881_cce004e5ab_o.jpg,It's Nico,5976033881,1f89355ae3,bedroom__182.png,Bedroom,"{'_content': ""A california king bed. It's huge. And amazing.""}"
2,https://live.staticflickr.com/1019/1379288046_d2ed5434bb_o.jpg,triplefivedrew,1379288046,4eb017dd03,bedroom__183.png,The Oriental Bangkok,{'_content': ''}
2,https://live.staticflickr.com/5082/5352351051_7a3a90f536_o.jpg,Pierre Roudier,5352351051,3f092a99a6,bedroom__184.png,Bedroom,{'_content': ''}
2,https://live.staticflickr.com/5230/5614478751_31070f3399_o.jpg,-DjD-,5614478751,a9082c49f6,bedroom__185.png,Bedroom,{'_content': ''}
2,https://live.staticflickr.com/2187/1492300108_3519f38858_o.jpg,cgkinla,1492300108,8a4a655d79,bedroom__186.png,bedroom,"{'_content': 'Apartment Therapy fall colors contest:\n\n<a href=""http://www.apartmenttherapy.com/ny/fall-colors-2007-east/32-pinkys-paperhaus-034746"">www.apartmenttherapy.com/ny/fall-colors-2007-east/32-pink...</a>'}"
2,https://live.staticflickr.com/2295/2381320581_a8b243244c_o.jpg,bahuvrihi,2381320581,3f6b7a3403,bedroom__187.png,Bedroom,{'_content': ''}
2,https://live.staticflickr.com/8408/29519463680_9611d8a4d3_o.jpg,highmarkb,29519463680,da3fa44363,bedroom__188.png,bedroom,"{'_content': 'Feel free to use this image for your page or blog post as long as you include an image credit with our name and a clickable (hyperlinked) and followed link to <a href=""#//www.highmark-builders.com/”"" rel=""nofollow"">Highmark Builders</a> website. <a href=""http://www.highmark-builders.com"" rel=""nofollow"">www.highmark-builders.com</a> '}"
2,https://live.staticflickr.com/2788/4512854590_5394787b42_o.jpg,No camera yet,4512854590,19cb5f59dc,bedroom__189.png,Bedroom,{'_content': 'Downstairs area'}
2,https://live.staticflickr.com/71/231217522_38eb69f0d9_o.jpg,andshewas,231217522,38eb69f0d9,bedroom__190.png,bedroom,"{'_content': ""It's hard to see, but the color is gothic amethyst and it's beautiful. we got some white curtains with bees on them to hang  soon. ""}"
2,https://live.staticflickr.com/8282/7645375842_d726692be4_o.jpg,thefuturistics,7645375842,7e432f098b,bedroom__191.png,Bedroom,{'_content': ''}
2,https://live.staticflickr.com/2068/2255211169_42f4440002_o.jpg,-DjD-,2255211169,0d1b58d2fe,bedroom__192.png,Bedroom,{'_content': 'Coming along!'}
2,https://live.staticflickr.com/5188/5614477257_7c14a965a6_o.jpg,-DjD-,5614477257,baa61ba382,bedroom__193.png,Bedroom,{'_content': ''}
2,https://live.staticflickr.com/2191/2310969029_e2732658fe_o.jpg,Capitu,2310969029,c0a548178c,bedroom__194.png,Meu quarto agora tem cara de quarto! :o,{'_content': 'Viva a cortina!'}
2,https://live.staticflickr.com/8486/8172078837_9b871ea4b1_o.jpg,isriya,8172078837,07387e024e,bedroom__195.png,บ้านทะเลดาว หัวหิน,{'_content': '                               '}
2,https://live.staticflickr.com/1887/44496031142_37a60c9b62_o.jpg,Aloe.RE,44496031142,2764340aa1,bedroom__196.png,Bedroom,{'_content': ''}
2,https://live.staticflickr.com/2603/4224433528_35376772eb_o.jpg,Kimli,4224433528,10de0e8c76,bedroom__197.png,Bedroom,{'_content': 'Our new home!'}
2,https://live.staticflickr.com/194/477697627_667ea6a122_o.jpg,craig1black,477697627,67bd616b1a,bedroom__198.png,My bedroom,"{'_content': 'I shared this nice little room with Doug. It was the only bedroom in the place with a door. The loft was open to the living room -- and the living room itself had a soft-bed, which Jeff used.'}"
2,https://live.staticflickr.com/4018/4699149538_349a810c4c_o.jpg,blese,4699149538,af79e08428,bedroom__199.png,Bedroom,{'_content': ''}
2,https://live.staticflickr.com/1202/5099335632_d7c5823cc1_o.jpg,Kumi-oslo,5099335632,937b37d2e6,bedroom__200.png,bedroom,{'_content': ''}
2,https://live.staticflickr.com/3831/9369024942_2775497acc_o.jpg,Polygon Homes,9369024942,878d93809f,bedroom__201.png,Harvest - Bedroom,"{'_content': 'Harvest by Polygon, is a collection of Modern-Farmhouse inspired townhomes at Polygon’s new landmark master-planned community of Westerleigh in West Abbotsford.\n\nThis collection of two and three bedroom townhome residences showcases striking ‘Modern-Farmhouse’ architecture with welcoming verandahs and charming window boxes. Contemporary interiors feature open plan layouts and gourmet kitchens with granite counters, stainless steel appliances and warm laminate flooring. For added convenience, private decks invite outdoor living and attached garages welcome residents of every home.\n\nLocated in the growing West Abbotsford neighbourhood, Harvest is minutes away from education, recreation and urban amenities. And, every Harvest resident can take advantage of membership to Club West, Westerleigh’s resort-style private clubhouse with outdoor pool, fitness studio, fireside lounge, hockey room, theatre room and much more.'}"
2,https://live.staticflickr.com/8176/8000360073_7d314b77a2_o.jpg,Polygon Homes,8000360073,c55f7fe7ef,bedroom__202.png,Capella - Bedroom,"{'_content': 'Perched on a ridge with great views to the Fraser River and beyond to the Straight of Georgia, discover Capella, Polygon’s latest collection of executive townhome residences at the landmark master-planned community of Sunstone in North Delta.\n\nThis exclusive enclave of four bedroom townhomes showcases welcoming Arts and Crafts architecture with dramatic pitched roofs, charming gables, Juliet balconies and window boxes. Inside, spacious contemporary interiors feature over 2,000 square feet of living space with open-plan layouts, gourmet kitchens with granite countertops, warm laminate flooring, and sleek stainless steel appliances. For added convenience, large private decks or rear gardens invite outdoor entertaining.\n\n<a href=""http://www.polyhomes.com/community/capella-townhomes-north-delta"" rel=""nofollow"">www.polyhomes.com/community/capella-townhomes-north-delta</a>'}"
2,https://live.staticflickr.com/3950/15078720803_f05a47fd24_o.jpg,Rawbert,15078720803,8ce1eec397,bedroom__203.png,Master bedroom,{'_content': 'Master bedroom'}
2,https://live.staticflickr.com/8262/8692562375_4ae0e523ef_o.jpg,Polygon Homes,8692562375,5ce554f81d,bedroom__204.png,Shoreline - Bedroom,"{'_content': 'Shoreline by Polygon – a rare collection of waterfront apartment residences situated along the peaceful shores of the Fraser River in South Vancouver, offering an enviable location that seamlessly blends soothing natural beauty and privileged urban living.\n\nWith Riverfront Park nearby, relaxing weekends are spent strolling along riverside trails in the midday warmth. Just steps away, a pier and boardwalk provide the perfect backdrop for great conversations. Enjoy a cappuccino on a sun-filled restaurant patio, where a vibrant community comes to life as friendly neighbours greet each other. With its central Lower Mainland location, Shoreline is just 10 minutes from Metrotown and Marine Gateway, 7 minutes from Richmond, and 20 minutes from downtown Vancouver. Getting to the places you love is effortless.\n\nShoreline is a long-awaited series of truly waterfront homes in South Vancouver. Boasting West Coast modern architecture featuring brick and concrete facades on the exteriors, and refreshing open-plan layouts inside for great views, you will discover a new standard for stylish living. Being a member of the master planned community of River District Vancouver also adds unparalleled privileges as the list of future amenities such as new schools, parks and shopping grows impressively.\n\n<a href=""http://www.polyhomes.com/community/shoreline-south-vancouver-apartments"" rel=""nofollow"">www.polyhomes.com/community/shoreline-south-vancouver-apa...</a>'}"
2,https://live.staticflickr.com/3537/3501726231_5ebca46030_o.jpg,Polygon Homes,3501726231,fa5258c1f7,bedroom__205.png,Radiance Bedroom,{'_content': 'Photo Credit: Raef Grohne Architectural Photographer '}
2,https://live.staticflickr.com/6024/6009498434_8b4a759a01_o.jpg,Polygon Homes,6009498434,8a27f0262f,bedroom__206.png,Eclipse - Bedroom,"{'_content': 'Eclipse - North Delta Townhomes\n\nucked next to a forested green space just steps from a new lakeside park, you’ll find Eclipse, Polygon’s latest collection of townhome residences at the landmark master-planned community of Sunstone in North Delta.\n\nThis limited collection of three and four bedroom townhomes showcases welcoming Arts and Crafts architecture and evokes a storybook feeling with dramatic pitched roofs, charming gables and window boxes. Inside, contemporary interiors feature open-plan layouts, gourmet kitchens with granite countertops, warm laminate flooring, and sleek stainless steel appliances. For added convenience, large private decks invite outdoor entertaining, and attached garages welcome residents of every home.\n\nSituated in the heart of a family friendly community, close at hand are an array of hiking and biking trails, good schools, and shopping, and convenient commuter access to Vancouver and beyond. Every Eclipse resident will also benefit from membership to the Sunstone Club, a private residents-only clubhouse featuring over 12,000 square feet of resort-style amenities.\n\n<a href=""http://www.polyhomes.com/community/eclipse"" rel=""nofollow"">www.polyhomes.com/community/eclipse</a>\n\nPhoto Credit: Dave Delnea'}"
2,https://live.staticflickr.com/3227/2919573034_9363dd7135_o.jpg,wili_hybrid,2919573034,5172df2960,bedroom__207.png,Master Bedroom,"{'_content': 'Bedroom at my childhood apartment in Punavuori, Helsinki. The place is getting sold now. September 2008.'}"
2,https://live.staticflickr.com/2408/2278968225_ea676fa80a_o.jpg,Jane's Gascony,2278968225,cd9ba5d028,bedroom__208.png,Bedroom 4,"{'_content': 'Light and spacious, and lined with bookshelves '}"
2,https://live.staticflickr.com/7409/14163640862_7e38f3ed57_o.jpg,CramerSpot,14163640862,8d845f25c7,bedroom__209.png,Master Bedroom,{'_content': ''}
2,https://live.staticflickr.com/5052/5530745440_8e85367db6_o.jpg,Peter Counsell,5530745440,4c768bd171,bedroom__210.png,King Parrot Cottage Bedroom,{'_content': 'The main bedroom features a queen size bed. Lightweight doonas provided but linen is required or available for hire'}
2,https://live.staticflickr.com/2587/3721132452_09acba2fa2_o.jpg,Dana Moos,3721132452,0eb4cd1f24,bedroom__211.png,master bedroom,"{'_content': 'A fabulous custom 3 bedroom 2 1/2 bath home on one wooded acre with views of Mt. Kineo and the water. Located on a private golf course community of about 30 homes, this property makes a wonderful summer home as well as year round. Accessible by boat or snowmobile only, and golf cart transportation on the island. A golf cart will convey with the home. Homes on historic Kineo island are all so very well maintained, old and new. The community is just one you have to see.'}"
2,https://live.staticflickr.com/1056/1052543800_749d136cd4_o.jpg,The_Smiths,1052543800,4064418526,bedroom__212.png,Guest Bedroom,{'_content': ''}
2,https://live.staticflickr.com/5131/5532896319_b3552516f2_o.jpg,Polygon Homes,5532896319,6758992841,bedroom__213.png,Tyneridge Master Bedroom,"{'_content': 'Tyneridge homes by Polygon:  Inside, spacious three and four bedroom homes have been designed with young families in mind. Outside, private yards and patios offer places of quiet reflection or refreshing activity, while the kids burn off youthful energy in one of the local parks. \n\n<a href=""http://www.polyhomes.com"" rel=""nofollow"">www.polyhomes.com</a> \n\nPhoto Credit:  Dave Delnea Images'}"
2,https://live.staticflickr.com/3865/14378228111_2ced2a12cb_o.jpg,laurabillings,14378228111,f1d52dde8f,bedroom__214.png,Derbyshire Street - bedroom,"{'_content': 'Room available in beautiful 3 bed terraced house in Bethnal Green - from Sat 5 July 2014.\nLarge rooms; 2 bathrooms, outside back courtyard. Living with two girls - architect and community projects. \n6 month contract. \nEmail billings.lc@gmail.com or call for viewings.\n'}"
2,https://live.staticflickr.com/7052/6925818329_be756890d8_o.jpg,Adnams,6925818329,8c0b450c01,bedroom__215.png,bedroom room 10,{'_content': ''}
2,https://live.staticflickr.com/3056/2898634818_99d46de6aa_o.jpg,Dana McMahan,2898634818,c7e051abdf,bedroom__216.png,bedroom before,{'_content': ''}
2,https://live.staticflickr.com/237/455703458_88c68bdb78_o.jpg,Roberta Taylor,455703458,d615161108,bedroom__217.png,Master Bedroom,"{'_content': ""Here's the first shot of the (sort of) finished bedroom- The lights are my favourite detail.  Well, next to the non-squeaky bed, that is.""}"
2,https://live.staticflickr.com/2551/3721133604_446dae83e0_o.jpg,Dana Moos,3721133604,44f2a82378,bedroom__218.png,2nd bedroom,"{'_content': 'A fabulous custom 3 bedroom 2 1/2 bath home on one wooded acre with views of Mt. Kineo and the water. Located on a private golf course community of about 30 homes, this property makes a wonderful summer home as well as year round. Accessible by boat or snowmobile only, and golf cart transportation on the island. A golf cart will convey with the home. Homes on historic Kineo island are all so very well maintained, old and new. The community is just one you have to see.'}"
2,https://live.staticflickr.com/4025/4651375738_e2f9cfed9e_o.jpg,btmspox,4651375738,babac070ea,bedroom__219.png,Bedroom Whiteboard,{'_content': 'Because I always need more space to write.'}
2,https://live.staticflickr.com/7051/6779704568_2c33f455ba_o.jpg,Adnams,6779704568,624341d9d8,bedroom__220.png,bedroom room 6,{'_content': ''}
2,https://live.staticflickr.com/7047/6925817407_1d976735a8_o.jpg,Adnams,6925817407,c76042c44e,bedroom__221.png,bedroom room 9,{'_content': ''}
2,https://live.staticflickr.com/2858/10918366056_e6e94a3bb1_o.jpg,Kielbasi Posse,10918366056,9a7cba4a94,bedroom__222.png,rylan_home_bedroom,{'_content': ''}
2,https://live.staticflickr.com/4/6086810_0166bbae37_o.jpg,Telstar Logistics,6086810,0166bbae37,bedroom__223.png,Your guest bedroom,{'_content': ''}
2,https://live.staticflickr.com/3521/3806814321_584f6ac6e6_o.jpg,Kevin.Fai,3806814321,e1fc867dff,bedroom__224.png,#172 I think bedroom should be like this,"{'_content': 'not <a href=""http://www.flickr.com/photos/faikevin/3799557649/"">this</a>'}"
2,https://live.staticflickr.com/2538/4115815914_9e36e96df4_o.jpg,Polygon Homes,4115815914,9050f9a4d7,bedroom__225.png,Meridian Gate - Bedroom,"{'_content': 'Discover a community rich in both tradition and lifestyle in central Richmond. Discover Meridian Gate – the first of many new communities by Polygon in the up-and-coming Alexandra Gardens neighbourhood.\n\n<a href=""http://www.polyhomes.com/new_community.php?community_id=440"" rel=""nofollow"">Meridian Gate</a>'}"
2,https://live.staticflickr.com/216/485492839_bb6118369a_o.jpg,The_Smiths,485492839,4678636d15,bedroom__226.png,Master Bedroom,{'_content': ''}
2,https://live.staticflickr.com/3539/3401887453_86b73f86a9_o.jpg,Polygon Homes,3401887453,1ef48516a7,bedroom__227.png,Hennessy Green Bedroom,{'_content': 'Photo Credit: Shannon Fagan Photography'}
2,https://live.staticflickr.com/2936/14194954198_a53e37b5b3_o.jpg,laurabillings,14194954198,2e69c06430,bedroom__228.png,Derbyshire Street - bedroom,"{'_content': 'Room available in beautiful 3 bed terraced house in Bethnal Green - from Sat 5 July 2014.\nLarge rooms; 2 bathrooms, outside back courtyard. Living with two girls - architect and community projects. \n6 month contract. \nEmail billings.lc@gmail.com or call for viewings.\n'}"
2,https://live.staticflickr.com/3588/3369791389_3585f4f94d_o.jpg,JayGThompson,3369791389,c45102298a,bedroom__229.png,Bedroom 3,{'_content': ''}
2,https://live.staticflickr.com/42/81247519_6a71297120_o.jpg,erik jaeger,81247519,6a71297120,bedroom__230.png,Bedroom 1,{'_content': ''}
2,https://live.staticflickr.com/4044/4197874013_f86ccb3a42_o.jpg,Rrrrred,4197874013,88c62483e8,bedroom__231.png,Mottainai bedroom,{'_content': ''}
2,https://live.staticflickr.com/2145/2062584011_e9aadaa78d_o.jpg,sierravalleygirl,2062584011,9ff01ebc2e,bedroom__232.png,back Bedroom,{'_content': ''}
2,https://live.staticflickr.com/8791/17182189525_e6400ffa89_o.jpg,ClaireRosalynde,17182189525,d33e6af622,bedroom__233.png,2015 Basement Bedroom,{'_content': ''}
2,https://live.staticflickr.com/3160/3044389480_e57fa2cfbb_o.jpg,susieblackmon,3044389480,e1ee515b1f,bedroom__234.png,Guest Bedroom,{'_content': ''}
2,https://live.staticflickr.com/8029/8057789137_d944167623_o.jpg,felibrilu,8057789137,74119be4ba,bedroom__235.png,Teal bedroom,{'_content': '                               '}
2,https://live.staticflickr.com/4631/39598983054_5b70e6007d_o.jpg,junctionimage,39598983054,3b93980c60,bedroom__236.png,Bedroom 3,{'_content': ''}
2,https://live.staticflickr.com/8638/27839900974_3b9738ba25_o.jpg,junctionimage,27839900974,d209dd338b,bedroom__237.png,Bedroom A,{'_content': ''}
2,https://live.staticflickr.com/5268/5632688940_861717274d_o.jpg,andiezoe,5632688940,fd3cc7da2f,bedroom__238.png,Master Bedroom Update,{'_content': ''}
2,https://live.staticflickr.com/1195/873029783_9ef906ef43_o.jpg,tofoomeister,873029783,76188097e1,bedroom__239.png,Master Bedroom.,"{'_content': 'New furniture! Bed is made for a bigger mattress, we are careful getting up in the morning.'}"
3,https://live.staticflickr.com/3272/3066453042_4b6df95f8b_o.jpg,chrisrockshard,3066453042,c4ec2ff62b,bedroom__135.png,Bedroom,{'_content': 'My apartment in Grandview.'}
3,https://live.staticflickr.com/92/242685337_2d86951ed7_o.jpg,anthony hopkins! foto!,242685337,2d86951ed7,bedroom__136.png,soverom,{'_content': 'bedroom'}
3,https://live.staticflickr.com/1234/1352391556_6ab843be60_o.jpg,Anthony Citrano,1352391556,cf9dcb2879,bedroom__137.png,bedroom-hdr.jpg,{'_content': 'bedroom just as it was yesterday afternoon; another hdr experiment\n\nYou may use this (unedited) image online - even commercially - but <b>you must credit me and link to my portfolio (http://www.zigzaglens.com).</b>'}
3,https://live.staticflickr.com/1229/1180102437_13a330fcce_o.jpg,Anthony Citrano,1180102437,56f6723e32,bedroom__138.png,Master bedroom,{'_content': 'master br'}
3,https://live.staticflickr.com/2243/4506519873_5bbe254f71_o.jpg,sparklerawk,4506519873,3030709cc2,bedroom__139.png,Empty-ish Bedroom,"{'_content': 'New wall color.  Still very empty, but it feels nice and cozy.\nI need to get a new duvet.  That one has been annihilated by Pepper.'}"
3,https://live.staticflickr.com/3314/3499352013_1d34526d0c_o.jpg,sparklerawk,3499352013,13d4559415,bedroom__140.png,Week 7 - Bedroom,"{'_content': ""Thats the new duvet.  It's not bad, would work better with lighter sheets, but I still like my other duvet better.  I prefer the large print and the fabric of my other duvet.""}"
3,https://live.staticflickr.com/8508/8542847547_9c3e6d3b1b_o.jpg,vrkrebs,8542847547,e23fa2a509,bedroom__141.png,Master Bedroom,{'_content': ''}
3,https://live.staticflickr.com/3640/3407764246_c72277d258_o.jpg,Intiaz Rahim,3407764246,45e1b32c90,bedroom__142.png,Bedroom,{'_content': ''}
3,https://live.staticflickr.com/2563/5751723005_ec3776eded_o.jpg,Tiffany Joyce,5751723005,82106b3418,bedroom__143.png,bedroom,"{'_content': ""My old bedroom at my Uncle's (formerly Grandma's) house in Maine""}"
3,https://live.staticflickr.com/3158/2571266490_964ec93230_o.jpg,philip.beaudoin,2571266490,348f689f0a,bedroom__144.png,Bedroom,{'_content': 'Bedroom fireplace'}
3,https://live.staticflickr.com/3342/3407020543_7d0a8b5bbb_o.jpg,Intiaz Rahim,3407020543,1c338302dc,bedroom__145.png,Bedroom,{'_content': ''}
3,https://live.staticflickr.com/3770/12417196274_e5a878cbac_o.jpg,Bourguiboeuf,12417196274,445347defe,bedroom__146.png,Bedroom,{'_content': ''}
3,https://live.staticflickr.com/183/391203450_5d9905fc3a_o.jpg,amayzun,391203450,5d9905fc3a,bedroom__147.png,2/13/07 - My Bedroom #6089.JPG,{'_content': ''}
3,https://live.staticflickr.com/3648/3407763384_a938715d26_o.jpg,Intiaz Rahim,3407763384,d9dc6d653c,bedroom__148.png,Bedroom,{'_content': ''}
3,https://live.staticflickr.com/7005/6431197981_b9d56834f1_o.jpg,lucasfoxbcn,6431197981,cc4aeea2a4,bedroom__149.png,Bedroom-Luxury Apartment for Sale-Barcelona|LFS2935,"{'_content': 'Spacious and comfortable bedroom with views to patio. View more details of this <b><a href=""http://www.lucasfox.com/Buy-property/Spain/Barcelona/Barcelona-city/Gracia/Apartment/LFS2935.html"" rel=""nofollow"">Luxury Apartment for Sale-Barcelona| LFS2935</a></b>'}"
3,https://live.staticflickr.com/241/458756377_717e0e50a1_o.jpg,AxsDeny,458756377,ca2996a926,bedroom__150.png,Bedroom before 1,{'_content': 'This is what it looked like when we viewed the house before we bought it. Notice the awesome wallpaper. *gag*'}
3,https://live.staticflickr.com/2904/13997212319_c1b8611573_o.jpg,Granit Architects,13997212319,3902365395,bedroom__151.png,Bedroom,{'_content': 'Bradbrook House'}
3,https://live.staticflickr.com/8008/7407911138_acd6138d43_o.jpg,lucasfoxbcn,7407911138,c4b2a44ff3,bedroom__152.png,Bedroom,"{'_content': 'For further information on this <a href=""http://www.lucasfox.com/Buy-property/Spain/barcelona/barcelona-city/zona-alta/pedralbes/Penthouse/LFS2914.html"" rel=""nofollow""> Distinctive Penthouse for sale in Barcelona,  click Here </a>'}"
3,https://live.staticflickr.com/3497/3740278820_5a115bcf48_o.jpg,THEfunkyman,3740278820,c10f5aeb86,bedroom__153.png,Bedroom,{'_content': ''}
3,https://live.staticflickr.com/7442/12507632575_07a51df405_o.jpg,Galveston.com,12507632575,756a744293,bedroom__154.png,Bedroom,{'_content': ''}
3,https://live.staticflickr.com/1093/1368635497_6cc97e1a46_o.jpg,CCNZ,1368635497,df4f1a8fbd,bedroom__155.png,Bedroom,{'_content': ''}
3,https://live.staticflickr.com/8106/8657508555_543be79812_o.jpg,Galveston.com,8657508555,34193460fa,bedroom__156.png,Bedroom,{'_content': ''}
3,https://live.staticflickr.com/249/456533242_d2609de16d_o.jpg,creativeprincess,456533242,76e032bee2,bedroom__157.png,bedroom,{'_content': ''}
3,https://live.staticflickr.com/206/464555851_42a600d34f_o.jpg,AxsDeny,464555851,a5b466cd25,bedroom__158.png,Furniture returns 1,{'_content': ''}
3,https://live.staticflickr.com/4029/4659874381_bd65df8ece_o.jpg,Intiaz Rahim,4659874381,18eaf0a611,bedroom__159.png,Master Bedroom,{'_content': ''}
3,https://live.staticflickr.com/55/138371319_df4cc69f14_o.jpg,RobW_,138371319,df4cc69f14,bedroom__160.png,Luxury Bedroom,"{'_content': '..at <a href=""http://www.soverby.co.za/soverby/site.nsf"">Soverby Guest House</a>'}"
3,https://live.staticflickr.com/2797/4290197578_883887849b_o.jpg,Mike Souza,4290197578,26916f89ff,bedroom__161.png,Bedroom,{'_content': ''}
3,https://live.staticflickr.com/680/31813438892_8f00c33f5f_o.jpg,Nick M Clayton,31813438892,3dfe158132,bedroom__162.png,Bedroom,{'_content': '                               '}
3,https://live.staticflickr.com/6049/6259837987_729a537f8d_o.jpg,lucasfoxbcn,6259837987,2c53e3b8be,bedroom__163.png,Bedroom-Duplex for Sale-Barcelona,"{'_content': 'Bright spacious bedroom with skylight in a <b><a href=""#//www.lucasfox.com/Buy-property/Spain/Barcelona/Barcelona-city/old-town/Apartment/LFS2866.html"" rel=""nofollow"">duplex with huge terrace for sale in Old town, Barcelona</a><b></b></b>'}"
3,https://live.staticflickr.com/193/512964419_51fa667efe_o.jpg,Adam Walker Cleaveland,512964419,e7b00a3379,bedroom__164.png,Bedroom,{'_content': ''}
3,https://live.staticflickr.com/8485/8222248963_b894525e43_o.jpg,tzejen,8222248963,787a397e56,bedroom__165.png,Bedroom,{'_content': '[2012-11-19]'}
3,https://live.staticflickr.com/1022/624291436_f047a566b7_o.jpg,Chen Yang,624291436,e5a2770393,bedroom__166.png,bedroom,{'_content': ''}
3,https://live.staticflickr.com/3213/2403982281_3f8e68baa5_o.jpg,victoriafee,2403982281,4190b4f61e,bedroom__167.png,"Master bedroom, with new curtains and bedspread","{'_content': 'Bedroom <a href=""http://www.flickr.com/photos/victoriafee/1500648707/in/set-72157601921365157/"">previously</a>. '}"
3,https://live.staticflickr.com/7187/6881582789_83fd9d5074_o.jpg,Sterin,6881582789,c7aedef858,bedroom__168.png,master bedroom,{'_content': ''}
3,https://live.staticflickr.com/3271/2505463366_4b0592f491_o.jpg,tallphil,2505463366,73654436a4,bedroom__169.png,Bedroom,{'_content': ''}
3,https://live.staticflickr.com/3598/3406976297_930bd65baa_o.jpg,Intiaz Rahim,3406976297,36b769ff4a,bedroom__170.png,Master Bedroom,{'_content': ''}
3,https://live.staticflickr.com/3382/3407826732_06c3057d48_o.jpg,Intiaz Rahim,3407826732,a82b2ceb91,bedroom__171.png,Master Bedroom,{'_content': ''}
3,https://live.staticflickr.com/3644/3500168440_e6f00d4c71_o.jpg,sparklerawk,3500168440,a9e423b46a,bedroom__172.png,"Week 7 - Bedroom & Living Room, Divided",{'_content': 'Yay room divider!  I like that it works both open and closed.'}
3,https://live.staticflickr.com/3379/3407692628_9a25495bf9_o.jpg,Intiaz Rahim,3407692628,0d8d158de6,bedroom__173.png,Master Bedroom,{'_content': ''}
4,https://live.staticflickr.com/4028/4677858954_29d169ee71_o.jpg,firepile,4677858954,0cb6964d3b,bedroom__74.png,Bedroom,"{'_content': ""We've since put some homemade art on the wall, but we don't know if we like it.""}"
4,https://live.staticflickr.com/3029/3081639578_0ef78e0aee_o.jpg,Scrap Pile,3081639578,b5f0cea1ed,bedroom__75.png,our new bedroom decorations,{'_content': ''}
4,https://live.staticflickr.com/68/188121570_9314d2b8b2_o.jpg,Marc Lacoste,188121570,9314d2b8b2,bedroom__76.png,bedroom rectilinear panorama,"{'_content': 'lighten by 5000°K daylight fluorescents bulbs to match the color temperature of the outside (which was too bright, obviously), three photos (original exif from the center one) stitched with <a href=""http://hugin.sf.net"">hugin</a>, automated with autopano and enblend.'}"
4,https://live.staticflickr.com/7169/6412208097_b22e9a95c8_o.jpg,finnmacginty,6412208097,6a21f60a5e,bedroom__77.png,Bedroom,{'_content': ''}
4,https://live.staticflickr.com/2020/2507741588_35a957a9fc_o.jpg,sarahsorlien,2507741588,2a196e6d78,bedroom__78.png,Bedroom,{'_content': ''}
4,https://live.staticflickr.com/5297/5505849271_e123ea995b_o.jpg,Morgy,5505849271,9c29274495,bedroom__79.png,bedroom,{'_content': ''}
4,https://live.staticflickr.com/33/38813502_b66031379d_o.jpg,VaughnLMudrick,38813502,b66031379d,bedroom__80.png,bedroom,{'_content': ''}
4,https://live.staticflickr.com/5443/9171090891_6abd9136fe_o.jpg,Peter Alfred Hess,9171090891,6c4ccd3517,bedroom__81.png,Bedroom,"{'_content': 'Top Mast\nSea Ranch, California\n\nArchitect: David Moulton'}"
4,https://live.staticflickr.com/8545/8674404072_fe5fd4b5c2_o.jpg,shawn.cornelius,8674404072,16a90ed473,bedroom__82.png,IMG_1031,{'_content': ''}
4,https://live.staticflickr.com/2627/3787431988_f8cafe12f1_o.jpg,TFDuesing,3787431988,356f52c434,bedroom__83.png,Bedroom,"{'_content': 'In retrospect, I should have made the bed *before* I took this picture.'}"
4,https://live.staticflickr.com/5330/9303964004_5d9e1f744a_o.jpg,Kendyl Young,9303964004,10f29e3791,bedroom__84.png,Bedroom,{'_content': ''}
4,https://live.staticflickr.com/5148/5676975473_a0eb3d357f_o.jpg,jsparksnj,5676975473,09ea93b64d,bedroom__85.png,Bedroom,{'_content': ''}
4,https://live.staticflickr.com/3819/9617082454_42b33b2099_o.jpg,jasontoff,9617082454,90f015f652,bedroom__86.png,Bedroom,{'_content': 'Architect: Sarah Zames (genassembly.com)\n\nContractor: Jon Eklund (ecostruct.com)\n\nDesigner: Cristina Plana'}
4,https://live.staticflickr.com/4001/4182093339_5cb450e4a0_o.jpg,Studio Sarah Lou,4182093339,eb6a85eb9d,bedroom__87.png,Bedroom,"{'_content': 'Finally, a home of my *own*! UWS, NYC. 12.11.09.'}"
4,https://live.staticflickr.com/3435/3842980493_6991892ae0_o.jpg,Jeremy Levine Design,3842980493,30a7932a89,bedroom__88.png,Bedroom,"{'_content': 'Recycled douglas fir ceiling glows with light from clerestory windows.\n\nProject:  Red Box\nDescription: A two story addition to an existing house utilizing passive and active green technology.\nLocation:  Los Angeles\nDesigner:  Jeremy Levine\n<a href=""http://www.jeremylevine.com"" rel=""nofollow"">www.jeremylevine.com</a>'}"
4,https://live.staticflickr.com/4003/4254240217_8e0bacda1a_o.jpg,shiladsen,4254240217,a98b2fffee,bedroom__89.png,Bedroom,"{'_content': ""We have a large knotty pine wall above our bed.  It needs a window, but we aren't going to tear a hole in our wall anytime soon. \n\nKaty suggested that we fill the space with the panoramic picture I took while vacationing in Olympic Park.  It's hard to tell from this photo, but the picture is big.  Almost 7 feet long once it's framed (we have a big bed / bedroom).""}"
4,https://live.staticflickr.com/7156/6517950427_35215f2236_o.jpg,okchomeseller,6517950427,5c914cdae3,bedroom__90.png,Bedroom,"{'_content': ""18701 Wolf Creek in Edmond's Mulholland Addition. For sale at $425,000 with 3,401 square feet, 3 beds, 2½ baths and study. Custom home with many amenities.""}"
4,https://live.staticflickr.com/3164/3061856679_aebf79fafb_o.jpg,marissa,3061856679,dc65ff8447,bedroom__91.png,comfy bed!,"{'_content': 'this is the bed in the cute guesthouse I stayed at in westwood, los angeles'}"
4,https://live.staticflickr.com/4038/4672660541_e445ab944b_o.jpg,roguelazer,4672660541,f6a54639dc,bedroom__92.png,Bedroom,{'_content': ''}
4,https://live.staticflickr.com/5126/5383239712_16b625792c_o.jpg,Contentment on the Cove B&B,5383239712,664df62a82,bedroom__93.png,The Green Heron Room,{'_content': 'The Green Heron Room features a queen size bed with an additional twin day bed and private bathroom. It has tile floors and patio access. The large windows view the lakefront.'}
4,https://live.staticflickr.com/8260/8702686317_f865d11914_o.jpg,KkleinRN,8702686317,80ecbc9d95,bedroom__94.png,DSC02274,{'_content': ''}
4,https://live.staticflickr.com/3017/2956468793_3ae5805924_o.jpg,Muffet,2956468793,ddafe132db,bedroom__95.png,bedroom,"{'_content': 'I stayed at a lovely B&amp;B, called Shady Maples. These show a representative sample of their rooms. '}"
4,https://live.staticflickr.com/4139/4740712432_a16cdaf573_o.jpg,apasciuto,4740712432,f8144600f2,bedroom__96.png,bedroom,{'_content': ''}
4,https://live.staticflickr.com/3085/5856502125_44547bbeaf_o.jpg,www.metaphoricalplatypus.com,5856502125,91d0c69a77,bedroom__97.png,077,{'_content': ' Samsung digital camera'}
4,https://live.staticflickr.com/4001/4338832420_8eebe824de_o.jpg,imcountingufoz,4338832420,798f8d52ee,bedroom__98.png,4036,{'_content': ''}
4,https://live.staticflickr.com/4009/4691928873_e354b7898d_o.jpg,Krynop,4691928873,f1737efd37,bedroom__99.png,IMG_8805ms,{'_content': ''}
4,https://live.staticflickr.com/5023/5577617350_2edb5e7cdb_o.jpg,sueadlerrealtor,5577617350,1a3971bf09,bedroom__100.png,Bedroom,{'_content': ''}
4,https://live.staticflickr.com/61/226494506_dbba3ac99c_o.jpg,gothick_matt,226494506,dbba3ac99c,bedroom__101.png,PICT1022.JPG,{'_content': 'Hmm.'}
4,https://live.staticflickr.com/8129/8702699527_e826cbdbf8_o.jpg,KkleinRN,8702699527,12dfb441f0,bedroom__102.png,DSC02261,{'_content': ''}
4,https://live.staticflickr.com/4108/5015700589_6fda9a83e9_o.jpg,apasciuto,5015700589,79931fbc90,bedroom__103.png,bedroom,{'_content': ''}
4,https://live.staticflickr.com/4127/5015701843_be13b22b50_o.jpg,apasciuto,5015701843,5f6931fded,bedroom__104.png,bedroom,{'_content': ''}
4,https://live.staticflickr.com/8861/27711395354_6c837e3935_o.jpg,Reg Natarajan,27711395354,29489f6f30,bedroom__105.png,Bedroom,"{'_content': ""The old apartment in Funza, Colombia.  I don't miss it but I had a lot of good times there.""}"
4,https://live.staticflickr.com/2669/4182526118_eac66dae87_o.jpg,GOC53,4182526118,5edba62cfd,bedroom__106.png,Atlantic House,{'_content': '2009-November-27-Cape Town - Atlantic House-5'}
4,https://live.staticflickr.com/2821/9215087289_4255b524a1_o.jpg,bradhostetler,9215087289,cd0c162829,bedroom__107.png,bedroom,{'_content': 'Apartment at 10 Ivykou str.'}
4,https://live.staticflickr.com/5149/5647065746_6c8646a7e8_o.jpg,run100widow,5647065746,f707006181,bedroom__108.png,Bedroom,{'_content': ''}
4,https://live.staticflickr.com/5023/5857058838_cfdc094bef_o.jpg,www.metaphoricalplatypus.com,5857058838,d5fd2efcfe,bedroom__109.png,078,{'_content': ' Samsung digital camera'}
4,https://live.staticflickr.com/1385/3270472478_3a8e26d2d1_o.jpg,Yew Tree House,3270472478,f2e1b440b5,bedroom__110.png,Bedroom 1,{'_content': ''}
4,https://live.staticflickr.com/2008/2163334710_098f1fa460_o.jpg,Vitamin C9000,2163334710,7e97b17336,bedroom__111.png,Bedroom: Before,"{'_content': ""Using the flash makes this room appear far brighter than it actually is.  The walls are painted a depressing pale blue, and the lighting is terrible.  As you can see, they also attempted the faux-wainscoting look with a very 1980's wallpaper.  And the pink carpet needs no comment. \n\nIt will all be torn out out and repainted.""}"
4,https://live.staticflickr.com/2601/5841148422_8a006699be_o.jpg,vastateparksstaff,5841148422,bd79e77ec9,bedroom__112.png,TL - Cabin 5 Bedroom,"{'_content': 'TL - Cabin 5 Bedroom\n\nLearn more about cabins at Virginia State Parks here: <a href=""http://www.dcr.virginia.gov/state-parks/cabin-rentals"" rel=""nofollow"">www.dcr.virginia.gov/state-parks/cabin-rentals</a>'}"
4,https://live.staticflickr.com/7164/6521577135_2972d0ef89_o.jpg,angi231700,6521577135,3fac00bdae,bedroom__113.png,Guest Bedroom,{'_content': 'Basement Guest Bedroom.  Vintage French cabinet/side table.  Crate and Barrel bed.'}
4,https://live.staticflickr.com/7319/8725465137_e88584692c_o.jpg,Kendyl Young,8725465137,8db6ec3ccc,bedroom__114.png,Bedroom 2,"{'_content': '<a href=""http://1636BenLomondAve.com"" rel=""nofollow"">1636BenLomondAve.com</a> Glendale CA Spanish Home for Sale'}"
4,https://live.staticflickr.com/8308/7755843952_3c9d7c7b0e_o.jpg,Kendyl Young,7755843952,d47e083086,bedroom__115.png,Master Bedroom,"{'_content': '<a href=""http://www.1250NortonAve.com"" rel=""nofollow"">www.1250NortonAve.com</a>  A place to call HOME in Northwest Glendale.'}"
4,https://live.staticflickr.com/3278/2833270133_2139513671_o.jpg,Kendyl Young,2833270133,c9a97fa263,bedroom__116.png,Master Bedroom,"{'_content': 'Beautiful accent lighting, gleaming hardwood floors, french windows thrown open to the breeze and the tinkling of the fountain just outside add up to one of the most romantic and relaxing bedrooms I have ever seen.'}"
4,https://live.staticflickr.com/3544/5748511743_c3f83cd701_o.jpg,kizzzbeth,5748511743,6abd221a33,bedroom__117.png,Master Bedroom,"{'_content': ""That's where we slept. Huge closets on the left of the pic on the wall where I'm standing. Bathroom is on the right.""}"
4,https://live.staticflickr.com/5540/29300374824_39fec2e4e7_o.jpg,Paintzen,29300374824,0bf616c24c,bedroom__118.png,Modern White Bedroom,"{'_content': 'You are free to:\n \nShare — copy and redistribute the material in any medium or format\n \nAdapt — remix, transform, and build upon the material for any purpose, even commercially.\n \nYou must give appropriate credit and provide a link to <a href=""http://www.paintzen.com"" rel=""nofollow"">www.paintzen.com</a> home page, or our commercial painting page here: <a href=""https://www.paintzen.com/commercial"" rel=""nofollow"">www.paintzen.com/commercial</a> \nor residential painting page: <a href=""https://www.paintzen.com/residential"" rel=""nofollow"">www.paintzen.com/residential</a>'}"
4,https://live.staticflickr.com/3177/2552407773_7df1324b69_o.jpg,bradleypjohnson,2552407773,3e28f0eb75,bedroom__119.png,Bedroom & Closet,{'_content': ''}
4,https://live.staticflickr.com/734/22377499698_57cb59cc8a_o.jpg,LakeMartinVoice,22377499698,582f082231,bedroom__120.png,Bedroom 2,"{'_content': '12 Woodchuck Run is a beautiful waterfront home on Lake Martin, Alabama. '}"
4,https://live.staticflickr.com/3791/9284039696_fdcb760efa_o.jpg,SHRIGroup,9284039696,e551fc87a3,bedroom__121.png,Duplex_Bedroom,{'_content': 'Shri Radha Florence'}
4,https://live.staticflickr.com/2757/4119372902_0872ec5d02_o.jpg,Jesse Wagstaff,4119372902,0d0e3b1987,bedroom__122.png,My Bedroom,{'_content': ''}
4,https://live.staticflickr.com/7171/6412210019_cdbeabbe50_o.jpg,finnmacginty,6412210019,65aece75f5,bedroom__123.png,bedroom 2,{'_content': ''}
4,https://live.staticflickr.com/3848/14228388709_8d9443bc82_o.jpg,flowcomm,14228388709,78bb48c834,bedroom__124.png,"Bedroom, Babylonstoren",{'_content': ''}
4,https://live.staticflickr.com/7406/9614507993_09380e16bb_o.jpg,Kendyl Young,9614507993,f1b4777cc1,bedroom__125.png,Bedroom 2,{'_content': ''}
4,https://live.staticflickr.com/3670/9301182499_3d45b602ed_o.jpg,Kendyl Young,9301182499,02ac933813,bedroom__126.png,Master Bedroom,{'_content': ''}
4,https://live.staticflickr.com/7555/16238069615_42e5883783_o.jpg,IndoGemstone,16238069615,5e28047501,bedroom__127.png,SOLID WOOD BEDROOM FURNITURE,"{'_content': 'RUSTIC BEDROOM FURNITURE. <a href=""http://www.indogemstone.com/furniture/teak.html"" rel=""nofollow"">www.indogemstone.com/furniture/teak.html</a>'}"
4,https://live.staticflickr.com/5028/5608132263_e40c8bf94c_o.jpg,Bonnie Bogle,5608132263,b8e331ff89,bedroom__128.png,Master bedroom,{'_content': ''}
4,https://live.staticflickr.com/7008/6801652315_075cd669d2_o.jpg,ktmadeblog,6801652315,1c7c101006,bedroom__129.png,Bedroom 3,{'_content': ''}
4,https://live.staticflickr.com/3830/10661615785_f359348f5d_o.jpg,Kendyl Young,10661615785,75a5131067,bedroom__130.png,Bedroom 3,{'_content': ''}
4,https://live.staticflickr.com/6061/6050427749_4a46ac56d7_o.jpg,brightcd,6050427749,3399d2a184,bedroom__131.png,Master Bedroom,{'_content': ''}
4,https://live.staticflickr.com/7041/6792544954_9bb9c96a8e_o.jpg,The Falcondale,6792544954,c0c2bd4f8f,bedroom__132.png,Bedrooms at The Falcondale,"{'_content': 'All rooms are furnished to a high standard and vary in colour, décor and ambience. You can curl-up in the Egyptian cotton bed linen with a pot of tea or a cafetiere of coffee in front of a flat screen TV watching a DVD from the hotel’s own library. Or luxuriate in the bath with complimentary amenities before drying off with warm fluffy  towels and cuddling into a Falcondale bathrobe.\n<a href=""http://www.thefalcondale.co.uk"" rel=""nofollow"">www.thefalcondale.co.uk</a>'}"
4,https://live.staticflickr.com/736/23080025965_ff97edfd57_o.jpg,jordan klein,23080025965,437ffda62d,bedroom__133.png,2nd Bedroom,{'_content': ''}
4,https://live.staticflickr.com/8092/8568098465_914fdc3417_o.jpg,okchomeseller,8568098465,b2d77e468f,bedroom__134.png,Fairway Estates :: 901 Bay Hill,{'_content': 'Bedroom'}
5,https://live.staticflickr.com/7176/6950334523_30dace2b49_o.jpg,Martin Cathrae,6950334523,d8d4574a4f,bedroom__0.png,Bedroom,{'_content': 'Our bedroom.'}
5,https://live.staticflickr.com/3097/2800406224_6598d06d4b_o.jpg,asciipip,2800406224,e87dfdc411,bedroom__1.png,Bedroom,"{'_content': 'With all the furniture moved, it was now time to start putting things in their proper places.  The bedroom was the first place to receive attention.'}"
5,https://live.staticflickr.com/98/251818307_3fc445af13_o.jpg,kerinin,251818307,3fc445af13,bedroom__2.png,bedroom,{'_content': ''}
5,https://live.staticflickr.com/105/251817965_a9a24920f4_o.jpg,kerinin,251817965,a9a24920f4,bedroom__3.png,bedroom,{'_content': ''}
5,https://live.staticflickr.com/2415/2098763464_372e174080_o.jpg,Chris Bloom,2098763464,19a54def21,bedroom__4.png,Bedroom,{'_content': ''}
5,https://live.staticflickr.com/1416/539226194_a84d5d627e_o.jpg,Nathan Y,539226194,5ec3f18400,bedroom__5.png,Settling In: Bedroom,"{'_content': 'What, I can actually get to the bathroom?  Great!'}"
5,https://live.staticflickr.com/2902/14415792320_cfb0d8f901_o.jpg,betaviewaustralia,14415792320,bcff31e48d,bedroom__6.png,bedroom-with-aluminium-sliding-doors-2-BetaView,{'_content': 'Modern bedroom with aluminium sliding doors from BetaView.com.au'}
5,https://live.staticflickr.com/3280/2790146328_8218c32f7c_o.jpg,mcgrayjr,2790146328,25caff5268,bedroom__7.png,Bedroom,{'_content': ''}
5,https://live.staticflickr.com/5166/5252517260_daaeee47c7_o.jpg,Bonnie Bogle,5252517260,e87f3fce7a,bedroom__8.png,Bedroom,{'_content': ''}
5,https://live.staticflickr.com/5004/5232753719_1d0b153f9b_o.jpg,Weidner Apartment Homes,5232753719,81dbdb258f,bedroom__9.png,Bedroom,{'_content': ''}
5,https://live.staticflickr.com/6183/6076356187_8d4a2798f7_o.jpg,One of the foreigners,6076356187,af3329221c,bedroom__10.png,Bedroom,{'_content': ''}
5,https://live.staticflickr.com/3157/2619417473_4a78db37e3_o.jpg,gfhdickinson,2619417473,a222054760,bedroom__11.png,Bedroom,{'_content': ''}
5,https://live.staticflickr.com/2138/2175070007_67c084cf3b_o.jpg,thenestor,2175070007,c55ace3961,bedroom__12.png,bedroom,{'_content': ''}
5,https://live.staticflickr.com/5255/5394630923_bf21a7de21_o.jpg,pmulloy2112,5394630923,210dcc49c7,bedroom__13.png,Bedroom,{'_content': ''}
5,https://live.staticflickr.com/2226/2321711838_2fab52c21f_o.jpg,dane brian,2321711838,0e788aeb68,bedroom__14.png,bedroom,{'_content': ''}
5,https://live.staticflickr.com/626/22084724833_d51c976c47_o.jpg,chairbazaar,22084724833,3d68586487,bedroom__15.png,"70 Bedroom Ideas, Decorating Tips and Decor","{'_content': 'Is your bedroom the stuff dreams are made of? Try our tips and tricks for creating a master bedroom that\'s truly a relaxing retreat. More Info At : <a href=""http://bit.ly/1KSFWDw"" rel=""nofollow"">bit.ly/1KSFWDw</a>'}"
5,https://live.staticflickr.com/42/74275244_2adbd5dee1_o.jpg,pbyrne,74275244,2adbd5dee1,bedroom__16.png,Where the Magic Happens,{'_content': ''}
5,https://live.staticflickr.com/2749/4458727156_989e79a569_o.jpg,alliecreative,4458727156,96a1947af0,bedroom__17.png,,{'_content': ''}
5,https://live.staticflickr.com/4124/5065738774_61af936ae0_o.jpg,grggrssmr,5065738774,2ab693ecdf,bedroom__18.png,Bedroom,{'_content': ''}
5,https://live.staticflickr.com/44/163410536_35372159b8_o.jpg,noricum,163410536,35372159b8,bedroom__19.png,Bedroom,{'_content': ''}
5,https://live.staticflickr.com/7361/9113554021_594fcb909d_o.jpg,william_mckeehan,9113554021,17f3ec4094,bedroom__20.png,Bedroom,{'_content': ''}
5,https://live.staticflickr.com/3286/2620222070_4b6916f3e1_o.jpg,gfhdickinson,2620222070,db31341544,bedroom__21.png,Bedroom,{'_content': ''}
5,https://live.staticflickr.com/2185/2576303934_46082b6952_o.jpg,tobo,2576303934,ae06df937e,bedroom__22.png,bedroom,"{'_content': 'Note awesome lepidoptera-themed duvet cover.\n\ncompare to <a href=""http://flickr.com/photos/tobin/50978378/"">my room in rochester</a>.'}"
5,https://live.staticflickr.com/3929/15204971407_c9621cd3ae_o.jpg,Le Ciel Azuré,15204971407,ecd3933929,bedroom__23.png,Bedroom,{'_content': ''}
5,https://live.staticflickr.com/5044/5337245761_e099d6080b_o.jpg,theilr,5337245761,ac44094da9,bedroom__24.png,Master bedroom,"{'_content': ""I won't get into the specifics of who, in our household, is actually the master, but this is the main bedroom.  Following the advice of the experts, I used my widest angle lens (11mm) and shot from the far corner of the room, on a tripod, using a small aperture,   I was careful to level the camera so the vertical lines would all be vertical. \n\n What do you think about that rocking chair placement?  A little hokey, but I was going for some shadow action.  ""}"
5,https://live.staticflickr.com/1791/43881987732_d851a5ac7a_o.jpg,Yes! Homebuyers,43881987732,ff546d3bea,bedroom__25.png,North Carr Croft,"{'_content': 'When using this image please provide photo credit (link) to <a href=""http://www.yeshomebuyers.com"" rel=""nofollow"">www.yeshomebuyers.com</a>'}"
5,https://live.staticflickr.com/3141/2556864830_000542174a_o.jpg,Brandie!,2556864830,aab0d74fb8,bedroom__26.png,Bedroom,{'_content': ''}
5,https://live.staticflickr.com/3586/3496543321_b6285019ab_o.jpg,Marco Zanferrari,3496543321,6d5da4fccb,bedroom__27.png,Bedroom,"{'_content': ""Ecco deve dormo.\nLa foto e' un po' vecchia, ora non ci sono ne' il piumino ne' il nylon sulla base del letto :)""}"
5,https://live.staticflickr.com/2763/4092475189_bc71255c9f_o.jpg,Dave Bezaire,4092475189,703a3576ed,bedroom__28.png,Bedroom #1,{'_content': 'Bedroom #1'}
5,https://live.staticflickr.com/8107/8522969766_a8d67f7601_o.jpg,F. D. Richards,8522969766,f7410266b7,bedroom__29.png,Bedrooms Done,{'_content': 'Bedroom #1'}
5,https://live.staticflickr.com/1278/1389113532_5a1f30924d_o.jpg,Lisa Tripp,1389113532,a86fa0a741,bedroom__30.png,Bedroom Master,{'_content': 'Downstairs Master Bedroom '}
5,https://live.staticflickr.com/3169/2970557860_65e63de1ae_o.jpg,pnoeric,2970557860,eb9a3b3b5f,bedroom__31.png,"""color"" bedroom",{'_content': 'The 2nd bedroom (a.k.a. the &quot;color&quot; room).'}
5,https://live.staticflickr.com/132/393534085_43c30c5984_o.jpg,alexik,393534085,43c30c5984,bedroom__32.png,Master Bedroom,{'_content': 'This could be yours!  Buy this house!'}
5,https://live.staticflickr.com/3882/14683157021_7695c20c23_o.jpg,KellyK,14683157021,ef6e3bfd8f,bedroom__33.png,Master Bedroom,{'_content': ''}
5,https://live.staticflickr.com/2640/3912445473_2bf23e402f_o.jpg,visualthinker,3912445473,7fbc8ebf58,bedroom__34.png,Second bedroom,"{'_content': ""At the Mariner's Resort Villas in Key Largo, FL.  Note that this room has it's own full bathroom.""}"
5,https://live.staticflickr.com/2135/2202784386_33e98ea597_o.jpg,died4663,2202784386,88cd0742d2,bedroom__35.png,Downstairs Bedroom,{'_content': ''}
5,https://live.staticflickr.com/4108/5186885360_0ff897b55a_o.jpg,Weidner Apartment Homes,5186885360,15468fa30b,bedroom__36.png,Bedroom 3,{'_content': ''}
5,https://live.staticflickr.com/5084/5222362007_d5c53e313c_o.jpg,Weidner Apartment Homes,5222362007,6811f50b5e,bedroom__37.png,Master Bedroom,{'_content': ''}
5,https://live.staticflickr.com/3447/3202876901_67ac7a8fcc_o.jpg,William Hook,3202876901,cb071a1d3f,bedroom__38.png,New Bedroom Stuff (2),{'_content': 'My desk.'}
5,https://live.staticflickr.com/1541/25941211282_290012d415_o.jpg,urbaneapts,25941211282,64e8f2ec32,bedroom__39.png,bedroom 1,{'_content': ''}
5,https://live.staticflickr.com/195/501201911_ad8ba19af2_o.jpg,daryl_mitchell,501201911,feee6ae008,bedroom__40.png,Master Bedroom 1,"{'_content': 'The master bedroom is huge - almost 250 square feet!  That leaves plenty of room for large furniture, like this queen size bed and night tables.'}"
5,https://live.staticflickr.com/660/23188276444_7221d91f10_o.jpg,ChrisBohn,23188276444,e2a7a53c79,bedroom__41.png,Bedroom 2,{'_content': ''}
5,https://live.staticflickr.com/3133/3471488098_f757efd91c_o.jpg,Around285,3471488098,c8247239b7,bedroom__42.png,Bellingrath bedroom,{'_content': ''}
5,https://live.staticflickr.com/4107/5030222285_5d581abe9c_o.jpg,ClemsonEm96,5030222285,0cc03acc09,bedroom__43.png,Bedroom 4,{'_content': ''}
5,https://live.staticflickr.com/5050/5259357461_983556201e_o.jpg,lschae7777,5259357461,e46688a93a,bedroom__44.png,2nd bedroom,{'_content': ''}
5,https://live.staticflickr.com/3277/2970557718_35931ea122_o.jpg,pnoeric,2970557718,e1c43a55c7,bedroom__45.png,master bedroom,"{'_content': 'The luxurious master bedroom; the crown jewel of the house. Note the seating area and the beatiful dark wood armoire (containing a 27&quot; TV, 500-channel satellite TV and DVD player) and the doors out to the balcony.'}"
5,https://live.staticflickr.com/3576/3470673487_dd7a81c20e_o.jpg,Around285,3470673487,4821381952,bedroom__46.png,Master bedroom,{'_content': ''}
5,https://live.staticflickr.com/7103/7164722685_af4892b7e4_o.jpg,ShardsOfBlue,7164722685,775570f3ab,bedroom__47.png,Master Bedroom,{'_content': ''}
5,https://live.staticflickr.com/3603/3471488668_4ae96eecc1_o.jpg,Around285,3471488668,bb829397a3,bedroom__48.png,First floor bedroom,{'_content': ''}
5,https://live.staticflickr.com/5489/14146477343_21bf2bd1eb_o.jpg,brettgb,14146477343,a7cf098165,bedroom__49.png,Bedroom 1,{'_content': ''}
5,https://live.staticflickr.com/3442/3900885027_05ac4aa816_o.jpg,ZacharyTirrell,3900885027,1e75e60aa2,bedroom__50.png,Master Bedroom,{'_content': ''}
5,https://live.staticflickr.com/5483/9852350876_34d2e695d7_o.jpg,B.D.'s world,9852350876,4a9d651dbc,bedroom__51.png,Master bedroom,{'_content': 'Lakewood House'}
5,https://live.staticflickr.com/2317/2525907527_049b3b0c34_o.jpg,TravelingOtter,2525907527,1da0a9d87a,bedroom__52.png,Sheraton Libertador - Penthouse Suite,{'_content': 'Bedroom'}
5,https://live.staticflickr.com/3763/19805014756_d1bf5ca5b7_o.jpg,Kit Case,19805014756,cab95813a5,bedroom__53.png,Bedroom 1,{'_content': 'Approx 14X11\n'}
5,https://live.staticflickr.com/4123/4813736552_41413a01bc_o.jpg,Kelly McCarthy,4813736552,0dbc3e79fc,bedroom__54.png,1 Bedroom,{'_content': 'House next door (Coolidge-Hanover House #2)'}
5,https://live.staticflickr.com/3169/3057906049_ea55a825d8_o.jpg,SteveBrand,3057906049,ddf90d9459,bedroom__55.png,Master bedroom,{'_content': ''}
5,https://live.staticflickr.com/2787/4264015738_ac839ae349_o.jpg,rmoniz510,4264015738,f421dc3226,bedroom__56.png,Master Bedroom,{'_content': ''}
5,https://live.staticflickr.com/8255/8615385506_d2c15962f5_o.jpg,noluckmurphy,8615385506,15bae6294c,bedroom__57.png,First Floor Bedroom,{'_content': ''}
5,https://live.staticflickr.com/8340/8241428569_48ca47a20e_o.jpg,freddie boy,8241428569,68f3e02bfb,bedroom__58.png,la villa bedrrom,{'_content': ''}
5,https://live.staticflickr.com/3235/3068447251_c8b399a4a4_o.jpg,rwiedower,3068447251,fd1a65649c,bedroom__59.png,alpine bedroom,{'_content': ''}
5,https://live.staticflickr.com/651/21441639910_2c9031fa35_o.jpg,presmd,21441639910,c7600564e3,bedroom__60.png,"Long Hill, bedroom",{'_content': 'An image of a bedroom inside of the main house at Long Hill. The house was built around 1767.'}
5,https://live.staticflickr.com/933/29980777598_07348e34bc_o.jpg,phin_hall,29980777598,d008aeb76e,bedroom__61.png,Bedroom 3,{'_content': ''}
5,https://live.staticflickr.com/7294/9601459800_0b6732e735_o.jpg,aurora_adrian823,9601459800,0f16309fd4,bedroom__62.png,Poly Rose bedroom,{'_content': '保利蔷薇苑\n地址：中国北京市东城区培新街9号\n4B4户型 \n建筑面积：88.61平方米\n交房年份：2007年\n售价：530万人民币'}
5,https://live.staticflickr.com/3560/3457585975_7b17aa49ea_o.jpg,Herkie,3457585975,68332cc0ea,bedroom__63.png,2836 Missouri Ave - Master bedroom,"{'_content': 'Master bedroom.\n\n<a href=""http://bentonparkhouse.com/"">bentonparkhouse.com/</a>'}"
5,https://live.staticflickr.com/179/384641207_0d6f110950_o.jpg,kencf0618,384641207,0d6f110950,bedroom__64.png,Bedroom/Office,{'_content': 'One-stop shopping!\n   '}
5,https://live.staticflickr.com/5127/5232762651_fa79b7b3dc_o.jpg,Weidner Apartment Homes,5232762651,f5f64744cd,bedroom__65.png,Bedroom with Closet,{'_content': ''}
5,https://live.staticflickr.com/1295/5186284165_37e4d44571_o.jpg,Weidner Apartment Homes,5186284165,762520b123,bedroom__66.png,Bedroom 1,{'_content': ''}
5,https://live.staticflickr.com/976/41537806304_9936f9b7f4_o.jpg,JEKruger,41537806304,6ecfdcd297,bedroom__67.png,Bedroom 1,{'_content': ''}
5,https://live.staticflickr.com/7768/26714307650_002277cdd2_o.jpg,Dave Bezaire,26714307650,2c0b306643,bedroom__68.png,Bedroom Master 1,{'_content': '&nbsp;'}
5,https://live.staticflickr.com/3503/3458401228_2b92696f3f_o.jpg,Herkie,3458401228,9d81a7c780,bedroom__69.png,2836 Missouri Ave - Master bedroom,"{'_content': 'Master bedroom.\n\n<a href=""http://bentonparkhouse.com/"">bentonparkhouse.com/</a>'}"
5,https://live.staticflickr.com/1372/1105674064_324d0688fa_o.jpg,viatraversari,1105674064,0c083208f4,bedroom__70.png,Bedroom 1,{'_content': ''}
5,https://live.staticflickr.com/3632/3373755591_8a1481a5bb_o.jpg,DesignFolly,3373755591,80242890ac,bedroom__71.png,Nautical Bedroom with pale blue walls,"{'_content': 'Pale blue paint sets off the crisp blue and tan scheme, while simple curtains add privacy.'}"
5,https://live.staticflickr.com/3098/2678147453_21e2d66f4d_o.jpg,BepJack,2678147453,0fc6e19ed7,bedroom__72.png,IMG_9648.jpg,{'_content': 'Bedroom'}
5,https://live.staticflickr.com/3714/9611642058_c99c7da547_o.jpg,CKGolf,9611642058,8607450090,bedroom__73.png,Copper Point Resort 2 Bedroom Loft Suite,"{'_content': '2nd bedroom with queen bed, ensuite, large closet and balcony.'}"
1,https://live.staticflickr.com/5523/30456261503_186611d6c5_o.jpg,Jo_Blogs,30456261503,296f5c69e5,kitchen__260.png,Kitchen,{'_content': ''}
1,https://live.staticflickr.com/2605/4180497496_2243bb465b_o.jpg,NetLawyer,4180497496,1c2990effd,kitchen__261.png,messy kitchen,{'_content': 'but intended to show overall trim and backsplash'}
1,https://live.staticflickr.com/4151/5197699398_a4ed22f2c3_o.jpg,mag3737,5197699398,bbbc1cf7fa,kitchen__262.png,Kitchen,{'_content': ''}
1,https://live.staticflickr.com/5793/20618610584_0b30f2e680_o.jpg,Carneddau,20618610584,9e37809e72,dining room__297.png,Thornfield kitchen,{'_content': ''}
1,https://live.staticflickr.com/2769/4174374943_3aa342376d_o.jpg,katieash,4174374943,bd69e1d8a5,kitchen__263.png,winter01,{'_content': 'my kitchen gets lovely light in the morning.'}
1,https://live.staticflickr.com/2155/2069513318_4f9afc799d_o.jpg,twentysixcats,2069513318,e9504c9280,kitchen__264.png,apt07,"{'_content': ""Our kitchen. Through the breakfast bar window is the living room. It's nice and spacious.""}"
1,https://live.staticflickr.com/2856/11488192704_c5d10d5270_o.jpg,Peter Alfred Hess,11488192704,408e098c3d,kitchen__265.png,Kitchen,{'_content': 'Berkeley Residence \n- - - - -  \nArchitect: Mitchelle Holladay'}
1,https://live.staticflickr.com/884/39492963330_7c76d7ae88_o.jpg,Pictures by Ann,39492963330,0be7534274,kitchen__266.png,Kitchen,{'_content': ''}
1,https://live.staticflickr.com/7125/7590667672_d822926def_o.jpg,BJBEvanston,7590667672,c7bbfdbf3b,kitchen__267.png,kitchen,"{'_content': 'This custom Park Ridge kitchen is ready for all your custom recipe-making skills. Or custom food ordering skills.     \n\nFor more information, check out <a href=""http://bjbevanston.com/park-ridge-apartments/237-NW-Highway"" rel=""nofollow"">bjbevanston.com/park-ridge-apartments/237-NW-Highway</a>'}"
1,https://live.staticflickr.com/3617/3471338678_9e0bf11aec_o.jpg,dbang,3471338678,f97a706532,kitchen__268.png,DSC_4072,{'_content': ''}
1,https://live.staticflickr.com/690/20780315392_9d998c23e1_o.jpg,serjior25,20780315392,1ba0c3a63f,kitchen__269.png,Kitchen,{'_content': ''}
1,https://live.staticflickr.com/3602/3414461433_d09836d2f9_o.jpg,Drew and Didi,3414461433,8527970480,kitchen__270.png,kitchen,"{'_content': 'Great kitchen, right? All we did here was paint and fill it. (I made that apron btw :))'}"
1,https://live.staticflickr.com/3874/14302116409_9048048941_o.jpg,gussington,14302116409,1687201eec,kitchen__271.png,Kitchen,{'_content': '                               '}
1,https://live.staticflickr.com/3003/3032990302_a3b56aecb6_o.jpg,edfinn,3032990302,7cc1542899,kitchen__272.png,Kitchen,{'_content': 'I love our new orange chairs.'}
1,https://live.staticflickr.com/1115/881662674_95aec13448_o.jpg,jadamsowers.net,881662674,094413ddb8,kitchen__273.png,kitchen,{'_content': ''}
1,https://live.staticflickr.com/7526/16072431422_985b5c88d1_o.jpg,eam31,16072431422,63014da944,kitchen__274.png,Kitchen,"{'_content': ""Before all the stuff arrived! Looks like a lot of cupboards, but there's a built in washer-drier, dishwasher, boiler, fridge and freezer. ""}"
1,https://live.staticflickr.com/3006/3018615451_57924cd206_o.jpg,jonson.c,3018615451,9ab0c19ea0,kitchen__275.png,KITCHEN,{'_content': ''}
1,https://live.staticflickr.com/5009/5642353706_8434865f96_o.jpg,matthorr,5642353706,3c3679c2a9,kitchen__276.png,Kitchen,{'_content': ''}
1,https://live.staticflickr.com/8453/8052243993_585e765eb5_o.jpg,Flintlocker,8052243993,17a89d5274,kitchen__277.png,Kitchen00036,{'_content': ''}
1,https://live.staticflickr.com/2818/34181744551_f2ee480539_o.jpg,jacobsons,34181744551,d43e7d71ef,kitchen__278.png,IMGP1091,{'_content': ''}
1,https://live.staticflickr.com/75/174663396_fef38c16a1_o.jpg,Alexandra Roberts,174663396,fef38c16a1,kitchen__279.png,kitchen,{'_content': ''}
1,https://live.staticflickr.com/4711/26120033918_393774d84c_o.jpg,Kathleen Seide,26120033918,ac6448fb15,kitchen__280.png,kitchen,{'_content': 'Hailey Condo SW Gainesville FL'}
1,https://live.staticflickr.com/8836/17040070684_2d3bfa392a_o.jpg,anjetika,17040070684,3995d37bd1,kitchen__281.png,kitchen,{'_content': ''}
1,https://live.staticflickr.com/4083/5084771859_c7c335a262_o.jpg,MaineREBroker,5084771859,554ac3e79c,kitchen__282.png,Kitchen,{'_content': ''}
1,https://live.staticflickr.com/5308/5600716670_86fc789ab9_o.jpg,cinderellasg,5600716670,ed0c228da2,kitchen__283.png,Kitchen.,{'_content': ''}
1,https://live.staticflickr.com/4134/4929006149_fb20c94431_o.jpg,ReeseCLloyd,4929006149,e419d30da2,kitchen__284.png,Kitchen,{'_content': ''}
1,https://live.staticflickr.com/7054/6840394358_19017a0898_o.jpg,afagen,6840394358,f96789cfc0,kitchen__285.png,Beautiful kitchen,"{'_content': 'Old Town Commons (condominium), Old Town, Alexandria, VA'}"
2,https://live.staticflickr.com/1262/544749836_759212a1e5_o.jpg,Roo Reynolds,544749836,ad87373997,kitchen__222.png,Wimbledon house - kitchen,{'_content': ''}
2,https://live.staticflickr.com/4536/38411268192_20a82bd890_o.jpg,ronWLS,38411268192,23c0e0aec6,kitchen__223.png,Beautiful Kitchen,"{'_content': 'I often find the kitchen one of my favorite rooms to photograph since they are often the best looking room of a house. A well put together kitchen often has such nice, rich looking cabinets, beautiful counter tops and great looking appliances. Usually easy to get a great shot.'}"
2,https://live.staticflickr.com/4115/4751400046_0e182921a2_o.jpg,-DjD-,4751400046,0b08e4d275,kitchen__224.png,Kitchen,{'_content': ''}
2,https://live.staticflickr.com/4011/4512735057_13fda0cd80_o.jpg,Padre Denny,4512735057,9c8ed10ae6,kitchen__225.png,Kitchen,{'_content': ''}
2,https://live.staticflickr.com/4092/5102590046_59a02259ff_o.jpg,Polygon Homes,5102590046,6b3ab4a775,kitchen__226.png,Equinox - Kitchen,"{'_content': 'These three and four bedroom homes reflect distinctive Georgian-style architecture, showcasing extensive brickwork, wood trim detailing and black iron accents. Inside, contemporary, open-plan interiors range to over 1,600 square feet and feature gourmet kitchens with granite countertops, warm laminate flooring, and sleek stainless steel appliances. Large private decks invite outdoor entertaining, and attached garages welcome residents of every home. The homes at Equinox also boast a highly-desirable location with the master-planned Sunstone community in North Delta, sitting across from the breathtaking Sunstone Lake and Sunstone Park and just steps away from the 12,000 square-foot Sunstone Club. \n\nPhoto Credit: Dave Delnea'}"
2,https://live.staticflickr.com/4017/4712062174_78e0c1693a_o.jpg,jhiner,4712062174,09807bced0,kitchen__227.png,Kitchen,{'_content': ''}
2,https://live.staticflickr.com/4609/28116749159_3d42543a45_o.jpg,junctionimage,28116749159,f73abfa377,kitchen__228.png,Kitchen 1,{'_content': ''}
2,https://live.staticflickr.com/5130/5374059046_cceaf09268_o.jpg,Polygon Homes,5374059046,1738f580a3,kitchen__229.png,Anderson Walk - Kitchen,"{'_content': 'This limited collection of one and two bedroom apartment homes reflects an urban West Coast contemporary architecture with the use of heavy timber elements to celebrate and express the unique character of Anderson Walk. Inside, homes feature open living spaces and sophisticated interior design details including smooth granite and marble counters, laminate flooring, rich rift-cut oak cabinetry and sleek stainless steel appliances including gas range. \n\nPhoto Credit: Dave Delnea'}"
2,https://live.staticflickr.com/1925/45248317622_81893f7df0_o.jpg,junctionimage,45248317622,01e69ee082,kitchen__230.png,Kitchen 1,{'_content': ''}
2,https://live.staticflickr.com/808/26941698618_8bdae8903c_o.jpg,junctionimage,26941698618,aaae40f1ed,kitchen__231.png,Kitchen 2,{'_content': ''}
2,https://live.staticflickr.com/1756/41798923015_89ca9f5716_o.jpg,junctionimage,41798923015,cb527ff5a4,dining room__295.png,Kitchen 3,{'_content': ''}
2,https://live.staticflickr.com/65535/46946616434_c6895c2544_o.jpg,junctionimage,46946616434,14b87ef2d3,dining room__296.png,Kitchen 3,{'_content': ''}
2,https://live.staticflickr.com/772/31469373954_29c0c16181_o.jpg,junctionimage,31469373954,276ac5c3fc,kitchen__232.png,Kitchen 1,{'_content': ''}
2,https://live.staticflickr.com/870/27804786588_51936aa912_o.jpg,junctionimage,27804786588,0092f96b8d,kitchen__233.png,Kitchen 1,{'_content': ''}
2,https://live.staticflickr.com/4555/26343271919_a7f3c1eb18_o.jpg,junctionimage,26343271919,d6c2c69265,kitchen__234.png,Kitchen 1,{'_content': ''}
2,https://live.staticflickr.com/956/42112126041_c0a05c0d86_o.jpg,junctionimage,42112126041,8740f41a95,kitchen__235.png,Kitchen 3,{'_content': ''}
2,https://live.staticflickr.com/4649/25766342028_f1ce5fda0e_o.jpg,junctionimage,25766342028,af7f4b6a9c,kitchen__236.png,Kitchen 2,{'_content': ''}
2,https://live.staticflickr.com/4768/40230286171_4501bea4d2_o.jpg,junctionimage,40230286171,3eda4655e0,kitchen__237.png,Kitchen 1,{'_content': ''}
2,https://live.staticflickr.com/4579/38351048036_8bcd19f0e5_o.jpg,junctionimage,38351048036,bf40194d76,kitchen__238.png,Kitchen 2,{'_content': ''}
2,https://live.staticflickr.com/894/40485092100_5441091597_o.jpg,junctionimage,40485092100,99866f0cb3,kitchen__239.png,Kitchen 1,{'_content': ''}
2,https://live.staticflickr.com/1851/43720353165_d89bd01720_o.jpg,junctionimage,43720353165,1378b2bab6,kitchen__240.png,Kitchen 3,{'_content': ''}
2,https://live.staticflickr.com/1768/28646777037_3f75f6da07_o.jpg,junctionimage,28646777037,fe51925c57,kitchen__241.png,Kitchen 2,{'_content': ''}
2,https://live.staticflickr.com/908/41744351981_5fee5ac98f_o.jpg,junctionimage,41744351981,61b827db85,kitchen__242.png,Kitchen 1,{'_content': ''}
2,https://live.staticflickr.com/4722/40401682772_8616d5f454_o.jpg,junctionimage,40401682772,63848e13dc,kitchen__243.png,Kitchen 1,{'_content': ''}
2,https://live.staticflickr.com/4587/25450386928_5c85b6dc85_o.jpg,junctionimage,25450386928,485e68a138,kitchen__244.png,Kitchen 2,{'_content': ''}
2,https://live.staticflickr.com/5756/21819308740_4b03334389_o.jpg,junctionimage,21819308740,5c7339709b,kitchen__245.png,Kitchen 2,{'_content': ''}
2,https://live.staticflickr.com/4655/26689244808_e85960b461_o.jpg,junctionimage,26689244808,292473fabd,kitchen__246.png,Kitchen 1,{'_content': ''}
2,https://live.staticflickr.com/4762/40362171942_21d8997aa2_o.jpg,junctionimage,40362171942,ab5661bc28,kitchen__247.png,Kitchen 1,{'_content': ''}
2,https://live.staticflickr.com/4797/39685776325_7ab256645d_o.jpg,junctionimage,39685776325,e4a03e2e87,kitchen__248.png,Kitchen 1,{'_content': ''}
2,https://live.staticflickr.com/4607/38482979150_a5a83c11ea_o.jpg,junctionimage,38482979150,ac9cc763dc,kitchen__249.png,Kitchen 1,{'_content': ''}
2,https://live.staticflickr.com/946/41766710191_236659133d_o.jpg,junctionimage,41766710191,8f3236cf5a,kitchen__250.png,Kitchen 3,{'_content': ''}
2,https://live.staticflickr.com/4458/36970960843_2906d12b41_o.jpg,junctionimage,36970960843,f3dcebf78b,kitchen__251.png,Kitchen 6,{'_content': ''}
2,https://live.staticflickr.com/1925/30058173887_947c6d3519_o.jpg,junctionimage,30058173887,455141c717,kitchen__252.png,Living - Kitchen,{'_content': ''}
2,https://live.staticflickr.com/4595/38516861764_5817f8a054_o.jpg,junctionimage,38516861764,9c03d47d8f,kitchen__253.png,Kitchen & Dining,{'_content': ''}
2,https://live.staticflickr.com/5709/22106895511_d982c75c7d_o.jpg,junctionimage,22106895511,79c402aaa8,kitchen__254.png,Kitchen 2,{'_content': ''}
2,https://live.staticflickr.com/1943/44497003424_32588734be_o.jpg,junctionimage,44497003424,d64f4ae062,kitchen__255.png,Kitchen 2,{'_content': ''}
2,https://live.staticflickr.com/979/40305098020_82de9ec9f2_o.jpg,junctionimage,40305098020,d31f0ef63d,kitchen__256.png,Kitchen 1,{'_content': ''}
2,https://live.staticflickr.com/7369/27502228396_c964cf4e8c_o.jpg,junctionimage,27502228396,b2a90174f4,kitchen__257.png,Kitchen 2,{'_content': ''}
2,https://live.staticflickr.com/891/42103457494_9023e18097_o.jpg,junctionimage,42103457494,3b0b1e1dd0,kitchen__258.png,Kitchen 3,{'_content': ''}
2,https://live.staticflickr.com/933/43542445581_6c53428cd9_o.jpg,junctionimage,43542445581,44aa02d246,kitchen__259.png,Kitchen 4,{'_content': ''}
3,https://live.staticflickr.com/8433/7749463448_0dde73db60_o.jpg,creinehr,7749463448,dfa29c1ab8,kitchen__184.png,Kitchen,{'_content': ''}
3,https://live.staticflickr.com/4040/4434551673_b16b7f2805_o.jpg,rob__mac,4434551673,8b3a9e40de,kitchen__185.png,Kitchen,{'_content': ''}
3,https://live.staticflickr.com/3569/3433431228_fea6214c9c_o.jpg,Sirelroka,3433431228,30d337cbb2,kitchen__186.png,Kitchen,{'_content': ''}
3,https://live.staticflickr.com/41/116374749_92bd12dceb_o.jpg,killerthrowdown,116374749,92bd12dceb,kitchen__187.png,Kitchen,{'_content': 'Kitchen'}
3,https://live.staticflickr.com/5248/5216332576_0ac5f7f875_o.jpg,Du Tran,5216332576,13553ab291,kitchen__188.png,Kitchen,{'_content': 'Kitchen'}
3,https://live.staticflickr.com/3577/3490740333_a125e0a38b_o.jpg,Harry Pujols,3490740333,cee1ee5972,kitchen__189.png,Soho Kitchen,{'_content': ''}
3,https://live.staticflickr.com/7053/6881587121_7eaced1298_o.jpg,Sterin,6881587121,682dbf1d69,kitchen__190.png,kitchen,{'_content': ''}
3,https://live.staticflickr.com/6236/6212430696_9d038c7e6f_o.jpg,kirsten ♥,6212430696,e61afff592,kitchen__191.png,Kitchen,"{'_content': ""I've got a full-out kitchen with pots, pans, etc.  Everything is compact and hidden...  My refrigerator, freezer, dishwasher, and washing machine are disguised as cabinets in the kitchen.  Confusing!""}"
3,https://live.staticflickr.com/3614/3385340437_1efcd3e9da_o.jpg,Intiaz Rahim,3385340437,23a2ff2367,kitchen__192.png,Kitchen,{'_content': ''}
3,https://live.staticflickr.com/5132/5506872892_430cde0ea2_o.jpg,Gramophone Maryland,5506872892,2192fa52bf,kitchen__193.png,Kitchen,{'_content': ''}
3,https://live.staticflickr.com/3605/3288892871_3f80339e23_o.jpg,Intiaz Rahim,3288892871,6139cbd41e,kitchen__194.png,Kitchen,{'_content': ''}
3,https://live.staticflickr.com/8829/17250719779_0dd3759043_o.jpg,Philip Fibiger,17250719779,ab840d653f,kitchen__195.png,Kitchen,{'_content': ''}
3,https://live.staticflickr.com/1221/1311148077_6b9b2ddd67_o.jpg,kstewart,1311148077,ef3ce2b8d6,kitchen__196.png,Kitchen,{'_content': ''}
3,https://live.staticflickr.com/6175/6252773256_eb07bfb85c_o.jpg,ktbuffy,6252773256,8354271297,kitchen__197.png,_MG_1502.jpg,{'_content': 'From the back corner (soon to be a desk area!) to the now box-like kitchen.'}
3,https://live.staticflickr.com/3598/3564518369_73e6269e46_o.jpg,WyoLibrarian,3564518369,c64571c4fa,kitchen__198.png,kitchen,{'_content': ''}
3,https://live.staticflickr.com/7320/8936169736_a9b868d320_o.jpg,reclaimedhome,8936169736,327e8dbf5c,kitchen__199.png,kitchen,{'_content': ''}
3,https://live.staticflickr.com/8426/7723935962_c3d64512b9_o.jpg,Granit Architects,7723935962,2cde230504,dining room__294.png,Kitchen,{'_content': '#architecture '}
3,https://live.staticflickr.com/4039/4393522480_c286d40f7b_o.jpg,SaigonBisbee,4393522480,3d94e49d6a,kitchen__200.png,Kitchen,{'_content': ''}
3,https://live.staticflickr.com/6104/6351622544_4435af9d11_o.jpg,CaribbeanHotels,6351622544,2bafe6e2a3,kitchen__201.png,kitchen,{'_content': ''}
3,https://live.staticflickr.com/3551/3386151294_7d11aa7efc_o.jpg,Intiaz Rahim,3386151294,018a645d46,kitchen__202.png,Kitchen,{'_content': ''}
3,https://live.staticflickr.com/3224/2796256295_a8936eb08c_o.jpg,angryfrench,2796256295,deb43b0eca,kitchen__203.png,Kitchen,{'_content': 'View looking south indoors'}
3,https://live.staticflickr.com/2944/15155178010_cb549e57d4_o.jpg,Galveston.com,15155178010,69f742e955,kitchen__204.png,kitchen,{'_content': ''}
3,https://live.staticflickr.com/139/387724382_d8e8f897b4_o.jpg,brianbrooks,387724382,d8e8f897b4,kitchen__205.png,Kitchen,{'_content': ''}
3,https://live.staticflickr.com/2828/9513046168_49536c2f0a_o.jpg,Karmor,9513046168,1e7a504310,kitchen__206.png,kitchen,{'_content': '                               '}
3,https://live.staticflickr.com/6040/5906547799_f753abed4c_o.jpg,wone28,5906547799,6e0a6f928b,kitchen__207.png,Kitchen,{'_content': ''}
3,https://live.staticflickr.com/5303/5690695002_abb46d9979_o.jpg,sueadlerrealtor,5690695002,ea8c83306f,kitchen__208.png,Kitchen,{'_content': ''}
3,https://live.staticflickr.com/3632/3460298674_95da78438a_o.jpg,Glenda Cherry,3460298674,1e98f79231,kitchen__209.png,Kitchen,{'_content': ''}
3,https://live.staticflickr.com/5134/5530990264_bf97f2ebdf_o.jpg,Anile P,5530990264,1e5e12d45e,kitchen__210.png,Kitchen - after! Whew...,{'_content': ''}
3,https://live.staticflickr.com/2340/2095619978_157ba763be_o.jpg,technobear,2095619978,9ff3c91a27,kitchen__211.png,kitchen,{'_content': 'pcitures taken after renovation'}
3,https://live.staticflickr.com/2140/2546224933_5734771d8a_o.jpg,chittim,2546224933,e3e9ae3ecb,kitchen__212.png,Kitchen,{'_content': ''}
3,https://live.staticflickr.com/88/236173303_c49a6fdd44_o.jpg,anthony hopkins! foto!,236173303,c49a6fdd44,kitchen__213.png,kjokken2,"{'_content': 'kitchen, oslo norway'}"
3,https://live.staticflickr.com/5219/5530993480_79d0d9f64d_o.jpg,Anile P,5530993480,3d15a89642,kitchen__214.png,Kitchen - after!,{'_content': ''}
3,https://live.staticflickr.com/2648/3850245760_513d92ec44_o.jpg,mdmarkus66,3850245760,8443193196,kitchen__215.png,,{'_content': ''}
3,https://live.staticflickr.com/2325/2219900140_bac099880f_o.jpg,withvengeance86,2219900140,a5db2b9b7f,kitchen__216.png,kitchen,{'_content': ''}
3,https://live.staticflickr.com/2896/14195584399_ab991f4d17_o.jpg,Indiana Landmarks,14195584399,2e504c9b6d,kitchen__217.png,16,{'_content': 'Kitchen'}
3,https://live.staticflickr.com/5575/14555558997_6b18e0c8d6_o.jpg,DiscourseMarker,14555558997,07d778aa95,kitchen__218.png,The old kitchen (with previous owners stuff),{'_content': ''}
3,https://live.staticflickr.com/8375/8564354309_cf64aaaabd_o.jpg,Bryan Design - Bryan Lee,8564354309,77b3d9d193,kitchen__219.png,R&D Kitchens,"{'_content': 'Kitchen Cabinetry by R&amp;D Kitchens at Ocean Reef, WA, 15Mar13'}"
3,https://live.staticflickr.com/5749/21118184371_98f6519803_o.jpg,myfathersheart-handmade-kitchens,21118184371,d8cc15de51,kitchen__220.png,Ripple sycamore kitchen,"{'_content': '“A contemporary kitchen with an AGA and a classic feel” was the brief for this kitchen. The room was formerly a garage, allowing a full-width window to make the most of the stunning hope valley views.\n\nRipple sycamore veneers, Canadian maple and hand-painted cabinets combine with spectacular granite to create a light fresh space. <a href=""http://www.myfathersheart.com/ripple-sycamore-kitchen"" rel=""nofollow"">www.myfathersheart.com/ripple-sycamore-kitchen</a>'}"
3,https://live.staticflickr.com/4133/5017756431_73babc1fb1_o.jpg,Maggie Valley Club,5017756431,0cc35b1ea8,kitchen__221.png,Condo C301 Kitchen,"{'_content': 'The kitchens at Persimmon Point are fully equipped and feature high-end GE appliances, complete with microwave, oven/range, refrigerator, dishwasher and trash compactor, cherry or maple cabinetry and plenty of storage space.'}"
4,https://live.staticflickr.com/8384/8569207008_10cc14cc8a_o.jpg,okchomeseller,8569207008,42aa4c7bd0,kitchen__148.png,Villas at Auburn Meadows :: 18000 Arbor Lane,{'_content': 'Kitchen'}
4,https://live.staticflickr.com/2615/3820806654_5f90472ee6_o.jpg,sarahstelmok,3820806654,20ee64ce66,kitchen__149.png,Kitchen - 2nd Floor,{'_content': ''}
4,https://live.staticflickr.com/7410/9551193630_fae790e72b_o.jpg,okchomeseller,9551193630,5b3d1a4e6c,kitchen__150.png,Rose Creek | 17117 Hawks Ridge Edmond OK,{'_content': 'Kitchen'}
4,https://live.staticflickr.com/8428/7873694814_f415224376_o.jpg,HYWare,7873694814,9a458e6094,kitchen__151.png,Kitchen 3,{'_content': ''}
4,https://live.staticflickr.com/8513/8389649123_3c014d8b34_o.jpg,Towne Post Network,8389649123,a721012b6d,kitchen__152.png,Warner-Kitchen,{'_content': ''}
4,https://live.staticflickr.com/124/361555810_d9e5bf0ed2_o.jpg,Cristiano Betta,361555810,d9e5bf0ed2,kitchen__153.png,The Kitchen,{'_content': ''}
4,https://live.staticflickr.com/2591/3663786881_89f10433f5_o.jpg,KairosPhotography,3663786881,0e1e1fe2bd,kitchen__154.png,6111 Rodes Kitchen,{'_content': ''}
4,https://live.staticflickr.com/3175/2927691776_0ae297702f_o.jpg,The Wandering God,2927691776,a17a15af02,kitchen__155.png,img_0984,{'_content': 'the new kitchen'}
4,https://live.staticflickr.com/7394/9446738889_d391ecb029_o.jpg,palmsolo,9446738889,3a5c3e99a8,kitchen__156.png,WP_20130730_18_53_12_Pro__highres,{'_content': ''}
4,https://live.staticflickr.com/4121/4814307130_bf665bfb10_o.jpg,Farther Along,4814307130,b929789c44,kitchen__157.png,KItchen 07 2010,{'_content': ''}
4,https://live.staticflickr.com/1836/42434971790_572228d405_o.jpg,okchomeseller,42434971790,493e2ff2e6,kitchen__158.png,Muirfield Village | 16228 Morningside Dr Edmond OK,"{'_content': ""SIMPLY STUNNING! It's not often you find a home with a beautiful front courtyard that provides peace and security.  As you enter, the vaulted ceiling lined with timber adds a dramatic tone to the living area.  A focal point of the living room is the cast stone fireplace and travertine flooring. The study is a welcoming spot to work, relax, and enjoy the courtyard view. Just off the living room is the kitchen for serious cooking and entertaining. There is a breakfast area in the kitchen as well as a large formal dining room. The master suite offers the sense of proportion that gives it five-star hotel quality. Muirfield Village has a desirable location for the city commuter. Shopping and restaurants are close-by. The neighborhood amenities include a clubhouse, fitness center, large pool, and conservatory as well as an impeccable garden area throughout the neighborhood.""}"
4,https://live.staticflickr.com/4178/34761597245_2ec35498ea_o.jpg,okchomeseller,34761597245,5665bcf28c,kitchen__159.png,Rose Creek | 17204 Kingfisher Way Edmond OK,{'_content': 'Many custom features throughout this beautiful home. This home has just been updated with light tile and wood floors throughout the downstairs and fresh paint. This very functional floor plan with 3 bedrooms downstairs. There are two living areas downstairs plus study. The study can also be a 5th bedrooms if needed as it has a closet and full bathroom. There is a game room/theater upstairs along with one bedroom and bathroom. You’ll find a very nice master suite with large walk-in closet. The kitchen has open shelving and custom cabinetry. Between the kitchen and formal dining room is a beautiful pantry area. The patio has an outdoor fireplace and mature landscape. Tiff and zoysia grass makes for golf course look!'}
4,https://live.staticflickr.com/2305/1958666668_73048ff7b5_o.jpg,amelungc,1958666668,e95a646cfd,kitchen__160.png,Chef Kitchen again,{'_content': ''}
4,https://live.staticflickr.com/6001/5947194752_db8b5566a1_o.jpg,sherwoodrealestate,5947194752,c0eda40cc0,kitchen__161.png,Villa Toscana | Sherwood Real Estate,"{'_content': 'Sherwood Country Club Gated Communities in Westlake Village &amp; Thousand Oaks, California'}"
4,https://live.staticflickr.com/5577/14957486008_a8fc27783f_o.jpg,satellite98,14957486008,90df96692a,kitchen__162.png,craig house 1-0193,{'_content': ''}
4,https://live.staticflickr.com/3658/3615624088_850c8bbe17_o.jpg,brad.coy,3615624088,ec1b5efb7d,kitchen__163.png,1303 Page St.,{'_content': ''}
4,https://live.staticflickr.com/5260/5497434593_6bfe76e77a_o.jpg,SFU - Communications & Marketing,5497434593,1647624370,kitchen__164.png,West House,{'_content': 'Photos courtesy of  rhipple.com'}
4,https://live.staticflickr.com/1612/23984381324_09f8318e53_o.jpg,Reg Natarajan,23984381324,e4c94bf2d0,kitchen__165.png,Mother's Place,{'_content': ''}
4,https://live.staticflickr.com/4794/39900750305_6536685492_o.jpg,okchomeseller,39900750305,1ccdc8c828,kitchen__166.png,Valencia | 18608 Agua Dr Edmond,{'_content': ''}
4,https://live.staticflickr.com/7878/32828084598_49f2e68172_o.jpg,_gee_,32828084598,e09e243881,kitchen__167.png,sedona 21,{'_content': 'arizona red rock town'}
4,https://live.staticflickr.com/5570/15172604511_257b1a30f6_o.jpg,mandiees,15172604511,5b7556320e,kitchen__168.png,IMG_6584,{'_content': ''}
4,https://live.staticflickr.com/4471/37747207702_88a219768b_o.jpg,Quickpics.net,37747207702,f3c140d35e,kitchen__169.png,5450-5,{'_content': ''}
4,https://live.staticflickr.com/1781/42777070722_0e9a7b29b8_o.jpg,aaronx,42777070722,d88bab32b3,kitchen__170.png,2018-06-15_20-43-07.DP2.t,{'_content': 'LED kitchen'}
4,https://live.staticflickr.com/8236/8582128840_f9856238b2_o.jpg,TLPOSCHARSKY,8582128840,c3acd028c5,kitchen__171.png,P1170801,{'_content': ''}
4,https://live.staticflickr.com/4668/27857226369_a2e0e9446b_o.jpg,Quickpics.net,27857226369,3f50e08096,kitchen__172.png,"2409 Garden Brook Belton , TX 76513",{'_content': ''}
4,https://live.staticflickr.com/5693/21240199513_52cc0bcf2a_o.jpg,Quickpics.net,21240199513,35da7b1694,kitchen__173.png,966-2,{'_content': ''}
4,https://live.staticflickr.com/4523/37682540565_94de81f8ea_o.jpg,Quickpics.net,37682540565,3782872dc3,kitchen__174.png,5677-6,{'_content': ''}
4,https://live.staticflickr.com/1627/26457226961_f1dbc82d31_o.jpg,Quickpics.net,26457226961,96cc6bec3f,kitchen__175.png,2178-10,{'_content': ''}
4,https://live.staticflickr.com/4912/45987689271_dffce0df58_o.jpg,Quickpics.net,45987689271,1c2f00fb80,kitchen__176.png,"7716 Virgie Court Watuga, TX 76148",{'_content': ''}
4,https://live.staticflickr.com/4460/37382738794_fc1a29b1e7_o.jpg,Quickpics.net,37382738794,f612cb247f,kitchen__177.png,"1509 West 39Th Austin , TX 78756",{'_content': ''}
4,https://live.staticflickr.com/4334/37392780721_e823c0c4b3_o.jpg,Quickpics.net,37392780721,d6149d5b91,kitchen__178.png,"300 Ellis Ridge Dr Weatherford , TX 76108",{'_content': ''}
4,https://live.staticflickr.com/5500/30619462875_3d8f5dfd01_o.jpg,Quickpics.net,30619462875,9e44450991,kitchen__179.png,813 Busleigh Castle Way,{'_content': ''}
4,https://live.staticflickr.com/7854/32386542817_cf63d3d52f_o.jpg,Quickpics.net,32386542817,979ed0c3fa,kitchen__180.png,8955-7,"{'_content': '7719 Glenlia Street\nHouston, TX 77061\n'}"
4,https://live.staticflickr.com/1864/30868321898_779ae12383_o.jpg,Quickpics.net,30868321898,b199aef165,kitchen__181.png,7873-4,{'_content': ''}
4,https://live.staticflickr.com/1728/42061571444_40f187abe5_o.jpg,Quickpics.net,42061571444,42084c1428,kitchen__182.png,"2608 Museum Way #3417 Fort Worth , TX 76107",{'_content': ''}
4,https://live.staticflickr.com/1949/45006822042_dea4e8241f_o.jpg,Quickpics.net,45006822042,ac3c95f004,kitchen__183.png,7966-4,{'_content': ''}
4,https://live.staticflickr.com/2023/2239856075_8d80601a18_o.jpg,kalleboo,2239856075,2f1c5a29c3,kitchen__106.png,kitchen,{'_content': ''}
4,https://live.staticflickr.com/8379/8529342140_0b5d575dc1_o.jpg,< J >,8529342140,cf19b1314b,kitchen__107.png,Kitchen,{'_content': ''}
4,https://live.staticflickr.com/2286/2168370845_0e26e2a2c7_o.jpg,Drew And Merissa,2168370845,66b5fafbef,kitchen__108.png,Kitchen before island reno,{'_content': 'Our house and yard'}
4,https://live.staticflickr.com/7224/7281898806_7c75be901e_o.jpg,Kendyl Young,7281898806,739e300865,kitchen__109.png,Kitchen,{'_content': 'Custom Cabinets and poured in place concrete counters'}
4,https://live.staticflickr.com/6133/6009188214_b849e97936_o.jpg,mitchell3417,6009188214,3119666e22,kitchen__110.png,Kitchen,"{'_content': ""The finishing touches aren't done, but it looks close to a finished kitchen.""}"
4,https://live.staticflickr.com/5217/5384752018_93b035fd36_o.jpg,juhauski72,5384752018,f6a2f9249b,kitchen__111.png,Kitchen,{'_content': ''}
4,https://live.staticflickr.com/5149/5577617074_eaac592684_o.jpg,sueadlerrealtor,5577617074,fde1829e76,kitchen__112.png,Kitchen,{'_content': ''}
4,https://live.staticflickr.com/6142/5942306237_c79cd307c3_o.jpg,JenXer,5942306237,3bca27206b,kitchen__113.png,Kitchen,{'_content': ''}
4,https://live.staticflickr.com/4034/4406683107_a81631a45d_o.jpg,WordRidden,4406683107,d2a4296bab,kitchen__114.png,Getting organized,{'_content': ''}
4,https://live.staticflickr.com/7045/6837491898_ebff1039e3_o.jpg,Rachel Tayse,6837491898,5b01910243,kitchen__115.png,kitchen,{'_content': ''}
4,https://live.staticflickr.com/145/349295916_b6bae0b974_o.jpg,hywell,349295916,b6bae0b974,kitchen__116.png,Kitchen,{'_content': ''}
4,https://live.staticflickr.com/7166/6531749029_1efca5d99b_o.jpg,aharden,6531749029,630a2c4ec6,kitchen__117.png,DSC04326,{'_content': ''}
4,https://live.staticflickr.com/2213/2036138034_ae49053eee_o.jpg,IrishFireside,2036138034,730d20c420,kitchen__118.png,Kitchen,{'_content': ''}
4,https://live.staticflickr.com/733/21082287939_0f583e4d2e_o.jpg,inbounduk,21082287939,8aee766766,kitchen__119.png,IMG_9935,"{'_content': 'This image requires credit to <a href=""http://larkandlarks.co.uk"" rel=""nofollow"">larkandlarks.co.uk</a> on the page it is displayed.'}"
4,https://live.staticflickr.com/4037/4164838267_8655d71b4f_o.jpg,Paul Schultz,4164838267,cc99007ff9,kitchen__120.png,Kitchen,{'_content': ''}
4,https://live.staticflickr.com/7350/14165378694_600d185ec2_o.jpg,HAUS By Emily May,14165378694,5cb7eecff2,kitchen__121.png,Kitchen Progress,"{'_content': 'Blogged, 5/12/14, <a href=""http://www.gohausgo.com"" rel=""nofollow"">www.gohausgo.com</a>'}"
4,https://live.staticflickr.com/4031/4442356951_b575be59a5_o.jpg,Dru Bloomfield - At Home in Scottsdale,4442356951,9d8e700ca9,kitchen__122.png,Still: Kitchen,{'_content': 'Another angle of my kitchen. \n\nTaken for my beginning photography class offered through the City of Scottsdale.  '}
4,https://live.staticflickr.com/4468/37749476366_2c27a2da2a_o.jpg,rustycate,37749476366,0bf77e293f,kitchen__123.png,kitchen,{'_content': ''}
4,https://live.staticflickr.com/8397/8681845456_fd70a7b029_o.jpg,RollyRouse,8681845456,421e4663b7,kitchen__124.png,Kitchen Edgell*,{'_content': ''}
4,https://live.staticflickr.com/6147/6198297772_ab1ea6e679_o.jpg,ChalonHandmade,6198297772,58d6862a60,kitchen__125.png,Chalon Handmade Kitchens,"{'_content': 'For over 30 years, Chalon has been handcrafting their uniquely styled kitchens and furniture from the beautiful Hambridge Mill, in the midst of the Somerset Levels.'}"
4,https://live.staticflickr.com/3208/3579655014_299b6f33a0_o.jpg,adam*b,3579655014,0356403652,kitchen__126.png,Kitchen - New Apartment,{'_content': 'New Apartment Kitchen'}
4,https://live.staticflickr.com/3835/14586142849_7e56e48420_o.jpg,davidwilson1949,14586142849,e0b215b468,kitchen__127.png,20060520 03 our new kitchen,{'_content': '          '}
4,https://live.staticflickr.com/4065/4584096696_716beea804_o.jpg,Conquest1966,4584096696,b0b939bbf8,kitchen__128.png,kitchen 28,{'_content': 'Regents Partk shoot'}
4,https://live.staticflickr.com/7447/10234908394_6cb0732124_o.jpg,Kendyl Young,10234908394,59100776eb,kitchen__129.png,Kitchen 2,{'_content': ''}
4,https://live.staticflickr.com/8019/29813588732_b2ea26114a_o.jpg,Paintzen,29813588732,3e5e45e070,kitchen__130.png,White Kitchen Interior,"{'_content': 'You are free to:\n \nShare — copy and redistribute the material in any medium or format\n \nAdapt — remix, transform, and build upon the material for any purpose, even commercially.\n \nYou must give appropriate credit and provide a link to <a href=""http://www.paintzen.com"" rel=""nofollow"">www.paintzen.com</a> home page, or our commercial painting page here: <a href=""https://www.paintzen.com/commercial"" rel=""nofollow"">www.paintzen.com/commercial</a> \nor residential painting page: <a href=""https://www.paintzen.com/residential"" rel=""nofollow"">www.paintzen.com/residential</a>'}"
4,https://live.staticflickr.com/5776/22286240296_8f4015d6f4_o.jpg,christianbroscabinets,22286240296,4d3a41458f,kitchen__131.png,Dream Kitchens,"{'_content': 'Feel free to use this image for your page or blog post as long as you include an image credit with a clickable (hyperlinked) and followed link to <a href=""#//www.christianbroscabinets.com/”"" rel=""nofollow"">Christian Bros Cabinets</a>'}"
4,https://live.staticflickr.com/4375/36526021213_968b614333_o.jpg,quinet,36526021213,3fbbbe9e13,kitchen__132.png,Dream kitchen,{'_content': 'Potsdam 2017'}
4,https://live.staticflickr.com/8382/8558033970_25189568ab_o.jpg,I Should Be Folding Laundry,8558033970,a71ccbd180,kitchen__133.png,kitchen 2637,{'_content': ''}
4,https://live.staticflickr.com/7150/6438699583_75279c1af6_o.jpg,Kendyl Young,6438699583,2baa68190c,kitchen__134.png,Kitchen 4,{'_content': ''}
4,https://live.staticflickr.com/2131/2487821579_aa1dd4a783_o.jpg,nolaclutterbusters,2487821579,8b306d144d,kitchen__135.png,after-kitchen,{'_content': ''}
4,https://live.staticflickr.com/1129/1470281569_6a39d5a9c3_o.jpg,ninahale,1470281569,9ecc0ceba7,kitchen__136.png,rental kitchen,"{'_content': 'So we found some totally cool Tarkett linoleum floors that we were so excited about. Then we realized that we had found them on the .eu and they weren\'t available in the states! <a href=""http://www.tarkett-floors.com/floors/site/en-GB/topic/resilient_collection/article/16042/article.asp"">www.tarkett-floors.com/floors/site/en-GB/topic/resilient_...</a> That link will take you to the cool and unavailable ones.\n\nGrr!!! But then we settled with this from Tarkett which is pretty cool, and we got great paint to match. (Yolo color house - our new favorite because it\'s low emissions, plus only have a few variations so you can actually make a decision rather than being faced with 1000 shades of paint to choose from. <a href=""http://www.yolocolorhouse.com/"">www.yolocolorhouse.com/</a>'}"
4,https://live.staticflickr.com/1109/3170929037_3d3f38fbe1_o.jpg,DC Interiors & Renovations,3170929037,61267bfd69,kitchen__137.png,Strohm Kitchen,{'_content': 'After'}
4,https://live.staticflickr.com/7130/7755852242_3821ecd344_o.jpg,Kendyl Young,7755852242,46e103c5f1,kitchen__138.png,Kitchen 2,"{'_content': '<a href=""http://www.1250NortonAve.com"" rel=""nofollow"">www.1250NortonAve.com</a>  A place to call HOME in Northwest Glendale.'}"
4,https://live.staticflickr.com/4125/5190303373_4d68ff32cb_o.jpg,TJOwens,5190303373,593dbd6e1a,kitchen__139.png,Kitchen Counter,{'_content': ''}
4,https://live.staticflickr.com/6146/6013431608_e831cee500_o.jpg,Rob Cook,6013431608,5b151048ff,kitchen__140.png,Tidings Grailville Kitchen,{'_content': 'Large\nAlso large fridge (not shown)\nMany dishes and cooking pots and pans in cabinets'}
4,https://live.staticflickr.com/564/19763766263_210e0d5f25_o.jpg,Mary P Madigan,19763766263,f33da3fe0b,kitchen__141.png,the kitchen,{'_content': ''}
4,https://live.staticflickr.com/8531/8466460690_a4ef7e757c_o.jpg,RentPPM,8466460690,a3453533f5,kitchen__142.png,Deluxe Kitchen 2,{'_content': ''}
4,https://live.staticflickr.com/1831/42878103475_fc34da2de7_o.jpg,kevin t murray,42878103475,7dbbc4b859,kitchen__143.png,A- Kitchen,{'_content': ''}
4,https://live.staticflickr.com/7065/6807514466_a2b75b08a3_o.jpg,Magnus D,6807514466,a5882d93b8,kitchen__144.png,My new kitchen,{'_content': ''}
4,https://live.staticflickr.com/8372/8569207154_e8ab1e3628_o.jpg,okchomeseller,8569207154,b31e5e4f5c,kitchen__145.png,Villas at Auburn Meadows :: 18000 Arbor Lane,{'_content': 'Kitchen'}
4,https://live.staticflickr.com/5145/5608277558_8650e54301_o.jpg,Jeff Marquis,5608277558,6315dc7cfb,kitchen__146.png,Kitchen/Dining,{'_content': ''}
4,https://live.staticflickr.com/337/19623449640_30c6c23bc2_o.jpg,Abby Gillardi,19623449640,84de7fbe93,kitchen__147.png,kitchen-6841,{'_content': ''}
4,https://live.staticflickr.com/6026/6013431060_1ce304f7a8_o.jpg,Rob Cook,6013431060,e364506545,dining room__292.png,Tidings Grailville Kitchen,{'_content': ''}
4,https://live.staticflickr.com/7805/32306499597_1d845e4475_o.jpg,LakeMartinVoice,32306499597,84cd2b0526,dining room__293.png,Kitchen island area,"{'_content': '105 Misty Ridge at The Ridge, Alexander City AL 35010'}"
5,https://live.staticflickr.com/1239/829408322_4aef47c059_o.jpg,Kent Wang,829408322,9048a249cd,kitchen__75.png,Kitchen,{'_content': ''}
5,https://live.staticflickr.com/2296/2457667840_ee80093087_o.jpg,KellyK,2457667840,d5141eba9c,kitchen__76.png,Kitchen,"{'_content': '<a href=""http://www.flickr.com/photos/elasticsoul/2457656902/in/set-72157594384372706/"">Before</a>.'}"
5,https://live.staticflickr.com/5086/5235359073_c27b6b77d5_o.jpg,Percita,5235359073,622cbd3aea,kitchen__77.png,New Kitchen - mark 1,"{'_content': ""Our new kitchen - except that the glass splash back has now been removed - we chose the wrong colour - it just doesn't look right with the strong colour in the other room.\nAn expensive error! The new ones will be a burgundy colour ""}"
5,https://live.staticflickr.com/5161/5233347326_3308962709_o.jpg,Weidner Apartment Homes,5233347326,c03f0a8ac7,kitchen__78.png,Kitchen,{'_content': ''}
5,https://live.staticflickr.com/8402/8672530525_e32801de6c_o.jpg,WyoLibrarian,8672530525,4b306594de,kitchen__79.png,IMG_2937,{'_content': ''}
5,https://live.staticflickr.com/7398/9335905981_2c0f2e6aec_o.jpg,thetejon,9335905981,bf0d3be388,kitchen__80.png,Kitchen,{'_content': ''}
5,https://live.staticflickr.com/4348/36678188321_b8acf5a66b_o.jpg,librariantiff,36678188321,27c3cd2cd2,kitchen__81.png,Kitchen,{'_content': ''}
5,https://live.staticflickr.com/171/471158015_c145abdccc_o.jpg,jameswyse,471158015,e42389a16b,kitchen__82.png,Kitchen,{'_content': ''}
5,https://live.staticflickr.com/173/422257337_4351adac16_o.jpg,two_rivers,422257337,8c3f090579,kitchen__83.png,kitchen,{'_content': ''}
5,https://live.staticflickr.com/48/338947005_e6e293e3a6_o.jpg,mattymatt,338947005,e6e293e3a6,kitchen__84.png,kitchen 1,{'_content': ''}
5,https://live.staticflickr.com/2657/3713242365_2cd3a39331_o.jpg,wfbakker2,3713242365,5c1ddb8c3e,kitchen__85.png,The kitchen,"{'_content': 'While our dining room is not yet completed, our kitchen is ready for guests! With the recently installed lighting, you can now be sure to see exactly what you are eating. The bar stools, while fashionable, are extremely comfortable.'}"
5,https://live.staticflickr.com/7127/13914025085_d0c30ca38a_o.jpg,thetejon,13914025085,2839355dbb,kitchen__86.png,Finished kitchen,{'_content': ''}
5,https://live.staticflickr.com/5222/5635567438_a4926ef97f_o.jpg,leyla.a,5635567438,5884074f91,kitchen__87.png,Kitchen Renovation,"{'_content': 'Residential Construction on the North Shore, Chicago. \n\n\nGibbes Construction \nFranklin &amp; Wells LLC\n<a href=""http://www.gibbesconstruction.com"" rel=""nofollow"">www.gibbesconstruction.com</a> '}"
5,https://live.staticflickr.com/4058/4227090700_ab540f0090_o.jpg,ChrisBohn,4227090700,69a91ae7bd,kitchen__88.png,Kitchen-A,{'_content': ''}
5,https://live.staticflickr.com/5215/5439466042_381324ee12_o.jpg,Stylva,5439466042,6f14d910b5,kitchen__89.png,Köket/Kitchen,{'_content': ''}
5,https://live.staticflickr.com/1826/28027968477_b41a6072c9_o.jpg,mikecogh,28027968477,bb29a96c50,kitchen__90.png,Retro Kitchen,{'_content': '          '}
5,https://live.staticflickr.com/4032/4295991665_8b810d5e83_o.jpg,ChrisBohn,4295991665,ba31e0e3d1,kitchen__91.png,Kitchen-a,{'_content': ''}
5,https://live.staticflickr.com/1838/28990426507_a76fd43b4c_o.jpg,Yes! Homebuyers,28990426507,6e7a7c8b8d,kitchen__92.png,Squirrel Way kitchen,"{'_content': 'When using this image please provide photo credit (link) to <a href=""http://www.yeshomebuyers.com"" rel=""nofollow"">www.yeshomebuyers.com</a>&quot;\n\n'}"
5,https://live.staticflickr.com/2881/12446522685_67e9030d81_o.jpg,Frederick Homes for Sale,12446522685,0e48080fa2,kitchen__93.png,"Myersville, Md Kitchen","{'_content': 'This is a kitchen that really works, as well as being gorgeous. Great flow, any cook would find it a delight.'}"
5,https://live.staticflickr.com/1810/28374780387_a7e18a1395_o.jpg,France1978,28374780387,e6dfbc76fe,kitchen__94.png,Kitchen Renovation I - July 2018,{'_content': ''}
5,https://live.staticflickr.com/8221/8266223096_96e01dd511_o.jpg,lemonhalf,8266223096,359d22827c,kitchen__95.png,kitchen work area,{'_content': 'another shot to show the micro pantry on the side. door leads to back slab garden and alleyway'}
5,https://live.staticflickr.com/7002/6556666963_6cc8d03ea9_o.jpg,USACE Honolulu District,6556666963,affc9afd45,kitchen__96.png,111220-A-AD423-081,"{'_content': 'Four hundred 2nd Brigade Combat Team\nSoldiers will begin moving into a new home soon. The New Barracks Complex on Schofield\nBarracks’s Lyman Road officially opened in late December during a maile lei untying / ribbon cutting ceremony attended by the Corps of Engineers, the Garrison’s Directorate of Public Works, 25th ID’s 2nd Brigade Combat Team and Corps’ contractor Absher Construction.'}"
5,https://live.staticflickr.com/7863/46860474714_0204dd5fea_o.jpg,santjustparquets,46860474714,10e9b4a16f,kitchen__97.png,Cocina abierta en piso de Barcelona,"{'_content': 'Instalación de un pavimento de madera en tono marrón decapé de Admonter, firma austríaca que distribiumos en toda España. Modelo Desert con acabado en aceite Easy Care, que le otorga gran naturalidad.'}"
5,https://live.staticflickr.com/4095/4807530461_0f9aa86c9d_o.jpg,Toprural,4807530461,7c5c2fa17e,kitchen__98.png,"Lombardia, Hotel rurale La Sorgente, Consiglio di Rumo (Como)","{'_content': 'Lombardia, Hotel rurale La Sorgente, Consiglio di Rumo (Como)\n<a href=""http://it.toprural.com/Agriturismo-appartamento/La-Sorgente_53875_f.html"" rel=""nofollow"">La scheda della struttura in <b>Toprural</b></a>'}"
5,https://live.staticflickr.com/4101/4778810814_1d9d9c2d14_o.jpg,DesignFolly,4778810814,4c247eaa2f,kitchen__99.png,Custom Roman Shades of Burlap with contrasting border,{'_content': ''}
5,https://live.staticflickr.com/900/42027770414_8e81466d19_o.jpg,madprime,42027770414,50626e1608,kitchen__100.png,IMG_20180611_152138,{'_content': ''}
5,https://live.staticflickr.com/169/421854509_53c4b0f7c4_o.jpg,jkoegel,421854509,eb66970db6,kitchen__101.png,1700SunsetRidge04kit.jpg,{'_content': 'Brian Johnson'}
5,https://live.staticflickr.com/1550/25766145181_ec127a43d8_o.jpg,KellyK,25766145181,257f5c2dfd,kitchen__102.png,IMG_3871,{'_content': ''}
5,https://live.staticflickr.com/920/29759175908_2e6f48cef7_o.jpg,tm-md,29759175908,2f07ba3c32,kitchen__103.png,WorkRepublic Düsseldorf,{'_content': 'WorkRepublic Düsseldorf'}
5,https://live.staticflickr.com/2022/1677828543_b2c1ec5429_o.jpg,Dave Bezaire,1677828543,6071a028fa,kitchen__104.png,Dining area and kitchen,{'_content': ''}
5,https://live.staticflickr.com/4364/35997365234_1729b23632_o.jpg,stevelyon,35997365234,f4888db637,kitchen__105.png,Half Dome House,{'_content': ''}
4,https://live.staticflickr.com/7196/6900681461_57c0f796ce_o.jpg,www.homejobsbymom.com,6900681461,ac49ffeeae,kitchen__69.png,kitchen,"{'_content': 'Feel free to use but please give credit to Krystle with <a href=""http://www.homejobsbymom.com"" rel=""nofollow"">www.homejobsbymom.com</a>'}"
4,https://live.staticflickr.com/4037/4253246314_de6413f7ae_o.jpg,tomboypaperclip,4253246314,48f163823d,dining room__216.png,whitefish kitchen,{'_content': ''}
4,https://live.staticflickr.com/3214/2507760542_219a60bf6d_o.jpg,WalkingGeek,2507760542,4fbb34d835,restaurant__49.png,kitchen 5,{'_content': ''}
4,https://live.staticflickr.com/5058/5410477507_ff7de69294_o.jpg,williamskitchenbath,5410477507,bf42ec75e3,restaurant__50.png,Designed by Williams Kitchen & Bath,{'_content': ''}
4,https://live.staticflickr.com/5136/5411085896_3ff612e7df_o.jpg,williamskitchenbath,5411085896,34e4f7d914,kitchen__70.png,Designed by Williams Kitchen & Bath,{'_content': ''}
4,https://live.staticflickr.com/2441/3979839423_5eda0fd81c_o.jpg,Studio Sarah Lou,3979839423,cf5f035d4a,dining room__217.png,Kitchen,{'_content': 'Pre Renovation. Kitchen to be ripped out and replaced. 9/09.'}
4,https://live.staticflickr.com/7168/6759924673_4e200b4804_o.jpg,okchomeseller,6759924673,6ed2f98c74,kitchen__71.png,Kitchen,{'_content': ''}
4,https://live.staticflickr.com/3145/3109513273_ab863b56a8_o.jpg,glenngould,3109513273,e424ebc0a1,restaurant__51.png,Kitchen,{'_content': ''}
4,https://live.staticflickr.com/8170/7915977440_bcdb8bcbef_o.jpg,vastateparksstaff,7915977440,c34502517e,kitchen__72.png,NT_cabin 2 kitchen,"{'_content': 'Uploaded by SA, cabin 2 kitchen, used in blog\n\nLearn more about cabins at Virginia State Parks here: <a href=""http://www.dcr.virginia.gov/state-parks/cabin-rentals"" rel=""nofollow"">www.dcr.virginia.gov/state-parks/cabin-rentals</a>'}"
4,https://live.staticflickr.com/7294/9557741831_4235794eb6_o.jpg,jjsimoniv1,9557741831,100a56508e,kitchen__73.png,Kitchen,{'_content': ''}
4,https://live.staticflickr.com/3388/3412025993_5143d11304_o.jpg,TexasDarkHorse,3412025993,e40df45a3c,kitchen__74.png,Kitchen,"{'_content': ""Scrubbed to within an inch of it's life.""}"
6,https://live.staticflickr.com/2935/14409681991_9a4bec6c0d_o.jpg,njhomepictures,14409681991,1bea4d387d,kitchen__23.png,DSC_7486,"{'_content': '58 Whittingham Terr., Milburn NJ'}"
6,https://live.staticflickr.com/3785/10740169065_06f9aa5230_o.jpg,Der Kuechenprofi,10740169065,dcaa30029c,kitchen__24.png,Ballerina Küchen Hausmesse 2013,"{'_content': '<a href=""http://www.kuechenprofi-augsburg.de"" rel=""nofollow"">www.kuechenprofi-augsburg.de</a>'}"
6,https://live.staticflickr.com/5179/13489270513_4f25d1064c_o.jpg,njhomepictures,13489270513,c8d08ee476,kitchen__25.png,DSC_8455,{'_content': ''}
6,https://live.staticflickr.com/7649/16586186857_4ee26f1a4c_o.jpg,njhomepictures,16586186857,7a536a6d12,kitchen__26.png,DSC_2119,{'_content': ''}
6,https://live.staticflickr.com/1558/26152867125_679c9eeb9c_o.jpg,njhomepictures,26152867125,019c2699c2,kitchen__27.png,DSC_7824,"{'_content': '10 Jean St, East Brunswick'}"
6,https://live.staticflickr.com/968/26829545507_89d710051e_o.jpg,Malmaison Hotels & Brasseries,26829545507,1a148c054a,restaurant__57.png,Mal bar,{'_content': 'Aberdeen'}
6,https://live.staticflickr.com/2900/14229441828_da4ba13380_o.jpg,njhomepictures,14229441828,9dda531b79,kitchen__28.png,DSC_7463,"{'_content': '770 Hawthorne Ave, Bound Brook NJ (Bridgewater)'}"
6,https://live.staticflickr.com/8524/29543083245_1716d31136_o.jpg,njhomepictures,29543083245,a4831c846d,kitchen__29.png,DSC_4711,{'_content': 'MSI Remodeling &amp; Plumbing - Kitchen Remodeling Project'}
6,https://live.staticflickr.com/5710/23965719865_fa15dd624f_o.jpg,njhomepictures,23965719865,0415a62a1f,kitchen__30.png,DSC_3405,"{'_content': '217 Grove St, Somerville'}"
6,https://live.staticflickr.com/5321/9293521526_4a5db032e8_o.jpg,njhomepictures,9293521526,e1e6046509,kitchen__31.png,_DSC0278,{'_content': ''}
6,https://live.staticflickr.com/2885/11442529743_e4731717d5_o.jpg,njhomepictures,11442529743,9c9232c4b1,kitchen__32.png,DSC_3123,{'_content': ''}
6,https://live.staticflickr.com/4463/37533660631_5ca6d4e797_o.jpg,njhomepictures,37533660631,abb906b19d,kitchen__33.png,IMG_2124,"{'_content': '1454 75th St, North Bergen'}"
6,https://live.staticflickr.com/5608/15429090149_53e3ae89d5_o.jpg,njhomepictures,15429090149,b7e9eafa20,kitchen__34.png,DSC_1044-2,{'_content': ''}
6,https://live.staticflickr.com/7650/17196645796_36efe9c5b5_o.jpg,njhomepictures,17196645796,3b7a8815f6,kitchen__35.png,DSC_6503,{'_content': ''}
6,https://live.staticflickr.com/5459/9023763351_aae252cc07_o.jpg,njhomepictures,9023763351,e3f3a77019,kitchen__36.png,kit_DSC0258,"{'_content': '818 Thomae Ave, Bound Brook NJ, listed by Marquerite Caruso, Golden Key Realty'}"
6,https://live.staticflickr.com/3942/15290336149_e49ac64414_o.jpg,njhomepictures,15290336149,da4d9d320c,kitchen__37.png,DSC_9248,{'_content': ''}
6,https://live.staticflickr.com/4626/25226881867_0f76214aec_o.jpg,njhomepictures,25226881867,19645756c5,kitchen__38.png,1 Viola Ave Clifton 30,"{'_content': '1 Viola Ave, Clifton '}"
6,https://live.staticflickr.com/3829/13729113413_eef6fa1ee4_o.jpg,njhomepictures,13729113413,bf09557865,kitchen__39.png,DSC_9589,{'_content': ''}
6,https://live.staticflickr.com/7423/13573120173_5ab5f22729_o.jpg,njhomepictures,13573120173,e4e8e60e1a,kitchen__40.png,DSC_8897,{'_content': ''}
6,https://live.staticflickr.com/3762/13416801994_fe5799d6f5_o.jpg,njhomepictures,13416801994,8564c1a785,kitchen__41.png,DSC_8131,{'_content': ''}
6,https://live.staticflickr.com/5609/15615737745_e538d336a4_o.jpg,njhomepictures,15615737745,f27f5a6a26,kitchen__42.png,DSC_1046-2,{'_content': ''}
6,https://live.staticflickr.com/8656/16049972044_e1d8da5e51_o.jpg,njhomepictures,16049972044,3cdb8d589f,kitchen__43.png,DSC_1136,{'_content': ''}
6,https://live.staticflickr.com/5034/13951518695_19a1119d53_o.jpg,njhomepictures,13951518695,a6a0404f79,kitchen__44.png,DSC_0895,"{'_content': '10 Laketop Dr, Newton (Kemah Lake), NJ listed with Mary Pat Spekhardt, Coldwell Banker Realty'}"
6,https://live.staticflickr.com/7357/16217200367_e42766fdab_o.jpg,njhomepictures,16217200367,dd10bd422d,kitchen__45.png,DSC_8985,{'_content': ''}
6,https://live.staticflickr.com/3805/9627346195_86349a0539_o.jpg,njhomepictures,9627346195,558afe01e3,kitchen__46.png,_DSC0307,{'_content': ''}
6,https://live.staticflickr.com/3277/4558743785_a231387380_o.jpg,andre.theus,4558743785,2a0e489696,dining room__290.png,IMG_3294,{'_content': ''}
6,https://live.staticflickr.com/5327/8977942645_9c62ce1d99_o.jpg,njhomepictures,8977942645,98e0366597,kitchen__47.png,_DSC0179,{'_content': ''}
6,https://live.staticflickr.com/2904/14180558009_6d7b3de37d_o.jpg,njhomepictures,14180558009,4e07162291,kitchen__48.png,DSC_7073,{'_content': ''}
6,https://live.staticflickr.com/5266/5550639914_bb1e403c13_o.jpg,LornaJane.net,5550639914,243d7105b7,dining room__291.png,DSCF4525.JPG,{'_content': ''}
6,https://live.staticflickr.com/4638/39168996751_594edac994_o.jpg,SEOKHYUNJANG,39168996751,b46a50deb8,kitchen__49.png,20171118_Interior_House,{'_content': ''}
6,https://live.staticflickr.com/7926/46598949755_b987fb86a7_o.jpg,njhomepictures,46598949755,0966cdb81f,kitchen__50.png,D75_8476,"{'_content': '400 Daniel Dr, Stewartsville'}"
6,https://live.staticflickr.com/2938/14449308778_09014a8ed6_o.jpg,njhomepictures,14449308778,8815d8532a,kitchen__51.png,DSC_0212,{'_content': ''}
6,https://live.staticflickr.com/4479/37600696642_3dce713431_o.jpg,Granit Architects,37600696642,fd8033f42c,kitchen__52.png,ab_broxash_road_low_res_07,{'_content': ''}
6,https://live.staticflickr.com/1865/30661797848_f48ddbdd7e_o.jpg,njhomepictures,30661797848,7164993877,kitchen__53.png,D75_3494,"{'_content': '1 Shipley Ct., Pittstown'}"
6,https://live.staticflickr.com/7377/9627345477_43019c24da_o.jpg,njhomepictures,9627345477,195e5bf013,kitchen__54.png,_DSC0304,{'_content': ''}
6,https://live.staticflickr.com/5530/14451675876_2ca2493db4_o.jpg,njhomepictures,14451675876,c9f9ae442d,kitchen__55.png,DSC_8509,{'_content': ''}
6,https://live.staticflickr.com/1909/45688717552_6c4be2ef55_o.jpg,Alick Boych,45688717552,59931f454f,kitchen__56.png,Alec Boychuk Property Photos,{'_content': 'Email acehunter78910@hotmail.com for business'}
6,https://live.staticflickr.com/969/41995697992_4ba852cdc0_o.jpg,njhomepictures,41995697992,26db27594d,kitchen__57.png,IMG_2509-Edit,"{'_content': '3 Bertolotto Ave, Little Ferry'}"
6,https://live.staticflickr.com/807/39285109060_ef61df37e7_o.jpg,njhomepictures,39285109060,5c6c344494,kitchen__58.png,DSC_4724,"{'_content': '4 Cheyenne Trail, Branchburg'}"
6,https://live.staticflickr.com/4758/39387245984_f9b49aef47_o.jpg,njhomepictures,39387245984,3aaf542ef9,kitchen__59.png,1 Viola Ave Clifton 19,"{'_content': '1 Viola Ave, Clifton '}"
6,https://live.staticflickr.com/7422/14142958121_7f5bf2d20b_o.jpg,njhomepictures,14142958121,9950674bb1,kitchen__60.png,DSC_3830,{'_content': ''}
6,https://live.staticflickr.com/4644/39332200501_2ded35ebd0_o.jpg,njhomepictures,39332200501,effcf1f3b8,kitchen__61.png,DSC_1452,"{'_content': '2 Amethyst Way, Franklin  Park'}"
6,https://live.staticflickr.com/7404/27438454125_5ebfac662c_o.jpg,njhomepictures,27438454125,d1033d2c25,kitchen__62.png,DSC_1845,"{'_content': '27 Sutton Farm Rd, Flemington'}"
6,https://live.staticflickr.com/1874/44481965412_63ec55b7da_o.jpg,njhomepictures,44481965412,b4c1988d30,kitchen__63.png,D75_3479,"{'_content': '1 Shipley Ct., Pittstown'}"
6,https://live.staticflickr.com/1968/45626741171_2021f31411_o.jpg,sowwwell,45626741171,cfa5136fe8,dining room__215.png,DSC_0012,{'_content': ''}
6,https://live.staticflickr.com/4832/45892323831_6a3d40f946_o.jpg,njhomepictures,45892323831,3cdbe58cf6,kitchen__64.png,D75_5583,"{'_content': '32 Delvan Str, Lambertville'}"
6,https://live.staticflickr.com/4536/37602423844_6f3e4b59cc_o.jpg,njhomepictures,37602423844,718141686a,kitchen__65.png,DSC_0656,"{'_content': '178 Main St, Flemington'}"
6,https://live.staticflickr.com/2849/10024911156_f5e479e6e5_o.jpg,njhomepictures,10024911156,9bb8bbae6e,kitchen__66.png,_DSC0179,{'_content': ''}
6,https://live.staticflickr.com/7632/16935956162_3155c378fd_o.jpg,njhomepictures,16935956162,edbb88c410,restaurant__47.png,DSC_3972,{'_content': ''}
6,https://live.staticflickr.com/7861/46830248404_7e5a2553e7_o.jpg,sowwwell,46830248404,8971acc204,restaurant__48.png,DSC_0033,{'_content': ''}
6,https://live.staticflickr.com/7571/15825574509_c7d74a30a2_o.jpg,njhomepictures,15825574509,5a8935809e,kitchen__67.png,DSC_7206,{'_content': ''}
6,https://live.staticflickr.com/964/28326207528_9af5ae4571_o.jpg,njhomepictures,28326207528,b87f766a10,kitchen__68.png,507-6-DSC-8816,{'_content': '507 Hamilton St. Somerset - Unit 6'}
6,https://live.staticflickr.com/2509/4012672526_443014bbcb_o.jpg,designbuildinhabit,4012672526,d7170077c0,kitchen__286.png,Kitchen,{'_content': 'Vintage metal cabinets were brightened by the addition of  butcher block countertops and new door hardware.'}
6,https://live.staticflickr.com/3284/3104742297_2e278fbe04_o.jpg,paulgorman,3104742297,82ab44578d,kitchen__287.png,My kitchen,{'_content': ''}
6,https://live.staticflickr.com/4150/5024247021_2767711687_o.jpg,jjandames,5024247021,eed477a544,kitchen__288.png,Kitchen,{'_content': ''}
6,https://live.staticflickr.com/3100/2576765474_a825494d70_o.jpg,lamblukas,2576765474,d6744e0255,kitchen__289.png,kitchen,{'_content': ''}
6,https://live.staticflickr.com/3266/2810071626_a87df40c40_o.jpg,aaron_anderer,2810071626,2d5f42190c,kitchen__290.png,IMG_1599,"{'_content': 'Kitchen - Before, with tile'}"
6,https://live.staticflickr.com/1764/43155693252_33abb0d99c_o.jpg,osiristhe,43155693252,27aa2d9498,kitchen__291.png,Kitchen,{'_content': ''}
6,https://live.staticflickr.com/1826/29333664348_8be9044047_o.jpg,osiristhe,29333664348,604e57aa29,kitchen__292.png,Kitchen,{'_content': ''}
6,https://live.staticflickr.com/4095/4792678634_fae91c1828_o.jpg,michaelkmak,4792678634,98d5d18534,kitchen__293.png,i like our real home,{'_content': 'Kitchen'}
6,https://live.staticflickr.com/2/1558784_7e4652e970_o.jpg,woofiegrrl,1558784,7e4652e970,kitchen__294.png,My Kitchen,{'_content': 'By request for gomer43.  Surprisingly not too messy.'}
6,https://live.staticflickr.com/6105/6385698589_98d17a68c6_o.jpg,Triumph Mountain Properties,6385698589,eecb761153,kitchen__295.png,Caterers Kitchen,{'_content': ''}
6,https://live.staticflickr.com/6222/6312234528_b978846d56_o.jpg,scottfraseruk,6312234528,66d5ae57ee,kitchen__296.png,Old Post Office Kitchen,{'_content': 'Pretty cream kitchen in this lovely period rental property'}
6,https://live.staticflickr.com/8657/16008604355_4ed4905e22_o.jpg,baongogia,16008604355,a1cc1be6b7,kitchen__297.png,B5_Kitchen_v1,{'_content': ''}
6,https://live.staticflickr.com/7416/10176032203_4df80f12cf_o.jpg,Dept of Energy Solar Decathlon,10176032203,89294c8a4b,dining room__298.png,SD2013: Team Alberta Kitchen,"{'_content': 'Interior image of the house built by students from Team Alberta (University of Calgary) to compete in Solar Decathlon 2013 in Irvine, Calif. at the Orange County Great Park. Credit: Jason Flakes/U.S. Department of Energy Solar Decathlon'}"
6,https://live.staticflickr.com/3794/10176035036_8a5f9dcd0a_o.jpg,Dept of Energy Solar Decathlon,10176035036,759ffbffae,dining room__299.png,SD2013: Team Alberta Kitchen,"{'_content': 'Interior image of the house built by students from Team Alberta (University of Calgary) to compete in Solar Decathlon 2013 in Irvine, Calif. at the Orange County Great Park. Credit: Jason Flakes/U.S. Department of Energy Solar Decathlon'}"
6,https://live.staticflickr.com/2879/10161972434_5d647e936e_o.jpg,Dept of Energy Solar Decathlon,10161972434,0be4cd7310,kitchen__298.png,SD2013: Norwich University Kitchen,"{'_content': 'Interior image of the house built by students from Norwich University to compete in Solar Decathlon 2013 in Irvine, Calif. at the Orange County Great Park. Credit: Jason Flakes/U.S. Department of Energy Solar Decathlon'}"
6,https://live.staticflickr.com/5473/10739799826_3cd63ba705_o.jpg,Der Kuechenprofi,10739799826,9e44994664,kitchen__299.png,IMG_6142,{'_content': ''}
6,https://live.staticflickr.com/5606/15183331893_fcc57f0875_o.jpg,njhomepictures,15183331893,c465f312b5,kitchen__5.png,DSC_4200,{'_content': ''}
6,https://live.staticflickr.com/5171/5533443326_053db6ac9c_o.jpg,SelectSeattleHomes,5533443326,58087c338d,kitchen__6.png,"select seattle homes, select seattle condos, monte johnson, jim dickinson seattle, realtor seattle real estate agents, seattle real estate","{'_content': 'select seattle homes, select seattle condos, monte johnson, jim dickinson seattle, realtor seattle real estate agents, seattle real estate'}"
6,https://live.staticflickr.com/7419/16254018969_01ae44b767_o.jpg,njhomepictures,16254018969,8a6a5a8347,kitchen__7.png,DSC_9094,{'_content': ''}
6,https://live.staticflickr.com/5186/5569401684_cf0c9096b4_o.jpg,"Nick Bastian Tempe, AZ",5569401684,8fb822c8d0,kitchen__8.png,Kitchen at West 6th Tempe,{'_content': ''}
6,https://live.staticflickr.com/5520/14326073999_237c7aac8c_o.jpg,njhomepictures,14326073999,272f0a2b2c,kitchen__9.png,DSC_9020,{'_content': ''}
6,https://live.staticflickr.com/3853/14788572940_8685cbb33f_o.jpg,njhomepictures,14788572940,b1828bc8a0,kitchen__10.png,DSC_3215,{'_content': ''}
6,https://live.staticflickr.com/5578/15083868438_c97f58e281_o.jpg,njhomepictures,15083868438,4b428b21f2,kitchen__11.png,DSC_6757,{'_content': ''}
6,https://live.staticflickr.com/7456/10161984223_367f4a4ae6_o.jpg,Dept of Energy Solar Decathlon,10161984223,cec7741540,office__8.png,SD2013: Stanford University,"{'_content': 'Interior image of the house built by students from Stanford University to compete in Solar Decathlon 2013 in Irvine, Calif. at the Orange County Great Park. Credit: Jason Flakes/U.S. Department of Energy Solar Decathlon'}"
6,https://live.staticflickr.com/3821/10162556913_7d6aaf720a_o.jpg,Dept of Energy Solar Decathlon,10162556913,6c6ac656fc,dining room__289.png,SD2013: Team Texas,"{'_content': 'Interior image of the house built by students from the University of Texas El Paso and El Paso Community College to compete in Solar Decathlon 2013 in Irvine, Calif. at the Orange County Great Park. Credit: Jason Flakes/U.S. Department of Energy Solar Decathlon'}"
6,https://live.staticflickr.com/3844/14288146020_2f370c107d_o.jpg,njhomepictures,14288146020,4e53de472e,kitchen__12.png,DSC_8506,{'_content': ''}
6,https://live.staticflickr.com/3869/14946444947_0167591d17_o.jpg,njhomepictures,14946444947,776cb3d527,kitchen__13.png,DSC_5056,{'_content': ''}
6,https://live.staticflickr.com/4578/26361190019_d59ece93fe_o.jpg,Universidad de Navarra,26361190019,d4efee1342,restaurant__54.png,20170901-038-,{'_content': ''}
6,https://live.staticflickr.com/4649/39123584325_b0bbc8b410_o.jpg,njhomepictures,39123584325,45a29d803a,kitchen__14.png,IMG_2658,"{'_content': '8 Carlyle Ct, Carlstadt'}"
6,https://live.staticflickr.com/2896/13905273132_1feaccbfc5_o.jpg,njhomepictures,13905273132,cca650d1d3,kitchen__15.png,DSC_0684,"{'_content': '5 Barbour Place, Piscataway NJ listed with Michael Santini, Golden Key Realty\n'}"
6,https://live.staticflickr.com/8367/8395147590_db8f7093be_o.jpg,"Nick Bastian Tempe, AZ",8395147590,513c4ee19b,kitchen__16.png,Chesapeake Condominiums,{'_content': '                               '}
6,https://live.staticflickr.com/7352/10404103666_92bb6340cd_o.jpg,njhomepictures,10404103666,0e76f6313a,kitchen__17.png,_DSC0155,"{'_content': '3 old coach, randolph NJ, doug tucker - re/max properties unlimited '}"
6,https://live.staticflickr.com/5044/5373344956_ac6b6fdf2b_o.jpg,TummyRumble,5373344956,d50468db81,restaurant__55.png,Texture Interior,{'_content': ''}
6,https://live.staticflickr.com/7400/9399802837_d2b278aed5_o.jpg,njhomepictures,9399802837,93be973de4,kitchen__18.png,_DSC0173,{'_content': ''}
6,https://live.staticflickr.com/3760/14311568303_97dca8c7e4_o.jpg,njhomepictures,14311568303,59cf4ab22f,kitchen__19.png,DSC_6066,{'_content': ''}
6,https://live.staticflickr.com/1710/25004417451_9b9808d96d_o.jpg,Victor Sassen,25004417451,5fcaa87fb7,restaurant__56.png,Het Vuurspoor,"{'_content': 'Dit restaurant bevindt zich in het oude veilinggebouw tegenover het station Zetten/Andelst.\n\nZij bieden diverse mogelijkheden aan waarbij het zelf bakken, grillen, gourmetten en vooral barbecueën op gas of houtskool en glasgrill de belangrijksten zijn. Dit ook nog eens allemaal binnen.\n\nWat hoort er bij het Bourgondisch Buffet ?\n\nOm te beginnen staat er een echte huisgemaakte soep voor u klaar met heerlijk vers stokbrood en kruidenboter.\n\nVervolgens mag u net zoveel vlees BBQen of grillen uit het buffet, zo lang u wilt.........'}"
6,https://live.staticflickr.com/6102/6364469969_bbea675d5f_o.jpg,jjandames,6364469969,ecda619483,kitchen__20.png,Home in Alabama,{'_content': ''}
6,https://live.staticflickr.com/7552/15627070550_1e9810b1ab_o.jpg,njhomepictures,15627070550,47032b8d1b,kitchen__21.png,DSC_4505,{'_content': ''}
6,https://live.staticflickr.com/5571/15144918861_97322b6c4a_o.jpg,njhomepictures,15144918861,37a51b872b,kitchen__22.png,DSC_5171,{'_content': ''}
